Admission_ID,Patient_ID,Doctor_ID,Department_ID,Admission_Date,Discharge_Date,Diagnosis,Admission_Type,Readmission
1,2336,79,7,2024-03-03,2024-03-10,Cancer,Referral,No
2,1133,11,9,2025-11-27,2025-12-05,Flu,Referral,No
3,1069,61,7,2023-12-04,2023-12-07,Skin Infection,Emergency,Yes
4,920,54,1,2022-05-17,2022-05-28,Appendicitis,Scheduled,No
5,2508,60,5,2025-04-02,2025-04-13,Kidney Stone,Referral,No
6,4793,24,1,2023-04-25,2023-05-01,Abdominal Pain,Emergency,No
7,1744,71,5,2023-04-12,2023-04-26,Pneumonia,Transfer,No
8,4214,78,5,2024-09-23,2024-10-05,Diabetes,Emergency,Yes
9,742,57,4,2022-01-27,2022-02-04,Skin Infection,Emergency,Yes
10,2326,82,5,2025-09-05,2025-09-11,Appendicitis,Transfer,Yes
11,1962,6,3,2023-07-09,2023-07-23,Kidney Stone,Referral,No
12,737,90,9,2023-08-14,2023-08-17,Abdominal Pain,Scheduled,No
13,2873,100,3,2022-11-03,2022-11-16,Back Pain,Scheduled,Yes
14,3960,22,5,2025-10-13,2025-10-22,Kidney Stone,Transfer,No
15,3321,85,2,2024-10-04,2024-10-14,Skin Infection,Emergency,Yes
16,396,18,7,2024-04-29,2024-05-05,Asthma,Referral,No
17,3870,13,6,2022-06-19,2022-06-25,Skin Infection,Scheduled,Yes
18,4299,60,5,2022-03-18,2022-03-29,Back Pain,Referral,Yes
19,17,63,4,2025-03-27,2025-03-29,Diabetes,Transfer,Yes
20,624,39,4,2024-04-01,2024-04-06,Migraine,Transfer,Yes
21,845,75,2,2024-10-30,2024-11-03,Hypertension,Transfer,No
22,2486,23,2,2023-09-11,2023-09-25,Back Pain,Transfer,Yes
23,4229,70,6,2025-08-27,2025-09-09,Chest Pain,Scheduled,Yes
24,4072,93,7,2025-10-02,2025-10-10,Migraine,Transfer,No
25,39,8,1,2024-08-18,2024-08-27,Skin Infection,Emergency,Yes
26,2791,32,9,2022-12-20,2022-12-26,Back Pain,Emergency,Yes
27,709,97,9,2022-03-05,2022-03-14,Pneumonia,Scheduled,No
28,3958,74,1,2025-04-14,2025-04-15,Cancer,Transfer,No
29,3375,94,2,2022-02-09,2022-02-12,Skin Infection,Transfer,No
30,1666,71,5,2023-03-17,2023-03-31,Cancer,Referral,No
31,518,53,4,2023-09-22,2023-09-29,Kidney Stone,Scheduled,Yes
32,10,2,4,2023-01-22,2023-02-02,Stroke,Transfer,Yes
33,4864,3,3,2024-07-04,2024-07-05,Kidney Stone,Scheduled,No
34,4262,100,3,2022-05-05,2022-05-14,Abdominal Pain,Transfer,No
35,4752,29,8,2022-12-03,2022-12-04,Appendicitis,Emergency,Yes
36,2237,65,8,2023-07-10,2023-07-20,Pneumonia,Transfer,No
37,2495,70,6,2024-06-20,2024-07-04,Asthma,Scheduled,No
38,2848,8,1,2024-08-30,2024-09-12,Migraine,Referral,No
39,3236,41,6,2024-06-23,2024-06-26,Asthma,Transfer,No
40,2953,87,4,2023-07-20,2023-07-22,Kidney Stone,Scheduled,Yes
41,3660,76,7,2023-07-10,2023-07-18,Appendicitis,Referral,Yes
42,331,25,10,2023-09-22,2023-09-28,Kidney Stone,Scheduled,Yes
43,500,24,1,2024-06-14,2024-06-17,Asthma,Scheduled,Yes
44,1776,17,2,2024-03-07,2024-03-18,Back Pain,Referral,No
45,1408,48,10,2024-06-26,2024-06-30,Fracture,Emergency,Yes
46,3781,97,5,2022-03-22,2022-04-03,Asthma,Scheduled,No
47,709,56,9,2024-11-20,2024-11-26,Pneumonia,Scheduled,No
48,3810,52,5,2024-09-07,2024-09-13,Diabetes,Scheduled,No
49,4571,26,8,2024-09-14,2024-09-27,Abdominal Pain,Emergency,Yes
50,2935,27,7,2024-03-29,2024-04-10,Back Pain,Transfer,Yes
51,1591,18,7,2024-10-05,2024-10-12,Fracture,Scheduled,No
52,1062,20,1,2024-12-27,2025-01-02,Stroke,Transfer,Yes
53,4257,30,7,2024-08-11,2024-08-14,Back Pain,Scheduled,No
54,1448,24,1,2023-11-22,2023-12-05,Cancer,Scheduled,Yes
55,290,30,7,2023-04-15,2023-04-27,Appendicitis,Emergency,Yes
56,4451,89,4,2025-04-11,2025-04-16,Pneumonia,Scheduled,No
57,279,27,7,2024-07-01,2024-07-02,Migraine,Scheduled,Yes
58,1911,98,7,2023-02-07,2023-02-18,Diabetes,Scheduled,No
59,3008,52,5,2025-07-23,2025-08-05,Diabetes,Scheduled,No
60,3989,71,5,2025-07-05,,Migraine,Transfer,Yes
61,3604,13,6,2025-04-28,2025-05-07,Kidney Stone,Referral,Yes
62,3912,54,1,2025-03-16,2025-03-27,Asthma,Emergency,No
63,2424,48,10,2025-12-16,2025-12-22,Migraine,Referral,Yes
64,786,48,10,2024-09-29,2024-10-10,Stroke,Scheduled,No
65,1289,56,9,2023-08-16,2023-08-17,Chest Pain,Scheduled,Yes
66,3689,26,8,2025-08-19,2025-08-29,Asthma,Referral,Yes
67,2156,93,7,2022-09-29,2022-10-08,Skin Infection,Scheduled,Yes
68,1811,78,5,2024-07-24,2024-08-03,Back Pain,Transfer,Yes
69,1731,11,9,2025-11-21,2025-11-27,Hypertension,Scheduled,Yes
70,775,77,6,2024-11-10,2024-11-16,Kidney Stone,Transfer,No
71,2973,100,3,2022-06-15,2022-06-26,Abdominal Pain,Emergency,Yes
72,2717,2,4,2024-03-22,2024-03-29,Asthma,Transfer,Yes
73,3304,83,10,2024-07-26,2024-07-30,Migraine,Transfer,No
74,3859,12,10,2023-09-02,2023-09-16,Cancer,Transfer,Yes
75,1166,72,2,2025-04-10,2025-04-16,Stroke,Emergency,Yes
76,1894,68,9,2023-11-17,2023-11-20,Migraine,Scheduled,No
77,3123,22,5,2022-11-09,2022-11-11,Chest Pain,Referral,No
78,1983,87,4,2024-06-23,2024-06-28,Fracture,Transfer,Yes
79,4888,78,5,2023-06-11,2023-06-21,Chest Pain,Referral,Yes
80,1648,72,2,2025-02-26,2025-03-04,Chest Pain,Referral,No
81,2968,56,9,2025-09-18,2025-09-29,Chest Pain,Scheduled,Yes
82,3850,8,1,2024-11-17,2024-11-25,Fracture,Emergency,Yes
83,1226,95,1,2022-07-06,2022-07-07,Abdominal Pain,Scheduled,No
84,1672,49,6,2025-10-07,2025-10-14,Fracture,Scheduled,No
85,3200,85,2,2024-08-02,2024-08-06,Stroke,Scheduled,Yes
86,1676,37,10,2024-10-31,2024-11-08,Migraine,Scheduled,Yes
87,3491,86,3,2024-03-12,2024-03-13,Kidney Stone,Emergency,Yes
88,274,78,5,2022-01-22,2022-01-27,Skin Infection,Transfer,No
89,188,96,8,2023-03-02,2023-03-16,Stroke,Scheduled,No
90,2536,39,4,2024-07-05,2024-07-18,Kidney Stone,Scheduled,No
91,4212,46,9,2025-06-11,2025-06-17,Abdominal Pain,Referral,Yes
92,3968,56,9,2022-04-30,2022-05-13,Flu,Emergency,Yes
93,4061,13,6,2024-04-29,2024-05-04,Back Pain,Referral,Yes
94,119,37,10,2023-12-18,2023-12-31,Appendicitis,Scheduled,No
95,3429,56,9,2025-03-22,2025-04-05,Migraine,Referral,No
96,1749,89,4,2023-04-24,2023-05-03,Appendicitis,Emergency,No
97,1072,65,8,2025-03-18,2025-03-19,Abdominal Pain,Referral,No
98,3578,45,4,2022-06-29,2022-07-08,Fracture,Transfer,No
99,3682,57,4,2022-07-05,2022-07-15,Skin Infection,Scheduled,No
100,2241,32,9,2023-06-25,2023-07-01,Hypertension,Transfer,No
101,1756,65,8,2022-03-25,2022-04-01,Pneumonia,Referral,Yes
102,1228,31,1,2022-04-03,2022-04-12,Flu,Transfer,No
103,3222,78,5,2025-08-03,2025-08-06,Migraine,Scheduled,No
104,1903,46,9,2023-05-30,2023-06-08,Asthma,Referral,Yes
105,919,24,1,2022-07-29,2022-08-09,Chest Pain,Transfer,Yes
106,1927,65,8,2024-07-14,2024-07-16,Hypertension,Emergency,Yes
107,2705,40,1,2024-05-09,2024-05-19,Migraine,,No
108,6,39,4,2025-04-18,2025-05-01,Hypertension,Scheduled,No
109,3297,34,10,2024-06-22,2024-06-27,Appendicitis,Transfer,Yes
110,672,55,3,2022-06-16,2022-06-19,Pneumonia,Emergency,No
111,363,97,4,2025-03-22,2025-04-05,Abdominal Pain,Transfer,No
112,2877,71,5,2024-04-17,2024-04-29,Skin Infection,Emergency,Yes
113,348,39,4,2022-09-09,2022-09-15,Skin Infection,Scheduled,Yes
114,1776,48,10,2022-09-26,2022-10-10,Skin Infection,Transfer,No
115,11,13,6,2023-04-03,2023-04-12,Chest Pain,Referral,Yes
116,213,22,5,2025-04-15,2025-04-21,Kidney Stone,Transfer,Yes
117,4249,2,4,2022-08-05,2022-08-06,Diabetes,Scheduled,No
118,2899,60,5,2022-07-13,2022-07-22,Diabetes,Referral,Yes
119,3153,96,2,2025-05-09,2025-05-14,Cancer,Emergency,Yes
120,3287,81,1,2024-02-05,2024-02-06,Back Pain,Referral,No
121,990,74,1,2022-07-14,2022-07-25,Flu,Scheduled,No
122,4361,57,4,2022-06-16,2022-06-25,Asthma,Transfer,Yes
123,3957,1,6,2025-01-03,2025-01-04,Abdominal Pain,Referral,Yes
124,4895,27,7,2025-12-19,2025-12-22,Kidney Stone,Referral,Yes
125,4018,90,9,2022-07-27,2022-08-06,Asthma,Emergency,Yes
126,4842,29,8,2023-03-02,2023-03-16,Pneumonia,Emergency,Yes
127,2290,74,1,2023-12-24,2023-12-27,Pneumonia,Emergency,No
128,339,86,3,2022-04-17,2022-05-01,Fracture,Transfer,Yes
129,3860,64,1,2024-01-14,2024-01-23,Skin Infection,Referral,No
130,1266,92,5,2024-07-08,2024-07-13,Skin Infection,Emergency,No
131,3273,14,10,2022-05-20,2022-06-01,Back Pain,Scheduled,No
132,1076,93,7,2022-03-09,2022-03-20,Fracture,Emergency,No
133,4849,48,10,2022-05-31,2022-06-07,Chest Pain,Transfer,Yes
134,1377,15,9,2022-08-30,2022-09-08,Asthma,Emergency,Yes
135,4441,11,9,2022-09-06,2022-09-17,Stroke,Scheduled,Yes
136,4987,29,8,2023-02-05,2023-02-06,Pneumonia,Referral,No
137,4782,96,9,2024-10-11,2024-10-21,Stroke,Scheduled,Yes
138,3516,20,1,2023-03-29,2023-03-31,Kidney Stone,Referral,No
139,4916,56,9,2025-02-10,2025-02-21,Stroke,Emergency,Yes
140,4774,91,8,2024-03-03,2024-03-14,Diabetes,Transfer,Yes
141,2361,46,9,2022-03-05,2022-03-11,Pneumonia,Emergency,Yes
142,1155,97,1,2023-03-21,2023-04-03,Asthma,Emergency,Yes
143,3318,36,1,2022-07-31,2022-08-12,Back Pain,Emergency,No
144,2090,96,7,2022-03-29,2022-04-07,Stroke,Emergency,No
145,838,33,6,2022-03-20,2022-04-02,Kidney Stone,Scheduled,No
146,3481,73,2,2023-10-29,2023-11-03,Migraine,Referral,Yes
147,3310,2,4,2025-04-24,2025-05-05,Kidney Stone,Referral,Yes
148,3392,17,2,2025-11-18,2025-11-26,Migraine,Referral,No
149,3541,77,6,2025-02-15,2025-02-19,Abdominal Pain,Referral,Yes
150,3991,34,10,2022-10-18,2022-10-28,Migraine,Emergency,No
151,1173,86,3,2025-06-21,2025-07-02,Hypertension,Referral,No
152,3722,84,1,2024-06-26,2024-07-03,Pneumonia,Referral,Yes
153,4372,37,10,2024-07-19,2024-07-26,Kidney Stone,Transfer,Yes
154,4920,45,4,2023-02-04,2023-02-05,Diabetes,Transfer,No
155,4059,18,7,2024-12-10,2024-12-21,Asthma,Emergency,No
156,2405,87,4,2025-12-29,2026-01-05,Back Pain,Referral,Yes
157,1104,88,5,2024-03-04,2024-03-07,Cancer,EMERGENCY,No
158,695,16,4,2024-03-10,2024-03-17,Pneumonia,Transfer,No
159,65,99,10,2023-01-24,2023-01-29,Cancer,Scheduled,No
160,3277,71,5,2025-05-02,2025-05-13,Kidney Stone,Transfer,No
161,377,16,4,2024-03-21,2024-03-27,Asthma,Scheduled,No
162,4023,88,5,2023-08-28,2023-08-29,Pneumonia,Emergency,No
163,4074,17,2,2023-02-27,2023-03-01,Stroke,Scheduled,No
164,1213,36,1,2023-01-03,2023-01-07,Chest Pain,Scheduled,No
165,3198,5,5,2022-01-02,2022-01-11,Chest Pain,Referral,No
166,513,58,3,2023-01-04,2023-01-06,Chest Pain,Emergency,No
167,1231,2,4,2025-07-05,2025-07-11,Back Pain,Scheduled,No
168,1632,99,10,2022-06-29,2022-07-03,Stroke,Emergency,No
169,3044,53,4,2022-02-04,2022-02-10,Cancer,Scheduled,No
170,1224,32,9,2022-11-03,2022-11-06,Stroke,Emergency,Yes
171,4953,11,9,2022-10-28,2022-11-07,Migraine,Referral,Yes
172,893,36,1,2025-12-01,2025-12-12,Kidney Stone,Emergency,No
173,254,69,2,2024-09-21,2024-09-30,Fracture,Referral,Yes
174,3815,62,8,2025-04-26,2025-05-09,Skin Infection,Scheduled,No
175,370,97,3,2022-07-17,2022-07-19,Asthma,Scheduled,Yes
176,760,28,8,2024-10-04,2024-10-14,Cancer,Emergency,Yes
177,127,6,3,2025-10-26,2025-11-05,Asthma,Scheduled,No
178,1333,53,4,2023-12-06,2023-12-14,Skin Infection,Transfer,Yes
179,2724,47,9,2024-10-29,2024-11-06,Appendicitis,Referral,No
180,1045,54,1,2023-03-13,2023-03-26,Stroke,Referral,Yes
181,1601,96,8,2025-07-07,2025-07-10,Chest Pain,Referral,No
182,1522,17,2,2025-08-02,2025-08-08,Fracture,Referral,Yes
183,554,60,5,2024-12-14,2024-12-25,Skin Infection,Scheduled,Yes
184,2713,6,3,2023-05-27,2023-06-01,Chest Pain,Referral,Yes
185,4539,95,1,2024-12-15,2024-12-18,Skin Infection,Transfer,Yes
186,59,34,10,2024-06-22,2024-06-29,Appendicitis,Transfer,No
187,3104,91,8,2022-04-01,2022-04-10,Pneumonia,Transfer,No
188,2630,91,8,2025-11-27,2025-12-11,Skin Infection,Transfer,Yes
189,1060,8,1,2025-07-05,2025-07-13,Chest Pain,Scheduled,Yes
190,1763,92,5,2024-03-09,2024-03-18,Chest Pain,Scheduled,Yes
191,3043,100,3,2025-12-23,2025-12-26,Asthma,Scheduled,Yes
192,283,62,8,2023-08-29,2023-09-10,Back Pain,Emergency,No
193,2158,29,8,2022-01-08,2022-01-19,Flu,Emergency,Yes
194,3176,11,9,2023-07-23,2023-07-28,Chest Pain,Scheduled,No
195,2506,46,9,2025-12-20,2025-12-28,Migraine,Referral,Yes
196,1750,9,5,2025-05-03,,Cancer,Transfer,Yes
197,1004,88,5,2024-01-13,2024-01-17,Fracture,Scheduled,No
198,4757,58,3,2022-12-04,2022-12-14,Asthma,Transfer,Yes
199,756,4,2,2022-04-04,2022-04-16,Fracture,Referral,Yes
200,2413,39,4,2025-05-13,2025-05-23,Appendicitis,Referral,No
201,4519,92,5,2024-04-26,2024-05-07,Diabetes,Emergency,No
202,4193,52,5,2022-04-20,2022-05-02,Back Pain,Scheduled,Yes
203,3002,74,1,2025-04-24,2025-04-27,Appendicitis,Referral,Yes
204,3739,56,9,2023-03-26,2023-04-04,Pneumonia,Transfer,No
205,4779,6,3,2023-03-08,2023-03-12,Diabetes,Scheduled,Yes
206,1526,30,7,2025-05-18,2025-05-24,Migraine,Emergency,No
207,113,38,7,2024-07-11,2024-07-15,Abdominal Pain,Emergency,No
208,4304,28,8,2024-03-22,2024-03-31,Appendicitis,Referral,No
209,3864,93,7,2024-10-13,2024-10-18,Hypertension,Transfer,Yes
210,1812,52,5,2024-02-28,2024-03-06,Flu,Referral,No
211,103,1,6,2025-10-08,2025-10-16,Asthma,Scheduled,Yes
212,4503,20,1,2022-09-04,2022-09-18,Pneumonia,Scheduled,Yes
213,4760,28,8,2024-10-28,2024-11-04,Flu,Scheduled,No
214,4552,34,10,2024-06-20,2024-06-23,Asthma,Referral,Yes
215,4905,27,7,2023-02-09,2023-02-23,Hypertension,Referral,No
216,4803,56,9,2025-03-13,2025-03-16,Abdominal Pain,Emergency,No
217,3285,85,2,2024-03-24,2024-03-25,Back Pain,Referral,No
218,1898,13,6,2023-01-08,2023-01-12,Migraine,Referral,Yes
219,2786,67,1,2023-07-22,2023-08-01,Back Pain,Emergency,Yes
220,4267,85,2,2023-09-26,2023-10-10,Kidney Stone,Transfer,No
221,804,20,1,2023-06-20,2023-06-23,Diabetes,Emergency,No
222,1926,60,5,2025-02-15,2025-02-26,Diabetes,Transfer,Yes
223,2515,72,2,2025-12-25,2026-01-06,Fracture,Transfer,No
224,4334,13,6,2022-06-20,2022-07-02,Asthma,Referral,No
225,2961,95,1,2025-02-05,2025-02-18,Abdominal Pain,Referral,No
226,1368,10,10,2025-06-29,2025-07-03,Appendicitis,Scheduled,Yes
227,1709,98,7,2024-04-19,2024-04-23,Back Pain,Transfer,No
228,4721,64,1,2022-12-30,2023-01-07,Asthma,Transfer,No
229,4258,64,1,2024-09-02,2024-09-10,Chest Pain,Scheduled,No
230,4580,55,3,2022-05-28,2022-06-01,Flu,Referral,Yes
231,3978,33,6,2025-05-04,2025-05-06,Cancer,Referral,Yes
232,4550,4,2,2025-01-26,2025-02-06,Skin Infection,Referral,Yes
233,3542,63,4,2022-09-24,2022-09-28,Fracture,Emergency,No
234,3327,15,9,2024-01-15,2024-01-29,Hypertension,Emergency,Yes
235,615,11,9,2023-04-04,2023-04-14,Diabetes,Referral,No
236,4307,1,6,2023-09-23,2023-09-28,Pneumonia,Scheduled,No
237,2058,64,1,2025-06-20,2025-06-23,Kidney Stone,Emergency,No
238,4793,78,5,2022-01-27,2022-01-29,Hypertension,Transfer,Yes
239,3150,100,3,2023-05-28,,Appendicitis,Emergency,No
240,4939,74,1,2022-07-03,2022-07-09,Back Pain,Transfer,Yes
241,4345,85,2,2022-02-24,2022-03-03,Appendicitis,Transfer,No
242,1894,50,3,2024-07-14,2024-07-17,Hypertension,Transfer,Yes
243,370,24,1,2023-02-01,2023-02-09,Pneumonia,Transfer,No
244,1833,87,4,2022-12-22,2022-12-23,Chest Pain,Transfer,No
245,1297,35,1,2024-01-14,2024-01-24,Appendicitis,Emergency,No
246,2965,88,5,2024-06-28,2024-07-08,Fracture,Scheduled,No
247,3825,1,6,2022-08-31,2022-09-02,Abdominal Pain,Referral,No
248,786,60,5,2025-10-16,2025-10-24,Fracture,Scheduled,No
249,38,76,7,2024-05-18,2024-05-27,Chest Pain,Transfer,No
250,515,5,5,2024-12-08,2024-12-14,Abdominal Pain,Transfer,Yes
251,2841,65,8,2024-02-15,2024-02-23,Flu,Referral,Yes
252,1594,53,4,2023-07-15,2023-07-20,Back Pain,Transfer,Yes
253,1379,49,6,2023-02-16,2023-02-19,Appendicitis,Transfer,No
254,3476,98,7,2023-12-20,2023-12-30,Asthma,Referral,No
255,4246,57,4,2025-09-05,2025-09-17,Asthma,Transfer,No
256,4779,82,5,2023-06-27,2023-07-05,Stroke,Emergency,No
257,2897,81,1,2023-05-04,2023-05-09,Flu,Transfer,No
258,2620,83,10,2022-03-15,2022-03-27,Abdominal Pain,Scheduled,No
259,193,100,3,2024-01-17,2024-01-21,Appendicitis,Transfer,Yes
260,4920,83,10,2022-01-12,2022-01-21,Stroke,Referral,No
261,2580,30,7,2025-08-07,2025-08-17,Migraine,Referral,Yes
262,1942,57,4,2023-12-17,2023-12-22,Skin Infection,Emergency,No
263,4301,1,6,2024-02-07,2024-02-11,Skin Infection,Scheduled,Yes
264,4372,48,10,2024-04-05,2024-04-15,Fracture,Scheduled,Yes
265,2029,53,4,2025-05-15,2025-05-22,Migraine,Emergency,No
266,240,61,7,2023-03-30,2023-04-07,Fracture,Emergency,No
267,716,46,9,2022-01-03,2022-01-15,Back Pain,Transfer,Yes
268,1448,91,8,2023-06-12,2023-06-26,Hypertension,Referral,Yes
269,376,95,1,2022-10-17,2022-10-24,Chest Pain,Scheduled,No
270,4764,56,9,2023-02-26,2023-03-02,Back Pain,Referral,No
271,3828,36,1,2025-08-19,2025-08-26,Migraine,Transfer,No
272,306,32,9,2023-03-24,2023-04-07,Flu,Scheduled,No
273,1611,74,1,2025-06-22,2025-06-30,Migraine,Emergency,No
274,4872,19,5,2022-04-20,2022-05-02,Kidney Stone,Referral,Yes
275,438,12,10,2022-02-13,2022-02-16,Abdominal Pain,Transfer,No
276,368,62,8,2024-12-28,2024-12-30,Abdominal Pain,Referral,Yes
277,3210,39,4,2024-11-26,2024-12-01,Cancer,Transfer,No
278,4635,82,5,2024-08-19,2024-08-23,Skin Infection,Scheduled,Yes
279,178,55,3,2022-06-28,,Migraine,Scheduled,No
280,3664,84,1,2024-01-31,2024-02-05,Stroke,Transfer,Yes
281,2797,3,3,2023-12-06,2023-12-17,Kidney Stone,Scheduled,No
282,260,24,1,2024-08-15,2024-08-16,Stroke,Transfer,No
283,2738,56,9,2024-08-21,2024-08-22,Appendicitis,Emergency,Yes
284,1311,77,6,2023-01-09,2023-01-13,Back Pain,Transfer,Yes
285,1790,73,2,2022-08-13,2022-08-16,Fracture,Transfer,No
286,2078,47,9,2025-05-10,2025-05-21,Cancer,Referral,Yes
287,1697,32,9,2024-10-17,2024-10-24,Back Pain,Transfer,Yes
288,2740,89,4,2024-10-31,2024-11-13,Hypertension,Transfer,Yes
289,368,81,1,2024-04-08,2024-04-22,Abdominal Pain,Referral,Yes
290,246,55,3,2023-07-02,2023-07-03,Appendicitis,Emergency,No
291,4324,27,7,2025-01-06,2025-01-17,Abdominal Pain,Referral,No
292,4350,94,2,2023-07-05,2023-07-14,Fracture,Emergency,Yes
293,2084,67,1,2023-12-21,2023-12-29,Fracture,Transfer,No
294,2333,89,4,2025-10-21,2025-10-22,Flu,Referral,No
295,1060,62,8,2023-01-14,2023-01-23,Hypertension,Emergency,Yes
296,965,58,3,2025-02-08,2025-02-22,Flu,Scheduled,No
297,2100,32,9,2022-06-19,2022-06-26,Appendicitis,Referral,No
298,2139,35,1,2022-03-27,2022-04-05,Skin Infection,Referral,Yes
299,197,26,8,2023-01-17,2023-01-28,Hypertension,Transfer,No
300,3570,1,6,2025-12-31,2026-01-14,Chest Pain,Scheduled,No
301,444,16,4,2024-01-11,2024-01-14,Fracture,Emergency,Yes
302,4973,77,6,2025-09-10,2025-09-20,Asthma,Transfer,Yes
303,1794,3,3,2025-05-14,2025-05-28,Back Pain,Scheduled,Yes
304,2935,52,5,2023-12-24,2023-12-29,Hypertension,Scheduled,Yes
305,3606,77,6,2025-08-09,2025-08-19,Diabetes,Referral,No
306,493,24,1,2025-10-30,2025-11-07,Fracture,Scheduled,Yes
307,963,19,5,2025-07-10,2025-07-20,Chest Pain,Scheduled,Yes
308,4575,42,10,2022-01-09,2022-01-10,Migraine,Scheduled,Yes
309,643,86,3,2024-12-24,2024-12-27,Stroke,Emergency,No
310,4237,17,2,2022-04-24,2022-04-29,Skin Infection,Emergency,Yes
311,4642,31,1,2022-04-25,2022-05-01,Migraine,Referral,No
312,1782,67,1,2024-01-06,2024-01-14,Kidney Stone,Transfer,No
313,1676,76,7,2024-12-12,2024-12-24,Pneumonia,Referral,No
314,2683,31,1,2024-12-13,2024-12-27,Diabetes,Referral,Yes
315,4390,21,2,2024-09-22,2024-09-25,Flu,Scheduled,Yes
316,3577,36,1,2022-09-27,2022-10-07,Chest Pain,Emergency,No
317,1513,47,9,2024-01-18,2024-01-29,Appendicitis,Transfer,Yes
318,2757,44,4,2025-04-26,2025-04-27,Fracture,Emergency,Yes
319,4712,55,3,2025-06-24,2025-06-30,Flu,Referral,No
320,4111,59,1,2024-03-04,2024-03-06,Abdominal Pain,Referral,Yes
321,2410,66,10,2025-02-09,2025-02-14,Cancer,Emergency,No
322,250,66,10,2025-03-17,2025-03-20,Abdominal Pain,Referral,No
323,3336,92,5,2023-08-18,2023-08-19,Fracture,Referral,Yes
324,3635,53,4,2025-05-04,2025-05-10,Chest Pain,Referral,Yes
325,3017,43,1,2024-11-07,2024-11-16,Diabetes,Emergency,Yes
326,1250,58,3,2024-06-17,2024-06-30,Chest Pain,Referral,No
327,3703,81,1,2024-10-14,2024-10-22,Migraine,Referral,Yes
328,3031,37,10,2025-12-21,2025-12-23,Pneumonia,Scheduled,No
329,1216,37,10,2025-04-16,2025-04-29,Kidney Stone,Scheduled,No
330,4884,61,7,2025-06-14,2025-06-15,Hypertension,Transfer,Yes
331,2335,43,1,2024-01-16,2024-01-26,Migraine,Referral,No
332,3784,34,10,2022-08-05,2022-08-12,Asthma,Scheduled,Yes
333,4618,44,4,2024-05-13,2024-05-24,Flu,Transfer,Yes
334,1262,43,1,2024-01-16,2024-01-26,Fracture,Referral,Yes
335,1383,100,3,2024-07-11,2024-07-18,Appendicitis,Referral,Yes
336,3077,39,4,2022-09-11,2022-09-24,Pneumonia,Scheduled,No
337,1209,87,4,2024-09-15,2024-09-22,Chest Pain,Scheduled,Yes
338,2319,48,10,2022-08-20,2022-09-01,Abdominal Pain,Scheduled,No
339,846,64,1,2025-07-28,2025-08-11,Hypertension,Emergency,No
340,2318,47,9,2023-11-20,2023-11-29,Fracture,Referral,No
341,2914,80,8,2023-11-20,2023-12-04,Chest Pain,Transfer,Yes
342,1008,55,3,2025-02-17,2025-02-28,Fracture,Scheduled,No
343,3963,90,9,2024-04-29,2024-05-06,Skin Infection,Emergency,No
344,64,39,4,2025-04-03,2025-04-05,Hypertension,Transfer,Yes
345,2407,26,8,2022-06-12,2022-06-20,Diabetes,Referral,No
346,3863,72,2,2023-10-20,2023-11-02,Pneumonia,Emergency,No
347,4777,30,7,2023-04-02,2023-04-09,Skin Infection,Transfer,Yes
348,1988,9,5,2025-09-30,2025-10-11,Asthma,Emergency,No
349,201,12,10,2022-03-10,2022-03-16,Chest Pain,Scheduled,Yes
350,761,14,10,2024-01-27,2024-02-10,Fracture,Scheduled,Yes
351,1326,52,5,2023-08-07,2023-08-08,Hypertension,Scheduled,Yes
352,1779,74,1,2024-06-06,2024-06-10,Appendicitis,Emergency,Yes
353,20,86,3,2025-10-02,2025-10-06,Skin Infection,Transfer,Yes
354,515,72,2,2024-12-26,2025-01-05,Fracture,Referral,No
355,3685,67,1,2022-07-23,2022-08-05,Kidney Stone,Transfer,No
356,3542,52,5,2023-05-24,2023-06-05,Back Pain,Referral,Yes
357,65,70,6,2023-04-22,2023-04-27,Skin Infection,Emergency,Yes
358,2409,24,1,2024-04-08,2024-04-15,Migraine,Transfer,No
359,1220,94,2,2024-04-25,2024-04-30,Migraine,Emergency,No
360,3794,83,10,2025-02-18,2025-02-22,Kidney Stone,Scheduled,No
361,4910,56,9,2024-04-12,2024-04-16,Appendicitis,Referral,Yes
362,4503,61,7,2024-06-27,2024-07-11,Flu,Referral,No
363,4993,73,2,2022-12-12,2022-12-17,Asthma,Transfer,Yes
364,2507,33,6,2024-02-26,2024-03-11,Cancer,Scheduled,No
365,2043,12,10,2023-11-01,2023-11-07,Kidney Stone,Transfer,No
366,2548,84,1,2022-10-23,2022-10-27,Cancer,Referral,Yes
367,1251,81,1,2024-02-15,2024-02-28,Kidney Stone,Emergency,No
368,2198,99,10,2025-04-21,2025-04-28,Asthma,Transfer,Yes
369,998,85,2,2025-01-06,2025-01-09,Flu,Scheduled,Yes
370,1991,86,3,2025-08-24,2025-09-04,Back Pain,Scheduled,No
371,3144,72,2,2024-10-01,2024-10-04,Pneumonia,Emergency,Yes
372,3832,27,7,2023-04-17,2023-04-25,Stroke,Referral,Yes
373,3169,87,4,2025-12-29,2025-12-31,Fracture,Transfer,No
374,2465,91,8,2024-12-02,2024-12-08,Appendicitis,Scheduled,Yes
375,2175,43,1,2023-11-03,2023-11-13,Asthma,Referral,No
376,3272,84,1,2025-09-26,2025-10-09,Chest Pain,Transfer,No
377,4601,87,4,2022-01-05,2022-01-06,Back Pain,Referral,No
378,550,95,1,2022-09-27,2022-10-04,Abdominal Pain,Transfer,No
379,2140,82,5,2023-06-08,2023-06-18,Migraine,Scheduled,No
380,1837,22,5,2024-08-14,2024-08-15,Chest Pain,Transfer,Yes
381,2092,56,9,2023-12-29,2024-01-02,Back Pain,Referral,No
382,1455,6,3,2022-05-06,2022-05-11,Pneumonia,Emergency,No
383,3630,33,6,2024-07-22,2024-08-03,Diabetes,Referral,Yes
384,416,32,9,2023-10-30,2023-11-01,Abdominal Pain,Emergency,No
385,178,44,4,2024-04-17,2024-04-23,Abdominal Pain,Emergency,Yes
386,1834,41,6,2025-01-25,2025-01-31,Hypertension,Emergency,No
387,1537,24,1,2023-01-16,2023-01-28,Cancer,Transfer,No
388,3365,91,8,2023-02-24,2023-02-27,Flu,Transfer,Yes
389,2287,17,2,2023-03-01,2023-03-05,Skin Infection,Emergency,Yes
390,3295,6,3,2024-11-01,2024-11-11,Diabetes,Transfer,Yes
391,313,47,9,2022-11-06,2022-11-09,Cancer,Emergency,No
392,2864,59,1,2025-09-02,2025-09-15,Flu,Referral,No
393,2965,80,8,2025-05-10,2025-05-11,Chest Pain,Scheduled,No
394,156,91,8,2023-01-05,2023-01-11,Cancer,Transfer,Yes
395,927,38,7,2023-03-18,2023-03-24,Back Pain,Scheduled,Yes
396,2557,1,6,2025-07-09,2025-07-17,Appendicitis,Referral,Yes
397,1810,6,3,2024-05-26,2024-05-28,Hypertension,Scheduled,Yes
398,891,52,5,2025-01-30,2025-02-09,Appendicitis,Referral,No
399,1648,59,1,2022-08-14,2022-08-19,Appendicitis,Scheduled,Yes
400,359,37,10,2023-05-19,2023-05-21,Cancer,Scheduled,No
401,2311,32,9,2022-06-28,2022-07-01,Asthma,Transfer,No
402,2879,51,9,2022-03-30,2022-04-02,Fracture,Scheduled,No
403,709,53,4,2023-12-30,2024-01-05,Skin Infection,Emergency,No
404,1193,33,6,2024-07-18,2024-07-24,Chest Pain,Referral,Yes
405,3449,59,1,2022-10-12,2022-10-13,Abdominal Pain,Scheduled,No
406,3876,96,1,2022-10-22,2022-10-30,Stroke,Referral,Yes
407,64,1,6,2023-12-31,2024-01-12,Flu,Transfer,No
408,342,55,3,2025-03-31,2025-04-01,Chest Pain,Transfer,Yes
409,582,23,2,2022-06-20,2022-07-02,Skin Infection,Emergency,No
410,3717,89,4,2025-05-11,2025-05-15,Kidney Stone,Scheduled,Yes
411,2990,25,10,2025-03-22,2025-04-04,Fracture,Scheduled,Yes
412,3036,35,1,2024-12-20,2024-12-25,Stroke,Referral,Y
413,3430,43,1,2024-08-26,2024-09-09,Hypertension,Transfer,No
414,1543,19,5,2022-08-10,2022-08-22,Skin Infection,Scheduled,Yes
415,1212,35,1,2022-12-28,2023-01-04,Abdominal Pain,Referral,No
416,4329,43,1,2025-07-10,2025-07-21,Chest Pain,Emergency,Yes
417,1169,93,7,2022-03-12,2022-03-17,Diabetes,Emergency,No
418,2497,70,6,2024-10-30,2024-10-31,Kidney Stone,Referral,Yes
419,409,78,5,2023-03-30,2023-04-03,Migraine,Transfer,No
420,2031,29,8,2024-05-03,2024-05-07,Kidney Stone,Scheduled,Yes
421,2587,62,8,2025-12-22,2026-01-04,Chest Pain,Referral,Yes
422,3814,90,9,2022-04-19,2022-04-20,Cancer,Referral,Yes
423,3323,99,10,2023-06-24,2023-06-28,Appendicitis,Transfer,Yes
424,1202,13,6,2024-08-05,2024-08-06,Flu,Referral,No
425,504,15,9,2023-01-12,2023-01-18,Stroke,Scheduled,Yes
426,1739,81,1,2025-03-03,2025-03-15,Appendicitis,Emergency,No
427,4417,48,10,2024-02-19,2024-02-28,Diabetes,Transfer,No
428,4958,57,4,2024-02-07,2024-02-08,Chest Pain,Emergency,No
429,1940,89,4,2025-02-26,2025-03-02,Hypertension,Emergency,Yes
430,2844,93,7,2024-01-14,2024-01-28,Cancer,Emergency,No
431,4970,99,10,2025-01-27,2025-01-31,Fracture,Emergency,No
432,4824,28,8,2024-02-09,2024-02-14,Abdominal Pain,Transfer,Yes
433,4253,78,5,2023-06-12,2023-06-24,Migraine,Emergency,No
434,2871,91,8,2025-07-13,2025-07-18,Back Pain,Referral,Yes
435,2737,74,1,2023-02-19,2023-03-05,Chest Pain,Transfer,Yes
436,4076,49,6,2024-01-26,2024-01-27,Cancer,Referral,No
437,1474,2,4,2024-08-18,2024-08-27,Back Pain,Referral,No
438,1206,84,1,2023-01-09,2023-01-17,Diabetes,Scheduled,No
439,214,98,7,2022-09-21,2022-10-05,Abdominal Pain,Transfer,Yes
440,994,72,2,2024-06-12,2024-06-21,Flu,Emergency,Yes
441,217,78,5,2023-03-28,2023-04-04,Flu,Emergency,Yes
442,4830,36,1,2025-03-16,2025-03-17,Flu,Emergency,No
443,402,7,4,2023-02-07,2023-02-10,Appendicitis,Transfer,Yes
444,4321,4,2,2023-12-07,2023-12-21,Kidney Stone,Transfer,No
445,4022,64,1,2022-04-12,2022-04-14,Migraine,Transfer,Yes
446,3160,65,8,2022-09-23,2022-09-25,Diabetes,Referral,No
447,4915,52,5,2023-09-19,2023-09-26,Hypertension,Transfer,No
448,1658,82,5,2023-10-14,2023-10-24,Chest Pain,Transfer,Yes
449,4857,22,5,2022-11-02,2022-11-03,Chest Pain,Emergency,Yes
450,3018,52,5,2023-05-07,2023-05-21,Back Pain,Transfer,No
451,4348,86,3,2025-06-02,2025-06-05,Chest Pain,Emergency,Yes
452,4064,46,9,2022-08-05,2022-08-12,Appendicitis,Referral,No
453,3874,25,10,2024-01-14,2024-01-23,Diabetes,Scheduled,Yes
454,4015,94,2,2024-10-14,2024-10-19,Skin Infection,Transfer,No
455,4089,58,3,2025-05-28,2025-06-01,Chest Pain,Referral,No
456,1771,69,2,2023-04-27,2023-05-03,Asthma,Transfer,Yes
457,1454,45,4,2022-10-24,2022-11-06,,Emergency,Yes
458,505,90,9,2024-02-18,2024-02-23,Asthma,Emergency,Yes
459,3126,63,4,2022-08-18,2022-08-28,Diabetes,Transfer,Yes
460,1728,48,10,2023-05-05,2023-05-16,Hypertension,Scheduled,Yes
461,2010,98,7,2025-02-10,2025-02-18,Skin Infection,Scheduled,Yes
462,2630,83,10,2024-03-16,2024-03-25,Pneumonia,Transfer,No
463,1902,31,1,2023-11-06,2023-11-20,Chest Pain,Scheduled,No
464,1407,7,4,2022-10-06,2022-10-16,Abdominal Pain,Referral,No
465,2078,62,8,2024-10-29,2024-10-31,Diabetes,Scheduled,Yes
466,3304,76,7,2025-09-22,2025-10-02,Fracture,Referral,No
467,1002,58,3,2023-04-18,2023-04-28,Pneumonia,Scheduled,Yes
468,4744,29,8,2022-06-19,2022-06-27,Abdominal Pain,Transfer,No
469,2750,2,4,2023-05-16,2023-05-26,Abdominal Pain,Referral,No
470,3060,98,7,2025-08-12,2025-08-23,Hypertension,Referral,No
471,3952,89,4,2025-09-14,2025-09-22,Stroke,Transfer,Yes
472,3758,39,4,2023-02-22,2023-02-24,Back Pain,Scheduled,No
473,1735,39,4,2025-08-05,2025-08-11,Fracture,Referral,Yes
474,4120,90,9,2022-06-06,2022-06-08,Stroke,Referral,No
475,2882,5,5,2025-04-18,2025-04-21,Back Pain,Transfer,Yes
476,411,80,8,2023-07-11,2023-07-20,Hypertension,Scheduled,No
477,4846,90,9,2024-02-04,2024-02-12,Abdominal Pain,Referral,No
478,1528,79,7,2023-06-10,2023-06-14,Fracture,Emergency,No
479,4390,49,6,2024-08-01,2024-08-02,Kidney Stone,Referral,No
480,136,52,5,2025-03-18,2025-03-31,Migraine,Scheduled,No
481,2180,14,10,2022-05-04,2022-05-17,Stroke,Emergency,Yes
482,2457,19,5,2024-09-23,2024-10-06,Stroke,Transfer,No
483,1581,45,4,2023-07-25,2023-08-08,Cancer,Scheduled,Yes
484,12,14,10,2024-12-10,2024-12-23,Diabetes,Transfer,Yes
485,1755,20,1,2025-07-09,2025-07-19,Fracture,Referral,No
486,2630,27,7,2024-12-18,2024-12-23,Kidney Stone,Emergency,Yes
487,731,42,10,2024-10-19,2024-10-20,Flu,Scheduled,No
488,3753,48,10,2024-03-21,2024-03-22,Abdominal Pain,Emergency,No
489,2346,88,5,2022-11-27,2022-12-04,Pneumonia,Referral,No
490,2649,37,10,2024-05-02,2024-05-05,Hypertension,Scheduled,Yes
491,1889,44,4,2025-12-23,2025-12-28,Kidney Stone,Transfer,Yes
492,1181,85,2,2023-05-27,2023-06-06,Migraine,Emergency,No
493,683,97,8,2023-05-20,2023-05-31,Migraine,Scheduled,No
494,3154,50,3,2022-05-08,2022-05-21,Cancer,Referral,No
495,3869,88,5,2022-04-12,2022-04-24,Abdominal Pain,Emergency,No
496,416,32,9,2025-03-14,2025-03-23,Flu,Emergency,Yes
497,3617,74,1,2024-01-03,2024-01-05,Asthma,Scheduled,No
498,1094,10,10,2023-06-16,2023-06-27,Kidney Stone,Emergency,Yes
499,4,22,5,2022-12-05,2022-12-10,Abdominal Pain,Emergency,No
500,2769,52,5,2022-05-18,2022-05-25,Skin Infection,Emergency,No
501,3573,33,6,2025-09-22,2025-10-06,Diabetes,Referral,No
502,999,25,10,2023-03-24,2023-04-04,Fracture,Transfer,No
503,2947,94,2,2022-01-26,2022-01-29,Skin Infection,Referral,Yes
504,2694,56,9,2025-11-27,2025-12-10,Back Pain,Referral,Yes
505,3599,83,10,2025-06-08,2025-06-10,Abdominal Pain,Referral,No
506,4496,22,5,2024-02-31,2025-03-05,Stroke,Referral,Yes
507,2491,76,7,2023-01-01,2023-01-04,Diabetes,Emergency,Yes
508,2320,21,2,2025-03-14,2025-03-24,Back Pain,Referral,Yes
509,2378,15,9,2023-08-06,2023-08-07,Kidney Stone,Emergency,Yes
510,4205,47,9,2025-11-21,2025-12-03,Asthma,Scheduled,Yes
511,2331,22,5,2024-04-24,2024-04-30,Pneumonia,Emergency,Yes
512,1330,91,8,2022-03-04,2022-03-06,Appendicitis,Referral,Yes
513,1247,7,4,2025-06-22,2025-07-01,Abdominal Pain,Referral,No
514,3571,80,8,2024-10-27,2024-11-05,Skin Infection,Transfer,No
515,2982,80,8,2023-09-01,2023-09-10,Diabetes,Scheduled,No
516,1529,77,6,2022-09-13,2022-09-17,Abdominal Pain,Transfer,No
517,2679,78,5,2022-07-28,2022-08-04,Migraine,Referral,Yes
518,2568,25,10,2022-11-03,2022-11-15,Diabetes,Emergency,Yes
519,806,25,10,2022-05-07,2022-05-16,Chest Pain,Scheduled,Yes
520,839,46,9,2024-04-04,2024-04-18,Back Pain,Scheduled,Yes
521,2375,24,1,2025-01-17,2025-01-22,Back Pain,Emergency,Yes
522,1209,93,7,2023-05-31,2023-06-07,Pneumonia,Transfer,No
523,670,81,1,2023-05-13,2023-05-26,Pneumonia,Emergency,Yes
524,2566,32,9,2023-06-03,2023-06-06,Fracture,Transfer,No
525,323,58,3,2024-08-28,2024-09-04,Hypertension,Referral,Yes
526,1622,84,1,2025-07-23,2025-08-03,Abdominal Pain,Transfer,No
527,3237,61,7,2023-09-12,2023-09-13,Skin Infection,Transfer,No
528,1099,10,10,2022-03-23,2022-03-31,Abdominal Pain,Referral,Yes
529,2393,89,4,2022-04-17,2022-04-18,Fracture,Scheduled,Yes
530,3035,10,10,2022-02-08,2022-02-20,Abdominal Pain,Transfer,Yes
531,2324,60,5,2022-10-09,2022-10-15,Migraine,Scheduled,No
532,2838,38,7,2022-05-13,2022-05-20,Stroke,Scheduled,Yes
533,3977,56,9,2025-12-24,2026-01-05,Fracture,Referral,Yes
534,1799,72,2,2025-09-08,2025-09-10,Kidney Stone,Scheduled,Yes
535,3124,83,10,2023-01-28,2023-02-08,Abdominal Pain,Scheduled,No
536,4500,84,1,2024-05-23,2024-06-01,Hypertension,Transfer,Yes
537,2247,24,1,2025-08-25,2025-08-29,Chest Pain,Transfer,Yes
538,648,67,1,2025-06-11,2025-06-21,,Scheduled,Yes
539,661,93,7,2024-05-23,2024-06-03,Cancer,Scheduled,Yes
540,1567,41,6,2023-05-26,2023-05-31,Stroke,Transfer,Yes
541,2836,1,6,2024-08-19,2024-09-02,Abdominal Pain,Emergency,No
542,3928,48,10,2022-01-13,2022-01-25,Skin Infection,Referral,No
543,4734,79,7,2025-06-07,2025-06-20,Back Pain,Transfer,Yes
544,2839,59,1,2024-02-13,2024-02-22,Asthma,Transfer,Yes
545,580,31,1,2025-01-24,2025-01-25,Kidney Stone,Referral,No
546,598,79,7,2023-06-11,2023-06-20,Migraine,Referral,No
547,1404,21,2,2024-01-30,2024-02-09,Chest Pain,Referral,Yes
548,1607,25,10,2025-12-20,2025-12-21,Stroke,Referral,Yes
549,2876,38,7,2022-07-17,2022-07-27,Asthma,Scheduled,No
550,899,96,2,2022-02-23,2022-03-05,Asthma,Transfer,No
551,2807,14,10,2025-10-09,2025-10-13,Flu,Transfer,Yes
552,3293,97,6,2025-05-24,2025-05-25,Flu,Referral,Yes
553,2063,9,5,2024-10-03,2024-10-07,Appendicitis,Scheduled,Yes
554,1944,34,10,2022-10-03,2022-10-10,Flu,Transfer,No
555,324,91,8,2023-02-11,2023-02-25,Abdominal Pain,Scheduled,Yes
556,4465,15,9,2022-10-14,2022-10-23,Diabetes,Transfer,Yes
557,4312,80,8,2025-09-01,2025-09-13,Cancer,Scheduled,No
558,2517,87,4,2024-06-26,2024-07-08,Abdominal Pain,Referral,Yes
559,984,10,10,2022-11-27,2022-12-05,Stroke,Referral,No
560,2001,97,8,2023-03-22,2023-03-24,Diabetes,Referral,Yes
561,1955,14,10,2022-02-03,2022-02-12,Skin Infection,Transfer,Yes
562,1973,7,4,2024-06-03,2024-06-15,Kidney Stone,Referral,No
563,216,4,2,2023-04-27,2023-05-11,Back Pain,Emergency,Yes
564,1995,91,8,2024-05-05,2024-05-10,Skin Infection,Referral,Yes
565,307,6,3,2022-09-22,2022-09-24,Skin Infection,Scheduled,No
566,621,91,8,2023-06-02,2023-06-03,Skin Infection,Emergency,No
567,374,18,7,2024-11-26,2024-12-01,Asthma,Emergency,No
568,4507,61,7,2024-12-27,2025-01-04,Abdominal Pain,Scheduled,Yes
569,527,37,10,2025-03-09,2025-03-19,Cancer,Transfer,Yes
570,1718,86,3,2022-09-20,2022-09-21,Migraine,Scheduled,No
571,4060,33,6,2023-03-13,2023-03-25,Fracture,Referral,No
572,1063,14,10,2022-03-30,2022-04-06,Chest Pain,Emergency,Yes
573,171,38,7,2024-03-20,2024-03-21,Diabetes,,NO
574,906,26,8,2022-09-07,2022-09-11,Chest Pain,Referral,No
575,3730,74,1,2023-09-14,2023-09-17,Hypertension,Transfer,Yes
576,1048,87,4,2023-04-21,2023-05-01,Chest Pain,Transfer,No
577,1069,85,2,2022-06-24,2022-07-02,Asthma,Emergency,No
578,4537,59,1,2024-10-02,2024-10-09,Appendicitis,Transfer,No
579,521,28,8,2024-10-21,2024-10-29,Appendicitis,Emergency,Yes
580,1746,78,5,2025-01-04,2025-01-06,Skin Infection,Scheduled,No
581,1317,6,3,2023-07-23,2023-08-01,Appendicitis,Scheduled,Yes
582,2253,47,9,2022-08-28,2022-09-07,Migraine,Referral,No
583,4107,53,4,2024-11-10,2024-11-23,Flu,Emergency,No
584,1830,36,1,2022-08-21,2022-08-30,Skin Infection,Emergency,No
585,4742,85,2,2024-04-04,2024-04-17,Migraine,Emergency,Yes
586,877,45,4,2024-09-19,2024-10-02,Chest Pain,Referral,Yes
587,4660,14,10,2025-01-09,2025-01-20,Chest Pain,Scheduled,No
588,1149,5,5,2024-01-11,2024-01-16,Flu,Referral,Yes
589,1930,75,2,2023-01-10,2023-01-18,Diabetes,Referral,No
590,255,53,4,2023-04-12,2023-04-21,Chest Pain,Transfer,No
591,70,18,7,2022-04-22,2022-05-04,Appendicitis,Emergency,No
592,1616,59,1,2025-02-18,2025-03-01,Migraine,Scheduled,Yes
593,2838,46,9,2025-10-29,2025-11-09,Chest Pain,Referral,Yes
594,2619,35,1,2023-08-02,2023-08-15,Flu,Emergency,No
595,4229,91,8,2025-04-30,2025-05-11,Asthma,Transfer,No
596,4124,68,9,2025-01-06,2025-01-19,Cancer,Scheduled,Yes
597,868,98,7,2022-03-06,2022-03-18,Hypertension,Transfer,Yes
598,75,36,1,2022-02-14,2022-02-27,Kidney Stone,Referral,No
599,558,16,4,2022-12-22,2022-12-27,Asthma,Emergency,No
600,3007,86,3,2024-10-04,2024-10-13,Stroke,Emergency,No
601,777,3,3,2025-11-22,2025-11-27,Skin Infection,Transfer,No
602,3961,11,9,2024-12-04,2024-12-11,Migraine,Referral,Yes
603,3551,17,2,2023-08-22,2023-08-27,Flu,Transfer,Yes
604,2120,73,2,2025-01-28,2025-02-04,Appendicitis,Emergency,Yes
605,129,16,4,2024-10-25,2024-11-02,Appendicitis,Emergency,Yes
606,1985,21,2,2023-10-31,2023-11-08,Kidney Stone,Emergency,No
607,2407,29,8,2022-03-01,2022-03-09,Fracture,Scheduled,No
608,3082,85,2,2024-05-16,2024-05-29,Skin Infection,Transfer,No
609,4922,87,4,2022-05-03,2022-05-16,Fracture,Emergency,No
610,1865,66,10,2022-07-27,2022-08-09,Appendicitis,Transfer,Yes
611,2140,52,5,2025-03-20,2025-03-23,Migraine,Transfer,Yes
612,2315,68,9,2022-09-06,2022-09-08,Back Pain,Scheduled,Yes
613,764,66,10,2024-05-22,2024-06-04,Migraine,Scheduled,Yes
614,2028,11,9,2023-06-26,2023-07-02,,Transfer,No
615,794,66,10,2022-09-13,2022-09-16,Appendicitis,Referral,Yes
616,3889,8,1,2022-02-14,2022-02-18,Migraine,Scheduled,No
617,2219,26,8,2022-11-13,2022-11-19,Back Pain,Transfer,No
618,2425,4,2,2025-11-11,2025-11-17,Fracture,Transfer,Yes
619,2583,12,10,2025-08-22,2025-09-02,Pneumonia,Scheduled,Yes
620,599,44,4,2023-06-13,2023-06-15,Abdominal Pain,Emergency,Yes
621,4849,4,2,2025-08-03,2025-08-06,Hypertension,Transfer,Yes
622,4005,14,10,2023-05-23,2023-06-04,Asthma,Scheduled,Yes
623,271,47,9,2022-09-21,2022-09-24,Diabetes,Referral,No
624,1344,83,10,2024-05-18,2024-05-31,Back Pain,Transfer,Yes
625,2995,26,8,2025-02-21,2025-02-26,Abdominal Pain,Scheduled,No
626,3477,16,4,2022-09-11,2022-09-25,Asthma,Emergency,No
627,4677,92,5,2025-06-05,2025-06-10,Migraine,,No
628,699,69,2,2023-07-18,2023-08-01,Flu,Referral,No
629,1718,57,4,2023-10-11,2023-10-20,Pneumonia,Transfer,Yes
630,3021,8,1,2024-12-29,2024-12-31,Migraine,Referral,Yes
631,1499,25,10,2022-10-01,2022-10-05,Chest Pain,Referral,Yes
632,2850,66,10,2022-04-25,2022-05-07,Fracture,Referral,Yes
633,4162,67,1,2022-03-03,2022-03-09,Hypertension,Transfer,No
634,374,64,1,2025-09-25,2025-10-04,Diabetes,Transfer,Yes
635,2955,34,10,2023-08-27,2023-08-30,Chest Pain,Scheduled,No
636,3878,64,1,2024-09-27,2024-10-05,Migraine,Referral,No
637,4633,50,3,2023-06-26,2023-07-09,Cancer,Scheduled,Yes
638,2508,55,3,2023-08-02,2023-08-15,Hypertension,Emergency,No
639,72,50,3,2025-03-09,2025-03-18,Flu,Scheduled,No
640,2439,70,6,2024-06-08,2024-06-11,Stroke,Transfer,No
641,2991,27,7,2024-10-14,2024-10-22,Cancer,Scheduled,No
642,2378,84,1,2024-02-17,2024-02-18,Cancer,Emergency,Yes
643,994,3,3,2023-06-05,2023-06-06,Appendicitis,Scheduled,No
644,2075,46,9,2023-02-10,2023-02-20,Asthma,Emergency,Yes
645,3557,8,1,2025-03-20,2025-04-03,Cancer,Scheduled,Yes
646,2072,60,5,2022-03-05,2022-03-13,Cancer,Scheduled,No
647,1115,47,9,2025-09-30,2025-10-13,Diabetes,Transfer,No
648,1649,16,4,2025-11-05,2025-11-12,Kidney Stone,Emergency,Yes
649,1079,48,10,2022-05-01,2022-05-12,Flu,Scheduled,No
650,2020,87,4,2025-07-23,2025-08-02,Skin Infection,Referral,No
651,1267,59,1,2025-02-14,2025-02-24,Chest Pain,Scheduled,Yes
652,3502,12,10,2024-10-19,2024-10-29,Back Pain,Referral,Y
653,2151,44,4,2023-09-20,2023-09-30,Stroke,Referral,No
654,3739,94,2,2024-11-04,2024-11-06,Pneumonia,Transfer,Yes
655,895,64,1,2025-12-24,2026-01-07,Migraine,Scheduled,No
656,873,68,9,2023-04-14,2023-04-17,Flu,Scheduled,No
657,194,21,2,2023-03-13,2023-03-23,Fracture,Transfer,Yes
658,3898,50,3,2022-07-29,2022-08-06,Asthma,Referral,Yes
659,2268,6,3,2023-07-24,2023-08-05,Back Pain,Transfer,No
660,3004,13,6,2022-06-15,2022-06-18,Skin Infection,Transfer,Yes
661,4135,11,9,2022-09-09,2022-09-10,Chest Pain,Emergency,Yes
662,1076,69,2,2025-05-20,2025-05-23,Hypertension,Transfer,No
663,2774,76,7,2024-01-01,2024-01-04,Kidney Stone,Scheduled,No
664,3441,63,4,2024-09-13,2024-09-26,Migraine,Scheduled,Yes
665,1722,41,6,2025-12-02,2025-12-07,Fracture,Scheduled,No
666,1586,94,2,2022-09-30,2022-10-12,Appendicitis,Scheduled,No
667,4739,24,1,2022-06-13,2022-06-27,Chest Pain,Emergency,Yes
668,98,18,7,2024-02-16,2024-02-17,Appendicitis,Transfer,Yes
669,555,33,6,2023-02-01,2023-02-12,Abdominal Pain,Referral,No
670,4664,86,3,2024-02-23,2024-03-07,Back Pain,Referral,Yes
671,4070,9,5,2024-01-10,2024-01-16,Appendicitis,Scheduled,Yes
672,216,46,9,2023-01-07,2023-01-08,Skin Infection,Scheduled,Yes
673,4556,59,1,2023-03-31,2023-04-01,Abdominal Pain,Referral,Yes
674,3902,80,8,2023-03-06,2023-03-20,Fracture,Transfer,No
675,1866,14,10,2022-09-24,2022-10-04,Appendicitis,Scheduled,No
676,702,95,1,2023-09-30,2023-10-09,Chest Pain,Emergency,Yes
677,3719,86,3,2024-02-04,2024-02-14,Abdominal Pain,Emergency,Yes
678,3375,70,6,2022-02-07,2022-02-08,Cancer,Emergency,No
679,1235,23,2,2022-02-26,2022-03-07,Abdominal Pain,Transfer,Yes
680,1284,97,2,2024-12-05,2024-12-15,Flu,Referral,No
681,1475,32,9,2025-05-06,2025-05-17,Stroke,Referral,No
682,310,17,2,2023-04-26,2023-04-30,Diabetes,Referral,No
683,2874,15,9,2024-07-31,2024-08-06,Appendicitis,Emergency,Yes
684,1371,26,8,2022-01-29,2022-02-12,Back Pain,Emergency,No
685,25,78,5,2023-08-03,2023-08-05,Appendicitis,Referral,Yes
686,1387,94,2,2023-07-27,2023-07-29,Fracture,Emergency,Yes
687,3635,66,10,2025-07-04,2025-07-13,Asthma,Transfer,No
688,4225,90,9,2024-09-19,2024-09-25,Chest Pain,Referral,Yes
689,4815,44,4,2025-03-23,2025-04-05,Diabetes,Referral,No
690,354,38,7,2025-06-20,2025-07-04,Back Pain,Transfer,Yes
691,2033,51,9,2024-04-24,2024-05-04,Migraine,Transfer,Yes
692,3649,23,2,2024-10-24,2024-10-31,Chest Pain,Emergency,Yes
693,2360,99,10,2025-11-13,2025-11-16,Hypertension,Referral,Yes
694,4534,35,1,2025-09-18,2025-09-24,Back Pain,Emergency,No
695,3288,19,5,2022-08-06,2022-08-14,Back Pain,Transfer,No
696,1585,38,7,2025-05-23,2025-06-06,Fracture,Referral,Yes
697,3488,92,5,2024-02-13,2024-02-21,Migraine,Emergency,No
698,4555,87,4,2025-02-20,2025-03-03,Back Pain,Transfer,No
699,4366,41,6,2024-07-03,2024-07-08,Cancer,Emergency,Yes
700,448,51,9,2025-08-15,2025-08-28,Back Pain,Transfer,No
701,1239,55,3,2023-08-17,2023-08-19,Skin Infection,Transfer,Yes
702,4744,58,3,2025-01-06,2025-01-16,Back Pain,Referral,Yes
703,3724,61,7,2022-04-18,2022-04-20,Pneumonia,Referral,Yes
704,898,56,9,2023-06-29,2023-07-05,Abdominal Pain,Scheduled,No
705,2023,57,4,2025-01-24,2025-01-25,Migraine,Transfer,Yes
706,2399,6,3,2024-09-15,2024-09-26,Cancer,Scheduled,No
707,2823,9,5,2024-11-08,2024-11-22,Appendicitis,Referral,No
708,4751,23,2,2024-06-03,2024-06-15,Back Pain,Scheduled,Yes
709,1807,86,3,2022-11-22,2022-11-30,Fracture,Referral,No
710,966,19,5,2024-01-16,2024-01-23,Back Pain,Transfer,Yes
711,593,20,1,2023-05-26,2023-05-27,Hypertension,Referral,No
712,4145,74,1,2023-12-16,2023-12-29,Cancer,Emergency,No
713,1918,19,5,2025-12-16,2025-12-21,Pneumonia,Referral,No
714,3119,3,3,2022-01-15,2022-01-25,Skin Infection,Emergency,No
715,4024,69,2,2023-03-12,2023-03-19,Abdominal Pain,Emergency,Yes
716,253,26,8,2023-07-05,2023-07-07,Flu,Scheduled,No
717,2772,84,1,2023-01-23,2023-01-26,Cancer,Referral,No
718,4392,35,1,2025-06-16,2025-06-27,Cancer,Transfer,No
719,227,95,1,2024-10-17,2024-10-30,Hypertension,Transfer,Yes
720,204,64,1,2023-07-12,2023-07-19,Diabetes,Referral,Yes
721,2028,57,4,2022-03-06,2022-03-07,Kidney Stone,Referral,Yes
722,4000,40,1,2023-08-05,2023-08-09,Asthma,Transfer,Yes
723,3126,31,1,2024-10-28,2024-11-09,Appendicitis,Transfer,Yes
724,650,46,9,2024-09-05,2024-09-17,Appendicitis,Referral,Yes
725,2663,33,6,2024-02-07,2024-02-21,Skin Infection,Transfer,No
726,999,68,9,2022-11-02,2022-11-07,Kidney Stone,Transfer,No
727,550,36,1,2022-12-15,2022-12-23,Skin Infection,Referral,Yes
728,521,33,6,2022-08-11,2022-08-23,Stroke,Transfer,Yes
729,3427,27,7,2025-12-22,2025-12-27,Abdominal Pain,Scheduled,Yes
730,1320,18,7,2023-02-24,2023-03-08,Fracture,Scheduled,Yes
731,2573,73,2,2022-02-18,2022-02-19,Appendicitis,Emergency,Yes
732,1136,85,2,2025-11-26,2025-11-27,Migraine,Referral,No
733,2877,54,1,2024-07-17,2024-07-30,Appendicitis,Emergency,No
734,2179,15,9,2024-08-09,2024-08-20,Stroke,Transfer,No
735,58,38,7,2023-10-09,2023-10-16,Skin Infection,Scheduled,Yes
736,809,52,5,2025-11-05,2025-11-19,Stroke,Referral,No
737,3606,84,1,2024-03-31,2024-04-08,Back Pain,Transfer,No
738,3052,61,7,2024-06-05,2024-06-12,Asthma,Referral,No
739,3229,6,3,2025-02-25,2025-03-03,Pneumonia,Emergency,No
740,1145,76,7,2024-06-11,2024-06-16,Chest Pain,Referral,Yes
741,579,63,4,2024-01-15,2024-01-16,Migraine,Transfer,Yes
742,4861,72,2,2024-10-23,2024-10-31,Pneumonia,Transfer,No
743,2451,95,1,2023-07-19,2023-07-22,Pneumonia,Emergency,No
744,631,88,5,2025-12-04,2025-12-13,Chest Pain,Emergency,No
745,4976,22,5,2025-05-03,2025-05-17,Skin Infection,Transfer,Yes
746,4311,56,9,2025-11-05,2025-11-10,Hypertension,Emergency,No
747,3924,18,7,2023-09-18,2023-09-25,Flu,Transfer,Yes
748,4786,5,5,2023-05-19,2023-05-22,Kidney Stone,Emergency,No
749,2025,8,1,2023-02-02,2023-02-04,Skin Infection,Scheduled,Yes
750,1981,3,3,2022-06-11,2022-06-13,Back Pain,Emergency,No
751,176,52,5,2023-12-26,2023-12-31,Skin Infection,Scheduled ,No
752,4285,64,1,2023-10-17,2023-10-23,Pneumonia,Referral,No
753,1258,73,2,2024-03-15,2024-03-17,Chest Pain,Emergency,No
754,1580,53,4,2025-05-31,2025-06-08,Back Pain,Referral,No
755,3726,91,8,2024-12-07,2024-12-11,Chest Pain,Emergency,No
756,4685,70,6,2023-02-14,2023-02-25,Skin Infection,Transfer,Yes
757,1979,43,1,2023-12-16,2023-12-23,Asthma,Transfer,Yes
758,1666,70,6,2025-12-29,2026-01-11,Cancer,Referral,No
759,2051,9,5,2024-08-08,2024-08-19,Skin Infection,Scheduled,No
760,3171,6,3,2025-11-19,2025-11-21,Cancer,Emergency,No
761,1057,34,10,2024-05-19,2024-05-29,Migraine,Transfer,No
762,1378,76,7,2023-02-06,2023-02-13,Kidney Stone,Referral,Yes
763,3536,68,9,2024-01-12,2024-01-26,Diabetes,Transfer,No
764,1567,56,9,2024-09-12,2024-09-22,Stroke,Emergency,Yes
765,33,17,2,2025-09-03,2025-09-17,Flu,Transfer,Yes
766,4971,98,7,2022-04-30,2022-05-11,Kidney Stone,Referral,Yes
767,74,25,10,2025-01-10,2025-01-21,Appendicitis,Scheduled,Yes
768,1054,16,4,2024-01-19,2024-01-30,Diabetes,Emergency,No
769,2883,94,2,2024-02-23,2024-02-26,Flu,Referral,No
770,3417,89,4,2023-01-10,2023-01-13,Hypertension,Emergency,No
771,2758,55,3,2024-04-15,2024-04-19,Abdominal Pain,Scheduled,Yes
772,2891,5,5,2024-12-04,2024-12-07,Migraine,Scheduled,Yes
773,3140,17,2,2023-10-24,2023-10-28,Abdominal Pain,Emergency,No
774,119,31,1,2022-04-20,2022-05-01,Appendicitis,Referral,No
775,4877,97,9,2023-08-05,2023-08-07,Abdominal Pain,Referral,Yes
776,503,19,5,2023-08-03,2023-08-12,Migraine,Scheduled,No
777,404,63,4,2023-07-28,2023-08-03,Hypertension,Scheduled,Yes
778,1509,66,10,2022-04-21,2022-05-05,Cancer,Transfer,Yes
779,1145,34,10,2023-07-07,2023-07-08,Migraine,Scheduled,Yes
780,198,80,8,2022-01-25,2022-02-02,Appendicitis,Emergency,Yes
781,1931,87,4,2023-11-04,2023-11-16,Stroke,Scheduled,Yes
782,4006,61,7,2025-07-13,2025-07-24,Fracture,Transfer,No
783,2905,44,4,2023-06-11,2023-06-19,Asthma,Emergency,No
784,1043,57,4,2024-01-02,2024-01-10,Fracture,Referral,No
785,2540,72,2,2022-08-07,2022-08-12,Appendicitis,Emergency,Yes
786,3192,53,4,2024-05-26,2024-05-28,Chest Pain,Scheduled,Yes
787,4728,96,3,2025-05-28,2025-06-02,Pneumonia,Transfer,Yes
788,1138,9,5,2023-12-10,2023-12-11,Back Pain,Emergency,Yes
789,2087,29,8,2025-07-27,2025-07-31,Cancer,emergency,No
790,1292,61,7,2025-06-21,2025-07-05,Stroke,Referral,Yes
791,2360,58,3,2024-08-27,2024-08-31,Fracture,Emergency,Yes
792,4940,78,5,2022-03-30,2022-04-03,Appendicitis,Emergency,Yes
793,1213,57,4,2023-12-11,2023-12-21,Fracture,Referral,No
794,3785,86,3,2022-06-29,2022-07-04,Kidney Stone,Scheduled,Yes
795,734,54,1,2025-10-11,2025-10-14,Pneumonia,Emergency,No
796,2665,77,6,2022-07-01,2022-07-02,Hypertension,Referral,No
797,1554,51,9,2023-05-30,2023-06-03,Asthma,Referral,No
798,2057,27,7,2022-11-25,2022-12-07,Kidney Stone,Transfer,Yes
799,2072,19,5,2022-11-17,2022-11-29,Kidney Stone,Emergency,Yes
800,3797,81,1,2022-11-04,2022-11-07,Back Pain,Transfer,No
801,4098,31,1,2023-10-16,2023-10-19,Appendicitis,Emergency,No
802,4468,41,6,2025-10-01,2025-10-09,Diabetes,Emergency,Yes
803,1544,70,6,2024-02-02,2024-02-06,Hypertension,Emergency,Yes
804,4817,6,3,2022-05-03,2022-05-14,Asthma,Scheduled,Yes
805,2803,66,10,2024-05-18,2024-05-29,Appendicitis,Transfer,No
806,2324,52,5,2024-01-28,2024-02-06,Asthma,Emergency,No
807,1358,71,5,2025-09-09,2025-09-14,Appendicitis,Emergency,Yes
808,2370,36,1,2024-05-12,2024-05-23,Fracture,Scheduled,Yes
809,2352,49,6,2023-12-26,2024-01-06,Kidney Stone,Transfer,No
810,533,43,1,2023-08-31,2023-09-12,Asthma,Scheduled,No
811,992,60,5,2023-10-03,2023-10-11,Fracture,Referral,Yes
812,4217,47,9,2022-08-10,2022-08-23,Stroke,Transfer,No
813,4661,87,4,2024-03-02,2024-03-08,Stroke,Referral,No
814,2681,53,4,2022-01-26,2022-01-27,Kidney Stone,Scheduled,Yes
815,3668,96,6,2022-11-11,2022-11-14,Cancer,Transfer,No
816,4226,33,6,2025-07-29,2025-08-01,Diabetes,Emergency,Yes
817,1508,17,2,2023-10-30,2023-11-01,Stroke,Referral,No
818,2893,62,8,2025-04-18,2025-04-29,Chest Pain,Scheduled,No
819,1069,30,7,2024-09-19,2024-09-26,Asthma,Emergency,No
820,575,37,10,2022-10-22,2022-10-29,Migraine,Scheduled,Yes
821,1515,80,8,2024-08-24,2024-08-25,Skin Infection,Emergency,Yes
822,3987,20,1,2023-01-02,2023-01-12,Skin Infection,Scheduled,Yes
823,133,80,8,2023-02-15,2023-02-21,Abdominal Pain,Scheduled,No
824,1559,78,5,2022-11-09,2022-11-12,Cancer,Referral,Yes
825,713,92,5,2025-10-11,2025-10-22,Back Pain,Referral,No
826,1091,72,2,2023-06-18,2023-06-19,Appendicitis,Transfer,No
827,1624,78,5,2022-04-22,2022-05-01,Appendicitis,Scheduled,No
828,4087,52,5,2024-07-26,2024-08-06,Cancer,Emergency,Yes
829,3591,65,8,2022-11-16,2022-11-21,Migraine,Transfer,No
830,3213,49,6,2025-05-29,2025-06-03,Stroke,Scheduled,No
831,40,88,5,2025-03-03,2025-03-14,Migraine,Scheduled,No
832,4142,21,2,2025-10-29,2025-11-10,Chest Pain,Emergency,No
833,2748,75,2,2023-01-06,2023-01-12,Kidney Stone,Transfer,Yes
834,4677,62,8,2023-01-13,2023-01-20,Asthma,Scheduled,Yes
835,1170,42,10,2024-07-06,2024-07-18,Flu,Scheduled,No
836,2008,81,1,2023-09-15,2023-09-27,Flu,Transfer,Yes
837,3880,8,1,2025-10-28,2025-11-02,Appendicitis,Scheduled,Yes
838,1974,33,6,2025-07-30,2025-08-04,Back Pain,Transfer,No
839,3259,14,10,2022-04-05,2022-04-11,Diabetes,Referral,No
840,713,70,6,2022-04-09,2022-04-16,Flu,Transfer,Yes
841,4114,71,5,2024-03-01,2024-03-14,Stroke,Transfer,Yes
842,2227,33,6,2025-05-22,2025-05-27,Back Pain,Emergency,Yes
843,2951,11,9,2024-12-01,2024-12-08,Cancer,Referral,No
844,711,30,7,2025-09-28,2025-10-03,Migraine,Emergency,Yes
845,1928,13,6,2025-01-20,2025-01-24,Skin Infection,Emergency,Yes
846,3237,75,2,2023-01-26,2023-01-31,Appendicitis,Transfer,Yes
847,1108,83,10,2023-02-21,2023-03-01,Appendicitis,Scheduled,Yes
848,746,100,3,2025-10-11,2025-10-14,Pneumonia,Emergency,Yes
849,3159,28,8,2022-07-16,2022-07-25,Kidney Stone,Referral,Yes
850,255,1,6,2025-07-08,2025-07-11,Fracture,Emergency,No
851,1245,28,8,2022-05-30,2022-06-03,Fracture,Transfer,Yes
852,546,38,7,2022-01-10,2022-01-20,Skin Infection,Scheduled,Yes
853,1376,63,4,2022-04-04,2022-04-07,Fracture,Emergency,No
854,3965,24,1,2022-03-13,2022-03-27,Diabetes,Scheduled,No
855,4952,3,3,2023-05-17,2023-05-19,Abdominal Pain,Transfer,No
856,2624,52,5,2025-03-24,2025-04-05,Stroke,Emergency,Yes
857,47,89,4,2022-08-04,2022-08-15,Cancer,Emergency,No
858,3082,44,4,2023-03-12,2023-03-26,Kidney Stone,Scheduled,No
859,2531,68,9,2023-05-04,2023-05-09,Fracture,Transfer,Yes
860,3054,10,10,2023-10-03,2023-10-08,Stroke,Transfer,No
861,3567,80,8,2022-08-25,2022-08-27,Appendicitis,Emergency,No
862,89,18,7,2024-09-15,2024-09-18,Skin Infection,Scheduled,Yes
863,2085,7,4,2022-04-06,2022-04-16,Fracture,Emergency,Yes
864,2319,81,1,2025-03-09,2025-03-20,Diabetes,Scheduled,Yes
865,1375,15,9,2024-02-19,2024-03-01,Abdominal Pain,Emergency,Yes
866,3070,77,6,2025-12-25,2025-12-29,Pneumonia,Referral,Yes
867,4476,30,7,2022-10-12,2022-10-23,Stroke,Referral,Yes
868,3694,50,3,2022-11-25,2022-12-01,Pneumonia,Emergency,Yes
869,724,29,8,2022-08-17,2022-08-19,Asthma,Transfer,No
870,2377,22,5,2024-12-19,2024-12-31,Fracture,Scheduled,No
871,4048,87,4,2022-02-24,2022-02-26,Stroke,Emergency,No
872,3654,65,8,2022-08-15,2022-08-17,Kidney Stone,Transfer,No
873,4400,53,4,2022-10-05,2022-10-15,Hypertension,Scheduled,No
874,786,43,1,2023-01-22,2023-01-31,Asthma,Referral,Yes
875,3542,57,4,2023-04-24,2023-05-07,Hypertension,Scheduled,Yes
876,335,79,7,2025-03-20,2025-03-25,Diabetes,Transfer,No
877,1710,83,10,2022-02-17,2022-02-22,Abdominal Pain,Emergency,No
878,1617,10,10,2025-05-30,2025-06-08,Migraine,Emergency,Yes
879,2808,4,2,2024-07-05,2024-07-11,Kidney Stone,Referral,Yes
880,4323,34,10,2024-10-24,2024-10-30,Pneumonia,Referral,No
881,4010,58,3,2022-05-08,2022-05-12,Kidney Stone,Transfer,No
882,3574,58,3,2025-06-03,2025-06-11,Hypertension,Emergency,Yes
883,195,84,1,2024-07-09,2024-07-16,Migraine,Referral,Yes
884,2784,66,10,2023-04-21,2023-04-27,Chest Pain,Emergency,Yes
885,4076,21,2,2024-06-23,2024-06-26,Appendicitis,Transfer,Yes
886,1127,71,5,2023-01-19,2023-01-29,Hypertension,Emergency,Yes
887,1069,2,4,2024-01-10,2024-01-12,Diabetes,Scheduled,Yes
888,1584,33,6,2022-02-26,2022-03-05,Back Pain,Scheduled,No
889,4376,4,2,2022-05-30,2022-06-09,Cancer,Emergency,No
890,242,23,2,2023-09-13,2023-09-14,Asthma,Referral,Yes
891,542,87,4,2024-08-18,2024-08-29,Stroke,Referral,No
892,637,93,7,2022-07-01,2022-07-09,Hypertension,Transfer,No
893,4430,46,9,2024-06-19,2024-06-29,Asthma,Transfer,Yes
894,734,21,2,2023-06-06,2023-06-20,Hypertension,Transfer,Yes
895,2523,82,5,2023-09-02,2023-09-11,Abdominal Pain,Emergency,Yes
896,4444,85,2,2024-12-03,2024-12-05,Cancer,Emergency,Yes
897,818,97,5,2023-11-18,2023-11-30,Asthma,Transfer,No
898,3808,57,4,2024-05-02,2024-05-04,Cancer,Referral,Yes
899,2196,73,2,2024-03-28,2024-04-09,Hypertension,Emergency,No
900,320,73,2,2022-11-10,2022-11-23,Diabetes,Transfer,No
901,2511,43,1,2022-06-03,2022-06-11,Flu,Transfer,Yes
902,1057,20,1,2025-09-24,2025-09-28,Skin Infection,Emergency,No
903,2868,30,7,2023-09-18,2023-09-26,Skin Infection,Scheduled,No
904,3772,85,2,2022-10-06,2022-10-12,Flu,Scheduled,Yes
905,486,80,8,2023-12-25,2024-01-05,Cancer,Scheduled,No
906,4294,73,2,2025-02-11,2025-02-19,Kidney Stone,Scheduled,No
907,4113,64,1,2022-12-24,2023-01-01,Pneumonia,Scheduled,Yes
908,2781,90,9,2024-08-25,2024-09-05,Abdominal Pain,Emergency,Yes
909,2089,4,2,2025-06-08,2025-06-12,Cancer,Transfer,No
910,1602,92,5,2025-05-26,2025-06-08,Skin Infection,Referral,No
911,2345,69,2,2023-08-09,2023-08-14,Pneumonia,Transfer,Yes
912,4797,72,2,2023-04-22,2023-04-28,Stroke,Transfer,No
913,1073,91,8,2023-05-07,2023-05-17,Diabetes,Transfer,No
914,3320,22,5,2022-11-15,2022-11-23,Fracture,Referral,Yes
915,1923,40,1,2022-01-07,2022-01-14,Abdominal Pain,Scheduled,Yes
916,855,53,4,2024-05-18,2024-05-22,Fracture,Referral,Yes
917,956,34,10,2025-11-16,2025-11-19,Diabetes,Referral,No
918,1608,33,6,2025-11-12,2025-11-18,Pneumonia,Transfer,Yes
919,3287,22,5,2024-12-17,2024-12-26,Asthma,Scheduled,Yes
920,1598,47,9,2024-07-29,2024-07-30,Migraine,Referral,No
921,2981,47,9,2022-08-29,2022-09-10,Back Pain,Referral,Yes
922,2220,38,7,2022-10-29,2022-10-31,Diabetes,Emergency,No
923,2782,34,10,2025-03-25,2025-03-30,Migraine,Referral,No
924,2367,22,5,2022-06-15,2022-06-26,Skin Infection,Referral,Yes
925,2460,49,6,2023-05-02,2023-05-11,Diabetes,Referral,Yes
926,1323,80,8,2022-08-16,2022-08-18,Back Pain,Transfer,No
927,4024,83,10,2025-06-04,2025-06-07,Back Pain,Referral,No
928,2362,23,2,2025-04-16,2025-04-26,Back Pain,Transfer,Yes
929,2075,57,4,2023-02-23,2023-03-01,Fracture,Transfer,No
930,4669,16,4,2024-01-08,2024-01-12,Flu,Emergency,Yes
931,3807,41,6,2022-09-02,2022-09-07,Chest Pain,Emergency,Yes
932,2278,62,8,2025-03-10,2025-03-13,Back Pain,Scheduled,Yes
933,2783,60,5,2025-02-16,2025-02-19,Migraine,Referral,Yes
934,625,4,2,2024-10-27,2024-10-29,Pneumonia,Referral,No
935,2457,31,1,2024-09-06,2024-09-15,,Transfer,Yes
936,2528,27,7,2022-04-08,2022-04-22,Abdominal Pain,Emergency,No
937,3406,2,4,2024-05-21,2024-05-28,Stroke,Transfer,Yes
938,217,49,6,2025-05-03,2025-05-14,Asthma,Scheduled,No
939,2536,78,5,2022-07-29,2022-08-11,Pneumonia,Emergency,No
940,4897,90,9,2025-07-11,2025-07-12,Asthma,Referral,Yes
941,3480,10,10,2023-06-30,2023-07-08,Diabetes,Referral,Yes
942,839,14,10,2022-12-04,2022-12-10,Hypertension,Scheduled,Yes
943,667,54,1,2022-04-01,2022-04-02,Back Pain,Referral,Yes
944,1534,62,8,2022-12-05,2022-12-14,Back Pain,Transfer,Yes
945,1095,15,9,2022-12-20,2022-12-21,Skin Infection,Transfer,Yes
946,2165,96,10,2025-01-27,2025-02-01,Pneumonia,Referral,Yes
947,3786,80,8,2024-03-20,2024-04-02,Asthma,Transfer,No
948,1343,5,5,2022-05-07,2022-05-18,Diabetes,Referral,Yes
949,2280,35,1,2022-10-07,2022-10-12,Asthma,Emergency,No
950,1826,63,4,2022-12-14,2022-12-18,Stroke,Transfer,Yes
951,2900,75,2,2024-01-25,2024-01-28,Skin Infection,Referral,No
952,3744,42,10,2025-09-13,2025-09-21,Stroke,Transfer,Yes
953,4013,90,9,2025-05-31,2025-06-09,Pneumonia,Scheduled,Yes
954,2786,41,6,2024-10-18,2024-10-26,Cancer,Transfer,Yes
955,3195,57,4,2024-06-08,2024-06-09,Appendicitis,Referral,Yes
956,331,48,10,2025-04-16,2025-04-20,Cancer,Referral,Yes
957,2593,1,6,2023-07-29,2023-08-12,Flu,Scheduled,Yes
958,1937,44,4,2024-06-07,2024-06-19,Hypertension,Scheduled,No
959,4519,81,1,2024-04-19,2024-04-29,Abdominal Pain,Transfer,No
960,124,80,8,2024-05-08,2024-05-12,Chest Pain,Referral,No
961,3218,3,3,2024-09-22,2024-09-28,Flu,Emergency,Yes
962,714,8,1,2022-07-01,2022-07-10,Migraine,Scheduled,No
963,1354,85,2,2022-10-08,2022-10-15,Migraine,Referral,Yes
964,4313,3,3,2022-09-25,2022-10-09,Migraine,Referral,No
965,499,65,8,2023-12-16,2023-12-29,Cancer,Scheduled,No
966,3321,48,10,2023-05-08,2023-05-14,Pneumonia,Referral,Yes
967,3856,99,10,2024-07-17,2024-07-30,Stroke,Referral,Yes
968,3664,93,7,2024-05-04,2024-05-15,Back Pain,Referral,No
969,3759,29,8,2024-09-22,2024-10-06,Migraine,Referral,Yes
970,2706,10,10,2022-12-16,2022-12-19,Chest Pain,Referral,No
971,3752,76,7,2025-08-04,2025-08-05,Diabetes,Transfer,No
972,1392,21,2,2024-09-10,2024-09-20,Kidney Stone,Scheduled,No
973,4609,88,5,2024-05-26,2024-06-01,Back Pain,Scheduled,Yes
974,3256,64,1,2023-06-06,2023-06-17,Flu,Emergency,Yes
975,494,29,8,2025-09-23,2025-10-02,Chest Pain,Referral,Yes
976,3586,1,6,2022-05-01,2022-05-10,Migraine,Emergency,No
977,4673,92,5,2022-06-18,2022-06-21,Migraine,Scheduled,No
978,4623,95,1,2023-10-18,2023-10-26,Back Pain,Referral,Yes
979,4452,44,4,2022-05-22,2022-06-03,Fracture,Transfer,No
980,2029,43,1,2022-11-26,2022-12-06,Migraine,Transfer,Yes
981,2559,17,2,2024-06-08,2024-06-20,Pneumonia,Emergency,No
982,488,66,10,2023-12-27,2023-12-30,Hypertension,Transfer,Yes
983,1676,34,10,2024-04-14,2024-04-16,Diabetes,Transfer,No
984,1548,58,3,2022-10-22,2022-10-31,Pneumonia,Transfer,No
985,4942,25,10,2025-09-11,2025-09-15,Stroke,Emergency,No
986,839,92,5,2025-06-09,2025-06-11,Appendicitis,Emergency,No
987,396,32,9,2023-02-19,2023-03-05,Stroke,Scheduled,Yes
988,4134,48,10,2023-08-21,2023-08-26,Diabetes,Referral,Yes
989,3438,84,1,2024-05-30,2024-05-31,Abdominal Pain,Scheduled,Yes
990,4956,26,8,2022-06-28,2022-07-02,Appendicitis,Emergency,Yes
991,548,5,5,2025-04-03,2025-04-07,,Transfer,No
992,3385,64,1,2024-07-26,2024-08-08,Appendicitis,Transfer,Yes
993,3409,44,4,2024-07-23,2024-07-30,Migraine,Referral,No
994,2448,43,1,2025-06-18,2025-06-19,Fracture,Referral,Yes
995,2711,90,9,2023-05-28,2023-06-01,Chest Pain,Emergency,Yes
996,414,18,7,2024-02-21,2024-03-02,Fracture,Referral,No
997,1683,31,1,2022-04-11,2022-04-20,Cancer,Scheduled,Yes
998,2044,25,10,2025-08-29,2025-08-31,Fracture,Referral,Yes
999,2551,84,1,2024-12-01,2024-12-07,Chest Pain,Emergency,No
1000,188,19,5,2024-02-11,2024-02-16,Hypertension,Transfer,Yes
1001,3462,2,4,2024-02-29,2024-03-08,Migraine,Emergency,No
1002,1011,96,5,2023-09-19,2023-10-03,Skin Infection,Transfer,No
1003,1288,14,10,2024-05-10,2024-05-15,Skin Infection,Scheduled,No
1004,1113,59,1,2025-11-28,2025-12-12,Back Pain,Transfer,Yes
1005,447,23,2,2025-04-09,2025-04-14,Hypertension,Transfer,No
1006,3916,22,5,2023-12-08,2023-12-11,Abdominal Pain,Emergency,Yes
1007,1876,95,1,2024-01-10,2024-01-19,Cancer,Scheduled,No
1008,3786,99,10,2022-08-17,2022-08-20,Chest Pain,Scheduled,No
1009,4348,99,10,2025-02-19,2025-03-01,Back Pain,Emergency,No
1010,4943,46,9,2022-06-19,2022-06-26,Abdominal Pain,Referral,Yes
1011,4784,36,1,2023-10-05,2023-10-19,Flu,Transfer,No
1012,2446,56,9,2023-05-30,2023-06-12,Chest Pain,Scheduled,Yes
1013,4786,1,6,2022-03-03,2022-03-08,Diabetes,Referral,Yes
1014,2484,20,1,2024-12-13,2024-12-20,Appendicitis,Referral,No
1015,2095,64,1,2022-01-20,2022-02-02,Diabetes,Transfer,No
1016,4908,88,5,2023-12-11,2023-12-24,Hypertension,Emergency,No
1017,3079,58,3,2022-03-31,2022-04-12,Back Pain,Scheduled,No
1018,4015,19,5,2025-08-07,2025-08-13,Back Pain,Emergency,Yes
1019,4125,90,9,2022-02-27,2022-02-28,Kidney Stone,Referral,Yes
1020,3781,62,8,2025-12-27,2025-12-28,Flu,Transfer,Yes
1021,2211,90,9,2024-05-17,2024-05-18,Abdominal Pain,Scheduled,Yes
1022,3389,13,6,2023-03-30,2023-04-10,Migraine,Emergency,No
1023,4813,80,8,2022-09-19,2022-10-02,Abdominal Pain,Emergency,No
1024,2198,45,4,2024-09-12,2024-09-18,Flu,Scheduled,No
1025,2829,37,10,2025-08-19,2025-08-22,Stroke,Scheduled,Yes
1026,4601,97,7,2024-09-30,2024-10-11,Back Pain,Referral,Yes
1027,2909,88,5,2022-04-17,2022-04-24,Back Pain,Transfer,Yes
1028,2847,46,9,2024-08-16,2024-08-18,Stroke,Referral,No
1029,3407,87,4,2024-05-02,2024-05-04,Flu,Transfer,No
1030,4585,75,2,2023-09-10,2023-09-11,Cancer,Scheduled,No
1031,1958,50,3,2023-05-29,2023-06-05,Abdominal Pain,Emergency,No
1032,4659,48,10,2023-10-05,2023-10-07,Stroke,Transfer,Yes
1033,588,29,8,2023-03-01,2023-03-11,Chest Pain,Transfer,Yes
1034,1535,17,2,2023-06-19,2023-06-25,Back Pain,Emergency,Yes
1035,3058,51,9,2025-05-28,2025-06-04,Diabetes,Scheduled,Yes
1036,1191,83,10,2025-12-23,2025-12-30,,Transfer,No
1037,4572,98,7,2025-12-04,2025-12-11,Cancer,Transfer,No
1038,4306,62,8,2025-03-15,2025-03-28,Flu,Transfer,Yes
1039,699,74,1,2024-05-20,2024-05-24,Hypertension,Referral,Yes
1040,4053,81,1,2022-04-15,2022-04-20,Stroke,Scheduled,No
1041,4676,24,1,2023-01-05,2023-01-18,Chest Pain,Emergency,No
1042,2052,18,7,2023-04-27,2023-04-28,Diabetes,Scheduled,No
1043,2307,52,5,2025-04-15,2025-04-27,Kidney Stone,Emergency,Yes
1044,3997,50,3,2023-02-22,2023-02-24,Kidney Stone,Emergency,No
1045,1997,60,5,2025-10-29,2025-11-09,Hypertension,Referral,No
1046,1854,50,3,2022-01-10,2022-01-17,Kidney Stone,Scheduled,Yes
1047,1579,2,4,2024-04-26,2024-04-30,Chest Pain,Transfer,No
1048,1689,83,10,2023-12-24,2024-01-01,Appendicitis,Referral,No
1049,2371,22,5,2025-05-30,2025-06-08,Migraine,Emergency,Yes
1050,2441,2,4,2025-12-24,2025-12-25,Fracture,Scheduled,No
1051,1665,3,3,2023-03-23,2023-04-05,Pneumonia,Referral,Yes
1052,3642,39,4,2025-11-23,2025-11-30,Fracture,Referral,Yes
1053,1879,44,4,2024-04-26,2024-04-28,Diabetes,Scheduled,Yes
1054,1990,70,6,2022-01-07,2022-01-18,Flu,Transfer,No
1055,4142,86,3,2024-04-25,2024-04-28,,Emergency,No
1056,1638,84,1,2025-09-23,2025-10-07,Diabetes,Emergency,Yes
1057,1341,65,8,2022-06-10,2022-06-18,Appendicitis,Emergency,Yes
1058,3206,55,3,2024-02-28,2024-03-06,Fracture,Transfer,No
1059,3934,23,2,2024-11-04,2024-11-06,Abdominal Pain,Scheduled,Yes
1060,3393,42,10,2025-04-05,2025-04-14,Migraine,Referral,Yes
1061,1577,26,8,2025-11-01,2025-11-09,Cancer,Emergency,Yes
1062,4926,36,1,2022-03-05,2022-03-19,Fracture,Transfer,No
1063,1792,45,4,2025-07-20,2025-08-01,Fracture,Emergency,Yes
1064,1273,91,8,2023-05-29,2023-06-10,Chest Pain,Scheduled,No
1065,2704,54,1,2024-07-13,2024-07-27,Diabetes,Referral,Yes
1066,2045,7,4,2024-01-27,2024-02-03,Skin Infection,Transfer,Yes
1067,3737,9,5,2022-09-15,2022-09-27,Flu,Transfer,No
1068,1244,37,10,2025-06-29,2025-07-04,Kidney Stone,Emergency,No
1069,1311,93,7,2025-05-12,2025-05-21,Fracture,Scheduled,Yes
1070,605,42,10,2022-09-05,2022-09-10,Cancer,Transfer,No
1071,4069,53,4,2023-07-04,2023-07-14,Diabetes,Scheduled,No
1072,696,53,4,2023-12-22,2023-12-30,Asthma,Referral,Yes
1073,4163,22,5,2022-10-02,2022-10-14,Kidney Stone,Transfer,Yes
1074,4649,84,1,2023-11-03,2023-11-14,Migraine,Emergency,Yes
1075,4610,40,1,2025-02-24,2025-03-10,Migraine,Referral,Yes
1076,2098,95,1,2023-10-18,2023-10-26,Appendicitis,Transfer,No
1077,630,93,7,2023-05-02,2023-05-11,Skin Infection,Transfer,No
1078,2785,3,3,2022-03-11,2022-03-23,Back Pain,Emergency,No
1079,4869,45,4,2024-03-30,2024-04-11,Appendicitis,Scheduled,Yes
1080,1707,73,2,2025-11-28,2025-12-09,Stroke,Referral,Yes
1081,3143,2,4,2022-08-28,2022-09-07,Kidney Stone,Referral,Yes
1082,1264,82,5,2024-07-30,2024-07-31,Asthma,Transfer,Yes
1083,4604,100,3,2023-11-02,2023-11-13,Fracture,Transfer,Yes
1084,4351,64,1,2024-12-31,2025-01-01,Back Pain,Transfer,Yes
1085,6,86,3,2022-10-14,2022-10-15,Back Pain,Scheduled,Yes
1086,4511,71,5,2022-07-25,2022-07-27,Pneumonia,Emergency,No
1087,3245,62,8,2024-05-27,2024-05-31,Appendicitis,Scheduled,Yes
1088,1634,83,10,2024-06-27,2024-07-01,Migraine,Referral,Yes
1089,3075,47,9,2024-05-11,2024-05-19,Hypertension,Transfer,Yes
1090,4746,81,1,2025-11-27,,Chest Pain,Transfer,No
1091,4018,37,10,2023-02-01,2023-02-11,Asthma,Transfer,No
1092,279,41,6,2023-06-18,2023-06-25,Flu,Transfer,Yes
1093,4924,32,9,2022-06-05,2022-06-12,Migraine,Emergency,No
1094,2217,55,3,2025-01-30,2025-02-10,Skin Infection,Transfer,Yes
1095,411,97,6,2024-11-25,2024-12-04,Asthma,Emergency,Yes
1096,1318,43,1,2023-03-11,2023-03-13,Pneumonia,Scheduled,No
1097,3438,17,2,2023-10-10,2023-10-15,Appendicitis,Emergency,Yes
1098,4617,42,10,2024-11-22,2024-11-23,Migraine,Emergency,Yes
1099,2408,50,3,2022-09-08,2022-09-22,Chest Pain,Transfer,Yes
1100,335,4,2,2022-05-25,2022-06-04,Abdominal Pain,Emergency,Yes
1101,3693,27,7,2024-11-29,2024-12-08,Chest Pain,Referral,No
1102,3613,98,7,2025-12-23,2025-12-27,Abdominal Pain,Referral,No
1103,2319,32,9,2024-04-03,2024-04-16,Cancer,Scheduled,Yes
1104,4543,78,5,2023-07-20,2023-07-22,Fracture,Emergency,No
1105,4713,49,6,2024-10-16,2024-10-18,Skin Infection,Scheduled,Yes
1106,895,26,8,2022-01-28,2022-02-03,Migraine,Scheduled,No
1107,1435,46,9,2025-07-14,2025-07-16,Diabetes,Emergency,Yes
1108,1609,97,6,2025-05-16,2025-05-21,Flu,Emergency,No
1109,1361,85,2,2025-03-28,2025-04-02,Diabetes,Scheduled,No
1110,4627,58,3,2025-06-26,2025-07-06,Stroke,Emergency,Yes
1111,1143,32,9,2025-02-16,2025-02-25,Stroke,Transfer,No
1112,3836,50,3,2024-05-31,2024-06-01,Abdominal Pain,Transfer,Yes
1113,4290,74,1,2023-10-18,2023-11-01,Diabetes,Scheduled,No
1114,137,83,10,2023-03-12,2023-03-22,Cancer,Transfer,Yes
1115,4373,60,5,2023-08-11,2023-08-16,Abdominal Pain,Scheduled,Yes
1116,4326,13,6,2024-11-11,2024-11-15,Asthma,Scheduled,Yes
1117,4657,86,3,2023-02-23,2023-03-06,Cancer,Transfer,Yes
1118,1478,50,3,2024-02-22,2024-02-26,Skin Infection,Scheduled,Yes
1119,3866,16,4,2023-12-15,2023-12-20,Skin Infection,Emergency,No
1120,961,29,8,2023-04-03,2023-04-17,Flu,Emergency,Yes
1121,3850,66,10,2024-04-29,2024-04-30,Chest Pain,Transfer,No
1122,3326,58,3,2024-10-07,2024-10-09,Cancer,Scheduled,Yes
1123,274,30,7,2022-05-01,2022-05-04,Skin Infection,Transfer,No
1124,3587,35,1,2022-03-10,2022-03-16,Skin Infection,Scheduled,Yes
1125,106,27,7,2024-05-05,2024-05-06,Asthma,Transfer,No
1126,4341,62,8,2022-08-15,2022-08-25,Flu,Scheduled,No
1127,4892,61,7,2025-09-18,2025-09-21,Asthma,Referral,No
1128,3813,9,5,2023-01-23,2023-01-30,Migraine,Transfer,No
1129,2120,90,9,2024-01-15,2024-01-17,Stroke,Referral,No
1130,1875,58,3,2023-12-31,2024-01-13,Pneumonia,Referral,No
1131,2462,39,4,2025-10-20,2025-11-02,Flu,Scheduled,No
1132,1143,93,7,2024-05-08,2024-05-19,Flu,Emergency,Yes
1133,4265,47,9,2022-08-02,2022-08-15,Back Pain,Emergency,Yes
1134,2578,95,1,2024-06-05,2024-06-13,Back Pain,Scheduled,Yes
1135,4452,45,4,2022-06-02,2022-06-08,Appendicitis,Transfer,No
1136,3445,64,1,2022-03-17,2022-03-28,Chest Pain,Emergency,No
1137,4359,2,4,2025-05-31,2025-06-09,Fracture,Scheduled,Yes
1138,4776,29,8,2023-06-15,2023-06-22,Chest Pain,Emergency,Yes
1139,3973,41,6,2024-11-08,2024-11-15,Hypertension,Scheduled,No
1140,2819,49,6,2023-02-20,2023-03-04,Fracture,Scheduled,Yes
1141,2001,39,4,2025-07-01,2025-07-07,Pneumonia,Referral,No
1142,3704,7,4,2023-11-26,2023-11-28,Chest Pain,Referral,No
1143,4346,82,5,2022-10-01,2022-10-08,Fracture,Emergency,Yes
1144,1362,35,1,2025-10-18,2025-10-30,Flu,Scheduled,No
1145,727,49,6,2022-08-14,2022-08-25,Skin Infection,Transfer,Yes
1146,4189,81,1,2024-02-13,2024-02-23,Back Pain,Transfer,No
1147,3944,54,1,2023-01-04,2023-01-08,Abdominal Pain,Transfer,Yes
1148,1714,88,5,2025-02-13,2025-02-19,Abdominal Pain,Referral,No
1149,4590,97,8,2025-11-24,2025-11-27,Asthma,Emergency,Yes
1150,1007,79,7,2022-11-14,2022-11-17,Stroke,Referral,Yes
1151,1440,90,9,2023-04-02,2023-04-05,Skin Infection,Emergency,No
1152,1520,45,4,2023-05-08,2023-05-19,Cancer,Referral,Yes
1153,4111,47,9,2023-07-17,2023-07-23,Chest Pain,Referral,Yes
1154,4417,79,7,2022-12-03,2022-12-09,Skin Infection,Scheduled,Yes
1155,2141,99,10,2022-01-08,2022-01-09,Back Pain,Scheduled,No
1156,3296,29,8,2022-02-27,2022-03-03,Back Pain,Scheduled,Yes
1157,3532,61,7,2023-01-26,2023-02-01,Abdominal Pain,Referral,Yes
1158,2527,58,3,2025-04-01,2025-04-15,Kidney Stone,Transfer,No
1159,3630,13,6,2024-05-23,2024-06-06,Kidney Stone,Transfer,Yes
1160,757,25,10,2022-10-30,2022-11-12,Stroke,Referral,Yes
1161,4297,54,1,2022-12-20,2023-01-03,Skin Infection,Transfer,No
1162,3162,38,7,2025-07-04,2025-07-08,Migraine,Transfer,No
1163,415,88,5,2025-10-24,2025-11-02,Flu,Scheduled,Yes
1164,167,74,1,2022-12-15,2022-12-29,Chest Pain,Transfer,Yes
1165,4266,77,6,2025-08-26,2025-09-06,Migraine,Transfer,No
1166,1749,51,9,2023-03-05,2023-03-07,Asthma,Scheduled,Yes
1167,135,71,5,2023-08-25,2023-09-01,Hypertension,Emergency,No
1168,1292,96,7,2022-11-08,2022-11-17,Kidney Stone,Emergency,Yes
1169,1700,90,9,2024-04-09,2024-04-14,Cancer,Emergency,No
1170,4093,37,10,2025-03-15,2025-03-17,Abdominal Pain,Emergency,No
1171,1963,33,6,2025-08-28,2025-09-09,Fracture,Emergency,Yes
1172,779,8,1,2025-12-31,2026-01-12,Diabetes,Transfer,No
1173,1925,99,10,2024-02-08,2024-02-15,Pneumonia,Scheduled,No
1174,2973,41,6,2023-09-19,2023-09-21,Migraine,Emergency,No
1175,3717,79,7,2024-02-14,2024-02-17,Pneumonia,Referral,Yes
1176,853,82,5,2022-01-04,2022-01-13,Migraine,Transfer,Yes
1177,299,49,6,2024-04-29,2024-05-11,Hypertension,Emergency,Yes
1178,3191,1,6,2023-08-30,2023-09-06,Cancer,Emergency,Yes
1179,3623,34,10,2025-06-08,2025-06-19,Chest Pain,Scheduled,Yes
1180,3111,18,7,2023-10-02,2023-10-07,Diabetes,Emergency,No
1181,3186,81,1,2024-10-03,2024-10-12,Skin Infection,Referral,No
1182,3856,29,8,2022-10-30,2022-11-01,Asthma,Referral,Yes
1183,1456,9999,5,2023-07-15,2023-07-18,Back Pain,Scheduled,Yes
1184,2839,35,1,2023-06-05,2023-06-19,Flu,Emergency,No
1185,625,9,5,2025-08-08,2025-08-09,Abdominal Pain,Transfer,Yes
1186,4226,48,10,2022-02-19,2022-02-22,Fracture,Emergency,No
1187,250,55,3,2024-06-07,2024-06-15,Diabetes,Referral,No
1188,1917,29,8,2025-09-07,2025-09-11,Kidney Stone,Emergency,No
1189,661,33,6,2024-07-21,2024-07-31,Kidney Stone,Referral,No
1190,2093,95,1,2022-05-16,2022-05-19,Cancer,Scheduled,No
1191,4744,23,2,2022-11-17,2022-11-18,Flu,Scheduled,Yes
1192,2921,84,1,2023-01-06,2023-01-07,Skin Infection,Referral,Yes
1193,907,57,4,2024-03-14,2024-03-23,Hypertension,Emergency,Yes
1194,3417,78,5,2024-05-30,2024-06-02,Chest Pain,Emergency,No
1195,468,62,8,2023-04-12,2023-04-24,Pneumonia,Referral,Yes
1196,1898,77,6,2023-08-28,2023-09-01,Hypertension,Scheduled,Yes
1197,2994,6,3,2022-12-11,2022-12-19,Migraine,Transfer,Yes
1198,1964,72,2,2023-04-17,2023-04-26,Migraine,Referral,Yes
1199,1901,62,8,2025-08-08,2025-08-15,Chest Pain,Referral,Yes
1200,4884,75,2,2025-04-27,2025-05-02,Pneumonia,Referral,Yes
1201,1566,29,8,2022-02-23,2021-01-01,Asthma,Referral,Yes
1202,2356,72,2,2024-04-22,2024-05-03,Fracture,Scheduled,Yes
1203,4222,41,6,2022-02-11,2022-02-17,Hypertension,Referral,No
1204,867,43,1,2025-04-12,2025-04-13,Flu,Referral,Yes
1205,4564,17,2,2023-03-09,2023-03-17,Appendicitis,Scheduled,Yes
1206,487,79,7,2022-04-17,2022-04-25,Migraine,Referral,No
1207,3855,74,1,2025-11-15,2025-11-19,Cancer,Emergency,Yes
1208,3864,16,4,2024-09-19,2024-09-24,Flu,Emergency,Yes
1209,1642,91,8,2023-06-09,2023-06-15,Asthma,Referral,No
1210,2700,87,4,2024-09-23,2024-10-06,Fracture,Transfer,No
1211,2279,77,6,2024-02-14,2024-02-21,Asthma,Emergency,No
1212,1107,29,8,2024-03-17,2024-03-24,Stroke,Emergency,No
1213,3850,34,10,2022-08-01,2022-08-04,Hypertension,Emergency,Yes
1214,1581,56,9,2024-11-24,2024-12-04,Fracture,Scheduled,No
1215,1088,69,2,2025-10-21,2025-10-31,Abdominal Pain,Referral,Yes
1216,2508,28,8,2025-04-04,2025-04-08,Kidney Stone,Referral,Yes
1217,3295,3,3,2022-10-08,2022-10-15,Cancer,Referral,No
1218,3614,48,10,2022-09-29,2022-10-11,Back Pain,Transfer,No
1219,4593,38,7,2025-02-18,2025-02-19,Fracture,Emergency,No
1220,1609,52,5,2024-08-20,2024-08-29,Diabetes,Transfer,No
1221,1225,34,10,2025-08-19,2025-08-28,Diabetes,Scheduled,No
1222,2000,63,4,2024-02-29,2024-03-05,Pneumonia,Scheduled,Yes
1223,94,27,7,2025-07-02,2025-07-15,Chest Pain,Scheduled,No
1224,1112,95,1,2025-11-30,2025-12-14,Asthma,Emergency,No
1225,1542,24,1,2025-05-13,2025-05-26,Skin Infection,Transfer,Yes
1226,2378,91,8,2022-03-03,2022-03-05,,Referral,No
1227,2496,59,1,2023-11-05,2023-11-10,Stroke,Transfer,Yes
1228,3683,60,5,2022-03-17,2022-03-22,Kidney Stone,Emergency,No
1229,3759,69,2,2022-05-19,2022-05-29,Migraine,Referral,No
1230,2756,74,1,2024-09-08,2024-09-16,Fracture,Transfer,Yes
1231,257,85,2,2023-02-15,2023-02-28,Abdominal Pain,Referral,Yes
1232,2811,61,7,2023-02-26,2023-03-05,Skin Infection,Emergency,Yes
1233,4251,96,1,2023-08-24,2023-09-06,Diabetes,Transfer,No
1234,3517,80,8,2025-08-01,2025-08-06,Back Pain,Scheduled,Yes
1235,3882,92,5,2022-11-27,,Diabetes,Transfer,No
1236,560,87,4,2024-05-19,2024-05-29,Cancer,Emergency,No
1237,2624,65,8,2024-08-05,2024-08-08,Fracture,Transfer,Yes
1238,2525,98,7,2022-05-24,2022-05-26,Hypertension,Referral,No
1239,3602,72,2,2024-05-09,2024-05-17,Back Pain,Emergency,Yes
1240,3155,42,10,2024-09-04,2024-09-16,Pneumonia,Emergency,Yes
1241,4808,16,4,2022-12-07,2022-12-21,Appendicitis,Referral,Yes
1242,2116,74,1,2025-10-11,2025-10-21,Diabetes,Transfer,Yes
1243,4341,38,7,2022-07-24,2022-08-05,Stroke,Referral,No
1244,3014,25,10,2024-08-10,2024-08-22,Fracture,Emergency,No
1245,1758,59,1,2024-05-02,2024-05-06,Diabetes,Referral,No
1246,4633,52,5,2024-10-08,2024-10-09,Appendicitis,Emergency,No
1247,2093,33,6,2025-01-26,2025-02-07,Back Pain,Emergency,No
1248,2503,1,6,2022-01-10,2022-01-11,Stroke,Referral,Yes
1249,99999,48,10,2024-04-20,2024-04-21,Pneumonia,Scheduled,Yes
1250,418,94,2,2024-05-15,2024-05-20,Kidney Stone,Emergency,No
1251,4975,63,4,2022-11-22,2022-12-02,Asthma,Scheduled,Yes
1252,4603,65,8,2025-09-17,2025-09-23,Stroke,Referral,Yes
1253,3715,27,7,2023-07-02,2023-07-07,Cancer,Transfer,Yes
1254,3071,15,9,2025-08-07,2025-08-17,Appendicitis,Scheduled,No
1255,3342,81,1,2023-10-21,2023-10-26,Appendicitis,Referral,No
1256,4590,90,9,2025-09-28,2025-10-10,Fracture,Transfer,Yes
1257,491,90,9,2023-10-23,2023-10-27,Cancer,Scheduled,No
1258,4835,8,1,2024-05-30,2024-06-11,Kidney Stone,Transfer,No
1259,987,72,2,2023-10-26,2023-10-30,Stroke,Transfer,Yes
1260,876,61,7,2023-08-16,2023-08-20,Stroke,Emergency,No
1261,502,21,2,2023-12-19,2023-12-26,Kidney Stone,Emergency,Yes
1262,2405,16,4,2023-02-16,2023-02-18,Asthma,Transfer,No
1263,3809,46,9,2022-10-30,2022-11-07,Kidney Stone,Emergency,No
1264,906,20,1,2024-07-06,2024-07-16,Stroke,Transfer,Yes
1265,3597,56,9,2023-03-13,2023-03-25,Chest Pain,Emergency,No
1266,2422,23,2,2025-11-27,2025-12-05,Pneumonia,Emergency,No
1267,1726,66,10,2025-01-26,2025-02-06,Diabetes,Transfer,No
1268,3784,51,9,2022-10-05,2022-10-19,Pneumonia,Transfer,Yes
1269,1179,95,1,2023-12-14,2023-12-19,Fracture,Emergency,No
1270,1902,74,1,2022-05-17,2022-05-23,Skin Infection,Referral,No
1271,2235,62,8,2022-09-16,2022-09-22,Asthma,Emergency,No
1272,3146,60,5,2024-11-15,2024-11-18,Abdominal Pain,Emergency,Yes
1273,3571,80,8,2022-02-13,2022-02-20,Stroke,,No
1274,2875,5,5,2025-09-20,2025-10-04,Pneumonia,Transfer,Yes
1275,1947,33,6,2022-03-02,2022-03-14,Cancer,Transfer,Yes
1276,767,18,7,2022-11-13,2022-11-26,Kidney Stone,Emergency,No
1277,3145,57,4,2024-06-10,2024-06-17,Chest Pain,Referral,Yes
1278,2657,30,7,2025-07-24,2025-07-27,Migraine,Scheduled,Yes
1279,3375,73,2,2023-07-23,2023-07-27,Chest Pain,Scheduled,Yes
1280,4101,96,7,2022-05-31,2022-06-08,Skin Infection,Emergency,No
1281,4539,9,5,2023-05-07,2023-05-16,Hypertension,Referral,No
1282,1838,24,1,2022-08-26,2022-08-30,Asthma,Transfer,No
1283,2430,46,9,2023-11-12,2023-11-26,Chest Pain,Scheduled,No
1284,903,41,6,2022-09-02,2022-09-03,Appendicitis,Emergency,No
1285,2994,64,1,2022-01-18,2022-01-24,Pneumonia,Referral,Yes
1286,4605,52,5,2024-12-24,2025-01-01,Back Pain,Referral,No
1287,759,17,2,2023-01-27,2023-02-02,Back Pain,Transfer,Yes
1288,2605,72,2,2024-03-24,2024-04-03,Pneumonia,Transfer,Yes
1289,2570,56,9,2022-02-21,2022-02-22,Asthma,Scheduled,No
1290,2834,9,5,2024-01-20,2024-01-22,Appendicitis,Transfer,No
1291,619,75,2,2023-02-16,2023-02-24,Back Pain,Referral,No
1292,1785,9,5,2022-12-20,2022-12-28,Kidney Stone,Scheduled,No
1293,2058,43,1,2024-12-21,2025-01-01,Hypertension,Emergency,No
1294,3467,89,4,2022-11-23,2022-11-25,Fracture,Referral,No
1295,731,51,9,2023-07-22,2023-08-02,Asthma,Emergency,No
1296,1219,90,9,2024-06-02,2024-06-15,Chest Pain,Scheduled,Yes
1297,1157,17,2,2025-10-14,2025-10-27,Migraine,Transfer,Yes
1298,4179,13,6,2022-01-05,2022-01-07,Migraine,Emergency,Yes
1299,4775,93,7,2024-06-25,2024-06-27,Cancer,Referral,Yes
1300,4552,77,6,2025-09-10,2025-09-15,Fracture,Transfer,No
1301,4537,86,3,2025-08-19,2025-08-31,Flu,Emergency,Yes
1302,3292,66,10,2022-08-14,2022-08-22,Kidney Stone,Scheduled,Yes
1303,117,67,1,2022-02-07,2022-02-13,Skin Infection,Emergency,No
1304,4161,6,3,2025-01-24,2025-01-26,Migraine,Emergency,Y
1305,1775,37,10,2025-12-29,2026-01-12,Hypertension,Referral,Yes
1306,4530,95,1,2022-08-19,2022-08-31,Stroke,Emergency,No
1307,3086,91,8,2023-03-30,2023-04-05,Abdominal Pain,Transfer,Yes
1308,1511,14,10,2023-04-29,2023-05-01,Diabetes,Transfer,No
1309,4657,39,4,2024-05-06,2024-05-07,Back Pain,Scheduled,Yes
1310,1317,38,7,2024-05-30,2024-06-07,Flu,Transfer,No
1311,1182,65,8,2022-08-24,2022-08-27,Stroke,Referral,Yes
1312,3249,100,3,2022-11-22,2022-11-23,Appendicitis,Referral,No
1313,4791,89,4,2023-10-20,2023-10-30,Diabetes,Scheduled,No
1314,37,75,2,2022-11-01,2022-11-02,Fracture,Scheduled,Yes
1315,2128,96,7,2024-01-27,2024-02-03,Abdominal Pain,Referral,No
1316,983,98,7,2024-05-09,2024-05-16,Chest Pain,Transfer,Yes
1317,1730,3,3,2023-08-08,2023-08-18,Cancer,Referral,Yes
1318,2484,31,1,2024-10-23,2024-11-02,Abdominal Pain,Transfer,No
1319,823,51,9,2023-07-09,2023-07-15,Hypertension,Transfer,Yes
1320,4617,42,10,2023-01-25,2023-02-07,Back Pain,Scheduled,Yes
1321,1853,3,3,2024-08-24,2024-08-27,Migraine,Transfer,No
1322,2087,13,6,2023-01-17,2023-01-24,Diabetes,Scheduled,No
1323,2975,63,4,2023-05-30,2023-06-05,Skin Infection,Transfer,Yes
1324,4129,96,1,2025-11-09,2025-11-15,Flu,Scheduled,Yes
1325,2559,5,5,2024-11-27,2024-12-01,Chest Pain,Referral,No
1326,1154,87,4,2025-08-01,2025-08-09,Skin Infection,Referral,Yes
1327,4830,23,2,2022-02-01,2022-02-08,Cancer,Transfer,No
1328,3121,79,7,2023-02-06,2023-02-09,Chest Pain,Transfer,Yes
1329,3756,56,9,2025-11-10,2025-11-13,Pneumonia,Scheduled,No
1330,4415,31,1,2022-06-19,2022-07-02,Pneumonia,Transfer,No
1331,1890,33,6,2022-09-09,2022-09-18,Fracture,Referral,No
1332,3853,72,2,2022-03-09,2022-03-12,Back Pain,Scheduled,Yes
1333,721,59,1,2024-10-15,2024-10-17,Abdominal Pain,Emergency,No
1334,1065,73,2,2023-08-30,2023-09-05,Flu,Emergency,Yes
1335,3167,85,2,2025-03-16,2025-03-21,Migraine,Transfer,Yes
1336,2989,86,3,2023-03-14,2023-03-19,Diabetes,Referral,Yes
1337,600,4,2,2023-03-21,2023-03-24,Fracture,Emergency,No
1338,3498,60,5,2025-03-19,2025-03-30,Hypertension,Transfer,No
1339,3985,96,5,2024-08-21,2024-08-29,Abdominal Pain,Scheduled,Yes
1340,800,11,9,2025-09-17,2025-10-01,Hypertension,Referral,Yes
1341,4517,30,7,2024-11-09,2024-11-14,Fracture,Transfer,Yes
1342,3230,3,3,2022-06-23,2022-07-04,Skin Infection,Transfer,No
1343,3897,80,8,2023-12-10,2023-12-21,Fracture,Scheduled,No
1344,1168,18,7,2023-10-27,2023-10-31,Cancer,Scheduled,Yes
1345,1098,34,10,2022-09-20,2022-09-26,Back Pain,Transfer,No
1346,3695,99,10,2023-01-07,2023-01-15,Appendicitis,Referral,No
1347,3653,87,4,2023-11-26,2023-11-27,Pneumonia,Emergency,No
1348,1530,12,10,2022-07-24,2022-07-29,Skin Infection,Referral,No
1349,286,30,7,2025-12-27,2026-01-03,Fracture,Scheduled,No
1350,4377,63,4,2025-01-15,2025-01-29,Skin Infection,Referral,Yes
1351,130,98,7,2025-09-28,2025-10-03,Appendicitis,Referral,Yes
1352,3019,85,2,2024-10-27,2024-11-09,Cancer,Referral,No
1353,3890,8,1,2024-02-25,2024-03-06,Stroke,Scheduled,Yes
1354,4311,44,4,2023-05-10,2023-05-13,Abdominal Pain,Emergency,Yes
1355,2599,40,1,2024-04-14,2024-04-16,Flu,Transfer,No
1356,4851,38,7,2024-04-22,2024-05-04,Appendicitis,Transfer,Yes
1357,4259,98,7,2025-03-12,2025-03-21,Kidney Stone,Transfer,Yes
1358,3394,96,2,2023-04-06,2023-04-20,Cancer,Referral,No
1359,2688,75,2,2022-10-04,2022-10-16,Diabetes,Emergency,No
1360,3590,23,2,2023-04-16,2023-04-27,Chest Pain,Emergency,Yes
1361,2301,59,1,2023-03-14,2023-03-22,Appendicitis,Transfer,Yes
1362,3286,87,4,2023-02-07,2023-02-16,Back Pain,Transfer,No
1363,2393,99,10,2025-02-26,2025-03-08,Back Pain,Transfer,No
1364,4672,11,9,2025-12-20,2025-12-28,Skin Infection,Scheduled,Yes
1365,167,6,3,2025-01-31,2025-02-12,Abdominal Pain,Emergency,Yes
1366,248,13,6,2023-06-08,2023-06-11,Skin Infection,Transfer,No
1367,4884,8,1,2024-03-20,2024-03-23,Chest Pain,Emergency,No
1368,4002,42,10,2025-04-15,2025-04-21,Diabetes,Referral,Yes
1369,4629,90,9,2024-03-25,2024-04-02,Diabetes,Emergency,Yes
1370,13,92,5,2023-06-28,2023-07-09,Chest Pain,Transfer,Yes
1371,2236,21,2,2025-09-11,2025-09-14,Appendicitis,Referral,No
1372,3470,45,4,2025-12-12,2025-12-23,Pneumonia,Referral,Yes
1373,368,45,4,2022-08-24,2022-09-01,Diabetes,Transfer,Yes
1374,2719,9,5,2023-01-04,2023-01-15,Fracture,Referral,Yes
1375,1926,42,10,2023-04-21,2023-04-28,Appendicitis,Referral,No
1376,3966,64,1,2024-06-28,2024-07-02,Migraine,Scheduled,No
1377,2743,69,2,2024-09-14,2024-09-20,Hypertension,Scheduled,Yes
1378,75,39,4,2025-12-22,2026-01-02,Cancer,Transfer,Yes
1379,2104,1,6,2024-08-21,2024-08-29,Diabetes,Scheduled,Yes
1380,3383,11,9,2025-09-14,2025-09-24,Cancer,Emergency,No
1381,2165,51,9,2024-03-15,2024-03-27,Asthma,Transfer,No
1382,3888,20,1,2022-07-04,2022-07-12,Diabetes,Scheduled,No
1383,1887,48,10,2024-03-09,2024-03-16,Skin Infection,Scheduled,Yes
1384,1787,20,1,2023-12-15,2023-12-28,Fracture,Transfer,No
1385,1183,47,9,2023-10-30,2023-11-08,Appendicitis,Transfer,No
1386,1695,41,6,2022-01-22,2022-01-30,Skin Infection,Emergency,Yes
1387,4090,23,2,2024-12-06,2024-12-18,Fracture,Referral,No
1388,3163,35,1,2024-04-30,2024-05-12,Abdominal Pain,Emergency,Yes
1389,3104,12,10,2023-06-18,2023-06-28,Stroke,Scheduled,No
1390,1938,14,10,2025-03-19,2025-03-26,Pneumonia,Transfer,No
1391,3232,90,9,2023-09-03,2023-09-08,Fracture,Emergency,No
1392,522,81,1,2025-05-24,2025-06-07,Chest Pain,Transfer,No
1393,1784,3,3,2022-05-07,2022-05-18,Asthma,Scheduled,No
1394,1189,92,5,2022-08-30,2022-09-12,Hypertension,Referral,Yes
1395,3186,34,10,2022-04-26,2022-05-04,Skin Infection,Transfer,Yes
1396,2462,65,8,2022-08-10,2022-08-12,Fracture,Referral,Yes
1397,3903,96,4,2025-05-22,2025-05-29,Chest Pain,Scheduled,No
1398,1337,98,7,2025-05-04,2025-05-10,Cancer,Transfer,No
1399,3775,61,7,2025-11-28,2025-11-29,Chest Pain,Referral,No
1400,4234,76,7,2025-04-12,2025-04-24,Kidney Stone,Emergency,No
1401,731,24,1,2025-11-21,2025-12-01,Back Pain,Transfer,Yes
1402,2668,38,7,2025-12-12,2025-12-21,Pneumonia,Transfer,Yes
1403,407,85,2,2022-09-18,2022-09-28,Fracture,Scheduled,Yes
1404,1738,17,2,2024-03-11,2024-03-20,Cancer,Scheduled,No
1405,2145,54,1,2022-02-10,2022-02-13,Diabetes,Scheduled,No
1406,4465,69,2,2023-08-12,2023-08-14,Chest Pain,Transfer,No
1407,685,89,4,2022-10-05,2022-10-17,Cancer,Emergency,No
1408,1416,90,9,2025-07-04,2025-07-15,Chest Pain,Emergency,No
1409,3389,97,2,2024-08-26,2024-09-02,Abdominal Pain,Referral,No
1410,4571,77,6,2022-11-17,2022-11-20,Fracture,Referral,No
1411,1063,89,4,2025-01-24,2025-01-30,Skin Infection,Transfer,Yes
1412,3582,25,10,2022-01-12,2022-01-25,Abdominal Pain,Scheduled,Yes
1413,4481,100,3,2022-12-30,2023-01-09,Back Pain,Scheduled,Yes
1414,2924,19,5,2025-01-17,2025-01-31,Appendicitis,Transfer,Yes
1415,3069,93,7,2023-02-02,2023-02-08,Kidney Stone,Transfer,No
1416,3969,21,2,2024-04-20,2024-04-29,Abdominal Pain,Referral,No
1417,2180,53,4,2023-07-22,2023-08-02,Chest Pain, referral,Yes
1418,3727,88,5,2022-11-06,2022-11-15,Fracture,Emergency,Yes
1419,1007,71,5,2023-12-25,2024-01-06,Abdominal Pain,Emergency,Yes
1420,4423,62,8,2023-10-10,2023-10-17,Stroke,Referral,No
1421,210,96,6,2025-01-16,2025-01-18,Abdominal Pain,Emergency,No
1422,4340,2,4,2022-08-11,2022-08-12,Skin Infection,Transfer,No
1423,4871,63,4,2023-06-17,2023-06-22,Appendicitis,Transfer,Yes
1424,4820,28,8,2024-07-03,2024-07-12,Kidney Stone,Transfer,No
1425,1589,50,3,2025-07-22,2025-07-27,Asthma,Referral,Yes
1426,1797,30,7,2023-09-08,2023-09-22,Appendicitis,Transfer,No
1427,4703,53,4,2023-04-14,2023-04-18,Appendicitis,Scheduled,Yes
1428,3526,22,5,2024-10-25,2024-10-27,Cancer,Emergency,No
1429,5,24,1,2023-03-24,2023-04-01,Migraine,Scheduled,No
1430,2007,37,10,2023-10-04,2023-10-05,Chest Pain,Scheduled,Yes
1431,4918,38,7,2022-01-18,2022-01-24,Back Pain,Emergency,No
1432,3877,17,2,2024-05-03,2024-05-04,Cancer,Transfer,No
1433,1343,77,6,2022-06-05,2022-06-10,Chest Pain,Transfer,No
1434,1936,53,4,2024-02-13,2024-02-14,Cancer,Referral,Yes
1435,4969,72,2,2022-07-10,2022-07-18,Kidney Stone,Referral,No
1436,1900,50,3,2024-06-11,2024-06-17,Fracture,Transfer,No
1437,4293,58,3,2023-09-06,2023-09-15,Stroke,Referral,No
1438,3709,15,9,2023-05-17,2023-05-19,Kidney Stone,Referral,No
1439,2163,93,7,2025-05-15,2025-05-22,Diabetes,Transfer,Yes
1440,4625,41,6,2023-01-06,2023-01-12,Appendicitis,Referral,No
1441,3906,62,8,2023-07-23,2023-07-27,Appendicitis,Scheduled,Yes
1442,1161,29,8,2024-11-05,2024-11-10,Skin Infection,Transfer,No
1443,3025,50,3,2022-05-29,2022-06-11,Flu,Emergency,No
1444,2721,48,10,2024-10-06,2024-10-16,Flu,Scheduled,Yes
1445,1536,77,6,2022-03-24,2022-04-04,Kidney Stone,Emergency,Yes
1446,2652,76,7,2022-01-26,2022-02-01,Migraine,Referral,Yes
1447,3590,30,7,2024-02-17,2024-02-23,Skin Infection,Referral,No
1448,266,42,10,2025-03-07,2025-03-09,Cancer,Scheduled,No
1449,2482,24,1,2023-08-18,2023-08-25,Pneumonia,Transfer,Yes
1450,1104,25,10,2025-06-03,2025-06-07,Fracture,Emergency,No
1451,2755,31,1,2023-02-19,2023-02-25,Back Pain,Scheduled,No
1452,3870,41,6,2025-04-13,2025-04-24,Skin Infection,Emergency,No
1453,1282,65,8,2023-01-16,2023-01-28,Stroke,Emergency,No
1454,1,68,9,2024-09-30,2024-10-09,Appendicitis,Referral,No
1455,4131,84,1,2025-02-04,2025-02-07,Kidney Stone,emergency,Yes
1456,3810,55,3,2023-05-22,2023-05-23,Cancer,Transfer,No
1457,1799,75,2,2025-08-06,2025-08-20,Skin Infection,Scheduled,No
1458,3153,53,4,2022-02-25,2022-03-07,Appendicitis,Transfer,No
1459,2745,2,4,2022-04-24,2022-05-05,Abdominal Pain,Referral,No
1460,2981,85,2,2022-04-05,2022-04-13,Stroke,Scheduled,No
1461,1287,79,7,2022-02-25,2022-03-08,Diabetes,Emergency,No
1462,1895,91,8,2023-01-08,2023-01-20,Pneumonia,Transfer,No
1463,1211,58,3,2024-11-24,2024-11-27,Chest Pain,Referral,No
1464,1947,3,3,2023-11-13,2023-11-23,Migraine,Emergency,No
1465,3485,64,1,2022-09-05,2022-09-07,Appendicitis,Transfer,No
1466,1666,75,2,2025-02-02,2025-02-16,Kidney Stone,Transfer,Yes
1467,2278,82,5,2023-10-09,2023-10-18,Diabetes,Transfer,Yes
1468,4146,86,3,2024-10-22,2024-10-27,Hypertension,Transfer,No
1469,2584,98,7,2023-02-15,2023-02-27,Skin Infection,Emergency,No
1470,1604,95,1,2024-03-13,2024-03-19,Cancer,Transfer,Yes
1471,3584,67,1,2023-03-21,2023-04-04,Cancer,Referral,Yes
1472,3715,95,1,2025-11-30,2025-12-01,Chest Pain,Emergency,Yes
1473,373,53,4,2025-05-26,2025-06-02,Appendicitis,Scheduled,Yes
1474,1053,69,2,2022-08-07,2022-08-13,Asthma,Scheduled,No
1475,231,24,1,2024-09-17,2024-10-01,Skin Infection,Referral,Yes
1476,3685,73,2,2025-02-14,2025-02-27,Pneumonia,Emergency,No
1477,4699,22,5,2023-09-28,2023-09-30,Fracture,Transfer,Yes
1478,3928,31,1,2022-01-06,2022-01-20,Back Pain,Transfer,Yes
1479,4640,5,5,2024-12-19,2024-12-25,Skin Infection,Scheduled,Yes
1480,3343,72,2,2023-06-19,2023-06-30,Back Pain,Scheduled,No
1481,4227,16,4,2024-05-17,2024-05-25,Pneumonia,Scheduled,No
1482,3487,44,4,2025-09-27,2025-10-04,Hypertension,Transfer,No
1483,3939,48,10,2023-12-18,2023-12-28,Chest Pain,Transfer,Yes
1484,2680,38,7,2022-07-25,2022-08-07,Hypertension,Referral,No
1485,3944,85,2,2022-09-25,2022-10-01,Hypertension,Referral,Yes
1486,1466,43,1,2025-11-10,2025-11-24,Kidney Stone,Emergency,Yes
1487,4429,41,6,2023-10-29,2023-11-07,Appendicitis,Scheduled,Yes
1488,2807,63,4,2024-10-28,2024-11-02,Kidney Stone,Referral,No
1489,1221,6,3,2024-12-14,2024-12-15,Pneumonia,Referral,Yes
1490,135,37,10,2022-06-25,2022-07-01,Hypertension,Transfer,No
1491,4751,32,9,2022-08-28,2022-09-04,Asthma,Emergency,Yes
1492,3508,99,10,2025-10-25,2025-11-08,,Emergency,No
1493,3005,81,1,2024-02-23,2024-03-01,Diabetes,Scheduled,No
1494,137,91,8,2023-07-19,2023-07-27,Abdominal Pain,Referral,Yes
1495,345,6,3,2023-10-01,2023-10-07,Skin Infection,Referral,Yes
1496,4537,76,7,2022-10-10,2022-10-13,Abdominal Pain,Transfer,Yes
1497,99999,74,1,2025-06-29,2025-07-10,Hypertension,Transfer,No
1498,4973,40,1,2025-07-01,2025-07-05,Chest Pain,Transfer,No
1499,4147,6,3,2025-10-20,2025-10-24,Kidney Stone,Transfer,Yes
1500,4608,28,8,2024-04-06,2024-04-11,Appendicitis,Scheduled,Yes
1501,2494,47,9,2023-10-29,2023-11-11,Skin Infection,Emergency,No
1502,315,68,9,2023-03-29,2023-04-02,Chest Pain,Emergency,No
1503,1508,34,10,2023-07-12,2023-07-23,Abdominal Pain,Transfer,No
1504,2030,86,3,2025-05-29,2025-05-30,Kidney Stone,Emergency,Yes
1505,2129,46,9,2023-03-10,2023-03-20,Back Pain,Emergency,No
1506,4507,98,7,2025-01-18,2025-01-31,Stroke,Transfer,No
1507,1358,41,6,2022-08-02,2022-08-07,Hypertension,Transfer,Yes
1508,3585,7,4,2025-03-02,2025-03-12,Skin Infection,Transfer,Yes
1509,603,64,1,2022-01-29,2022-02-08,Skin Infection,Emergency,No
1510,3329,69,2,2025-02-22,2025-02-24,Fracture,Emergency,Yes
1511,4470,38,7,2024-02-17,2024-02-27,Diabetes,Scheduled,Yes
1512,2989,7,4,2022-07-27,2022-08-03,Migraine,Referral,No
1513,3350,50,3,2022-11-11,2022-11-17,Appendicitis,Scheduled,Yes
1514,1269,45,4,2023-03-25,2023-04-01,Diabetes,Scheduled,No
1515,3297,76,7,2024-10-22,2024-10-30,Asthma,Scheduled,Yes
1516,4785,46,9,2024-10-17,2024-10-30,Stroke,Referral,No
1517,2295,47,9,2022-03-18,2022-03-27,Hypertension,Transfer,Yes
1518,3820,30,7,2025-08-28,2025-09-01,Diabetes,Referral,No
1519,771,55,3,2022-03-17,2022-03-22,Pneumonia,Transfer,Yes
1520,2172,99,10,2023-06-02,2023-06-10,Diabetes,Transfer,No
1521,303,34,10,2023-06-22,2023-07-05,Diabetes,Referral,Yes
1522,3524,34,10,2023-08-05,2023-08-11,Abdominal Pain,Scheduled,No
1523,4883,37,10,2024-01-26,2024-01-31,Diabetes,Emergency,Yes
1524,3793,72,2,2022-04-02,2022-04-07,Cancer,Transfer,No
1525,1107,3,3,2025-05-19,2025-05-23,Kidney Stone,Scheduled,No
1526,2020,77,6,2024-03-14,2024-03-20,Stroke,Scheduled,No
1527,1423,61,7,2025-10-04,2025-10-11,Hypertension,Transfer,No
1528,992,40,1,2024-06-13,2024-06-18,Flu,Referral,Yes
1529,1396,56,9,2025-11-21,2025-11-23,Fracture,Referral,Yes
1530,2314,20,1,2023-10-29,2023-11-04,Chest Pain,Transfer,Yes
1531,4563,26,8,2022-10-21,2022-11-04,Asthma,Scheduled,Yes
1532,1703,69,2,2023-06-08,2023-06-10,Flu,Referral,No
1533,594,2,4,2025-03-24,2025-04-04,Chest Pain,Referral,Yes
1534,2966,99,10,2022-10-17,2022-10-31,Appendicitis,Referral,Yes
1535,3013,52,5,2025-01-13,2025-01-22,Abdominal Pain,Emergency,No
1536,4306,23,2,2025-11-28,2025-11-29,Appendicitis,Scheduled,No
1537,589,20,1,2024-03-12,2024-03-16,Fracture,Referral,Yes
1538,1511,85,2,2025-06-20,2025-06-24,Appendicitis,Emergency,Yes
1539,1241,53,4,2024-08-20,2024-08-23,Appendicitis,Scheduled,Yes
1540,1267,53,4,2022-09-14,2022-09-22,Appendicitis,Transfer,No
1541,2388,56,9,2025-06-12,2025-06-18,Back Pain,Emergency,No
1542,3153,69,2,2024-07-03,2024-07-14,Stroke,Transfer,No
1543,4781,88,5,2022-11-06,2022-11-16,Migraine,Referral,Yes
1544,598,26,8,2024-05-04,2024-05-12,Chest Pain,Transfer,Yes
1545,3304,53,4,2024-10-30,2024-11-04,Stroke,Emergency,No
1546,1884,52,5,2025-08-22,2025-08-29,Back Pain,Transfer,Yes
1547,1530,5,5,2023-01-27,2023-01-29,Asthma,Emergency,Yes
1548,880,62,8,2024-07-10,2024-07-20,Hypertension,Referral,Yes
1549,2478,6,3,2023-03-01,2023-03-10,Abdominal Pain,Scheduled,Yes
1550,1636,14,10,2025-09-01,2025-09-07,Kidney Stone,Emergency,Yes
1551,864,51,9,2024-04-04,2024-04-09,Skin Infection,Emergency,Yes
1552,2045,55,3,2022-10-04,2022-10-13,Hypertension,Emergency,Yes
1553,4103,68,9,2025-11-20,2025-12-02,Back Pain,Referral,Yes
1554,590,15,9,2023-12-26,2023-12-31,Kidney Stone,Scheduled,No
1555,4458,13,6,2024-01-07,2024-01-15,Fracture,Referral,Yes
1556,2602,75,2,2022-06-22,2022-06-23,Abdominal Pain,Transfer,No
1557,101,65,8,2024-05-10,2024-05-24,Pneumonia,Scheduled,No
1558,2894,8,1,2023-08-17,2023-08-24,Hypertension,Scheduled,No
1559,1431,19,5,2023-09-29,2023-10-13,Appendicitis,Scheduled,Yes
1560,2760,14,10,2025-07-31,2025-08-13,Skin Infection,Scheduled,No
1561,814,100,3,2023-05-17,2023-05-23,Hypertension,Transfer,Yes
1562,533,8,1,2024-12-20,2024-12-25,Hypertension,Emergency,No
1563,3933,79,7,2025-04-06,2025-04-14,Back Pain,Emergency,No
1564,1114,91,8,2025-06-13,2025-06-22,Diabetes,Emergency,No
1565,2899,24,1,2024-05-15,2024-05-24,Asthma,Transfer,No
1566,407,69,2,2023-03-16,2023-03-23,Skin Infection,Emergency,No
1567,4565,87,4,2022-12-02,2022-12-04,Migraine,Emergency,No
1568,1852,61,7,2023-02-06,2023-02-07,Skin Infection,Transfer,Yes
1569,2299,97,4,2025-03-30,2025-03-31,Fracture,Emergency,Yes
1570,215,7,4,2023-11-30,2023-12-14,Kidney Stone,Transfer,Yes
1571,3259,6,3,2024-09-14,2024-09-15,Abdominal Pain,Scheduled,No
1572,4035,37,10,2024-11-17,2024-12-01,Chest Pain,Transfer,Yes
1573,518,30,7,2022-12-11,2022-12-19,Fracture,Emergency,No
1574,1427,20,1,2025-05-05,2025-05-18,Flu,Scheduled,Yes
1575,1108,74,1,2024-07-17,2024-07-28,Abdominal Pain,Scheduled,No
1576,2097,5,5,2022-08-18,2022-08-23,Cancer,Scheduled,No
1577,4009,99,10,2024-01-24,2024-01-29,Fracture,Emergency,No
1578,2551,47,9,2025-05-14,2025-05-19,Appendicitis,Emergency,Yes
1579,3896,81,1,2025-03-21,2025-03-24,Stroke,Referral,No
1580,1776,52,5,2024-04-21,2024-05-01,Flu,Scheduled,No
1581,2871,47,9,2025-07-31,2025-08-11,Chest Pain,Emergency,No
1582,2755,70,6,2023-05-15,2023-05-24,Appendicitis,Referral,Yes
1583,112,95,1,2024-10-20,2024-11-01,Appendicitis,Emergency,Yes
1584,1543,15,9,2024-06-27,2024-07-10,Pneumonia,Emergency,Yes
1585,1860,99,10,2024-01-13,2024-01-23,Stroke,Emergency,No
1586,1581,27,7,2023-04-30,2023-05-02,Kidney Stone,Referral,No
1587,4757,54,1,2023-06-26,2023-06-27,Diabetes,Emergency,Yes
1588,2560,52,5,2022-03-05,2022-03-07,Back Pain,Scheduled,Yes
1589,2678,24,1,2022-01-15,2022-01-29,Back Pain,Transfer,Yes
1590,1427,50,3,2022-04-22,2022-05-03,Cancer,Scheduled,Yes
1591,3177,96,5,2022-09-25,2022-10-08,Asthma,Transfer,Yes
1592,1894,15,9,2024-02-16,2024-02-18,Migraine,Emergency,Yes
1593,1559,14,10,2022-01-16,2022-01-18,Appendicitis,Emergency,No
1594,992,78,5,2025-04-07,2025-04-12,Chest Pain,Transfer,No
1595,379,43,1,2022-08-14,2022-08-24,Abdominal Pain,Referral,Yes
1596,4540,10,10,2025-05-09,2025-05-21,Hypertension,Emergency,No
1597,3384,99,10,2024-06-22,2024-07-05,Kidney Stone,Scheduled,No
1598,1289,54,1,2023-04-08,2023-04-14,Cancer,Referral,Yes
1599,3866,56,9,2023-05-04,2023-05-10,Pneumonia,Referral,Yes
1600,1965,84,1,2022-02-27,2022-03-02,Stroke,Scheduled,No
1601,3924,13,6,2022-04-22,2022-04-29,Asthma,Referral,No
1602,178,22,5,2023-08-27,2023-09-06,Pneumonia,Scheduled,No
1603,3652,57,4,2024-06-27,2024-07-02,Diabetes,Referral,Yes
1604,3009,61,7,2022-06-25,2022-07-03,Chest Pain,Scheduled,Yes
1605,1053,92,5,2024-10-12,2024-10-26,Abdominal Pain,Transfer,No
1606,1338,51,9,2022-09-07,2022-09-13,Skin Infection,Transfer,Yes
1607,3286,94,2,2025-02-08,2025-02-22,Fracture,Emergency,No
1608,868,41,6,2022-08-21,2022-08-23,Diabetes,Referral,Yes
1609,2156,15,9,2022-11-18,2022-11-23,Stroke,Referral,No
1610,2502,54,1,2024-06-19,2024-06-23,Diabetes,Scheduled,No
1611,610,95,1,2024-08-20,2024-09-03,Back Pain,Referral,Yes
1612,4698,1,6,2025-10-29,2025-11-05,Asthma,Referral,No
1613,2601,84,1,2022-04-20,2022-04-29,Chest Pain,Transfer,Yes
1614,1574,33,6,2022-01-16,2022-01-18,Abdominal Pain,,No
1615,3304,12,10,2024-08-03,2024-08-04,Asthma,Emergency,Yes
1616,302,15,9,2022-08-01,2022-08-12,Pneumonia,Transfer,Yes
1617,4361,29,8,2022-07-05,2022-07-16,Skin Infection,Emergency,No
1618,1330,4,2,2023-05-16,2023-05-22,Appendicitis,Transfer,No
1619,3457,34,10,2022-01-26,2022-01-27,Diabetes,Emergency,No
1620,2382,17,2,2024-03-27,2024-04-08,Hypertension,Transfer,Yes
1621,2384,10,10,2022-09-09,2022-09-16,Flu,Referral,Yes
1622,2222,98,7,2025-11-11,2025-11-14,Migraine,Emergency,Yes
1623,2077,61,7,2023-10-12,2023-10-17,Abdominal Pain,Transfer,No
1624,1184,36,1,2024-12-17,2024-12-20,Pneumonia,Scheduled,Yes
1625,3486,38,7,2022-09-16,2022-09-28,Diabetes,Emergency,No
1626,4188,34,10,2024-03-30,2024-03-31,Fracture,Referral,Yes
1627,2769,79,7,2022-11-01,2022-11-05,Migraine,Transfer,No
1628,2610,19,5,2022-05-13,2022-05-27,Kidney Stone,Transfer,No
1629,3480,33,6,2023-10-28,2023-11-01,Kidney Stone,Scheduled,Yes
1630,3549,97,5,2025-04-03,2025-04-16,Chest Pain,Emergency,No
1631,277,100,3,2023-10-25,2023-11-05,Flu,Referral,Yes
1632,788,89,4,2023-03-13,2023-03-21,Back Pain,Emergency,Yes
1633,2381,83,10,2024-05-20,2024-06-01,Back Pain,Scheduled,Yes
1634,98,64,1,2025-01-17,2025-01-27,Flu,Emergency,No
1635,4388,55,3,2025-03-26,2025-04-09,Abdominal Pain,Referral,No
1636,3079,7,4,2022-08-17,2022-08-26,Kidney Stone,Scheduled,Yes
1637,2247,14,10,2025-11-25,2025-12-06,Chest Pain,Referral,No
1638,4002,40,1,2024-10-17,2024-10-21,Fracture,Referral,Yes
1639,3041,84,1,2025-08-30,2025-09-13,Cancer,Transfer,Yes
1640,3540,98,7,2025-05-19,2025-05-27,Hypertension,Emergency,No
1641,4113,99,10,2024-01-08,2024-01-11,Flu,Referral,Yes
1642,627,86,3,2025-12-09,2025-12-17,Kidney Stone,Referral,Yes
1643,2082,1,6,2025-02-28,2025-03-04,Appendicitis,Emergency,Yes
1644,947,67,1,2023-11-02,,Asthma,Transfer,No
1645,147,95,1,2025-06-24,2025-06-30,Pneumonia,Emergency,No
1646,2903,5,5,2025-05-11,2025-05-17,Appendicitis,Scheduled,Yes
1647,4347,35,1,2024-07-04,2024-07-16,Pneumonia,Transfer,No
1648,4140,7,4,2024-03-23,2024-03-27,Stroke,Scheduled,No
1649,631,55,3,2025-07-25,2025-07-27,Diabetes,Referral,No
1650,289,89,4,2025-07-27,2025-08-10,Back Pain,Transfer,Yes
1651,3998,66,10,2025-08-16,2025-08-26,Hypertension,Emergency,No
1652,4115,26,8,2022-07-02,2022-07-15,Diabetes,Scheduled,Yes
1653,3772,75,2,2023-11-12,2023-11-22,Pneumonia,Scheduled,Yes
1654,1718,31,1,2022-06-16,2022-06-19,Chest Pain,Transfer,No
1655,4083,18,7,2023-12-11,2023-12-12,Flu,Scheduled,No
1656,3514,16,4,2024-05-19,2024-05-22,Stroke,Transfer,Yes
1657,2140,12,10,2023-01-24,2023-01-29,Kidney Stone,Scheduled,No
1658,4052,25,10,2022-10-22,2022-10-26,Chest Pain,Transfer,Yes
1659,4015,33,6,2023-01-04,2023-01-17,Diabetes,Referral,Yes
1660,98,78,5,2023-06-02,2023-06-05,Hypertension,Transfer,Yes
1661,3942,34,10,2022-08-18,2022-08-24,Abdominal Pain,Transfer,Yes
1662,2356,19,5,2023-12-03,2023-12-04,Flu,Referral,Yes
1663,2704,29,8,2025-08-05,2025-08-18,Back Pain,Emergency,No
1664,2941,89,4,2025-11-01,2025-11-10,Appendicitis,Transfer,Yes
1665,3239,38,7,2025-10-07,2025-10-20,Pneumonia,Transfer,Yes
1666,3772,75,2,2023-12-15,2023-12-23,Pneumonia,Scheduled,Yes
1667,3460,88,5,2022-05-27,2022-05-30,Cancer,Scheduled,Yes
1668,1961,42,10,2022-08-01,2022-08-03,Abdominal Pain,Emergency,Yes
1669,1700,7,4,2022-08-07,2022-08-08,Appendicitis,Referral,Yes
1670,3056,98,7,2025-10-17,2025-10-18,Pneumonia,Referral,No
1671,4725,36,1,2024-12-11,2024-12-25,Kidney Stone,Referral,Yes
1672,1397,28,8,2022-10-13,2022-10-27,Stroke,Scheduled,Yes
1673,1869,22,5,2022-03-10,2022-03-19,Appendicitis,Scheduled,No
1674,3888,8,1,2025-03-24,2025-03-29,Fracture,Emergency,Yes
1675,3933,2,4,2024-12-14,2024-12-20,Skin Infection,Transfer,Yes
1676,3930,80,8,2022-12-14,2022-12-16,Fracture,Emergency,No
1677,4538,24,1,2022-10-15,2022-10-22,Abdominal Pain,Emergency,Yes
1678,4883,27,7,2024-07-03,2024-07-05,Chest Pain,Emergency,Yes
1679,611,58,3,2025-01-17,2025-01-22,Migraine,Scheduled,Yes
1680,1617,57,4,2025-07-30,2025-08-04,Abdominal Pain,Transfer,Yes
1681,4455,16,4,2022-07-16,2022-07-20,Kidney Stone,Scheduled,No
1682,502,86,3,2023-05-28,2023-06-07,Migraine,Transfer,Yes
1683,2509,47,9,2023-10-04,2023-10-09,Hypertension,Transfer,No
1684,125,2,4,2023-10-20,2023-10-24,Back Pain,Referral,No
1685,4160,67,1,2022-09-24,2022-10-08,Fracture,Referral,Yes
1686,1019,100,3,2024-11-12,2024-11-13,Abdominal Pain,Scheduled,Yes
1687,4240,42,10,2022-04-29,2022-05-12,Back Pain,Scheduled,No
1688,4032,62,8,2025-04-26,2025-05-05,Kidney Stone,Scheduled,No
1689,4223,63,4,2023-12-27,2023-12-31,Appendicitis,Emergency,No
1690,3492,99,10,2023-08-27,2023-08-29,Chest Pain,Scheduled,Yes
1691,273,58,3,2022-02-03,2022-02-10,Asthma,Transfer,No
1692,499,83,10,2025-09-18,2025-09-30,Asthma,Scheduled,Yes
1693,743,13,6,2025-03-19,2025-04-01,Diabetes,Transfer,Yes
1694,855,76,7,2023-11-12,2023-11-18,Stroke,Scheduled,Yes
1695,4874,32,9,2024-09-30,2024-10-04,Stroke,Emergency,Yes
1696,2095,88,5,2022-04-27,2022-05-01,Appendicitis,Transfer,Yes
1697,3822,2,4,2023-03-17,2023-03-25,Cancer,Scheduled,Yes
1698,3393,13,6,2025-01-07,2025-01-17,Pneumonia,Emergency,Yes
1699,2350,48,10,2024-11-25,2024-11-28,Hypertension,Transfer,Yes
1700,791,51,9,2023-01-09,2023-01-23,Migraine,Transfer,No
1701,1041,39,4,2024-06-02,2024-06-11,Migraine,Transfer,Yes
1702,1208,47,9,2023-10-20,2023-10-21,Kidney Stone,Transfer,No
1703,1102,74,1,2025-09-14,2025-09-24,Hypertension,Referral,Yes
1704,3151,57,4,2025-07-02,2025-07-13,Diabetes,Scheduled,Yes
1705,3689,21,2,2022-03-12,2022-03-22,Chest Pain,Transfer,Yes
1706,1919,41,6,2025-11-25,2025-12-07,Chest Pain,Emergency,Yes
1707,4657,9999,5,2024-04-28,2024-05-07,Flu,Referral,No
1708,2637,56,9,2023-10-31,2023-11-12,Appendicitis,Emergency,No
1709,2159,38,7,2023-01-15,2023-01-16,Chest Pain,Referral,Yes
1710,2962,11,9,2024-01-28,2024-02-09,Abdominal Pain,Referral,No
1711,3968,36,1,2022-01-20,2022-01-30,Kidney Stone,Scheduled,Yes
1712,959,94,2,2024-03-17,2024-03-28,Appendicitis,Referral,Yes
1713,291,4,2,2022-05-27,2022-05-31,Back Pain,Referral,Yes
1714,2484,5,5,2023-12-16,2023-12-28,Abdominal Pain,Emergency,No
1715,3922,3,3,2025-03-15,2025-03-17,Flu,Referral,No
1716,3551,46,9,2023-09-26,2023-10-05,Migraine,Emergency,Yes
1717,112,6,3,2023-08-25,2023-08-26,Hypertension,Referral,No
1718,2088,46,9,2023-05-31,2023-06-10,Appendicitis,Transfer,Yes
1719,2423,94,2,2025-01-01,2025-01-14,Appendicitis,Referral,Yes
1720,2960,53,4,2022-02-08,2022-02-13,Back Pain,Scheduled,No
1721,3247,55,3,2022-10-03,2022-10-09,Appendicitis,Transfer,Yes
1722,682,25,10,2024-12-22,2024-12-23,Stroke,Transfer,No
1723,649,12,10,2024-11-04,2024-11-06,Pneumonia,Emergency,No
1724,2891,23,2,2025-10-27,2025-11-07,Chest Pain,Emergency,Yes
1725,3016,73,2,2023-11-07,2023-11-17,Hypertension,Referral,Yes
1726,892,44,4,2022-02-14,2022-02-22,Flu,Emergency,No
1727,2104,10,10,2025-07-18,2025-07-25,Abdominal Pain,Referral,No
1728,3967,99,10,2025-09-16,2025-09-23,Back Pain,Scheduled,Yes
1729,327,89,4,2023-04-14,2023-04-27,Flu,Scheduled,Yes
1730,997,75,2,2024-07-28,2024-08-04,Appendicitis,Emergency,Yes
1731,2968,40,1,2024-02-09,2024-02-11,Asthma,Referral,No
1732,2278,49,6,2025-04-30,2025-05-07,Migraine,Referral,Yes
1733,2059,88,5,2023-09-24,2023-09-26,Abdominal Pain,Scheduled,Yes
1734,4166,99,10,2022-05-18,2022-06-01,Diabetes,Scheduled,No
1735,1041,35,1,2025-10-30,2025-11-10,Migraine,Transfer,Yes
1736,4738,59,1,2023-10-27,2023-11-06,Diabetes,Referral,No
1737,4344,74,1,2023-09-19,2023-09-20,Back Pain,Emergency,No
1738,3150,44,4,2025-01-19,2025-01-24,Back Pain,Transfer,Yes
1739,4752,20,1,2025-08-12,2025-08-24,Migraine,Transfer,Yes
1740,3905,97,4,2024-09-06,2024-09-13,Abdominal Pain,Transfer,No
1741,2087,74,1,2024-08-20,2024-08-24,Appendicitis,Emergency,No
1742,2034,36,1,2022-10-31,2022-11-06,Diabetes,Emergency,No
1743,1005,55,3,2022-09-17,2022-10-01,Skin Infection,Transfer,No
1744,3618,56,9,2024-07-26,2024-08-02,Asthma,Transfer,Yes
1745,669,76,7,2022-09-04,2022-09-14,Fracture,Referral,Yes
1746,3118,33,6,2022-09-16,2022-09-22,Cancer,Scheduled,Yes
1747,3673,56,9,2025-04-01,2025-04-09,Flu,Emergency,No
1748,3445,97,8,2023-10-15,2023-10-25,Diabetes,Emergency,No
1749,3573,94,2,2023-03-12,2023-03-25,Back Pain,Transfer,No
1750,381,85,2,2023-09-13,2023-09-27,Migraine,Transfer,No
1751,3943,15,9,2023-07-11,2023-07-12,Chest Pain,Transfer,No
1752,454,18,7,2024-01-18,2024-01-30,Hypertension,Emergency,No
1753,3019,37,10,2023-06-09,2023-06-19,Migraine,Emergency,No
1754,3755,42,10,2022-09-28,2022-10-04,Asthma,Scheduled,No
1755,2117,35,1,2025-01-30,2025-02-04,Chest Pain,Referral,No
1756,3879,50,3,2025-10-10,2025-10-17,Fracture,Scheduled,No
1757,2225,24,1,2022-01-07,2022-01-19,Back Pain,Referral,Yes
1758,4631,44,4,2023-03-18,2023-03-31,Hypertension,Transfer,Yes
1759,3854,94,2,2024-08-20,2024-08-23,Skin Infection,Scheduled,No
1760,3188,74,1,2023-11-01,2023-11-12,Skin Infection,Transfer,Yes
1761,4550,75,2,2023-07-13,2023-07-27,Flu,Scheduled,No
1762,3303,3,3,2023-04-26,2023-05-03,Back Pain,Transfer,Yes
1763,1536,100,3,2024-08-09,2024-08-16,Abdominal Pain,Referral,No
1764,4432,23,2,2025-08-06,2025-08-19,Cancer,Referral,Yes
1765,2953,6,3,2022-04-26,2022-05-04,Cancer,Transfer,Yes
1766,3542,46,9,2023-04-04,2023-04-12,Appendicitis,Transfer,No
1767,1144,36,1,2024-10-02,2024-10-04,Asthma,Referral,Yes
1768,4804,15,9,2024-03-08,2024-03-12,Abdominal Pain,Transfer,No
1769,178,88,5,2024-08-22,2024-09-04,Pneumonia,Referral,Yes
1770,2821,5,5,2022-07-22,2022-07-29,Cancer,Emergency,No
1771,3499,79,7,2024-09-02,2024-09-11,Hypertension,Transfer,Yes
1772,1706,7,4,2024-09-06,2024-09-17,Hypertension,Emergency,Yes
1773,1612,28,8,2023-09-23,2023-10-07,Stroke,Emergency,Yes
1774,1709,99,10,2024-09-10,2024-09-15,Fracture,Scheduled,No
1775,4704,92,5,2022-12-26,2023-01-08,Kidney Stone,Referral,No
1776,801,71,5,2022-01-08,2022-01-10,Stroke,Transfer,No
1777,966,16,4,2025-08-13,2025-08-25,Pneumonia,Referral,No
1778,2154,6,3,2023-05-22,2023-05-24,Diabetes,Scheduled,No
1779,4912,13,6,2023-06-23,2023-06-30,Back Pain,Referral,No
1780,786,11,9,2025-08-31,2025-09-03,Hypertension,Scheduled,Yes
1781,4612,96,1,2024-01-23,2024-02-02,Asthma,Transfer,No
1782,4749,33,6,2022-11-12,,Cancer,Referral,Yes
1783,4569,87,4,2023-03-02,2023-03-14,Appendicitis,Referral,No
1784,1303,68,9,2024-10-22,2024-10-27,Asthma,Scheduled,No
1785,3927,31,1,2023-09-20,2023-10-01,Skin Infection,Referral,Yes
1786,1996,2,4,2023-01-03,2023-01-17,Appendicitis,Transfer,Yes
1787,650,59,1,2025-03-24,2025-03-28,Flu,Emergency,No
1788,1298,46,9,2022-04-06,2022-04-20,Chest Pain,Referral,Yes
1789,1294,55,3,2024-06-27,2024-07-07,Cancer,Scheduled,No
1790,2501,87,4,2025-12-10,2025-12-19,Fracture,Transfer,Yes
1791,3233,72,2,2024-08-02,2024-08-15,Stroke,Transfer,Yes
1792,4180,86,3,2024-12-14,2024-12-24,Flu,Referral,Yes
1793,1405,68,9,2024-06-12,2024-06-20,Pneumonia,Transfer,No
1794,2107,64,1,2025-01-07,2025-01-14,Back Pain,Emergency,Yes
1795,2414,3,3,2024-06-26,2024-07-03,Stroke,Scheduled,No
1796,3121,41,6,2023-01-10,2023-01-24,Stroke,Referral,Yes
1797,2595,63,4,2023-03-28,2023-03-30,Abdominal Pain,Emergency,Yes
1798,150,37,10,2022-02-11,2022-02-16,Diabetes,Emergency,No
1799,838,73,2,2022-05-22,2022-05-25,Cancer,Referral,Yes
1800,2036,59,1,2022-04-26,2022-04-29,Asthma,Referral,No
1801,4335,13,6,2023-08-20,2023-08-30,Asthma,Scheduled,No
1802,2604,4,2,2022-06-11,2022-06-21,Fracture,Referral,Yes
1803,517,85,2,2022-06-12,2022-06-13,Back Pain,Emergency,No
1804,4188,39,4,2024-01-27,2024-02-03,Appendicitis,Scheduled,Yes
1805,1794,62,8,2022-04-28,2022-05-10,Hypertension,Emergency,No
1806,2255,73,2,2023-01-26,2023-01-28,Back Pain,Transfer,No
1807,3399,4,2,2024-10-20,2024-10-24,Hypertension,Scheduled,Yes
1808,3648,28,8,2024-07-17,2024-07-21,Fracture,Transfer,Yes
1809,684,1,6,2022-07-20,2022-07-31,Back Pain,Referral,Yes
1810,3390,21,2,2022-06-07,2022-06-21,Kidney Stone,Scheduled,Yes
1811,2139,2,4,2022-01-01,2022-01-08,Diabetes,Scheduled,No
1812,2742,35,1,2025-11-19,2025-11-29,Asthma,Transfer,Yes
1813,1402,84,1,2023-10-04,2023-10-18,Diabetes,Referral,Yes
1814,2797,70,6,2022-03-26,2022-04-09,Migraine,Transfer,Yes
1815,526,72,2,2025-12-27,2026-01-10,Hypertension,Emergency,No
1816,2777,7,4,2022-06-19,2022-06-25,Stroke,Scheduled,Yes
1817,922,74,1,2023-11-03,2023-11-13,Back Pain,Transfer,Yes
1818,1238,62,8,2024-04-11,2024-04-21,Kidney Stone,Scheduled,No
1819,4051,63,4,2025-05-28,2025-06-04,Asthma,Emergency,No
1820,2103,65,8,2023-11-12,2023-11-19,Pneumonia,Referral,No
1821,2867,2,4,2023-07-14,2023-07-17,Pneumonia,Referral,No
1822,2138,97,1,2024-03-03,2024-03-13,Back Pain,Referral,No
1823,899,100,3,2024-10-04,2024-10-10,Flu,Referral,Yes
1824,4246,21,2,2024-10-18,2024-10-31,Appendicitis,Emergency,Yes
1825,2459,72,2,2025-02-16,2025-03-02,Kidney Stone,Emergency,No
1826,455,48,10,2025-02-13,2025-02-14,Diabetes,Transfer,No
1827,2901,63,4,2022-03-28,2022-04-06,Pneumonia,Transfer,No
1828,4493,49,6,2023-10-30,2023-10-31,Migraine,Referral,No
1829,749,39,4,2023-07-26,2023-08-07,Pneumonia,Referral,Yes
1830,3313,64,1,2025-07-12,2025-07-13,Skin Infection,Emergency,No
1831,358,9,5,2023-11-04,2023-11-18,Diabetes,Scheduled,No
1832,4193,85,2,2024-04-30,2024-05-13,Back Pain,Scheduled,No
1833,4177,33,6,2025-06-18,2025-06-26,Hypertension,Referral,Yes
1834,2088,9,5,2024-04-21,2024-05-03,Cancer,Emergency,No
1835,1228,1,6,2024-06-30,2024-07-07,Abdominal Pain,Emergency,No
1836,87,6,3,2024-05-28,2024-06-06,Diabetes,Referral,Yes
1837,3490,47,9,2025-03-27,2025-04-04,Pneumonia,Scheduled,No
1838,3207,53,4,2022-08-03,2022-08-14,Hypertension,Referral,No
1839,996,59,1,2022-06-21,2022-06-27,Hypertension,Emergency,No
1840,3543,2,4,2022-06-14,2022-06-26,Flu,Transfer,No
1841,909,91,8,2025-01-04,2025-01-05,Hypertension,Transfer,No
1842,4536,33,6,2023-01-02,2023-01-11,Migraine,Referral,No
1843,3741,56,9,2022-07-30,2022-08-08,Abdominal Pain,Transfer,No
1844,3951,6,3,2024-06-06,2024-06-13,Appendicitis,Scheduled,Yes
1845,4949,93,7,2022-11-23,2022-12-06,Flu,Scheduled,Yes
1846,2453,76,7,2022-08-29,2022-09-03,Fracture,Scheduled ,Yes
1847,908,47,9,2022-11-21,2022-11-29,Pneumonia,Referral,No
1848,4381,29,8,2023-02-06,2023-02-13,Flu,Transfer,No
1849,446,68,9,2025-10-20,2025-10-30,Diabetes,Scheduled,Yes
1850,2829,76,7,2025-04-11,2025-04-24,Migraine,Referral,No
1851,3204,76,7,2024-12-28,2025-01-11,Skin Infection,Emergency,Yes
1852,1445,86,3,2022-12-05,2022-12-11,Kidney Stone,Transfer,Yes
1853,499,69,2,2023-03-19,2023-03-26,Diabetes,Emergency,Yes
1854,1219,46,9,2024-10-02,2024-10-16,Abdominal Pain,Emergency,Yes
1855,3305,84,1,2022-12-11,2022-12-23,Hypertension,Transfer,Yes
1856,3750,8,1,2023-04-09,2023-04-15,Back Pain,Referral,No
1857,866,41,6,2022-09-10,2022-09-17,Appendicitis,Transfer,Yes
1858,3569,91,8,2024-04-26,2024-04-29,Cancer,Transfer,No
1859,4438,51,9,2023-01-30,2023-02-06,Flu,Emergency,Yes
1860,2948,32,9,2024-02-09,2024-02-18,Appendicitis,Scheduled,Yes
1861,497,80,8,2022-10-31,2022-11-03,Chest Pain,Referral,No
1862,377,71,5,2022-02-10,2022-02-17,Cancer,Referral,Yes
1863,3598,72,2,2024-08-06,2024-08-20,Fracture,Transfer,Yes
1864,4390,26,8,2025-07-26,2025-07-31,Back Pain,Emergency,Yes
1865,417,82,5,2022-01-10,2022-01-17,Asthma,Referral,No
1866,4222,37,10,2023-05-09,2023-05-23,Stroke,Scheduled,Yes
1867,48,36,1,2024-05-31,2024-06-01,Fracture,Referral,No
1868,11,91,8,2024-12-28,2025-01-07,Stroke,Transfer,Yes
1869,3145,36,1,2025-03-03,2025-03-17,Flu,Scheduled,No
1870,3056,80,8,2022-01-11,2022-01-16,Migraine,Transfer,Yes
1871,2580,96,9,2023-05-12,2023-05-13,Migraine,Transfer,Yes
1872,1037,63,4,2025-09-03,2025-09-12,Cancer,Emergency,Yes
1873,3732,55,3,2023-06-23,2023-06-29,Diabetes,Scheduled,Yes
1874,392,42,10,2025-07-15,2025-07-28,Hypertension,Emergency,No
1875,4022,43,1,2023-09-04,2023-09-12,Fracture,Emergency,No
1876,1475,63,4,2023-09-22,2023-09-23,Asthma,Scheduled,Yes
1877,4108,42,10,2022-01-06,2022-01-14,Pneumonia,Referral,No
1878,1833,24,1,2022-01-27,2022-02-02,Stroke,Scheduled,No
1879,598,41,6,2024-01-28,2024-01-29,Diabetes,Scheduled,No
1880,1287,33,6,2024-08-16,2024-08-18,Diabetes,Transfer,No
1881,2831,2,4,2024-01-11,2024-01-13,Fracture,Emergency,No
1882,720,66,10,2022-02-20,2022-02-26,Stroke,Emergency,No
1883,835,17,2,2022-02-15,2022-02-27,Back Pain,Emergency,No
1884,2116,81,1,2022-03-27,2022-04-01,Stroke,Referral,Yes
1885,2714,55,3,2025-04-03,2025-04-13,Back Pain,emergency,Yes
1886,1262,61,7,2024-04-13,2024-04-25,Cancer,Scheduled,No
1887,4602,74,1,2025-04-10,2025-04-15,Appendicitis,Scheduled,No
1888,1664,6,3,2025-03-07,2025-03-10,Abdominal Pain,Referral,Yes
1889,1669,78,5,2022-04-10,2022-04-17,Hypertension,Referral,No
1890,1628,53,4,2022-04-03,2022-04-11,Diabetes,Scheduled,No
1891,1009,27,7,2024-09-04,2024-09-08,Cancer,Referral,Yes
1892,1122,83,10,2023-10-03,2023-10-12,Flu,Emergency,Yes
1893,3525,50,3,2025-03-30,2025-04-04,Flu,Scheduled,No
1894,2437,27,7,2024-05-25,2024-05-31,Abdominal Pain,Scheduled,Yes
1895,2509,95,1,2023-10-08,2023-10-20,Cancer,Referral,No
1896,3447,71,5,2022-08-29,2022-09-04,Hypertension,Referral,Yes
1897,2405,49,6,2025-12-07,2025-12-11,Kidney Stone,Emergency,No
1898,4511,75,2,2024-09-07,2024-09-14,Kidney Stone,Scheduled,Yes
1899,380,17,2,2023-02-11,2023-02-12,Migraine,Scheduled,Yes
1900,1972,29,8,2025-11-17,2025-11-26,Skin Infection,Scheduled,Yes
1901,4670,50,3,2022-01-09,2022-01-22,Pneumonia,Referral,Yes
1902,1258,64,1,2022-02-03,2022-02-08,Hypertension,emergency,No
1903,2009,100,3,2025-01-23,2025-01-30,Back Pain,Transfer,No
1904,4220,39,4,2024-08-15,2024-08-16,Kidney Stone,Transfer,Yes
1905,3185,6,3,2022-11-25,2022-12-03,Chest Pain,Transfer,No
1906,3495,26,8,2024-04-26,2024-05-05,Hypertension,Referral,Yes
1907,3978,25,10,2024-12-21,2024-12-22,Flu,Scheduled,Yes
1908,1556,6,3,2025-03-01,2025-03-09,Hypertension,Emergency,Yes
1909,2414,60,5,2024-10-20,2024-10-21,Abdominal Pain,Transfer,No
1910,814,68,9,2025-11-19,2025-11-26,Pneumonia,Emergency,Yes
1911,4616,65,8,2025-09-14,2025-09-25,Back Pain,Transfer,Yes
1912,3308,59,1,2024-12-16,2024-12-27,Pneumonia,Emergency,No
1913,4461,74,1,2024-03-04,2024-03-05,Hypertension,Transfer,No
1914,4131,88,5,2024-12-08,2024-12-10,Back Pain,Scheduled,No
1915,4817,7,4,2023-10-01,2023-10-13,Flu,Scheduled,No
1916,1408,70,6,2025-10-08,2025-10-13,Asthma,Referral,Yes
1917,3460,70,6,2022-06-03,2022-06-14,Appendicitis,Scheduled,Yes
1918,2339,13,6,2025-09-25,2025-10-05,Cancer,Transfer,No
1919,69,28,8,2022-09-10,2022-09-11,Skin Infection,Emergency,Yes
1920,2166,72,2,2022-01-09,2022-01-19,Skin Infection,Referral,No
1921,2109,68,9,2024-07-22,2024-07-31,Cancer,Emergency,No
1922,4375,32,9,2023-01-30,2023-02-04,Asthma,Referral,No
1923,3751,95,1,2025-07-23,2025-07-26,Asthma,Emergency,Yes
1924,819,28,8,2022-05-24,2022-06-04,Skin Infection,Emergency,No
1925,3462,96,7,2023-09-02,2023-09-03,Chest Pain,Transfer,No
1926,1824,82,5,2022-02-19,2022-02-28,Appendicitis,Emergency,Yes
1927,3647,68,9,2022-12-21,2023-01-01,Kidney Stone,Referral,Yes
1928,3595,14,10,2022-09-17,2022-09-24,Stroke,Transfer,Yes
1929,2354,11,9,2023-11-15,2023-11-28,Chest Pain,Transfer,Yes
1930,1925,81,1,2024-06-19,2024-06-23,Stroke,Emergency,No
1931,1369,16,4,2024-09-05,2024-09-16,Chest Pain,Transfer,Yes
1932,2213,62,8,2025-05-01,2025-05-11,Migraine,Referral,Yes
1933,1609,15,9,2024-10-14,2024-10-23,Pneumonia,Transfer,Yes
1934,320,46,9,2025-08-22,2025-09-05,Cancer,Transfer,No
1935,3562,18,7,2022-03-07,2022-03-16,Migraine,Emergency,No
1936,4267,36,1,2024-04-01,2024-04-06,Back Pain,Emergency,Yes
1937,2721,57,4,2024-07-08,2024-07-13,Asthma,Transfer,Yes
1938,958,77,6,2025-06-12,2025-06-24,Appendicitis,Referral,No
1939,2810,81,1,2022-09-14,2022-09-20,Back Pain,Referral,No
1940,1227,34,10,2023-11-16,2023-11-25,Kidney Stone,Transfer,No
1941,3723,23,2,2025-06-03,2025-06-06,Cancer,Emergency,No
1942,1328,18,7,2024-05-10,2024-05-18,Cancer,Referral,Yes
1943,3551,86,3,2022-02-18,2022-02-20,Chest Pain,Referral,Yes
1944,1866,67,1,2022-12-02,2022-12-10,Stroke,Scheduled,No
1945,4404,68,9,2023-03-24,2023-03-28,Cancer,Scheduled,Yes
1946,4395,86,3,2025-05-25,2025-06-03,Asthma,Scheduled,Yes
1947,2934,83,10,2023-06-02,2023-06-09,Abdominal Pain,Transfer,Yes
1948,4613,53,4,2024-06-01,2024-06-03,Hypertension,Scheduled,No
1949,3289,48,10,2024-10-15,2024-10-20,Abdominal Pain,Emergency,No
1950,1645,63,4,2025-08-27,2025-08-29,Stroke,Referral,Yes
1951,3363,19,5,2024-09-12,2024-09-16,Abdominal Pain,Referral,Yes
1952,3267,5,5,2022-04-18,2022-04-30,Diabetes,Scheduled,No
1953,3380,37,10,2024-03-10,2024-03-21,Flu,Emergency,No
1954,619,37,10,2025-05-23,2025-06-05,Hypertension,Emergency,Yes
1955,385,77,6,2022-08-06,2022-08-13,Asthma,Referral,No
1956,2531,44,4,2023-09-29,2023-10-11,Fracture,Emergency,Yes
1957,788,61,7,2024-11-28,2024-12-12,Migraine,Transfer,Yes
1958,4022,94,2,2023-09-03,2023-09-17,Kidney Stone,Scheduled,Yes
1959,2579,24,1,2022-09-25,2022-10-01,Abdominal Pain,Transfer,Yes
1960,463,64,1,2023-02-11,2023-02-14,Diabetes,Transfer,No
1961,3060,100,3,2024-03-29,2024-04-08,Back Pain,Emergency,Yes
1962,3666,8,1,2025-07-08,2025-07-17,Abdominal Pain,Transfer,Yes
1963,967,64,1,2022-07-10,2022-07-14,Abdominal Pain,Referral,Yes
1964,1203,46,9,2022-03-10,2022-03-11,Asthma,Referral,Yes
1965,1210,59,1,2024-05-11,2024-05-24,Migraine,Scheduled,No
1966,4713,83,10,2023-09-20,2023-10-03,Abdominal Pain,Transfer,No
1967,1149,56,9,2025-10-11,2025-10-22,Back Pain,Referral,Yes
1968,2621,25,10,2023-08-06,2023-08-14,Back Pain,Transfer,No
1969,652,11,9,2024-04-22,2024-04-23,Pneumonia,Referral,No
1970,1575,92,5,2025-01-30,2025-02-08,Stroke,Transfer,No
1971,2943,77,6,2025-08-02,2025-08-11,Appendicitis,Referral,Yes
1972,487,34,10,2022-05-23,2022-06-03,Chest Pain,Referral,Yes
1973,4337,95,1,2022-12-04,2022-12-17,Fracture,Emergency,Yes
1974,3272,36,1,2023-04-19,2023-04-20,Back Pain,Scheduled,Yes
1975,4941,64,1,2024-07-26,2024-08-07,Migraine,Referral,No
1976,1862,30,7,2022-10-25,2022-11-04,Stroke,Referral,No
1977,3741,68,9,2024-05-27,2024-06-04,Stroke,Referral,Yes
1978,2417,61,7,2024-07-19,2024-07-22,Migraine,Transfer,No
1979,3939,20,1,2024-11-10,2024-11-14,Abdominal Pain,Referral,Yes
1980,4612,2,4,2024-04-19,2024-04-27,Abdominal Pain,Emergency,Yes
1981,264,77,6,2025-03-18,2025-03-26,Skin Infection,Referral,No
1982,1424,79,7,2024-11-06,2024-11-09,Cancer,Scheduled,Yes
1983,3107,82,5,2023-06-16,2023-06-19,Diabetes,Scheduled,Yes
1984,3471,46,9,2024-11-02,2024-11-08,Cancer,Transfer,Yes
1985,1475,37,10,2024-11-22,2024-12-02,Diabetes,Emergency,No
1986,2980,61,7,2025-02-28,2025-03-10,Cancer,Emergency,No
1987,4332,96,5,2023-04-14,2023-04-19,Abdominal Pain,Referral,No
1988,2870,15,9,2025-08-25,2025-08-28,Kidney Stone,Scheduled,No
1989,1676,34,10,2023-07-18,2023-07-19,Stroke,Transfer,Yes
1990,4212,99,10,2022-02-11,2022-02-18,Flu,Scheduled,Yes
1991,1961,76,7,2023-11-05,2023-11-15,Abdominal Pain,Referral,Yes
1992,2644,58,3,2025-01-10,2025-01-22,Kidney Stone,Referral,No
1993,169,96,8,2023-03-05,2023-03-17,Stroke,Emergency,Yes
1994,4285,21,2,2022-05-31,2022-06-11,Diabetes,Emergency,Yes
1995,3224,40,1,2025-07-29,2025-08-01,Diabetes,Emergency,No
1996,2098,34,10,2024-10-12,2024-10-21,Skin Infection,Scheduled,No
1997,3734,7,4,2024-09-25,2024-09-26,Chest Pain,Emergency,No
1998,206,80,8,2024-01-30,2024-02-10,Stroke,Emergency,No
1999,1067,50,3,2025-10-01,2025-10-05,Pneumonia,Transfer,No
2000,1469,33,6,2025-09-07,2025-09-21,Kidney Stone,Scheduled,Yes
2001,3502,43,1,2024-07-16,2024-07-19,Hypertension,Transfer,Yes
2002,2092,95,1,2024-10-02,2024-10-03,Appendicitis,Scheduled,No
2003,4951,67,1,2024-10-18,2024-10-26,Abdominal Pain,Referral,Yes
2004,1564,80,8,2025-04-21,2025-05-01,Asthma,Scheduled,No
2005,4635,14,10,2024-11-29,2024-12-04,Chest Pain,Referral,No
2006,882,87,4,2025-04-15,2025-04-24,Abdominal Pain,Scheduled,No
2007,3706,92,5,2025-03-10,2025-03-13,Skin Infection,Scheduled,No
2008,1203,96,10,2022-02-06,2022-02-08,Asthma,Referral,Yes
2009,2587,78,5,2025-03-28,2025-04-03,Pneumonia,Transfer,No
2010,3657,70,6,2024-10-08,2024-10-10,Chest Pain,Referral,Yes
2011,1582,27,7,2022-05-25,2022-06-05,Appendicitis,Scheduled,Yes
2012,1747,83,10,2023-09-04,2023-09-18,Appendicitis,Referral,No
2013,521,79,7,2024-05-16,2024-05-28,Diabetes,Transfer,No
2014,2956,81,1,2022-04-14,2022-04-17,Diabetes,Emergency,Yes
2015,356,22,5,2024-10-18,2024-10-27,Asthma,Referral,No
2016,4275,86,3,2024-08-08,2024-08-09,Kidney Stone,Emergency,No
2017,989,82,5,2022-09-14,2022-09-20,Fracture,Emergency,No
2018,1584,13,6,2025-06-11,2025-06-23,Hypertension,Referral,Yes
2019,4063,50,3,2025-05-09,2025-05-13,Pneumonia,Transfer,Yes
2020,4080,37,10,2025-10-15,2025-10-29,Kidney Stone,Transfer,Yes
2021,1467,51,9,2024-11-21,2024-12-02,Cancer,Transfer,No
2022,1593,12,10,2022-06-07,2022-06-19,Back Pain,Referral,Yes
2023,2132,98,7,2023-02-27,2023-03-08,Appendicitis,Scheduled,Yes
2024,3642,42,10,2024-07-02,2024-07-12,Fracture,Emergency,No
2025,2456,33,6,2025-09-01,2025-09-11,Migraine,Emergency,No
2026,2214,41,6,2025-10-21,2025-10-31,Kidney Stone,Transfer,Yes
2027,2153,86,3,2023-02-19,2023-02-28,Migraine,Emergency,Yes
2028,4040,58,3,2025-09-23,2025-09-25,Flu,Referral,No
2029,1873,86,3,2025-07-26,2025-08-02,Skin Infection,Referral,Yes
2030,3643,8,1,2023-10-19,2023-10-30,Diabetes,Scheduled,No
2031,727,83,10,2022-08-31,2022-09-13,Hypertension,Scheduled,Yes
2032,4353,56,9,2024-07-16,2024-07-19,Hypertension,Transfer,No
2033,4744,14,10,2023-07-15,2023-07-20,Flu,Referral,No
2034,3520,10,10,2025-06-22,2025-06-29,Kidney Stone,Transfer,No
2035,3084,2,4,2022-07-08,2022-07-20,Chest Pain,Emergency,No
2036,1922,35,1,2022-01-04,2022-01-17,Diabetes,Emergency,Yes
2037,3213,84,1,2024-02-01,2024-02-07,Appendicitis,Transfer,No
2038,3781,48,10,2024-05-08,2024-05-22,Abdominal Pain,Transfer,No
2039,3752,25,10,2022-10-13,2022-10-23,Abdominal Pain,Transfer,No
2040,2465,11,9,2022-05-01,2022-05-07,Hypertension,Transfer,No
2041,173,97,3,2023-05-10,2023-05-14,Hypertension,Referral,No
2042,1523,16,4,2023-09-29,2023-10-11,Appendicitis,Emergency,No
2043,801,49,6,2023-11-16,2023-11-20,Flu,Transfer,Yes
2044,104,42,10,2023-02-22,2023-03-07,Back Pain,Referral,Yes
2045,4450,77,6,2022-01-01,2022-01-09,Stroke,Emergency,No
2046,1221,75,2,2023-02-19,2023-02-20,Back Pain,Transfer,Yes
2047,2881,8,1,2024-09-07,2024-09-09,Flu,Emergency,No
2048,3262,16,4,2024-03-24,2024-04-03,Hypertension,Scheduled,No
2049,3766,8,1,2023-11-11,2023-11-21,Hypertension,Referral,Yes
2050,980,59,1,2025-09-07,2025-09-21,Cancer,Transfer,No
2051,4988,56,9,2025-10-13,2025-10-17,Diabetes,Referral,No
2052,3631,5,5,2025-03-08,2025-03-18,Asthma,Emergency,No
2053,2222,79,7,2024-05-10,2024-05-24,Diabetes,Scheduled,Yes
2054,4957,66,10,2023-03-25,2023-03-26,Skin Infection,Transfer,No
2055,3843,58,3,2025-02-27,2025-03-08,Skin Infection,Scheduled,No
2056,1776,59,1,2023-12-15,2023-12-25,Asthma,Transfer,No
2057,1450,58,3,2023-06-04,2023-06-13,Pneumonia,Scheduled,Yes
2058,293,73,2,2025-12-31,2026-01-08,Diabetes,Referral,No
2059,3999,43,1,2025-04-24,2025-04-30,Hypertension,Emergency,Yes
2060,1771,50,3,2024-07-15,2024-07-29,Pneumonia,Emergency,Yes
2061,2684,49,6,2024-07-02,2024-07-15,Stroke,Emergency,No
2062,146,69,2,2022-11-23,2022-12-02,Pneumonia,Referral,No
2063,2528,78,5,2025-08-08,2025-08-22,Flu,Emergency,Yes
2064,3682,11,9,2024-05-10,2024-05-23,Chest Pain,Emergency,No
2065,1374,85,2,2023-03-20,2023-03-31,Diabetes,Referral,No
2066,1932,61,7,2025-01-08,2025-01-10,Kidney Stone,Scheduled,Yes
2067,514,47,9,2022-08-06,2022-08-15,Stroke,Emergency,Yes
2068,3123,75,2,2022-02-17,2022-02-18,Migraine,Transfer,Yes
2069,2490,56,9,2023-09-18,2023-09-23,Cancer,Referral,Yes
2070,2844,88,5,2025-01-23,2025-01-25,Chest Pain,Emergency,Yes
2071,2089,20,1,2024-10-09,2024-10-18,Cancer,Emergency,Yes
2072,1316,56,9,2024-12-31,2025-01-10,Hypertension,Emergency,No
2073,410,82,5,2024-05-15,2024-05-29,Back Pain,Emergency,No
2074,2526,11,9,2024-05-28,2024-06-08,Asthma,Transfer,Yes
2075,843,62,8,2024-08-13,2024-08-24,Pneumonia,Referral,Yes
2076,17,53,4,2024-08-18,2024-08-19,Skin Infection,Emergency,No
2077,4251,96,6,2025-02-09,2025-02-12,Migraine,Emergency,No
2078,3930,63,4,2025-12-28,2026-01-08,Cancer,Referral,No
2079,1448,37,10,2022-01-14,2022-01-15,Fracture,Emergency,Yes
2080,685,47,9,2022-05-13,2022-05-25,Kidney Stone,Transfer,Yes
2081,3665,45,4,2024-02-31,2025-05-01,Cancer,Transfer,Yes
2082,1248,88,5,2023-09-28,2023-10-08,Migraine,Transfer,No
2083,2163,83,10,2022-07-25,2022-08-04,Migraine,Referral,Yes
2084,1484,47,9,2022-06-04,2022-06-14,Cancer,Emergency,Yes
2085,83,18,7,2024-04-06,2024-04-10,Fracture,Referral,Yes
2086,1188,57,4,2024-09-22,2024-10-04,Kidney Stone,Transfer,Yes
2087,4355,42,10,2025-03-28,2025-04-02,Flu,Scheduled,No
2088,4147,23,2,2023-04-26,2023-05-06,Abdominal Pain,Referral,No
2089,2163,26,8,2025-11-22,2025-11-27,Migraine,Scheduled,Yes
2090,1975,67,1,2025-07-21,2025-07-22,Diabetes,Emergency,No
2091,2777,62,8,2024-04-10,2024-04-20,Migraine,Emergency,No
2092,841,27,7,2025-06-29,2025-07-08,Kidney Stone,Referral,No
2093,2036,21,2,2023-02-24,2023-03-04,Chest Pain,Emergency,Yes
2094,4996,64,1,2023-05-12,2023-05-14,Appendicitis,Referral,Yes
2095,2620,20,1,2025-10-27,2025-11-08,Fracture,Scheduled,No
2096,1923,33,6,2025-12-01,2025-12-04,Diabetes,Scheduled,No
2097,3954,74,1,2024-06-04,2024-06-10,Asthma,Scheduled,Yes
2098,4021,26,8,2023-04-02,2023-04-08,Hypertension,Emergency,No
2099,2122,89,4,2023-10-30,2023-11-12,Chest Pain,Emergency,No
2100,4248,22,5,2025-06-09,2025-06-14,Hypertension,Transfer,Yes
2101,4255,49,6,2023-01-19,2023-01-25,Stroke,Referral,No
2102,1473,74,1,2023-01-23,2023-02-06,Stroke,Transfer,Yes
2103,3505,97,3,2025-07-14,2025-07-25,Chest Pain,Transfer,Yes
2104,3118,3,3,2024-12-08,2024-12-09,Chest Pain,Referral,Yes
2105,1114,54,1,2022-10-22,2022-11-04,Fracture,Emergency,No
2106,3770,48,10,2022-02-11,2022-02-13,Diabetes,Referral,Yes
2107,1112,82,5,2024-07-09,2024-07-21,Hypertension,Scheduled,No
2108,782,37,10,2024-06-27,2024-07-05,Back Pain,Referral,No
2109,4464,66,10,2025-11-27,2025-12-08,Asthma,Scheduled,No
2110,736,31,1,2024-06-19,2024-06-29,Cancer,Transfer,Yes
2111,4301,4,2,2025-11-14,2025-11-28,Chest Pain,Scheduled,Yes
2112,4421,75,2,2025-02-01,2025-02-13,Diabetes,Scheduled,Yes
2113,1827,85,2,2025-06-06,2025-06-13,Kidney Stone,Referral,No
2114,2980,25,10,2025-08-14,2025-08-22,Kidney Stone,Transfer,No
2115,2361,43,1,2022-08-22,2022-08-25,Abdominal Pain,Referral,No
2116,1268,22,5,2022-11-10,2022-11-11,Skin Infection,Scheduled,No
2117,3342,33,6,2025-10-17,2025-10-22,Kidney Stone,Scheduled,No
2118,1000,27,7,2024-11-26,2024-11-27,Appendicitis,Emergency,No
2119,364,94,2,2024-06-04,2024-06-14,Cancer,Scheduled,No
2120,2785,10,10,2022-03-17,2022-03-24,Abdominal Pain,Scheduled,Yes
2121,1155,10,10,2024-02-20,2024-02-23,Cancer,Transfer,Yes
2122,2508,89,4,2023-01-15,2023-01-23,Skin Infection,Referral,No
2123,867,97,1,2023-05-18,2023-05-25,Abdominal Pain,Scheduled,Yes
2124,2952,49,6,2025-05-10,2025-05-16,Abdominal Pain,Transfer,Yes
2125,2589,81,1,2022-03-12,2022-03-23,Cancer,Transfer,No
2126,601,18,7,2023-03-15,2023-03-21,Pneumonia,Emergency,No
2127,255,68,9,2022-05-21,2022-05-23,Back Pain,Emergency,No
2128,815,37,10,2025-05-05,2025-05-17,Pneumonia,Scheduled,No
2129,211,32,9,2024-04-27,2024-05-06,Hypertension,Referral,No
2130,2139,99,10,2023-07-12,2023-07-16,Kidney Stone,Transfer,Yes
2131,926,26,8,2022-12-22,2022-12-29,Flu,Transfer,No
2132,3414,28,8,2025-02-18,2025-03-03,Fracture,Emergency,Yes
2133,4132,8,1,2023-09-16,2023-09-20,Skin Infection,Referral,Yes
2134,383,99,10,2025-04-25,2025-05-03,Cancer,Transfer,No
2135,3079,66,10,2023-06-20,2023-06-23,Diabetes,Emergency,Yes
2136,539,68,9,2024-08-25,2024-08-30,Appendicitis,Scheduled,Yes
2137,1872,14,10,2022-09-09,2022-09-12,Asthma,Referral,No
2138,2533,50,3,2022-01-16,2022-01-20,Hypertension,Scheduled,Yes
2139,876,18,7,2022-05-28,2022-06-05,Skin Infection,Emergency,No
2140,139,40,1,2022-12-30,2023-01-11,Fracture,Scheduled,No
2141,2579,68,9,2025-01-20,2025-01-29,Diabetes,Emergency,No
2142,1367,4,2,2024-04-28,2024-05-02,Hypertension,Referral,Yes
2143,3122,45,4,2022-09-24,2022-10-08,Appendicitis,Scheduled,No
2144,733,71,5,2025-03-06,2025-03-08,Hypertension,Referral,Yes
2145,794,6,3,2022-02-08,2022-02-22,Diabetes,Transfer,Yes
2146,2654,9,5,2023-04-07,2023-04-14,Flu,Scheduled,Yes
2147,1598,70,6,2025-08-28,2025-08-29,Diabetes,Scheduled,No
2148,263,23,2,2022-03-03,2022-03-17,Cancer,Emergency,No
2149,41,10,10,2023-07-22,2023-07-29,Cancer,Transfer,Yes
2150,1936,52,5,2022-03-15,2022-03-23,Appendicitis,Scheduled,No
2151,1284,5,5,2025-07-19,2025-07-31,Migraine,Referral,Yes
2152,4681,71,5,2022-01-15,2022-01-22,Stroke,Scheduled,No
2153,1874,31,1,2023-02-28,2023-03-06,Hypertension,Emergency,No
2154,1536,54,1,2022-09-28,2022-10-04,Diabetes,Emergency,No
2155,4721,35,1,2024-02-13,2024-02-15,Appendicitis,Scheduled,Yes
2156,2976,86,3,2022-06-02,2022-06-15,Stroke,Referral,Yes
2157,1696,29,8,2025-09-08,2025-09-11,Hypertension,Transfer,No
2158,1664,8,1,2025-04-16,2025-04-30,Back Pain,Scheduled,No
2159,1,62,8,2023-09-26,2023-09-28,Abdominal Pain,Scheduled,No
2160,4646,81,1,2025-10-25,2025-11-01,Asthma,Referral,Yes
2161,1938,73,2,2022-04-13,2022-04-17,Kidney Stone,Transfer,Yes
2162,4240,47,9,2024-09-11,2024-09-16,Fracture,Scheduled,Yes
2163,4818,41,6,2024-10-29,2024-10-30,Stroke,Emergency,Yes
2164,4528,39,4,2022-07-28,2022-08-04,,Transfer,No
2165,2954,6,3,2022-07-09,2022-07-21,Migraine,Transfer,Yes
2166,994,35,1,2024-03-12,2024-03-18,Hypertension,Emergency,Yes
2167,4732,33,6,2025-07-20,2025-07-26,Flu,Referral,No
2168,3183,96,5,2025-08-09,2025-08-12,Hypertension,Emergency,Yes
2169,4898,3,3,2022-10-15,2022-10-19,Pneumonia,Emergency,Yes
2170,3075,45,4,2022-08-04,2022-08-14,Skin Infection,Emergency,No
2171,130,77,6,2022-08-18,2022-09-01,Appendicitis,Referral,Yes
2172,3740,44,4,2022-09-03,2022-09-15,Cancer,Scheduled,No
2173,3781,61,7,2025-07-22,2025-07-28,Kidney Stone,Emergency,No
2174,3287,13,6,2024-03-12,2024-03-23,Pneumonia,Scheduled,No
2175,1608,94,2,2025-05-22,2025-06-02,Asthma,Referral,No
2176,4407,96,9,2025-08-01,2025-08-09,Kidney Stone,Scheduled,Yes
2177,1165,1,6,2023-06-11,2023-06-25,Skin Infection,Transfer,Yes
2178,245,30,7,2024-02-25,2024-03-09,Abdominal Pain,Referral,Yes
2179,2330,63,4,2024-02-11,2024-02-24,Migraine,Emergency,No
2180,2388,19,5,2025-12-26,2026-01-09,Stroke,Transfer,Yes
2181,4769,57,4,2023-08-29,2023-09-04,Fracture,Emergency,No
2182,2977,75,2,2024-01-25,2024-01-31,Hypertension,Emergency,Yes
2183,1190,81,1,2025-06-18,2025-06-19,Asthma,Referral,No
2184,3855,26,8,2023-10-08,2023-10-15,Back Pain,Referral,Yes
2185,3679,89,4,2022-10-12,2022-10-22,Migraine,Scheduled,No
2186,761,5,5,2025-06-03,2025-06-04,Cancer,Scheduled,No
2187,2650,8,1,2025-08-13,2025-08-22,Diabetes,Referral,No
2188,2435,57,4,2022-03-26,2022-03-29,Flu,Scheduled,No
2189,50,57,4,2023-08-29,2023-08-31,Appendicitis,Emergency,No
2190,105,22,5,2022-12-22,2022-12-28,Pneumonia,Referral,No
2191,1657,85,2,2025-09-10,2025-09-12,Fracture,Referral,Yes
2192,3688,54,1,2023-01-17,2023-01-20,Skin Infection,Emergency,No
2193,2451,9,5,2024-10-04,2024-10-10,Migraine,Emergency,Yes
2194,3182,32,9,2024-07-08,2024-07-18,Hypertension,Referral,No
2195,4543,22,5,2025-02-07,2025-02-09,Appendicitis,Scheduled,Yes
2196,1731,97,10,2024-04-11,2024-04-21,Abdominal Pain,Emergency,Yes
2197,4450,21,2,2025-04-13,2025-04-20,Abdominal Pain,Referral,No
2198,894,18,7,2022-05-05,2022-05-18,Flu,Transfer,No
2199,3166,36,1,2024-04-17,2024-05-01,Appendicitis,Transfer,No
2200,3798,72,2,2023-12-30,2024-01-06,Pneumonia,Referral,Yes
2201,4548,34,10,2023-12-24,2023-12-25,Stroke,Emergency,No
2202,2031,74,1,2025-04-03,2025-04-13,Pneumonia,Referral,No
2203,128,75,2,2025-03-31,2025-04-03,Skin Infection,Transfer,Yes
2204,68,19,5,2024-12-02,2024-12-08,Abdominal Pain,Referral,Yes
2205,2056,31,1,2024-12-18,2024-12-29,Flu,Scheduled,No
2206,2733,19,5,2022-01-23,2022-01-27,Pneumonia,Transfer,No
2207,4624,16,4,2025-01-04,2025-01-17,Diabetes,Emergency,No
2208,1522,68,9,2023-02-25,2023-03-10,Cancer,Emergency,No
2209,1596,2,4,2024-06-05,2024-06-13,Fracture,Emergency,Yes
2210,435,30,7,2025-02-25,2025-03-06,Migraine,Emergency,Yes
2211,3529,82,5,2024-08-30,2024-09-07,Kidney Stone,Transfer,Yes
2212,534,75,2,2025-08-17,2025-08-19,Stroke,Emergency,No
2213,105,63,4,2022-07-27,2022-08-06,Appendicitis,Emergency,No
2214,3974,38,7,2023-09-20,2023-09-26,Back Pain,Referral,Yes
2215,3576,76,7,2022-08-27,2022-09-01,Fracture,Transfer,No
2216,3857,27,7,2025-02-05,2025-02-16,Migraine,Scheduled,Yes
2217,2601,96,6,2024-04-26,2024-05-04,Asthma,Referral,No
2218,1340,73,2,2024-02-12,2024-02-15,Stroke,Transfer,Yes
2219,1345,92,5,2024-09-01,2024-09-05,Pneumonia,Referral,Yes
2220,4007,97,1,2023-01-26,2023-02-06,Flu,Emergency,Yes
2221,2675,53,4,2024-04-10,2024-04-23,Chest Pain,Emergency,No
2222,516,88,5,2023-04-24,2023-04-29,Fracture,Emergency,No
2223,3254,67,1,2025-08-28,2025-09-11,Fracture,Scheduled,No
2224,3152,89,4,2025-01-25,2025-01-27,Abdominal Pain,Transfer,Yes
2225,2902,93,7,2025-07-08,2025-07-10,Cancer,Emergency,No
2226,61,21,2,2025-10-26,2025-10-31,Pneumonia,Scheduled,No
2227,1969,57,4,2023-05-28,2023-06-09,Abdominal Pain,Scheduled,No
2228,2043,69,2,2022-04-03,2022-04-05,Fracture,Emergency,No
2229,1580,37,10,2022-06-03,2022-06-07,Chest Pain,Transfer,Yes
2230,3584,96,9,2022-10-20,2022-10-27,Diabetes,Emergency,Yes
2231,2351,60,5,2024-02-21,2024-02-24,Hypertension,Transfer,Yes
2232,2092,60,5,2025-01-08,2025-01-16,Back Pain,Scheduled,No
2233,2557,16,4,2023-07-29,2023-08-12,Chest Pain,Referral,No
2234,2502,58,3,2023-02-02,2023-02-04,Abdominal Pain,Emergency,No
2235,4194,69,2,2023-11-01,2023-11-11,Pneumonia,Transfer,No
2236,1896,61,7,2025-07-28,2025-08-09,Hypertension,Emergency,No
2237,1832,71,5,2023-02-03,2023-02-04,Diabetes,Referral,No
2238,3883,65,8,2022-08-02,2022-08-09,Chest Pain,Transfer,Yes
2239,4253,68,9,2022-04-07,2022-04-18,Kidney Stone,Referral,Yes
2240,4164,88,5,2025-06-25,2025-06-26,Kidney Stone,Scheduled,No
2241,2330,52,5,2023-01-14,2023-01-23,Skin Infection,Scheduled,No
2242,538,60,5,2023-02-25,2023-03-02,Stroke,Transfer,Yes
2243,4466,59,1,2023-03-22,2023-04-04,Kidney Stone,Transfer,Yes
2244,641,34,10,2025-03-01,2025-03-05,Stroke,Emergency,Yes
2245,1557,58,3,2022-10-01,2022-10-14,Pneumonia,Scheduled,Yes
2246,2503,44,4,2022-01-14,2022-01-25,Fracture,Emergency,Yes
2247,2271,73,2,2022-08-18,2022-08-29,Diabetes,Transfer,No
2248,4015,53,4,2023-06-07,2023-06-17,Pneumonia,Transfer,Yes
2249,4595,89,4,2024-04-13,2024-04-22,Kidney Stone,Emergency,Yes
2250,1916,94,2,2024-08-30,2024-09-10,Pneumonia,Scheduled,No
2251,4575,14,10,2025-02-17,2025-02-19,Chest Pain,Referral,Yes
2252,4749,24,1,2024-01-18,2024-01-30,Skin Infection,Scheduled,Yes
2253,1433,12,10,2023-02-14,2023-02-21,Appendicitis,Emergency,No
2254,421,84,1,2023-05-04,2023-05-08,Skin Infection,Referral,Yes
2255,3880,98,7,2024-12-03,2024-12-11,Asthma,Emergency,Yes
2256,4186,64,1,2023-09-27,2023-10-07,Hypertension,Transfer,Yes
2257,3389,89,4,2025-11-05,2025-11-10,Skin Infection,Emergency,Yes
2258,2774,89,4,2022-03-04,2022-03-08,Cancer,Emergency,No
2259,3939,69,2,2022-06-02,2022-06-05,Skin Infection,Scheduled,No
2260,4994,82,5,2023-03-30,2023-04-09,Abdominal Pain,Referral,Yes
2261,475,100,3,2025-02-13,2025-02-16,Kidney Stone,Scheduled,No
2262,4235,13,6,2023-07-15,2023-07-22,Cancer,Referral,Yes
2263,4863,41,6,2023-05-17,2023-05-31,Kidney Stone,Transfer,Yes
2264,1991,100,3,2022-12-24,2022-12-25,Appendicitis,Scheduled,No
2265,4192,54,1,2022-07-23,2022-08-06,Abdominal Pain,Emergency,No
2266,3538,87,4,2022-11-23,2022-11-27,Hypertension,Transfer,No
2267,4527,4,2,2022-05-13,2022-05-24,Cancer,Referral,No
2268,4025,5,5,2022-06-23,2022-06-28,Stroke,Emergency,Yes
2269,4599,1,6,2023-06-07,2023-06-12,Appendicitis,Emergency,Yes
2270,305,72,2,2023-02-17,2023-03-02,Asthma,Scheduled,No
2271,4494,58,3,2023-09-22,2023-10-01,Chest Pain,Transfer,Yes
2272,1754,58,3,2025-01-20,2025-01-31,Skin Infection,Transfer,Yes
2273,3930,29,8,2022-09-24,2022-10-07,Appendicitis,Transfer,No
2274,208,91,8,2024-05-01,2024-05-14,Fracture,Referral,Yes
2275,1968,53,4,2025-02-15,2025-02-25,Flu,Emergency,No
2276,2947,99,10,2024-08-29,2024-09-03,Diabetes,Transfer,No
2277,1797,54,1,2024-04-08,2024-04-20,Fracture,Scheduled,No
2278,3044,54,1,2022-06-25,2022-07-09,Skin Infection,Referral,No
2279,1814,44,4,2024-09-13,2024-09-21,Appendicitis,Transfer,No
2280,4611,18,7,2025-11-10,2025-11-20,Migraine,,Yes
2281,3392,10,10,2025-01-02,2025-01-13,Back Pain,Scheduled,No
2282,2390,40,1,2025-01-13,2025-01-23,Back Pain,Scheduled,Yes
2283,3092,5,5,2023-08-01,2023-08-04,Migraine,Referral,No
2284,36,24,1,2023-12-21,2024-01-04,Flu,Transfer,No
2285,510,20,1,2022-09-04,2022-09-12,Kidney Stone,Scheduled,No
2286,4815,72,2,2025-01-24,2025-01-26,Back Pain,Transfer,Yes
2287,28,30,7,2024-06-16,2024-06-28,Asthma,Scheduled,Yes
2288,4826,38,7,2022-01-06,2022-01-10,Flu,Emergency,No
2289,1753,63,4,2023-06-08,2023-06-10,Abdominal Pain,Scheduled,No
2290,4497,2,4,2024-11-15,2024-11-27,Asthma,Referral,No
2291,985,2,4,2024-12-09,2024-12-16,Kidney Stone,Emergency,No
2292,26,64,1,2024-10-25,2024-10-29,Cancer,Scheduled,Yes
2293,1925,17,2,2025-06-28,2025-07-03,Hypertension,Scheduled,No
2294,3008,76,7,2023-08-19,2023-08-22,Chest Pain,Emergency,Yes
2295,3306,48,10,2024-07-07,2024-07-13,Chest Pain,Referral,No
2296,2469,67,1,2024-02-14,2024-02-18,Abdominal Pain,Scheduled,Yes
2297,89,88,5,2025-09-26,2025-10-04,Abdominal Pain,Emergency,No
2298,3231,8,1,2023-11-22,2023-11-28,Appendicitis,Scheduled,No
2299,949,7,4,2025-03-17,2025-03-24,Hypertension,Emergency,No
2300,3110,15,9,2024-04-15,2024-04-28,Abdominal Pain,Emergency,No
2301,1587,11,9,2024-06-21,2024-06-28,Asthma,Emergency,Yes
2302,2403,38,7,2025-11-21,2025-11-27,Asthma,Transfer,Yes
2303,4181,11,9,2023-08-24,2023-08-28,Fracture,Transfer,No
2304,2689,59,1,2023-11-12,2023-11-26,Kidney Stone,Referral,No
2305,3222,3,3,2024-02-27,2024-03-07,Fracture,Referral,Yes
2306,3424,3,3,2024-02-03,2024-02-07,Fracture,Scheduled,No
2307,4981,91,8,2025-04-20,2025-04-27,Cancer,Transfer,No
2308,412,70,6,2025-12-13,2025-12-26,Flu,Emergency,No
2309,2624,67,1,2025-02-12,2025-02-13,Migraine,Emergency,No
2310,161,25,10,2024-05-08,2024-05-12,Migraine,Transfer,No
2311,2734,14,10,2022-10-10,2022-10-23,Stroke,Transfer,Yes
2312,4619,31,1,2024-07-10,2024-07-20,Hypertension,Scheduled,Yes
2313,4976,27,7,2022-02-15,2022-02-25,Abdominal Pain,Referral,No
2314,1765,9,5,2025-11-06,2025-11-09,Diabetes,Scheduled,No
2315,2651,43,1,2024-06-19,2024-06-29,Cancer,Emergency,Yes
2316,3895,24,1,2023-12-03,2023-12-10,Asthma,Transfer,Yes
2317,2045,8,1,2024-02-21,2024-03-03,Fracture,Transfer,No
2318,3660,68,9,2023-02-10,2023-02-18,Stroke,Emergency,No
2319,895,7,4,2023-08-07,2023-08-09,Fracture,Transfer,No
2320,3731,62,8,2024-02-17,2024-02-25,Cancer,Referral,Yes
2321,1054,93,7,2022-09-29,2022-10-04,Flu,Transfer,No
2322,1787,60,5,2022-06-12,2022-06-22,Asthma,Transfer,No
2323,2691,100,3,2024-07-13,2024-07-23,Diabetes,Scheduled,Yes
2324,4955,40,1,2023-11-17,2023-11-22,Abdominal Pain,Emergency,Yes
2325,4409,91,8,2025-07-03,2025-07-15,Migraine,Referral,Yes
2326,4587,95,1,2024-12-18,2024-12-21,Asthma,Transfer,No
2327,4682,36,1,2022-09-05,2022-09-09,Abdominal Pain,Transfer,No
2328,3989,35,1,2025-01-23,2025-02-01,Asthma,Transfer,Yes
2329,4255,99,10,2024-09-07,2024-09-16,Asthma,Scheduled,Yes
2330,2434,16,4,2025-01-09,2025-01-21,Fracture,Referral,Yes
2331,2338,79,7,2022-04-19,2022-04-30,Migraine,Referral,No
2332,3822,36,1,2023-01-17,2023-01-25,Hypertension,Transfer,Yes
2333,2968,39,4,2023-07-13,2023-07-19,Stroke,Scheduled,No
2334,4594,53,4,2022-05-11,2022-05-12,Cancer,Referral,No
2335,3769,84,1,2022-12-01,2022-12-10,Appendicitis,Referral,Yes
2336,3739,41,6,2022-07-05,2022-07-19,Cancer,Scheduled,Yes
2337,2069,49,6,2022-01-15,2022-01-19,Appendicitis,Scheduled,Yes
2338,1871,41,6,2024-04-27,2024-05-06,Cancer,Emergency,Yes
2339,4587,84,1,2025-08-17,2025-08-23,Skin Infection,Transfer,No
2340,3761,1,6,2024-08-19,2024-08-25,Hypertension,Emergency,Yes
2341,4717,84,1,2025-10-08,2025-10-18,Fracture,Scheduled,No
2342,3226,58,3,2025-06-07,2025-06-15,Stroke,Referral,No
2343,2006,12,10,2024-09-08,2024-09-21,Appendicitis,Emergency,No
2344,1486,53,4,2024-04-12,2024-04-24,Appendicitis,Transfer,Yes
2345,3308,30,7,2023-04-09,2023-04-22,Skin Infection,Transfer,Yes
2346,4376,16,4,2023-05-11,2023-05-12,Fracture,Scheduled,No
2347,1064,39,4,2025-11-03,2025-11-17,Cancer,Transfer,No
2348,224,79,7,2023-06-02,2023-06-09,Asthma,Referral,No
2349,4646,63,4,2024-07-15,2024-07-16,Kidney Stone,Referral,Yes
2350,3229,39,4,2023-07-05,,Fracture,Referral,No
2351,2354,14,10,2022-09-28,2022-09-30,Abdominal Pain,Transfer,No
2352,1396,7,4,2025-01-12,2025-01-23,Hypertension,Emergency,Yes
2353,4351,79,7,2023-05-27,2023-06-01,Back Pain,Scheduled,Yes
2354,194,87,4,2025-04-21,2025-04-24,Flu,Emergency,No
2355,2017,50,3,2023-10-21,2023-10-22,Migraine,Referral,No
2356,4298,55,3,2025-06-21,2025-06-28,Cancer,Emergency,Yes
2357,653,77,6,2022-12-13,2022-12-17,Fracture,Emergency,No
2358,1090,39,4,2022-01-30,2022-02-04,Back Pain,Emergency,No
2359,3737,42,10,2024-11-18,2024-11-30,Migraine,Scheduled,No
2360,3467,67,1,2024-05-04,2024-05-18,Diabetes,Scheduled,No
2361,3679,94,2,2025-03-14,2025-03-26,Flu,Scheduled,Yes
2362,1854,31,1,2023-11-05,2023-11-12,Flu,Referral,Yes
2363,164,12,10,2025-02-03,2025-02-08,Migraine,Referral,No
2364,3226,49,6,2022-06-21,2022-06-28,Flu,Scheduled,No
2365,435,94,2,2024-04-28,2024-05-03,Diabetes,Emergency,Yes
2366,638,69,2,2023-09-21,2023-09-23,Abdominal Pain,Transfer,Yes
2367,1480,82,5,2024-04-15,2024-04-21,Flu,Scheduled,Yes
2368,2095,82,5,2024-05-26,2024-06-01,Stroke,Referral,No
2369,3519,96,2,2022-09-19,2022-10-03,Abdominal Pain,Emergency,Yes
2370,4438,36,1,2024-04-22,2024-04-30,Abdominal Pain,Scheduled,No
2371,2133,39,4,2025-10-14,2025-10-15,Diabetes,Scheduled,Yes
2372,2459,87,4,2023-03-07,2023-03-21,Chest Pain,Scheduled,No
2373,2148,24,1,2023-12-04,2023-12-15,Stroke,Transfer,Yes
2374,4366,86,3,2024-05-15,2024-05-28,Stroke,Emergency,No
2375,4188,11,9,2023-05-24,2023-06-06,Skin Infection,Referral,No
2376,2729,10,10,2023-05-17,2023-05-29,Kidney Stone,Referral,Yes
2377,3795,87,4,2023-07-14,2023-07-24,Diabetes,Referral,Yes
2378,3067,90,9,2025-01-02,2025-01-05,Abdominal Pain,Referral,Yes
2379,2833,86,3,2023-10-08,2023-10-21,Migraine,Transfer,No
2380,640,17,2,2022-05-02,2022-05-09,Cancer,Emergency,No
2381,891,13,6,2025-07-02,2025-07-15,Stroke,Referral,No
2382,1791,82,5,2024-06-19,2024-06-22,Chest Pain,Scheduled,Yes
2383,1901,16,4,2023-10-09,2023-10-18,Migraine,Transfer,No
2384,1867,98,7,2025-05-05,2025-05-18,Migraine,Referral,Yes
2385,4482,3,3,2025-11-09,2025-11-15,Migraine,Emergency,Yes
2386,4788,22,5,2023-03-08,2023-03-10,Cancer,Referral,Yes
2387,3869,72,2,2024-10-13,2024-10-17,Hypertension,Referral,Yes
2388,4767,4,2,2022-03-19,2022-03-23,Kidney Stone,Referral,Yes
2389,1526,96,10,2022-11-22,2022-11-29,Pneumonia,Emergency,No
2390,2985,99,10,2025-12-23,2025-12-29,Stroke,Referral,No
2391,1210,65,8,2023-09-10,2023-09-20,Appendicitis,Referral,No
2392,2828,94,2,2024-06-25,2024-07-04,Stroke,Scheduled,Yes
2393,4869,32,9,2025-05-18,2025-05-28,Kidney Stone,Referral,Yes
2394,587,4,2,2025-03-30,2025-04-10,Chest Pain,Emergency,No
2395,3645,71,5,2024-06-19,2024-06-28,Back Pain,Scheduled,Yes
2396,4636,44,4,2024-09-14,2024-09-17,Stroke,Scheduled,No
2397,4247,26,8,2022-01-25,2022-02-05,Flu,Emergency,No
2398,2961,81,1,2025-08-10,2025-08-20,Flu,Referral,No
2399,146,58,3,2023-08-22,2023-08-28,Flu,Transfer,Yes
2400,2617,87,4,2024-02-12,2024-02-23,Appendicitis,Emergency,Yes
2401,1283,58,3,2022-07-23,2022-08-01,Kidney Stone,Transfer,No
2402,4264,58,3,2023-11-04,2023-11-05,Kidney Stone,Emergency,Yes
2403,284,63,4,2023-12-01,2023-12-12,Back Pain,Scheduled,Yes
2404,2066,52,5,2025-04-13,2025-04-14,Back Pain,Transfer,No
2405,1706,75,2,2022-02-12,2022-02-23,Asthma,Referral,No
2406,3933,64,1,2023-01-25,2023-02-04,Pneumonia,Emergency,Yes
2407,2441,81,1,2023-06-08,2023-06-22,Back Pain,Referral,Yes
2408,3914,31,1,2025-07-25,2025-07-27,Cancer,Transfer,Yes
2409,4436,84,1,2025-07-02,2025-07-14,Abdominal Pain,Emergency,Yes
2410,554,24,1,2022-04-29,2022-05-12,Fracture,Transfer,No
2411,1473,79,7,2025-10-26,2025-11-06,Diabetes,Transfer,No
2412,1027,56,9,2022-06-19,2022-06-30,Kidney Stone,Transfer,No
2413,3444,36,1,2024-09-17,2024-09-19,Hypertension,Transfer,Yes
2414,2840,24,1,2024-06-26,2024-07-02,Asthma,Referral,Yes
2415,205,70,6,2023-05-23,2023-05-25,Abdominal Pain,Scheduled,Yes
2416,43,10,10,2024-03-02,2024-03-04,Abdominal Pain,Scheduled,Yes
2417,743,43,1,2022-11-21,2022-12-01,Back Pain,Emergency,Yes
2418,4033,38,7,2022-05-23,2022-06-05,Stroke,Transfer,No
2419,2194,27,7,2022-03-19,2022-03-28,Asthma,Emergency,No
2420,1216,72,2,2025-09-20,2025-09-24,Diabetes,Transfer,No
2421,1150,28,8,2022-09-25,2022-10-09,Migraine,Transfer,No
2422,2301,61,7,2022-08-25,2022-08-26,Asthma,Emergency,No
2423,503,56,9,2024-07-19,2024-07-30,Fracture,Transfer,No
2424,4329,69,2,2025-06-20,2025-06-23,Diabetes,Referral,Yes
2425,4452,16,4,2022-03-22,2022-03-23,Appendicitis,Scheduled,Yes
2426,4127,85,2,2023-06-11,2023-06-19,Cancer,Emergency,Yes
2427,779,59,1,2022-05-05,2022-05-17,Chest Pain,Transfer,No
2428,3809,82,5,2025-10-20,2025-10-27,,Referral,No
2429,3724,97,6,2024-07-10,2024-07-20,Hypertension,Scheduled,Yes
2430,3265,81,1,2024-08-02,2024-08-16,Stroke,Referral,No
2431,4008,78,5,2022-06-20,2022-07-04,Hypertension,Scheduled,No
2432,4336,37,10,2025-01-10,2025-01-22,Flu,Transfer,No
2433,1330,28,8,2022-03-30,2022-04-08,Hypertension,EMERGENCY,No
2434,1754,25,10,2023-06-26,2023-06-30,Hypertension,Referral,Yes
2435,214,60,5,2022-03-08,2022-03-09,Hypertension,Scheduled,No
2436,3839,45,4,2023-11-23,2023-11-28,Appendicitis,Referral,Yes
2437,3557,38,7,2025-12-27,2025-12-29,Asthma,Scheduled,Yes
2438,2798,11,9,2022-08-02,2022-08-10,Flu,Scheduled,Yes
2439,432,25,10,2023-12-16,2023-12-25,Pneumonia,Emergency,No
2440,1436,50,3,2023-04-07,2023-04-18,Fracture,Emergency,Yes
2441,2116,71,5,2025-07-29,2025-08-09,Hypertension,Transfer,Yes
2442,880,22,5,2024-01-23,2024-02-01,Hypertension,Referral,No
2443,1898,8,1,2024-03-25,2024-03-31,Abdominal Pain,Transfer,No
2444,1040,12,10,2022-07-24,2022-07-27,Appendicitis,Emergency,No
2445,4232,14,10,2022-01-02,2022-01-12,Skin Infection,Emergency,No
2446,3405,55,3,2023-04-23,2023-04-29,Pneumonia,Emergency,No
2447,1248,54,1,2024-09-18,2024-09-22,Flu,Transfer,Yes
2448,596,2,4,2024-07-14,2024-07-27,Hypertension,Transfer,No
2449,4309,83,10,2024-06-06,2024-06-11,Asthma,Referral,Yes
2450,2383,61,7,2023-04-27,2023-05-03,Flu,Referral,No
2451,4500,73,2,2023-11-19,2023-11-23,Abdominal Pain,Transfer,No
2452,1522,44,4,2022-12-20,2022-12-26,Appendicitis,Transfer,No
2453,4411,75,2,2025-03-12,2025-03-23,Stroke,Transfer,No
2454,1812,88,5,2025-03-18,2025-03-24,Diabetes,Transfer,No
2455,279,29,8,2022-11-26,2022-12-07,Abdominal Pain,Scheduled,No
2456,247,13,6,2023-06-27,2023-07-08,Stroke,Emergency,No
2457,507,87,4,2024-06-19,2024-07-02,Abdominal Pain,Emergency,No
2458,800,80,8,2025-06-03,2025-06-10,Stroke,Scheduled,Yes
2459,1832,8,1,2025-08-25,2025-08-30,Appendicitis,Transfer,Yes
2460,2759,92,5,2025-04-25,2025-05-02,Diabetes,Emergency,No
2461,4986,91,8,2023-12-07,2023-12-18,Abdominal Pain,,Yes
2462,4138,100,3,2023-08-20,2023-08-22,Asthma,Scheduled,Yes
2463,3559,24,1,2025-01-26,2025-02-07,Kidney Stone,Emergency,No
2464,3348,51,9,2022-04-20,2022-05-01,Flu,Scheduled,Yes
2465,4717,69,2,2022-04-29,2022-05-05,Diabetes,Scheduled,No
2466,1639,36,1,2025-03-08,2025-03-12,Asthma,Scheduled,No
2467,3565,68,9,2022-05-06,2022-05-18,Back Pain,Transfer,No
2468,2039,37,10,2024-09-24,2024-09-27,Migraine,Referral,Yes
2469,3477,60,5,2024-03-04,2024-03-07,Diabetes,Transfer,No
2470,1978,3,3,2025-06-18,2025-06-25,Migraine,Transfer,No
2471,1069,78,5,2025-08-04,2025-08-08,Pneumonia,Transfer,Yes
2472,2473,67,1,2024-09-16,2024-09-17,Cancer,Scheduled,No
2473,854,54,1,2025-10-08,2025-10-11,Skin Infection,Emergency,No
2474,2855,34,10,2024-12-13,2024-12-26,Pneumonia,Transfer,Yes
2475,3589,62,8,2023-02-26,2023-03-02,Diabetes,Scheduled,No
2476,4270,13,6,2022-09-25,2022-10-06,Kidney Stone,Transfer,No
2477,3297,29,8,2023-06-29,2023-06-30,Migraine,Emergency,No
2478,2067,34,10,2024-08-15,2024-08-22,Chest Pain,Scheduled,Yes
2479,2486,52,5,2025-06-05,2025-06-12,Skin Infection,Referral,Yes
2480,3377,76,7,2022-12-31,2023-01-02,Appendicitis,Referral,Yes
2481,3780,14,10,2023-05-22,2023-05-28,Stroke,Scheduled,No
2482,2685,34,10,2025-08-08,2025-08-16,Hypertension,Referral,Yes
2483,189,46,9,2024-06-19,2024-06-24,Abdominal Pain,Referral,Yes
2484,3971,54,1,2024-05-09,2024-05-14,Skin Infection,Transfer,No
2485,943,29,8,2025-01-22,2025-02-02,Fracture,Emergency,Yes
2486,3737,56,9,2022-04-06,2022-04-14,Skin Infection,Scheduled,Yes
2487,2869,78,5,2023-08-10,2023-08-19,Pneumonia,Scheduled,No
2488,2969,17,2,2023-08-11,2023-08-25,Kidney Stone,Emergency,No
2489,127,85,2,2023-01-23,2023-01-29,Kidney Stone,Scheduled,No
2490,884,63,4,2024-05-18,2024-05-30,Flu,Referral,No
2491,3338,14,10,2023-06-21,2023-06-23,Diabetes,Emergency,Yes
2492,818,38,7,2025-10-11,2025-10-24,Appendicitis,Scheduled,Yes
2493,1388,74,1,2024-11-03,2024-11-17,Abdominal Pain,Scheduled,No
2494,4259,33,6,2023-07-31,2023-08-09,Back Pain,Emergency,Yes
2495,1104,59,1,2024-08-30,2024-09-01,Pneumonia,Transfer,No
2496,862,42,10,2024-02-28,2024-03-10,Skin Infection,Referral,Yes
2497,4929,1,6,2025-04-24,2025-04-26,Abdominal Pain,Transfer,No
2498,2224,63,4,2025-03-13,2025-03-18,Hypertension,Emergency,Yes
2499,236,97,9,2025-05-03,2025-05-15,Pneumonia,Scheduled,Yes
2500,3297,34,10,2022-07-18,2022-07-28,Cancer,Transfer,No
2501,4554,96,5,2022-03-09,2022-03-12,Stroke,Scheduled,No
2502,3448,33,6,2023-10-22,2023-10-25,Flu,Transfer,No
2503,4548,58,3,2022-09-23,2022-10-02,Hypertension,Scheduled,Yes
2504,4507,50,3,2023-10-18,2023-10-25,Pneumonia,Transfer,Yes
2505,110,71,5,2022-01-17,2022-01-23,Cancer,Emergency,Yes
2506,4307,99,10,2025-02-03,2025-02-12,Hypertension,Emergency,Yes
2507,1,1,6,2023-11-12,2023-11-16,Appendicitis,Scheduled,No
2508,4292,95,1,2024-09-08,2024-09-19,Pneumonia,Scheduled,Yes
2509,1562,2,4,2024-07-19,2024-07-21,Hypertension,Emergency,No
2510,4679,95,1,2022-12-15,2022-12-18,Fracture,Transfer,No
2511,3208,22,5,2022-08-20,2022-08-26,Migraine,Emergency,No
2512,556,75,2,2025-02-23,2025-02-24,Appendicitis,Emergency,Yes
2513,3722,94,2,2022-10-02,2022-10-12,Abdominal Pain,Scheduled,No
2514,1268,85,2,2025-02-18,2025-02-25,Fracture,Referral,Yes
2515,2510,75,2,2022-12-10,2022-12-22,Back Pain,Transfer,Yes
2516,4583,75,2,2025-07-28,2025-08-11,Skin Infection,Transfer,No
2517,2653,45,4,2025-06-01,2025-06-03,Hypertension,Scheduled,Yes
2518,1965,47,9,2024-01-14,2024-01-28,Skin Infection,Referral,No
2519,1217,66,10,2025-08-23,2025-08-27,Migraine,Transfer,Yes
2520,4225,78,5,2022-07-19,2022-07-26,Diabetes,Emergency,No
2521,2632,72,2,2024-09-26,2024-10-02,Fracture,Emergency,Yes
2522,4809,53,4,2022-06-26,2022-07-01,Stroke,Emergency,No
2523,529,55,3,2024-08-16,2024-08-26,Chest Pain,Scheduled,Yes
2524,1533,60,5,2025-05-05,2025-05-18,Back Pain,Emergency,No
2525,2690,34,10,2025-01-13,2025-01-15,Kidney Stone,Emergency,Yes
2526,3877,81,1,2022-11-28,2022-12-07,Migraine,Referral,No
2527,4392,95,1,2024-09-17,2024-09-22,Cancer,Referral,Yes
2528,362,74,1,2022-12-23,2022-12-30,Pneumonia,Transfer,No
2529,4425,3,3,2024-10-07,2024-10-18,Pneumonia,Emergency,Yes
2530,4567,82,5,2025-09-17,2025-09-18,Chest Pain,Transfer,Yes
2531,659,73,2,2024-10-16,2024-10-21,Flu,Scheduled,No
2532,3657,42,10,2025-11-05,2025-11-08,Abdominal Pain,Scheduled,No
2533,2817,90,9,2024-02-05,2024-02-19,Abdominal Pain,Transfer,Yes
2534,4483,35,1,2024-05-19,2024-06-02,Cancer,Emergency,Yes
2535,852,44,4,2025-11-23,2025-12-04,Skin Infection,Emergency,Yes
2536,1730,49,6,2022-11-09,2022-11-14,Stroke,Scheduled,No
2537,2339,62,8,2025-10-21,2025-10-22,Hypertension,Scheduled,No
2538,952,74,1,2025-11-19,2025-11-20,Asthma,Transfer,Yes
2539,2526,89,4,2023-07-06,2023-07-19,Asthma,Emergency,No
2540,3876,89,4,2024-09-19,2024-09-22,Flu,Referral,No
2541,3969,37,10,2024-07-27,2024-08-03,Fracture,Emergency,Yes
2542,2731,57,4,2022-09-28,2022-10-09,Skin Infection,Emergency,Yes
2543,466,5,5,2025-11-15,2025-11-29,Asthma,Scheduled,No
2544,3770,40,1,2025-07-09,2025-07-22,Abdominal Pain,Emergency,Yes
2545,2164,100,3,2022-10-03,2022-10-04,Abdominal Pain,Scheduled,Yes
2546,1596,2,4,2023-10-10,2023-10-23,Flu,Transfer,No
2547,3742,32,9,2023-03-16,2023-03-29,Flu,Transfer,Yes
2548,4107,62,8,2024-02-14,2024-02-20,Appendicitis,Referral,No
2549,2843,18,7,2023-11-11,2023-11-20,Asthma,Referral,No
2550,4429,47,9,2022-02-20,2022-03-04,Asthma,Transfer,No
2551,4104,62,8,2024-12-11,2024-12-14,Abdominal Pain,Transfer,No
2552,4180,61,7,2022-08-17,2022-08-21,Hypertension,Emergency,Yes
2553,1440,44,4,2023-12-23,2023-12-28,Asthma,Referral,No
2554,2043,31,1,2023-08-09,2023-08-17,Cancer,Referral,Yes
2555,4793,34,10,2025-07-25,2025-08-05,Skin Infection,Referral,No
2556,3729,1,6,2023-08-11,2023-08-25,Diabetes,Referral,No
2557,289,43,1,2025-09-26,2025-10-08,Asthma,Scheduled,Yes
2558,3952,6,3,2024-05-25,2024-06-04,Back Pain,Referral,Yes
2559,538,67,1,2022-08-02,2022-08-12,Asthma,Emergency,Yes
2560,4382,83,10,2024-06-21,2024-07-05,Flu,Referral,No
2561,2669,73,2,2023-07-27,2023-07-30,Pneumonia,Emergency,Yes
2562,2017,83,10,2022-11-07,2022-11-12,Diabetes,Transfer,No
2563,714,11,9,2024-11-30,2024-12-01,Flu,Emergency,No
2564,3617,90,9,2024-08-01,2024-08-06,Flu,Scheduled,No
2565,423,34,10,2025-01-22,2025-02-01,Hypertension,Referral,Yes
2566,3593,13,6,2023-06-13,2023-06-17,Abdominal Pain,Transfer,No
2567,3853,33,6,2025-05-22,2025-05-26,Abdominal Pain,Referral,No
2568,3199,90,9,2024-11-24,2024-12-03,Cancer,Scheduled,No
2569,668,51,9,2025-07-18,2025-07-30,Diabetes,Transfer,No
2570,3139,40,1,2023-10-10,2023-10-19,Abdominal Pain,Emergency,No
2571,1549,11,9,2025-06-20,2025-06-27,Abdominal Pain,Referral,Yes
2572,552,89,4,2024-07-04,2024-07-18,Cancer,Emergency,Yes
2573,2632,25,10,2025-09-20,2025-09-22,Pneumonia,Transfer,Yes
2574,3036,41,6,2025-11-28,2025-12-12,Appendicitis,Referral,Yes
2575,1147,81,1,2024-12-24,2025-01-06,Back Pain,Referral,No
2576,3010,69,2,2024-06-23,2024-06-30,Cancer,Referral,No
2577,4631,13,6,2025-08-04,2025-08-07,Asthma,Emergency,Yes
2578,285,64,1,2024-11-27,2024-12-01,Appendicitis,Scheduled,Yes
2579,4262,89,4,2025-11-13,2025-11-17,Chest Pain,Referral,Yes
2580,1402,95,1,2023-04-29,2023-05-12,Stroke,Referral,No
2581,4776,92,5,2022-12-20,2022-12-24,Pneumonia,Referral,Yes
2582,1484,37,10,2023-12-13,2023-12-19,Flu,Transfer,Yes
2583,833,99,10,2024-02-24,2024-02-27,Kidney Stone,Transfer,No
2584,1702,43,1,2022-07-30,2022-08-12,Migraine,Scheduled,No
2585,1648,18,7,2024-10-12,2024-10-24,Hypertension,Scheduled,Yes
2586,817,60,5,2023-06-10,2023-06-21,Back Pain,Emergency,Yes
2587,4299,96,2,2022-04-02,2022-04-09,Hypertension,Transfer,No
2588,1904,38,7,2023-07-15,2023-07-19,Fracture,Referral,No
2589,17,24,1,2025-08-23,2025-09-04,Asthma,Scheduled,Yes
2590,3004,51,9,2023-07-23,2023-07-25,Stroke,Transfer,Yes
2591,4854,71,5,2025-09-21,2025-09-29,Hypertension,Scheduled,No
2592,1235,13,6,2024-01-08,2024-01-20,Stroke,Emergency,No
2593,1866,45,4,2022-07-15,2022-07-23,Pneumonia,Scheduled,No
2594,4157,47,9,2022-03-31,2022-04-05,Stroke,Referral,No
2595,1389,50,3,2022-04-16,2022-04-27,Back Pain,Scheduled,Yes
2596,2735,37,10,2025-09-03,2025-09-11,Pneumonia,Scheduled,Y
2597,292,41,6,2024-01-08,2024-01-21,Flu,Scheduled,Yes
2598,3323,10,10,2022-08-26,2022-08-30,Cancer,Emergency,Yes
2599,2182,47,9,2025-09-05,2025-09-14,Back Pain,Scheduled,No
2600,2981,82,5,2022-12-05,2022-12-09,Migraine,Emergency,No
2601,293,97,6,2024-05-07,2024-05-16,Kidney Stone,Scheduled,Yes
2602,2740,47,9,2024-01-03,2024-01-10,Fracture,Referral,Yes
2603,4308,99,10,2022-11-12,2022-11-21,Migraine,Scheduled,No
2604,2434,68,9,2024-03-08,2024-03-18,Skin Infection,,Yes
2605,2829,92,5,2024-01-07,2024-01-15,Stroke,Scheduled,Yes
2606,4298,1,6,2024-08-01,2024-08-11,Stroke,Scheduled,No
2607,3182,1,6,2025-03-29,2025-04-09,Migraine,Emergency,No
2608,2064,59,1,2024-01-29,2024-01-30,Diabetes,Transfer,No
2609,128,43,1,2024-04-24,2024-05-05,Flu,Transfer,No
2610,2648,67,1,2025-05-04,2025-05-17,Cancer,Emergency,No
2611,2647,69,2,2024-03-23,2024-04-06,Cancer,Transfer,Yes
2612,1342,26,8,2022-12-13,2022-12-18,Pneumonia,Emergency,No
2613,1968,3,3,2022-05-06,2022-05-13,Fracture,Emergency,Yes
2614,305,55,3,2025-02-28,2025-03-08,Flu,Emergency,Yes
2615,3128,98,7,2023-05-11,2023-05-17,Cancer,Emergency,Yes
2616,2468,92,5,2022-10-29,2022-11-12,Hypertension,Scheduled,No
2617,892,18,7,2022-10-23,2022-10-27,Pneumonia,Transfer,Yes
2618,2209,1,6,2022-09-27,2022-10-08,Migraine,Referral,No
2619,1118,19,5,2023-06-20,2023-07-02,Cancer,Scheduled,Yes
2620,2354,31,1,2022-02-15,2022-02-18,Fracture,Scheduled,Yes
2621,124,4,2,2022-07-17,2022-07-21,Pneumonia,Transfer,Yes
2622,4462,85,2,2025-10-08,2025-10-11,Migraine,Scheduled,No
2623,503,83,10,2025-04-15,2025-04-29,Appendicitis,Emergency,Yes
2624,2750,30,7,2022-11-28,2022-12-08,Chest Pain,Transfer,Yes
2625,3971,53,4,2023-01-12,2023-01-22,Migraine,Referral,No
2626,4000,49,6,2023-08-09,2023-08-10,Back Pain,Transfer,No
2627,4752,47,9,2023-03-18,2023-03-25,Diabetes,Referral,Yes
2628,4521,25,10,2022-01-01,2022-01-12,Appendicitis,Emergency,Yes
2629,3213,32,9,2023-05-02,2023-05-09,Hypertension,Scheduled,No
2630,1538,16,4,2023-11-16,2023-11-23,Appendicitis,Scheduled,No
2631,565,63,4,2023-02-10,2023-02-17,Pneumonia,Scheduled,No
2632,2632,77,6,2025-10-01,2025-10-10,Cancer,Transfer,No
2633,3727,26,8,2025-01-18,2025-01-30,Stroke,Scheduled,No
2634,1592,65,8,2022-11-16,2022-11-18,Migraine,Transfer,Yes
2635,4867,21,2,2022-12-06,2022-12-09,Pneumonia,Scheduled,Yes
2636,4277,93,7,2022-06-19,2022-06-23,Skin Infection,Referral,Yes
2637,1339,28,8,2023-11-23,2023-12-03,Hypertension,Transfer,Yes
2638,3976,88,5,2022-02-26,2022-03-11,Cancer,Referral,Yes
2639,786,36,1,2023-09-05,2023-09-07,Pneumonia,Referral,No
2640,1315,24,1,2025-04-23,2025-04-26,Migraine,Referral,No
2641,3628,87,4,2022-02-23,2022-03-04,Abdominal Pain,Scheduled,Yes
2642,2855,5,5,2023-07-27,2023-08-03,Back Pain,Scheduled,Yes
2643,1611,83,10,2024-07-29,2024-08-03,Diabetes,Referral,Yes
2644,2802,71,5,2023-04-25,2023-04-29,Stroke,Transfer,No
2645,653,94,2,2025-06-02,2025-06-03,Chest Pain,Scheduled,Yes
2646,4746,82,5,2023-07-03,2023-07-09,Skin Infection,Transfer,No
2647,4673,45,4,2022-05-02,2022-05-11,Stroke,Scheduled,No
2648,3908,17,2,2023-04-06,2023-04-09,Stroke,Scheduled,Yes
2649,47,62,8,2022-01-10,2022-01-19,Asthma,Emergency,No
2650,4940,39,4,2024-10-27,2024-11-10,Migraine,Transfer,No
2651,2336,60,5,2025-07-14,2025-07-27,Chest Pain,Scheduled,Yes
2652,2203,71,5,2023-05-27,2023-06-08,Chest Pain,Transfer,No
2653,339,72,2,2025-07-30,2025-08-12,Asthma,Scheduled,Yes
2654,3753,85,2,2022-01-02,2022-01-14,Pneumonia,Referral,Yes
2655,3023,82,5,2025-09-30,2025-10-12,Migraine,Emergency,Yes
2656,509,97,6,2023-12-29,2024-01-10,Asthma,Scheduled,No
2657,588,19,5,2024-05-15,2024-05-26,Asthma,Transfer,No
2658,4157,4,2,2025-08-18,2025-08-28,Flu,Referral,Yes
2659,2565,73,2,2024-04-03,2024-04-08,Appendicitis,Emergency,Yes
2660,1642,55,3,2023-07-01,2023-07-04,Flu,Referral,No
2661,1627,92,5,2022-11-16,2022-11-17,Asthma,Referral,No
2662,1843,18,7,2024-04-15,2024-04-26,Diabetes,Referral,Yes
2663,2445,8,1,2025-11-25,2025-12-06,Back Pain,Scheduled,No
2664,584,45,4,2022-11-02,2022-11-16,Stroke,Referral,Yes
2665,982,6,3,2025-05-31,2025-06-02,Chest Pain,Transfer,Yes
2666,248,80,8,2024-01-18,2024-01-22,Stroke,Emergency,Yes
2667,1340,47,9,2022-12-01,2022-12-13,Flu,Transfer,No
2668,4805,57,4,2023-07-31,2023-08-08,Skin Infection,Transfer,Yes
2669,3563,57,4,2025-08-25,2025-09-05,Abdominal Pain,Transfer,No
2670,2309,21,2,2024-11-02,2024-11-09,Abdominal Pain,Scheduled,Yes
2671,3824,85,2,2022-03-03,2022-03-11,Skin Infection,Emergency,Yes
2672,567,94,2,2022-03-17,2022-03-19,Pneumonia,Referral,No
2673,4291,99,10,2022-01-19,2022-01-25,Asthma,Referral,Yes
2674,859,15,9,2024-11-08,2024-11-16,Migraine,Emergency,Yes
2675,2290,33,6,2025-04-11,2025-04-13,Flu,Emergency,Yes
2676,3599,22,5,2025-12-01,2025-12-05,Stroke,Emergency,No
2677,4670,23,2,2022-03-05,2022-03-10,Cancer,Scheduled,Yes
2678,3394,38,7,2022-04-26,2022-05-01,Diabetes,Scheduled,Yes
2679,484,59,1,2022-03-24,2022-04-04,Flu,Referral,Yes
2680,615,4,2,2023-12-14,2023-12-20,Kidney Stone,Emergency,Yes
2681,723,47,9,2024-12-05,2024-12-14,Appendicitis,Referral,Yes
2682,3171,54,1,2022-02-01,2022-02-14,Asthma,Transfer,No
2683,949,35,1,2022-08-26,2022-08-31,Skin Infection,Scheduled,No
2684,590,43,1,2024-04-05,2024-04-06,Cancer,Referral,Yes
2685,2178,93,7,2022-09-27,2022-10-05,Appendicitis,Emergency,Yes
2686,533,44,4,2023-04-17,2023-04-26,Asthma,Emergency,Yes
2687,2744,16,4,2022-08-29,2022-08-31,Back Pain,Transfer,Yes
2688,3858,13,6,2023-06-09,2023-06-13,Kidney Stone,Referral,Yes
2689,2157,15,9,2022-03-15,2022-03-22,Diabetes,Transfer,No
2690,86,81,1,2023-06-06,2023-06-18,Flu,Transfer,Yes
2691,2602,45,4,2023-03-18,2023-03-20,Flu,Emergency,No
2692,1639,64,1,2022-06-02,2022-06-05,Pneumonia,Emergency,No
2693,1189,42,10,2022-03-07,2022-03-16,Abdominal Pain,Referral,No
2694,1449,39,4,2022-02-10,2022-02-19,Skin Infection,Transfer,Yes
2695,4995,55,3,2025-10-12,2025-10-22,Pneumonia,Referral,Yes
2696,1924,53,4,2022-03-21,2022-03-23,Abdominal Pain,Emergency,Yes
2697,610,76,7,2022-07-21,2022-08-03,Stroke,Referral,Yes
2698,211,77,6,2025-06-05,2025-06-16,Skin Infection,Emergency,Yes
2699,3701,91,8,2022-08-15,2022-08-28,Cancer,Scheduled,Yes
2700,4230,67,1,2024-07-05,2024-07-19,Back Pain,Referral,Yes
2701,2748,91,8,2025-04-25,2025-05-09,Back Pain,Referral,Yes
2702,2916,34,10,2025-07-26,2025-07-30,Migraine,Referral,Yes
2703,1218,52,5,2024-05-23,2024-05-28,Abdominal Pain,Scheduled,No
2704,1990,69,2,2025-12-24,2025-12-31,Abdominal Pain,Transfer,No
2705,2282,71,5,2022-05-09,2022-05-11,Hypertension,Referral,Yes
2706,1402,73,2,2025-08-04,2025-08-16,Pneumonia,Transfer,Yes
2707,2221,25,10,2022-02-09,2022-02-21,Asthma,Transfer,No
2708,4078,80,8,2024-11-24,2024-11-28,Abdominal Pain,Transfer,No
2709,3759,65,8,2022-05-17,2022-05-18,Appendicitis,Emergency,Yes
2710,2060,7,4,2024-10-27,2024-11-06,Kidney Stone,Scheduled,No
2711,682,92,5,2025-11-23,2025-12-07,Back Pain,Scheduled,Yes
2712,796,46,9,2024-07-19,2024-07-29,Pneumonia,Emergency,Yes
2713,2040,56,9,2024-02-29,2024-03-02,Flu,Transfer,Yes
2714,133,11,9,2024-07-02,2024-07-16,Back Pain,Scheduled,No
2715,960,87,4,2022-10-15,2022-10-22,Abdominal Pain,Transfer,Yes
2716,4606,54,1,2025-04-16,2025-04-23,Kidney Stone,Emergency,Yes
2717,164,71,5,2023-07-09,2023-07-10,Abdominal Pain,Scheduled,Yes
2718,4653,24,1,2025-09-10,2025-09-21,Abdominal Pain,Transfer,No
2719,3961,28,8,2024-04-23,2024-04-24,Kidney Stone,Transfer,Yes
2720,1694,28,8,2025-04-09,2025-04-19,Abdominal Pain,Referral,Yes
2721,3205,51,9,2025-12-09,2025-12-16,Abdominal Pain,Transfer,No
2722,71,92,5,2023-11-29,2023-12-05,Hypertension,Emergency,Yes
2723,2784,7,4,2025-10-22,2025-11-01,Hypertension,Scheduled,Yes
2724,3409,81,1,2025-06-27,2025-06-30,Chest Pain,Emergency,Yes
2725,2880,48,10,2024-06-01,2024-06-06,Migraine,Emergency,No
2726,554,17,2,2023-06-20,2023-06-24,Asthma,Emergency,No
2727,395,48,10,2022-01-27,2022-02-08,Pneumonia,Emergency,No
2728,3269,12,10,2025-04-05,2025-04-07,Kidney Stone,Emergency,No
2729,4396,27,7,2024-04-25,2024-05-03,Skin Infection,Referral,Yes
2730,1942,18,7,2022-07-11,2022-07-19,Appendicitis,Referral,Yes
2731,975,99,10,2024-09-06,2024-09-13,Appendicitis,Referral,No
2732,191,89,4,2025-09-29,2025-10-12,Hypertension,Referral,Yes
2733,4045,44,4,2025-08-07,2025-08-21,Fracture,Emergency,No
2734,3652,46,9,2025-08-13,2025-08-24,Flu,Scheduled,Yes
2735,2640,7,4,2025-01-07,2025-01-11,Flu,Transfer,Yes
2736,1621,75,2,2022-05-01,2022-05-05,Asthma,Transfer,No
2737,4549,55,3,2024-06-24,2024-07-08,Chest Pain,Transfer,No
2738,3009,27,7,2023-10-28,2023-10-30,Back Pain,EMERGENCY,Yes
2739,2120,85,2,2025-12-01,2025-12-09,Migraine,Scheduled,N
2740,4068,1,6,2024-11-27,2024-11-29,Pneumonia,Emergency,No
2741,4471,6,3,2022-02-22,2022-02-26,Appendicitis,Emergency,Yes
2742,948,1,6,2023-05-26,2023-06-06,Pneumonia,Emergency,Yes
2743,1961,33,6,2022-07-18,2022-08-01,Kidney Stone,Transfer,Yes
2744,4893,88,5,2025-06-12,2025-06-13,Cancer,Transfer,No
2745,4007,91,8,2024-12-01,2024-12-10,Kidney Stone,Referral,Yes
2746,3282,52,5,2022-06-22,2022-07-02,Hypertension,Transfer,No
2747,2136,40,1,2023-06-29,2023-07-09,Hypertension,Referral,Yes
2748,4834,37,10,2025-10-07,2025-10-19,Back Pain,Transfer,Yes
2749,3557,83,10,2022-10-17,2022-10-20,Stroke,Scheduled,No
2750,3637,17,2,2024-06-02,2024-06-04,Hypertension,Referral,No
2751,309,22,5,2024-02-21,2024-02-22,Stroke,Scheduled,No
2752,3378,46,9,2023-11-10,2023-11-20,Pneumonia,Emergency,No
2753,3139,70,6,2024-11-04,2024-11-17,Asthma,Referral,Yes
2754,1573,86,3,2025-04-13,2025-04-21,Migraine,Referral,Yes
2755,4969,9,5,2024-12-26,2024-12-27,Pneumonia,Scheduled,No
2756,4559,57,4,2024-04-20,2024-04-22,Kidney Stone,Referral,No
2757,2090,29,8,2023-04-05,2023-04-16,Abdominal Pain,Transfer,Yes
2758,3095,99,10,2025-08-12,2025-08-23,Hypertension,Emergency,No
2759,3592,44,4,2023-04-02,2023-04-15,Stroke,Transfer,No
2760,3628,51,9,2023-03-19,2023-03-21,Skin Infection,Scheduled,No
2761,1473,91,8,2025-03-18,2025-03-19,Hypertension,Scheduled,No
2762,4864,22,5,2025-08-08,2025-08-16,Skin Infection,Referral,Y
2763,1661,38,7,2024-03-29,2024-04-10,Abdominal Pain,Emergency,No
2764,569,21,2,2022-08-17,2022-08-30,Flu,Transfer,No
2765,3304,95,1,2022-01-10,2022-01-24,Skin Infection,Transfer,Yes
2766,727,3,3,2024-02-14,2024-02-21,Flu,Referral,No
2767,4113,87,4,2022-11-24,2022-12-06,Migraine,Scheduled,No
2768,3454,47,9,2025-02-05,2025-02-08,Kidney Stone,Scheduled,No
2769,2053,90,9,2025-07-31,2025-08-01,Abdominal Pain,Referral,No
2770,2759,3,3,2025-11-12,2025-11-16,Back Pain,Transfer,Yes
2771,4318,26,8,2023-06-04,2023-06-11,Asthma,Emergency,Yes
2772,2110,38,7,2025-05-28,2025-06-06,Asthma, referral,Yes
2773,4957,92,5,2024-04-08,2024-04-21,Chest Pain,Scheduled,Yes
2774,4554,91,8,2023-04-02,2023-04-16,Diabetes,Referral,Yes
2775,182,62,8,2022-02-04,2022-02-12,Back Pain,Emergency,Yes
2776,2388,91,8,2024-12-15,2024-12-27,Appendicitis,Transfer,Yes
2777,621,46,9,2022-05-08,2022-05-17,Stroke,Scheduled,Yes
2778,2271,41,6,2022-05-25,2022-05-28,Cancer,Scheduled,No
2779,2844,35,1,2022-06-28,2022-07-07,Fracture,Scheduled,No
2780,4589,67,1,2022-08-10,2022-08-15,Abdominal Pain,Transfer,No
2781,1186,45,4,2022-02-18,2022-02-26,Kidney Stone,Referral,Yes
2782,4312,18,7,2022-04-04,2022-04-18,Fracture,Referral,Yes
2783,455,57,4,2024-11-07,2024-11-14,Appendicitis,Transfer,No
2784,2737,1,6,2022-03-12,2022-03-25,Chest Pain,Scheduled,No
2785,3967,82,5,2025-07-18,2025-08-01,Asthma,Emergency,Yes
2786,3216,58,3,2023-03-04,2023-03-08,Asthma,Emergency,No
2787,1481,33,6,2024-08-24,2024-08-29,Diabetes,Referral,Yes
2788,3560,95,1,2023-04-04,2023-04-07,Cancer,Referral,No
2789,3406,91,8,2022-05-12,2022-05-23,Migraine,Scheduled,No
2790,1984,54,1,2023-09-10,2023-09-19,Chest Pain,Emergency,No
2791,4322,21,2,2025-11-25,2025-12-03,Abdominal Pain,Referral,No
2792,3884,26,8,2022-05-04,2022-05-17,Asthma,Emergency,No
2793,3204,4,2,2022-06-13,2022-06-21,Abdominal Pain,Referral,Yes
2794,4879,49,6,2023-09-20,2023-09-21,Back Pain,Emergency,Yes
2795,4819,20,1,2023-11-02,2023-11-09,Abdominal Pain,Scheduled,No
2796,4920,84,1,2024-05-23,2024-06-06,Pneumonia,Transfer,Yes
2797,4562,61,7,2024-09-05,2024-09-13,Asthma,Referral,No
2798,2,18,7,2023-04-05,2023-04-10,Appendicitis,Emergency,No
2799,2823,15,9,2023-01-31,2023-02-08,Migraine,Emergency,Yes
2800,4356,83,10,2022-12-01,2022-12-08,Flu,Referral,No
2801,2801,24,1,2025-03-13,2025-03-17,Back Pain,Transfer,No
2802,2966,50,3,2023-01-02,2023-01-10,Chest Pain,Referral,No
2803,2118,2,4,2023-04-25,2023-05-08,Migraine,Scheduled,No
2804,2960,80,8,2024-01-04,2024-01-10,Fracture,Transfer,No
2805,1389,24,1,2025-11-05,2025-11-06,Flu,Referral,No
2806,276,43,1,2023-06-11,2023-06-16,Appendicitis,Transfer,No
2807,4132,91,8,2025-12-01,2025-12-05,Cancer,Emergency,Yes
2808,4606,94,2,2025-09-03,2025-09-11,Asthma,Scheduled,No
2809,512,35,1,2023-05-07,2023-05-16,Skin Infection,Referral,Yes
2810,4256,58,3,2022-05-09,2022-05-23,Back Pain,Referral,Yes
2811,2224,84,1,2025-08-21,2025-09-03,Migraine,Scheduled,Yes
2812,1077,75,2,2025-06-23,2025-07-05,Abdominal Pain,Transfer,Yes
2813,4499,41,6,2023-09-29,2023-10-04,Flu,Scheduled,No
2814,498,20,1,2025-06-14,2025-06-27,Migraine,Emergency,No
2815,3476,66,10,2024-12-11,2024-12-18,Stroke,Emergency,No
2816,3282,26,8,2023-06-07,2023-06-18,Pneumonia,Transfer,Yes
2817,2518,57,4,2024-08-11,2024-08-13,Diabetes,Referral,No
2818,4505,59,1,2023-02-01,2023-02-09,Kidney Stone,Emergency,No
2819,3332,16,4,2024-04-06,2024-04-09,Diabetes,Transfer,Yes
2820,3098,61,7,2022-06-25,2022-06-29,Stroke,Transfer,Yes
2821,517,38,7,2022-02-11,2022-02-23,Abdominal Pain,Scheduled,Yes
2822,4663,89,4,2022-08-29,2022-09-05,Asthma,Transfer,Yes
2823,3476,22,5,2023-09-29,2023-10-11,Abdominal Pain,Transfer,No
2824,3929,51,9,2022-12-19,2022-12-31,Diabetes,Scheduled,yes
2825,2557,60,5,2025-03-12,2025-03-23,Abdominal Pain,Scheduled,Yes
2826,2111,64,1,2024-04-09,2024-04-20,Back Pain,Transfer,No
2827,348,88,5,2024-07-22,2024-07-24,Asthma,Transfer,Yes
2828,2193,67,1,2025-09-25,2025-10-05,Chest Pain,Transfer,Yes
2829,2736,59,1,2025-01-04,2025-01-10,Stroke,Scheduled,Yes
2830,2585,20,1,2025-05-08,2025-05-17,Hypertension,Emergency,Yes
2831,2395,98,7,2022-05-24,2022-05-28,Kidney Stone,Transfer,Yes
2832,2058,44,4,2023-07-06,2023-07-09,Migraine,Transfer,Yes
2833,537,45,4,2023-10-07,2023-10-16,Pneumonia,Scheduled,Yes
2834,4566,15,9,2025-03-04,2025-03-10,Diabetes,Transfer,Yes
2835,4946,1,6,2024-07-12,2024-07-26,Hypertension,Transfer,No
2836,3868,84,1,2024-05-25,2024-06-05,Cancer,Scheduled,Yes
2837,1717,13,6,2024-03-12,2024-03-26,Migraine,Referral,Yes
2838,4535,26,8,2023-01-31,2023-02-07,Back Pain,Referral,Yes
2839,2858,42,10,2022-01-17,2022-01-31,Fracture,Referral,Yes
2840,1992,89,4,2022-12-25,2023-01-08,Stroke,Emergency,Yes
2841,822,21,2,2023-11-22,2023-11-27,Stroke,Transfer,No
2842,2683,99,10,2025-05-05,2025-05-07,Migraine,Referral,No
2843,3861,6,3,2023-04-22,2023-04-24,Stroke,Transfer,Yes
2844,2953,55,3,2024-12-27,2025-01-07,Stroke,Scheduled,No
2845,4521,26,8,2023-01-18,2023-01-19,Diabetes,Referral,Yes
2846,2702,40,1,2024-01-30,2024-02-06,Kidney Stone,Scheduled,No
2847,3858,79,7,2024-11-11,2024-11-20,Abdominal Pain,Scheduled,No
2848,4101,56,9,2023-04-27,2023-05-04,Abdominal Pain,Referral,No
2849,2535,75,2,2024-11-05,2024-11-07,Hypertension,Transfer,Yes
2850,1084,53,4,2024-07-07,2024-07-20,Fracture,Scheduled,Yes
2851,3089,91,8,2022-02-17,2022-02-22,Pneumonia,Referral,Yes
2852,4996,18,7,2022-06-06,2022-06-08,Cancer,Scheduled,No
2853,3661,34,10,2023-03-12,2023-03-23,Kidney Stone,Referral,Yes
2854,3530,78,5,2025-09-21,2025-09-29,Skin Infection,Scheduled,Yes
2855,4718,75,2,2023-03-01,2023-03-10,Appendicitis,Scheduled,Yes
2856,774,18,7,2022-02-07,2022-02-11,Skin Infection,Scheduled,Yes
2857,4813,97,10,2022-03-25,2022-03-27,Chest Pain,Emergency,No
2858,2863,39,4,2024-09-30,2024-10-07,Diabetes,Transfer,Yes
2859,3181,66,10,2022-03-12,2022-03-16,Hypertension,Referral,Yes
2860,51,42,10,2025-10-29,2025-11-10,Migraine,Transfer,Yes
2861,650,90,9,2023-02-15,2023-02-17,Flu,Referral,Yes
2862,1969,54,1,2022-01-02,2022-01-08,Appendicitis,Referral,Yes
2863,1522,14,10,2022-08-09,2022-08-11,Back Pain,,No
2864,4705,43,1,2025-06-22,2025-07-03,Stroke,Scheduled,Yes
2865,3883,77,6,2022-08-09,2022-08-19,Asthma,Emergency,Yes
2866,1925,49,6,2023-08-23,2023-08-25,Appendicitis,Transfer,No
2867,4662,17,2,2022-02-07,2022-02-21,Flu,Referral,No
2868,4441,82,5,2023-02-22,2023-03-07,Asthma,Emergency,Yes
2869,611,54,1,2024-11-30,2024-12-01,Diabetes,Emergency,No
2870,1776,95,1,2024-05-02,2024-05-03,Cancer,Transfer,No
2871,1723,78,5,2023-09-06,2023-09-12,Abdominal Pain,Scheduled,No
2872,4979,64,1,2023-03-02,2023-03-05,Hypertension,Emergency,No
2873,274,15,9,2024-02-01,2024-02-05,Chest Pain,Scheduled,Yes
2874,2940,29,8,2023-01-02,2023-01-15,Kidney Stone,Referral,No
2875,1416,40,1,2025-10-18,2025-10-27,Skin Infection,Emergency,No
2876,4882,64,1,2022-03-30,2022-04-04,Asthma,Referral,No
2877,2644,46,9,2022-07-19,2022-07-30,Asthma,Scheduled,Yes
2878,2317,5,5,2023-11-13,2023-11-26,Abdominal Pain,Transfer,No
2879,818,11,9,2025-08-04,2025-08-14,Fracture,Referral,Yes
2880,4644,13,6,2025-07-07,2025-07-08,Fracture,Emergency,No
2881,3280,64,1,2024-06-21,2024-07-02,Hypertension,Referral,Yes
2882,594,65,8,2023-11-12,2023-11-23,Skin Infection,Transfer,Yes
2883,2140,89,4,2023-01-23,2023-02-02,Migraine,Scheduled,Yes
2884,268,66,10,2025-10-18,2025-10-29,Skin Infection,Scheduled,No
2885,4423,82,5,2023-10-27,2023-11-04,Skin Infection,Scheduled,Yes
2886,1571,62,8,2022-02-18,2022-02-22,Appendicitis,Transfer,Yes
2887,677,20,1,2022-04-16,2022-04-22,Skin Infection,Transfer,No
2888,4255,46,9,2023-02-25,2023-03-09,Hypertension,Transfer,No
2889,4264,59,1,2025-02-02,2025-02-04,Kidney Stone,Scheduled,No
2890,184,93,7,2025-04-28,2025-05-04,Stroke,Emergency,No
2891,117,41,6,2022-04-28,2022-05-10,Diabetes,Emergency,Yes
2892,3165,10,10,2024-10-09,2024-10-10,Hypertension,Emergency,No
2893,4217,46,9,2023-09-16,2023-09-28,Abdominal Pain,Emergency,Yes
2894,1576,86,3,2023-05-29,2023-06-07,Back Pain,Emergency,Yes
2895,4774,37,10,2025-10-21,2025-10-27,Pneumonia,Referral,No
2896,2040,90,9,2025-03-17,2025-03-24,Pneumonia,Referral,No
2897,3534,11,9,2023-07-11,2023-07-16,Diabetes,Scheduled,No
2898,502,9,5,2022-04-30,2022-05-10,Fracture,Scheduled,Yes
2899,2731,19,5,2025-04-20,2025-04-25,Diabetes,Transfer,No
2900,898,15,9,2022-07-17,2022-07-31,Migraine,Scheduled,Yes
2901,2053,97,1,2025-05-11,2025-05-18,Stroke,Referral,Yes
2902,3370,10,10,2022-09-27,2022-09-29,Asthma,Transfer,No
2903,4230,12,10,2025-12-10,2025-12-24,Abdominal Pain,Emergency,Yes
2904,631,9,5,2022-12-04,2022-12-16,Fracture,Scheduled,Yes
2905,1005,54,1,2024-07-20,2024-07-30,Flu,Transfer,No
2906,3021,81,1,2024-03-10,2024-03-21,Appendicitis,Scheduled,Yes
2907,1814,71,5,2025-08-18,2025-08-31,Fracture,Transfer,No
2908,815,38,7,2023-05-09,2023-05-14,Migraine,Transfer,Yes
2909,1436,65,8,2022-02-16,2022-02-28,Appendicitis,Referral,Yes
2910,2571,26,8,2024-11-15,2024-11-26,Flu,Emergency,No
2911,3009,1,6,2025-06-13,2025-06-26,Back Pain,Referral,Yes
2912,4299,83,10,2022-05-21,2022-05-28,Skin Infection,Scheduled,No
2913,1249,43,1,2024-07-01,2024-07-09,Pneumonia,Emergency,Yes
2914,4112,63,4,2023-01-14,2023-01-22,Migraine,Emergency,Yes
2915,3054,75,2,2022-06-12,2022-06-18,Stroke,Transfer,Yes
2916,3057,44,4,2023-11-20,2023-11-22,Skin Infection,Referral,No
2917,3016,22,5,2025-06-29,2025-07-06,Migraine,Scheduled,No
2918,1152,18,7,2022-07-16,2022-07-24,Fracture,Scheduled,No
2919,1160,34,10,2024-12-10,2024-12-18,Back Pain,Scheduled,Yes
2920,1328,3,3,2022-11-14,2022-11-24,Diabetes,Transfer,Yes
2921,3146,41,6,2022-08-06,2022-08-17,Abdominal Pain,Scheduled,No
2922,1193,5,5,2023-10-02,2023-10-13,Chest Pain,Transfer,Yes
2923,2001,14,10,2023-08-19,2023-08-25,Kidney Stone,Transfer,Yes
2924,3055,30,7,2022-05-05,2022-05-09,Hypertension,Scheduled,No
2925,536,29,8,2022-02-02,2022-02-03,Diabetes,Emergency,Yes
2926,540,37,10,2024-05-18,2024-05-23,Flu,Referral,Yes
2927,686,37,10,2023-05-24,2023-06-01,Abdominal Pain,Transfer,Yes
2928,3042,43,1,2025-09-21,2025-10-01,Pneumonia,Scheduled,No
2929,3886,4,2,2025-09-14,2025-09-17,Asthma,Emergency,No
2930,4616,60,5,2024-03-29,2024-04-08,Back Pain,Transfer,No
2931,1506,45,4,2024-04-05,2024-04-16,Cancer,Transfer,No
2932,638,9,5,2023-03-10,2023-03-16,Hypertension,Transfer,No
2933,2376,80,8,2025-06-29,2025-07-06,Appendicitis,Scheduled,No
2934,3301,25,10,2023-03-22,2023-04-01,Asthma,Emergency,Yes
2935,3629,15,9,2022-08-06,2022-08-16,Flu,Referral,No
2936,2574,7,4,2025-09-09,2025-09-22,Chest Pain,Scheduled,Yes
2937,373,13,6,2022-05-16,2022-05-19,Back Pain,Transfer,Yes
2938,2310,19,5,2022-09-21,2022-10-03,Chest Pain,Scheduled,Yes
2939,1133,27,7,2025-02-04,2025-02-06,Kidney Stone,Referral,Yes
2940,1739,15,9,2024-04-12,2024-04-14,Asthma,Transfer,No
2941,2519,87,4,2023-09-22,2023-09-29,Cancer,Transfer,Yes
2942,3996,15,9,2022-08-18,2022-08-28,Skin Infection,Referral,Yes
2943,901,16,4,2024-01-28,2024-02-05,Skin Infection,Transfer,Yes
2944,1966,75,2,2022-05-03,2022-05-07,Appendicitis,Emergency,No
2945,3023,67,1,2024-03-31,2024-04-01,Pneumonia,Transfer,No
2946,1067,27,7,2024-04-05,2024-04-19,Pneumonia,Referral,No
2947,4174,69,2,2023-08-08,2023-08-20,Asthma,Scheduled,No
2948,567,36,1,2024-08-03,2024-08-14,Skin Infection,Transfer,No
2949,212,67,1,2025-10-04,2025-10-05,Chest Pain,Transfer,Yes
2950,553,64,1,2024-12-18,2024-12-23,Abdominal Pain,Referral,No
2951,403,8,1,2022-11-16,2022-11-28,Appendicitis,Referral,No
2952,1393,36,1,2023-09-21,2023-09-25,Appendicitis,Scheduled,No
2953,3193,55,3,2022-04-17,2022-04-22,Migraine,Transfer,No
2954,957,16,4,2025-01-07,2025-01-16,Diabetes,Transfer,Yes
2955,4310,22,5,2024-09-30,2024-10-12,Appendicitis,Scheduled,No
2956,3649,60,5,2023-08-14,2023-08-24,Asthma,Transfer,No
2957,3072,90,9,2022-09-14,2022-09-22,Back Pain,Scheduled,Yes
2958,839,82,5,2024-11-23,2024-12-07,Kidney Stone,Emergency,No
2959,3403,64,1,2023-11-01,2023-11-15,Migraine,Emergency,Yes
2960,2746,36,1,2025-07-09,2025-07-22,Flu,Referral,No
2961,3590,77,6,2024-07-24,2024-08-04,Kidney Stone,,No
2962,4925,93,7,2022-05-05,2022-05-13,Back Pain,Transfer,Yes
2963,2530,81,1,2025-08-03,2025-08-09,Chest Pain,Scheduled,Yes
2964,162,10,10,2024-09-20,2024-09-24,Diabetes,Referral,Yes
2965,1240,61,7,2022-12-19,2022-12-25,Cancer,Scheduled,Yes
2966,1503,74,1,2025-07-06,2025-07-15,Chest Pain,Transfer,No
2967,1042,34,10,2022-04-18,2022-04-24,Chest Pain,Referral,Yes
2968,2675,14,10,2024-10-17,2024-10-25,Migraine,Referral,No
2969,2628,20,1,2025-08-24,2025-08-31,Migraine,Scheduled,No
2970,1770,57,4,2023-09-23,2023-09-26,Skin Infection,Scheduled,Yes
2971,194,24,1,2022-09-18,2022-09-19,Migraine,Emergency,Yes
2972,3428,38,7,2025-03-15,2025-03-22,Hypertension,Transfer,Yes
2973,3081,44,4,2022-11-17,2022-11-29,Hypertension,Emergency,No
2974,4207,60,5,2024-05-08,2024-05-09,Cancer,Transfer,No
2975,1900,57,4,2022-12-15,2022-12-21,Hypertension,Emergency,Yes
2976,1318,16,4,2025-03-19,2025-03-25,Asthma,Scheduled,Yes
2977,486,48,10,2022-01-03,2022-01-10,Stroke,Referral,Yes
2978,3252,73,2,2024-03-06,2024-03-17,Diabetes,Referral,No
2979,2233,86,3,2023-12-21,2023-12-24,Fracture,Transfer,No
2980,4755,34,10,2022-05-28,2022-05-30,Back Pain,Emergency,Yes
2981,1398,5,5,2025-01-06,2025-01-16,Asthma,Transfer,No
2982,280,39,4,2022-04-30,2022-05-13,Asthma,Scheduled,Yes
2983,1528,13,6,2024-01-13,2024-01-15,Stroke,Transfer,No
2984,1021,78,5,2024-02-10,2024-02-18,Cancer,Scheduled,No
2985,225,44,4,2024-12-07,2024-12-14,Chest Pain,Scheduled,Yes
2986,2217,87,4,2023-03-10,2023-03-15,Back Pain,Scheduled,Yes
2987,269,64,1,2022-04-06,2022-04-11,Fracture,Emergency,Yes
2988,3731,59,1,2022-12-11,2022-12-14,Pneumonia,Transfer,No
2989,4895,43,1,2024-11-03,2024-11-13,Fracture,Transfer,No
2990,2401,22,5,2025-01-12,2025-01-24,Asthma,Emergency,Yes
2991,3983,100,3,2024-03-13,2024-03-25,Abdominal Pain,Transfer,No
2992,1749,65,8,2024-11-22,2024-11-23,Diabetes,Emergency,Yes
2993,1693,5,5,2025-08-30,2025-09-05,Pneumonia,Scheduled,Yes
2994,4339,29,8,2024-01-16,2024-01-19,Pneumonia,Scheduled,No
2995,4046,43,1,2022-04-01,2022-04-06,Migraine,Emergency,No
2996,1984,81,1,2023-01-19,2023-01-24,Migraine,Transfer,No
2997,3357,5,5,2023-07-25,2023-08-08,Diabetes,Scheduled,No
2998,859,51,9,2024-01-21,2024-01-27,Abdominal Pain,Referral,Yes
2999,3827,75,2,2023-05-23,2023-05-27,Abdominal Pain,Transfer,Yes
3000,1084,16,4,2023-09-02,2023-09-13,Asthma,Emergency,No
3001,286,40,1,2024-08-27,2024-09-07,Asthma,Emergency,Yes
3002,1220,79,7,2024-05-25,2024-06-05,Kidney Stone,Referral,No
3003,2407,11,9,2025-04-17,2025-04-29,Hypertension,Referral,Yes
3004,4009,60,5,2022-03-09,2022-03-12,Cancer,Transfer,No
3005,270,43,1,2022-01-22,2022-01-26,Chest Pain,Transfer,Yes
3006,1947,58,3,2023-01-18,2023-01-31,Migraine,Transfer,No
3007,2667,51,9,2022-01-20,2022-01-25,Skin Infection,Referral,Yes
3008,697,75,2,2025-04-29,2025-04-30,Back Pain,Transfer,No
3009,3219,94,2,2023-04-27,2023-04-30,Flu,Scheduled,No
3010,3975,78,5,2022-05-26,2022-06-08,Diabetes,Emergency,No
3011,4168,44,4,2022-08-22,2022-08-25,Chest Pain,Scheduled,No
3012,1463,75,2,2022-06-08,2022-06-15,Cancer,Referral,Yes
3013,1195,17,2,2025-05-27,2025-05-30,Back Pain,Referral,Yes
3014,4476,33,6,2022-05-25,2022-06-03,Appendicitis,Referral,No
3015,3198,12,10,2024-09-30,2024-10-07,Chest Pain,Transfer,Yes
3016,1310,86,3,2023-06-14,2023-06-28,Back Pain,Referral,Yes
3017,3572,56,9,2022-01-29,2022-02-06,Cancer,Scheduled,Yes
3018,2316,7,4,2024-11-18,2024-11-22,Stroke,Scheduled,No
3019,4189,28,8,2024-03-14,2024-03-28,Abdominal Pain,Emergency,No
3020,4722,24,1,2024-03-07,2024-03-14,Skin Infection,Transfer,No
3021,4241,4,2,2025-01-15,2025-01-16,Appendicitis,Referral,No
3022,2752,31,1,2022-04-15,2022-04-16,Hypertension,Scheduled,Yes
3023,3970,47,9,2022-01-28,2022-02-07,Fracture,Transfer,Yes
3024,2302,61,7,2022-01-12,2022-01-22,Pneumonia,Emergency,Yes
3025,1820,58,3,2022-06-28,2022-07-03,Pneumonia,Emergency,Yes
3026,3869,37,10,2024-07-09,2024-07-23,Pneumonia,Transfer,Yes
3027,4742,23,2,2025-07-16,2025-07-19,Abdominal Pain,Transfer,No
3028,4675,42,10,2023-06-17,2023-06-20,Appendicitis,Transfer,Yes
3029,2019,94,2,2023-05-20,2023-05-27,Stroke,Scheduled,Yes
3030,2535,4,2,2025-10-22,2025-10-30,Pneumonia,Emergency,No
3031,4116,14,10,2025-07-15,2025-07-26,Asthma,Emergency,Yes
3032,4830,65,8,2022-03-05,2022-03-15,Skin Infection,Emergency,No
3033,160,80,8,2023-03-02,2023-03-06,Asthma,Scheduled,No
3034,1201,35,1,2023-09-11,2023-09-17,Flu,Scheduled,Yes
3035,3965,47,9,2025-05-18,2025-05-23,Pneumonia,Transfer,No
3036,1906,18,7,2025-11-13,2025-11-25,Stroke,Transfer,Yes
3037,1519,19,5,2022-07-28,2022-08-10,Chest Pain,Referral,Yes
3038,1197,41,6,2022-04-13,2022-04-26,Diabetes,Transfer,Yes
3039,1523,73,2,2024-06-25,2024-06-30,Chest Pain,Emergency,Yes
3040,3233,44,4,2025-12-09,2025-12-22,Kidney Stone,Emergency,No
3041,35,70,6,2024-03-28,2024-03-31,Kidney Stone,Referral,No
3042,871,29,8,2023-02-13,2023-02-23,Asthma,Transfer,Yes
3043,2794,60,5,2023-10-25,2023-11-08,Pneumonia,Transfer,No
3044,2498,62,8,2022-05-15,2022-05-26,Diabetes,Emergency,Yes
3045,1103,85,2,2022-01-08,2022-01-16,Pneumonia,Scheduled,Yes
3046,4776,91,8,2022-06-28,2022-07-07,Migraine,Transfer,No
3047,2990,7,4,2024-04-21,2024-04-25,Asthma,Referral,Yes
3048,3099,59,1,2024-05-11,2024-05-22,Flu,,No
3049,4756,10,10,2025-05-07,2025-05-14,Flu,Transfer,No
3050,3326,8,1,2023-01-12,2023-01-15,Fracture,Transfer,No
3051,2510,74,1,2025-12-23,2026-01-02,Kidney Stone,Referral,Yes
3052,2371,31,1,2024-07-11,2024-07-22,Hypertension,Referral,Yes
3053,2064,20,1,2023-08-31,2023-09-10,Diabetes,Transfer,Yes
3054,3522,26,8,2022-09-03,2022-09-11,Appendicitis,Transfer,No
3055,2240,19,5,2023-01-06,2023-01-09,Diabetes,Scheduled,No
3056,1075,83,10,2022-08-09,2022-08-22,Stroke,Transfer,Yes
3057,4205,12,10,2025-09-30,2025-10-12,Flu,Emergency,Yes
3058,2109,57,4,2023-02-22,2023-02-24,Appendicitis,Referral,Yes
3059,257,85,2,2022-12-28,2023-01-07,Back Pain,Referral,Yes
3060,4584,42,10,2022-01-31,2022-02-09,Stroke,Scheduled,Yes
3061,1379,61,7,2022-07-27,2022-07-28,Migraine,Referral,Yes
3062,2643,12,10,2023-03-22,2023-03-28,Abdominal Pain,Transfer,Yes
3063,2415,29,8,2022-05-15,2022-05-27,Appendicitis,Emergency,Yes
3064,3119,30,7,2023-02-05,2023-02-18,Chest Pain,Referral,No
3065,698,90,9,2024-01-05,2024-01-19,Migraine,Scheduled,Yes
3066,4145,22,5,2023-10-25,2023-10-30,Diabetes,Transfer,No
3067,4461,74,1,2022-10-16,2022-10-28,Abdominal Pain,Scheduled,Yes
3068,3261,70,6,2022-09-30,2022-10-10,Abdominal Pain,Referral,No
3069,4515,89,4,2022-03-27,2022-03-30,Back Pain,Referral,No
3070,3776,16,4,2025-10-12,2025-10-21,Asthma,Emergency,Yes
3071,3500,96,3,2024-01-27,2024-02-01,Cancer,Scheduled,Yes
3072,2478,42,10,2023-05-25,2023-06-06,Asthma,Referral,Yes
3073,1641,28,8,2024-11-25,2024-12-02,Diabetes,Scheduled,No
3074,3818,89,4,2023-08-19,2023-09-02,Asthma,Emergency,No
3075,824,55,3,2022-01-23,2022-01-29,Migraine,Scheduled,Yes
3076,3709,88,5,2022-02-10,2022-02-18,Kidney Stone,Scheduled,No
3077,3848,11,9,2022-09-18,2022-09-26,Stroke,Referral,No
3078,34,54,1,2025-05-25,2025-06-07,Back Pain,Referral,Yes
3079,640,23,2,2022-08-10,2022-08-18,Kidney Stone,Referral,Yes
3080,3178,80,8,2024-07-12,2024-07-15,Cancer,Transfer,No
3081,1154,7,4,2023-07-13,2023-07-15,Skin Infection,Transfer,Yes
3082,1601,9,5,2025-06-15,2025-06-28,Diabetes,Transfer,No
3083,4522,81,1,2024-07-15,2024-07-21,Stroke,Transfer,No
3084,4026,34,10,2022-01-30,2022-02-12,Back Pain,Emergency,Yes
3085,2979,45,4,2023-05-21,2023-05-23,Appendicitis,Referral,No
3086,10,34,10,2024-03-11,2024-03-25,Diabetes,Transfer,Yes
3087,2417,91,8,2023-04-25,2023-05-04,Flu,Referral,Yes
3088,1858,78,5,2024-08-12,2024-08-15,Flu,Transfer,No
3089,2755,37,10,2023-12-09,2023-12-17,Asthma,Emergency,No
3090,730,34,10,2022-09-23,2022-09-29,Back Pain,Emergency,No
3091,3214,26,8,2024-04-16,2024-04-27,Stroke,Emergency,Yes
3092,4174,43,1,2025-08-16,2025-08-22,Pneumonia,Scheduled,Yes
3093,950,27,7,2022-11-01,2022-11-11,Cancer,Transfer,No
3094,4193,28,8,2023-09-25,2023-09-29,Back Pain,Referral,No
3095,4743,14,10,2025-05-27,2025-06-04,Back Pain,Transfer,No
3096,2026,66,10,2024-01-12,2024-01-21,Back Pain,Transfer,Yes
3097,1162,43,1,2025-12-30,2026-01-10,Stroke,Referral,Yes
3098,3996,89,4,2024-04-13,2024-04-17,Asthma,Transfer,Yes
3099,4118,64,1,2022-07-18,2022-07-20,Appendicitis,Emergency,No
3100,3039,28,8,2025-07-28,2025-08-03,Cancer,Referral,No
3101,1600,78,5,2023-07-06,2023-07-12,Kidney Stone,Emergency,No
3102,4655,67,1,2025-06-14,2025-06-20,Skin Infection,Scheduled,No
3103,4409,53,4,2023-04-28,2023-05-11,Kidney Stone,Emergency,No
3104,1233,67,1,2023-11-15,2023-11-21,Stroke,Referral,Yes
3105,3660,75,2,2023-02-23,2023-03-07,Flu,Referral,Yes
3106,698,40,1,2025-03-05,2025-03-17,Diabetes,Referral,Yes
3107,584,46,9,2023-06-01,2023-06-06,Stroke,Emergency,No
3108,3790,50,3,2022-10-29,2022-11-03,Back Pain,Scheduled,No
3109,4052,34,10,2022-03-09,2022-03-14,Hypertension,Referral,Yes
3110,3973,82,5,2025-11-15,2025-11-23,Back Pain,Emergency,Yes
3111,3017,33,6,2024-08-03,2024-08-10,Asthma,Scheduled,Yes
3112,3710,85,2,2024-06-23,2024-07-03,Kidney Stone,Transfer,No
3113,631,86,3,2025-08-13,2025-08-14,Cancer,Emergency,No
3114,2897,99,10,2022-07-21,2022-07-31,Flu,Referral,Yes
3115,3995,22,5,2023-04-13,2023-04-18,Kidney Stone,Transfer,Yes
3116,2971,93,7,2022-03-27,2022-04-01,Diabetes,Emergency,No
3117,409,66,10,2022-11-10,2022-11-20,Pneumonia,Scheduled,Yes
3118,4814,19,5,2023-10-13,2023-10-15,Kidney Stone,Scheduled,Yes
3119,36,23,2,2025-04-13,2025-04-25,Chest Pain,Emergency,Yes
3120,768,39,4,2024-06-22,2024-06-27,Back Pain,Transfer,Yes
3121,4688,8,1,2025-12-21,2025-12-27,Chest Pain,Referral,Yes
3122,1972,62,8,2024-10-29,2024-11-02,Stroke,Emergency,No
3123,4052,45,4,2024-09-10,2024-09-22,Kidney Stone,Referral,No
3124,3087,70,6,2023-08-03,2023-08-08,Pneumonia,Transfer,Yes
3125,1603,27,7,2023-05-19,2023-06-01,Back Pain,Referral,No
3126,2807,9,5,2025-03-14,2025-03-15,Fracture,Referral,Yes
3127,435,72,2,2022-10-10,2022-10-15,Diabetes,Scheduled,Yes
3128,963,55,3,2022-04-11,2022-04-18,Abdominal Pain,Referral,No
3129,4765,6,3,2023-02-17,2023-02-23,Abdominal Pain,Scheduled,No
3130,973,63,4,2025-10-30,2025-11-07,Stroke,Scheduled,Yes
3131,2333,92,5,2025-11-08,2025-11-19,Fracture,Emergency,No
3132,910,71,5,2022-11-08,2022-11-22,Diabetes,Scheduled,Yes
3133,3137,86,3,2022-02-04,2022-02-11,Abdominal Pain,Scheduled,Yes
3134,1801,9,5,2024-12-17,2024-12-24,Appendicitis,Emergency,Yes
3135,224,70,6,2022-05-05,2022-05-08,Back Pain,Scheduled,Yes
3136,3270,74,1,2025-10-24,2025-11-01,Back Pain,Emergency,Yes
3137,2916,58,3,2025-05-30,2025-06-05,,Referral,No
3138,2537,35,1,2025-09-12,2025-09-14,Back Pain,Emergency,Yes
3139,2857,38,7,2024-07-13,2024-07-25,Pneumonia,Transfer,Yes
3140,4849,73,2,2025-12-07,2025-12-14,Pneumonia,,Yes
3141,1285,30,7,2024-10-25,2024-11-06,Migraine,Scheduled,Yes
3142,1848,10,10,2024-08-30,2024-09-10,Chest Pain,Emergency,No
3143,2628,2,4,2025-05-28,2025-05-29,Cancer,Emergency,Yes
3144,2992,99,10,2024-09-08,2024-09-11,Skin Infection,Transfer,Yes
3145,2786,31,1,2025-03-26,2025-04-06,Kidney Stone,Emergency,Yes
3146,3138,92,5,2024-09-11,2024-09-15,Fracture,Scheduled,Yes
3147,3643,50,3,2023-10-18,2023-11-01,Fracture,Referral,Yes
3148,1459,89,4,2023-09-07,2023-09-17,Asthma,Transfer,Yes
3149,1929,72,2,2024-01-12,2024-01-21,Chest Pain,Referral,Yes
3150,223,10,10,2022-01-04,2022-01-15,Back Pain,Emergency,No
3151,2541,39,4,2023-09-24,2023-10-03,Flu,Referral,No
3152,4872,19,5,2022-01-09,2022-01-17,Migraine,Emergency,No
3153,859,94,2,2025-11-16,2025-11-25,Flu,Transfer,Yes
3154,1547,87,4,2022-10-03,2022-10-06,Diabetes,Transfer,No
3155,2689,79,7,2025-06-07,2025-06-08,Pneumonia,Referral,No
3156,4891,68,9,2023-05-09,2023-05-19,Diabetes,Emergency,Yes
3157,1442,1,6,2025-11-16,2025-11-21,Diabetes,Emergency,Yes
3158,3988,17,2,2024-11-06,2024-11-19,Diabetes,Emergency,Yes
3159,4895,59,1,2022-12-19,2022-12-29,Chest Pain,Transfer,No
3160,2927,15,9,2022-11-15,2022-11-22,Fracture,Transfer,Yes
3161,457,64,1,2025-05-28,2025-06-04,Kidney Stone,Scheduled,Yes
3162,190,24,1,2022-11-21,2022-11-27,Diabetes,Transfer,No
3163,3518,56,9,2024-12-26,2025-01-05,Cancer,Scheduled,Yes
3164,1346,63,4,2023-08-09,2023-08-16,Pneumonia,Emergency,Yes
3165,1754,39,4,2024-01-17,2024-01-27,Back Pain,Referral,Yes
3166,3011,51,9,2023-12-19,2023-12-26,Pneumonia,Emergency,Yes
3167,4899,93,7,2023-10-30,2023-11-13,Cancer,Emergency,No
3168,2433,10,10,2023-09-04,2023-09-12,Chest Pain,Scheduled,No
3169,3503,26,8,2024-07-14,2024-07-27,Skin Infection,Scheduled,No
3170,3420,38,7,2024-11-06,2024-11-12,Skin Infection,Transfer,No
3171,4078,56,9,2024-05-05,2024-05-15,Chest Pain,Referral,No
3172,3983,93,7,2022-01-10,2022-01-16,Diabetes,Transfer,No
3173,429,51,9,2024-08-08,2024-08-18,Stroke,Transfer,No
3174,2762,9,5,2022-07-23,2022-07-29,Cancer,Emergency,No
3175,1126,43,1,2024-04-25,2024-05-04,Appendicitis,Emergency,No
3176,1358,55,3,2023-06-22,2023-06-29,Cancer,Transfer,No
3177,380,94,2,2025-01-22,2025-01-23,Kidney Stone,Referral,No
3178,3337,1,6,2025-11-19,2025-11-30,Asthma,Scheduled,Yes
3179,4134,48,10,2022-03-06,2022-03-18,Migraine,Emergency,No
3180,1166,98,7,2024-08-09,2024-08-15,Hypertension,Scheduled,Yes
3181,1294,24,1,2023-11-17,2023-11-20,Diabetes,Scheduled,Yes
3182,4597,2,4,2024-02-31,2023-01-03,Flu,Referral,No
3183,3132,18,7,2024-10-05,2024-10-12,Fracture,Referral,Yes
3184,2406,66,10,2024-08-08,2024-08-13,Cancer,Transfer,Yes
3185,2582,86,3,2022-07-19,2022-07-22,Abdominal Pain,Referral,No
3186,3029,97,9,2025-05-10,2025-05-14,Stroke,Referral,Yes
3187,1860,43,1,2024-10-21,2024-11-04,Abdominal Pain,Referral,Yes
3188,3550,76,7,2023-12-13,2023-12-17,Chest Pain,Referral,Yes
3189,1094,71,5,2024-08-27,2024-09-07,Abdominal Pain,Referral,Yes
3190,1063,1,6,2025-03-16,2025-03-28,Hypertension,Emergency,Yes
3191,4068,86,3,2023-09-11,2023-09-24,Cancer,Transfer,Yes
3192,519,16,4,2022-06-12,2022-06-17,Back Pain,Transfer,Yes
3193,1720,55,3,2022-02-22,2022-03-04,Skin Infection,Emergency,Yes
3194,2577,86,3,2022-01-06,2022-01-11,Abdominal Pain,Referral,No
3195,836,80,8,2025-09-02,2025-09-10,Back Pain,Referral,Yes
3196,230,91,8,2024-01-12,2024-01-22,Appendicitis,Referral,Yes
3197,2145,87,4,2023-08-19,2023-08-25,Cancer,Referral,Yes
3198,730,3,3,2023-09-06,2023-09-09,Hypertension,Referral,Yes
3199,4209,24,1,2025-01-21,2025-02-01,Back Pain,Transfer,No
3200,2224,73,2,2022-03-15,2022-03-29,Appendicitis,Transfer,Yes
3201,2658,43,1,2022-03-13,2022-03-25,Chest Pain,Referral,Yes
3202,2741,16,4,2025-05-26,2025-05-27,Cancer,Scheduled,No
3203,3029,58,3,2024-08-12,2024-08-13,Flu,Transfer,No
3204,243,88,5,2024-04-03,2024-04-05,Back Pain,Transfer,No
3205,924,28,8,2024-01-18,2024-02-01,Diabetes,Scheduled,No
3206,4560,27,7,2024-02-17,2024-03-02,Cancer,Referral,No
3207,4817,47,9,2025-01-07,2025-01-10,Appendicitis,Transfer,Yes
3208,3353,75,2,2025-06-22,2025-07-06,Pneumonia,Scheduled,No
3209,4908,85,2,2022-08-15,2022-08-29,Chest Pain,Transfer,No
3210,4900,4,2,2024-06-09,2024-06-10,Flu,Scheduled,No
3211,3480,16,4,2022-02-09,2022-02-10,Pneumonia,Scheduled,No
3212,631,85,2,2022-10-09,2022-10-10,Back Pain,Referral,No
3213,4804,91,8,2024-02-25,2024-03-06,Diabetes,Referral,No
3214,1684,91,8,2023-06-19,2023-06-29,Migraine,Scheduled,No
3215,3467,26,8,2023-02-23,2023-03-03,Chest Pain,Referral,Yes
3216,1989,94,2,2025-01-12,2025-01-24,Appendicitis,Transfer,Yes
3217,926,72,2,2024-11-22,2024-11-24,Abdominal Pain,Emergency,Yes
3218,1889,30,7,2024-08-27,2024-09-06,Chest Pain,Scheduled,Yes
3219,1656,13,6,2023-06-29,2023-07-03,Pneumonia,Referral,Yes
3220,3623,2,4,2025-10-02,2025-10-10,Back Pain,Emergency,Yes
3221,4012,65,8,2024-09-20,2024-10-03,Cancer,Transfer,Yes
3222,2013,96,9,2024-09-20,2024-10-03,Flu,Emergency,Yes
3223,1573,87,4,2022-12-19,2022-12-22,Stroke,Emergency,Yes
3224,1484,7,4,2023-09-18,2023-09-23,Skin Infection,Referral,Yes
3225,2606,15,9,2025-05-21,2025-05-29,Skin Infection,Emergency,No
3226,2093,76,7,2023-12-25,2024-01-02,Diabetes,Emergency,No
3227,1157,86,3,2023-11-29,2023-12-09,Cancer,Emergency,Yes
3228,1527,66,10,2023-08-27,2023-08-30,Pneumonia,Referral,Yes
3229,4085,6,3,2025-12-17,2025-12-19,Skin Infection,Scheduled,Yes
3230,1955,64,1,2024-10-05,2024-10-16,Migraine,Scheduled,No
3231,287,29,8,2022-05-02,2022-05-16,Chest Pain,Transfer,Yes
3232,2721,91,8,2025-08-01,2025-08-03,Appendicitis,Scheduled,Yes
3233,2015,45,4,2024-12-02,2024-12-04,Fracture,Transfer,Yes
3234,1330,7,4,2022-06-17,2022-06-28,Back Pain,Referral,Yes
3235,3986,79,7,2024-05-06,2024-05-15,Chest Pain,Referral,No
3236,1440,11,9,2022-07-09,2022-07-16,Appendicitis,Emergency,Yes
3237,3417,22,5,2022-03-31,2022-04-09,Pneumonia,Emergency,Yes
3238,2195,2,4,2024-07-25,2024-08-08,Kidney Stone,Transfer,No
3239,2331,93,7,2025-07-27,2025-08-07,Chest Pain,Scheduled,No
3240,1249,74,1,2022-09-19,2022-09-21,Kidney Stone,Scheduled,No
3241,360,82,5,2022-07-25,2022-07-27,Fracture,Referral,No
3242,4963,49,6,2025-01-14,2025-01-26,Back Pain,Referral,Yes
3243,4833,17,2,2025-02-27,2025-03-01,Flu,Referral,No
3244,2917,35,1,2025-10-01,2025-10-13,Cancer,Referral,No
3245,1154,46,9,2023-08-27,2023-09-04,Flu,Scheduled,Yes
3246,2367,63,4,2023-05-29,2023-06-11,Flu,Referral,Yes
3247,883,58,3,2024-01-09,2024-01-16,Fracture,Referral,Yes
3248,2154,50,3,2023-10-29,2023-10-31,Flu,Referral,No
3249,2119,40,1,2024-05-11,2024-05-23,Kidney Stone,Referral,No
3250,2536,67,1,2022-05-20,2022-06-02,Migraine,Referral,Yes
3251,2598,18,7,2025-12-11,2025-12-20,Kidney Stone,Transfer,No
3252,3105,41,6,2022-02-05,2022-02-14,Cancer,Scheduled,Yes
3253,2049,31,1,2022-06-18,2022-06-26,Back Pain,Referral,Yes
3254,627,31,1,2025-05-05,2025-05-07,Fracture,Transfer,No
3255,2788,34,10,2024-12-15,2024-12-19,Cancer,Scheduled,No
3256,3973,62,8,2022-09-29,2022-10-11,Kidney Stone,Transfer,Yes
3257,2966,33,6,2022-11-07,2022-11-10,Migraine,Emergency,Yes
3258,2600,98,7,2022-01-04,2022-01-16,Fracture,Scheduled,No
3259,803,24,1,2023-08-13,2023-08-21,Pneumonia,Scheduled,Yes
3260,3730,19,5,2022-03-31,2022-04-08,Migraine,Emergency,No
3261,2831,28,8,2024-09-04,2024-09-05,Abdominal Pain,Emergency,No
3262,1936,21,2,2023-04-26,2023-05-06,Back Pain,Transfer,No
3263,1719,29,8,2024-02-03,2024-02-06,Diabetes,Emergency,No
3264,4338,25,10,2025-08-04,2025-08-12,Chest Pain,Referral,Yes
3265,3401,29,8,2022-11-22,2022-11-24,Skin Infection,Referral,No
3266,820,94,2,2022-05-05,2022-05-14,Skin Infection,Referral,Yes
3267,4324,16,4,2022-07-24,2022-08-06,Cancer,Referral,Yes
3268,4599,16,4,2024-10-14,2024-10-28,Back Pain,Scheduled,No
3269,1106,100,3,2025-08-08,2025-08-09,Asthma,Referral,Yes
3270,1643,85,2,2025-04-19,2025-05-01,Abdominal Pain,Referral,No
3271,1541,40,1,2023-02-05,2023-02-09,Migraine,Transfer,Yes
3272,4881,57,4,2022-09-19,2022-09-30,Hypertension,Referral,Yes
3273,4630,87,4,2023-03-18,2023-03-21,Migraine,Scheduled,No
3274,1606,81,1,2022-03-07,2022-03-21,Hypertension,Emergency,No
3275,1843,15,9,2024-02-10,2024-02-14,Fracture,Scheduled,No
3276,1863,1,6,2025-09-08,2025-09-17,Abdominal Pain,Transfer,Yes
3277,2505,33,6,2024-09-10,2024-09-19,Fracture,Emergency,No
3278,974,18,7,2022-06-21,2022-06-24,Chest Pain,Transfer,No
3279,4917,10,10,2022-04-13,2022-04-16,Migraine,Emergency,Yes
3280,3857,98,7,2022-11-30,2022-12-05,Migraine,Referral,Yes
3281,306,57,4,2024-02-26,2024-03-07,Cancer,Emergency,No
3282,1175,70,6,2023-03-08,2023-03-10,Diabetes,Transfer,No
3283,4152,74,1,2024-01-01,2024-01-03,Asthma,Transfer,No
3284,462,14,10,2024-12-31,2025-01-01,Hypertension,Referral,No
3285,2432,3,3,2022-10-22,2022-10-30,Appendicitis,Transfer,Yes
3286,960,86,3,2022-09-16,2022-09-20,Diabetes,Transfer,Yes
3287,2782,61,7,2024-01-24,2024-01-26,Hypertension,Emergency,Yes
3288,1767,50,3,2024-04-21,2024-05-04,Skin Infection,Referral,No
3289,2558,31,1,2025-04-14,2025-04-27,Back Pain,Transfer,Yes
3290,4495,35,1,2024-07-12,2024-07-23,Flu,Emergency,No
3291,3000,65,8,2022-06-02,2022-06-16,Asthma,Scheduled,Yes
3292,1445,14,10,2022-12-23,2023-01-02,Kidney Stone,Emergency,Yes
3293,1573,53,4,2023-02-01,2023-02-15,Appendicitis,Scheduled,No
3294,928,12,10,2022-10-13,2022-10-23,Abdominal Pain,Emergency,Yes
3295,709,7,4,2022-11-12,2022-11-19,Pneumonia,Scheduled,No
3296,202,47,9,2022-03-17,2022-03-24,Kidney Stone,Transfer,No
3297,4563,93,7,2022-12-24,2023-01-04,Chest Pain,Scheduled,Yes
3298,4717,21,2,2023-10-30,2023-11-04,Flu,Transfer,No
3299,2283,64,1,2024-02-10,2024-02-14,Kidney Stone,Emergency,No
3300,4931,12,10,2023-09-01,2023-09-07,Chest Pain,Emergency,Yes
3301,3153,44,4,2023-04-07,2023-04-13,Stroke,Referral,Yes
3302,1672,57,4,2022-11-23,2022-11-28,Asthma,Transfer,No
3303,3146,96,3,2022-12-09,2022-12-16,Back Pain,Transfer,No
3304,606,64,1,2023-09-15,2023-09-26,Appendicitis,Emergency,No
3305,2914,97,6,2022-12-07,2022-12-20,Pneumonia,Referral,Yes
3306,355,47,9,2025-05-08,2025-05-21,Asthma,Referral,Yes
3307,3001,37,10,2025-05-22,2025-05-30,Skin Infection,Emergency,No
3308,2227,30,7,2024-09-14,2024-09-16,Cancer,Transfer,Yes
3309,1549,38,7,2024-11-13,2024-11-23,Appendicitis,Scheduled,Yes
3310,890,55,3,2022-04-06,2022-04-08,Chest Pain,Transfer,No
3311,1922,73,2,2025-05-19,2025-05-25,Pneumonia,Emergency,Yes
3312,2605,36,1,2023-01-11,2023-01-16,Hypertension,Emergency,No
3313,188,87,4,2023-06-19,2023-06-23,Flu,Transfer,Yes
3314,4299,54,1,2025-01-27,2025-01-28,Skin Infection,Scheduled,No
3315,4320,92,5,2024-01-27,2024-02-02,Skin Infection,Scheduled,No
3316,2137,42,10,2023-06-23,2023-07-04,Skin Infection,Transfer,NO
3317,3678,74,1,2025-03-03,2025-03-16,Kidney Stone,Transfer,No
3318,1090,45,4,2023-08-22,2023-08-25,Abdominal Pain,Emergency,No
3319,1745,50,3,2024-12-21,2024-12-24,Kidney Stone,Transfer,No
3320,3307,66,10,2023-06-08,2023-06-18,Appendicitis,Referral,Yes
3321,3712,67,1,2025-08-05,2025-08-19,Asthma,Transfer,Yes
3322,2601,30,7,2022-04-27,2022-05-10,Skin Infection,Emergency,No
3323,4342,1,6,2025-01-17,2025-01-31,Asthma,Transfer,No
3324,3057,14,10,2022-08-09,2022-08-23,Back Pain,Scheduled,Yes
3325,2322,53,4,2024-09-14,2024-09-16,Abdominal Pain,Scheduled,No
3326,2755,22,5,2023-03-20,2023-03-28,Back Pain,Emergency,Yes
3327,70,93,7,2022-10-28,2022-11-09,Kidney Stone,Referral,No
3328,1561,41,6,2022-06-01,2022-06-14,Kidney Stone,Transfer,No
3329,3707,8,1,2024-01-21,2024-01-25,Flu,Scheduled,Yes
3330,4610,92,5,2023-05-19,2023-05-26,Diabetes,Scheduled,Yes
3331,534,37,10,2023-10-01,2023-10-14,Asthma,Referral,Yes
3332,3952,21,2,2025-12-25,2026-01-04,Flu,Referral,Yes
3333,470,28,8,2024-05-25,2024-06-02,Chest Pain,Emergency,No
3334,4656,100,3,2023-03-31,2023-04-03,Stroke,Referral,Yes
3335,581,12,10,2024-07-23,2024-07-25,Flu,Scheduled,Yes
3336,2036,91,8,2024-09-19,2024-09-20,Cancer,Transfer,Yes
3337,4334,34,10,2024-04-23,2024-05-07,Appendicitis,Emergency,No
3338,3901,90,9,2023-04-25,2023-05-03,Fracture,Emergency,No
3339,4679,19,5,2024-07-05,2024-07-11,Cancer,Scheduled,No
3340,2536,53,4,2022-04-07,2022-04-09,Hypertension,Emergency,No
3341,4992,84,1,2024-06-25,2024-07-03,Migraine,Emergency,Yes
3342,4870,89,4,2024-08-04,2024-08-05,Diabetes,Scheduled,Yes
3343,3035,81,1,2025-10-15,2025-10-27,Kidney Stone,Transfer,No
3344,585,70,6,2022-01-18,2022-01-25,Diabetes,Emergency,No
3345,1997,59,1,2022-03-25,2022-03-26,Appendicitis,Emergency,Yes
3346,822,1,6,2022-11-03,2022-11-16,Pneumonia,Scheduled,Yes
3347,1387,90,9,2024-03-21,2024-03-30,Flu,Scheduled,Yes
3348,2611,13,6,2022-03-15,2022-03-17,Back Pain,Emergency,Yes
3349,3104,73,2,2023-02-06,2023-02-19,Migraine,Emergency,Yes
3350,3130,60,5,2024-06-12,2024-06-22,Skin Infection,Transfer,Yes
3351,325,15,9,2023-07-31,2023-08-10,Migraine,Emergency,Yes
3352,3487,30,7,2023-01-03,2023-01-12,Pneumonia,Scheduled,No
3353,919,73,2,2024-02-20,2024-02-25,Kidney Stone,Scheduled,No
3354,4153,81,1,2024-03-01,2024-03-03,Asthma,Transfer,Yes
3355,890,9,5,2024-09-19,2024-09-20,Flu,Scheduled,No
3356,2075,39,4,2025-05-03,2025-05-10,Chest Pain,Referral,Yes
3357,1287,91,8,2023-07-19,2023-07-31,Pneumonia,Emergency,Yes
3358,2668,34,10,2025-07-27,2025-08-05,Hypertension,Referral,No
3359,2829,80,8,2023-11-05,2023-11-06,Back Pain,Scheduled,No
3360,1161,33,6,2025-08-25,2025-09-07,Pneumonia,Transfer,Yes
3361,2008,48,10,2023-01-03,2023-01-07,Diabetes,Transfer,No
3362,2356,65,8,2024-06-25,2024-07-03,Diabetes,Scheduled,Yes
3363,20,20,1,2022-02-04,2022-02-11,Diabetes,Scheduled,Yes
3364,118,31,1,2022-08-05,2022-08-18,Skin Infection,Transfer,No
3365,3485,94,2,2024-08-04,2024-08-09,Migraine,Scheduled,Yes
3366,4181,96,8,2025-02-09,2025-02-10,Appendicitis,Scheduled,Yes
3367,360,39,4,2025-06-07,2025-06-14,Fracture,Emergency,No
3368,3420,51,9,2024-07-08,2024-07-21,Flu,Transfer,Yes
3369,4651,49,6,2022-03-06,2022-03-17,Pneumonia,Transfer,No
3370,4997,77,6,2022-05-24,2022-06-04,Hypertension,Referral,No
3371,1008,54,1,2023-09-02,2023-09-16,Cancer,Referral,No
3372,2628,82,5,2024-10-25,2024-11-08,Migraine,Referral,No
3373,2820,60,5,2024-08-03,2024-08-15,Diabetes,Scheduled,No
3374,912,45,4,2023-02-09,2023-02-14,Pneumonia,Transfer,Yes
3375,1430,67,1,2024-08-08,2024-08-21,Fracture,Scheduled,Yes
3376,3838,99,10,2024-02-13,2024-02-20,Chest Pain,Referral,No
3377,1050,64,1,2023-09-17,2023-09-30,Cancer,Referral,No
3378,2502,44,4,2025-07-10,2025-07-15,Abdominal Pain,Emergency,Yes
3379,247,93,7,2022-02-27,2022-03-02,Abdominal Pain,Emergency,No
3380,1915,50,3,2024-05-01,2024-05-07,Kidney Stone,Referral,No
3381,1649,71,5,2025-02-06,2025-02-09,Fracture,Scheduled,Yes
3382,2504,43,1,2023-05-17,2023-05-21,Chest Pain,Transfer,No
3383,4217,21,2,2022-09-29,2022-10-12,Kidney Stone,Transfer,No
3384,3968,86,3,2024-01-25,2024-01-30,Cancer,Scheduled,Yes
3385,1812,90,9,2025-06-13,2025-06-22,Hypertension,Emergency,Yes
3386,1907,82,5,2024-08-13,2024-08-24,Asthma,Emergency,Yes
3387,2994,87,4,2024-07-24,2024-08-01,Hypertension,Emergency,No
3388,731,15,9,2022-06-11,2022-06-17,Stroke,Emergency,No
3389,1260,28,8,2022-05-22,2022-05-28,Fracture,Referral,Yes
3390,4496,10,10,2022-08-20,2022-08-26,Skin Infection,Transfer,No
3391,2768,5,5,2025-03-27,2025-04-09,Diabetes,Transfer,Yes
3392,4917,58,3,2025-07-29,2025-08-04,Hypertension,Referral,No
3393,4961,97,3,2022-09-05,2022-09-19,Kidney Stone,Referral,Yes
3394,316,84,1,2025-05-21,2025-05-30,Flu,Emergency,Yes
3395,250,83,10,2025-03-30,2025-04-13,Migraine,Referral,Yes
3396,124,5,5,2022-10-12,2022-10-20,Appendicitis,Scheduled,Yes
3397,116,87,4,2024-02-08,2024-02-14,Asthma,Referral,Yes
3398,3658,83,10,2024-04-25,2024-05-06,Fracture,Emergency,Yes
3399,3135,26,8,2022-12-04,2022-12-18,Asthma,Transfer,No
3400,1855,89,4,2025-08-06,2025-08-08,Diabetes,Referral,Yes
3401,649,96,1,2024-07-28,2024-08-03,Fracture,Transfer,Yes
3402,2264,14,10,2023-06-30,2023-07-14,Pneumonia,Transfer,No
3403,1098,76,7,2023-03-29,2023-03-30,Kidney Stone,Transfer,No
3404,3125,15,9,2023-07-31,2023-08-04,Skin Infection,Scheduled,Yes
3405,3384,64,1,2023-09-08,2023-09-20,Stroke,Scheduled,No
3406,2545,7,4,2023-12-30,2024-01-08,Migraine,Transfer,No
3407,2017,72,2,2025-04-10,2025-04-15,Appendicitis,Referral,Yes
3408,4164,76,7,2024-09-18,2024-10-01,Flu,Scheduled,No
3409,2734,78,5,2024-07-27,2024-08-06,Skin Infection,Scheduled,Yes
3410,2358,44,4,2023-12-08,2023-12-20,Migraine,Emergency,No
3411,1241,16,4,2022-02-13,2022-02-14,,Referral,No
3412,971,15,9,2024-08-27,2024-09-04,Skin Infection,Referral,No
3413,3046,27,7,2025-03-04,2025-03-16,Flu,Emergency,No
3414,3606,91,8,2025-06-23,2025-07-02,Asthma,Transfer,Yes
3415,3532,77,6,2022-12-28,2023-01-11,Kidney Stone,Scheduled,Yes
3416,4641,44,4,2023-05-10,2023-05-22,Flu,Emergency,Yes
3417,1048,84,1,2023-12-11,2023-12-23,Chest Pain,Scheduled,No
3418,1502,82,5,2024-01-27,2024-02-03,Stroke,Scheduled,No
3419,3994,86,3,2023-03-23,2023-03-25,Pneumonia,Referral,Yes
3420,2552,47,9,2024-12-23,2025-01-04,Flu,Transfer,Yes
3421,1008,29,8,2022-07-14,2022-07-26,Flu,Emergency,Yes
3422,3645,45,4,2022-09-07,2022-09-15,Fracture,Scheduled,No
3423,4565,26,8,2024-04-22,2024-04-25,Back Pain,Referral,Yes
3424,1019,44,4,2022-06-27,2022-07-03,Asthma,Referral,No
3425,1805,71,5,2024-10-11,2024-10-20,Appendicitis,Emergency,No
3426,561,30,7,2023-10-25,2023-11-05,Back Pain,Scheduled,No
3427,4207,88,5,2025-04-12,2025-04-14,Back Pain,Emergency,No
3428,2283,69,2,2022-12-23,2022-12-29,Asthma,Scheduled,No
3429,1745,79,7,2024-05-19,2024-06-01,Migraine,Scheduled,Yes
3430,1022,56,9,2022-06-18,2022-07-01,Pneumonia,Emergency,Yes
3431,4501,54,1,2025-09-15,2025-09-24,Abdominal Pain,Transfer,No
3432,1255,86,3,2025-11-23,2025-12-01,Appendicitis,Referral,Yes
3433,2577,29,8,2024-03-24,2024-04-04,Appendicitis,Scheduled,Yes
3434,4833,57,4,2023-12-26,2023-12-27,Flu,Transfer,No
3435,4857,14,10,2025-11-01,2025-11-12,Pneumonia,Referral,No
3436,4244,43,1,2025-03-03,2025-03-17,Migraine,Referral,Yes
3437,3444,37,10,2025-03-17,2025-03-21,Fracture,Emergency,Yes
3438,714,41,6,2024-02-21,2024-03-05,Abdominal Pain,Referral,No
3439,234,22,5,2024-03-03,2024-03-15,Flu,Scheduled,Yes
3440,4243,6,3,2024-03-16,2024-03-28,Stroke,Emergency,Yes
3441,3350,32,9,2022-12-14,2022-12-18,Abdominal Pain,Referral,Yes
3442,4505,42,10,2022-12-18,2022-12-21,Cancer,Emergency,No
3443,2901,52,5,2022-07-11,2022-07-15,Stroke,Emergency,No
3444,1970,80,8,2024-11-21,2024-11-29,Diabetes,Referral,No
3445,2633,35,1,2023-09-23,2023-10-07,Fracture,Emergency,Yes
3446,3803,83,10,2023-08-22,2023-09-04,Chest Pain,Transfer,No
3447,3842,38,7,2022-09-06,2022-09-17,Back Pain,Referral,No
3448,2838,13,6,2024-10-23,2024-10-27,Diabetes,Transfer,Yes
3449,1644,97,3,2024-01-22,2024-01-26,Flu,Scheduled,No
3450,1613,6,3,2023-11-12,2023-11-20,Stroke,Referral,No
3451,4143,49,6,2024-04-07,2024-04-21,Hypertension,Transfer,Yes
3452,1531,44,4,2022-02-17,2022-02-25,Stroke,Transfer,No
3453,3496,6,3,2024-03-02,2024-03-12,Abdominal Pain,Referral,Yes
3454,4224,47,9,2025-12-28,2025-12-31,Asthma,Emergency,Yes
3455,3448,66,10,2025-06-16,2025-06-23,Chest Pain,Referral,Yes
3456,1114,50,3,2023-06-06,2023-06-14,Migraine,Emergency,No
3457,526,24,1,2025-10-09,2025-10-14,Hypertension,Referral,Yes
3458,4660,56,9,2024-12-01,2024-12-06,Skin Infection,Scheduled,No
3459,4777,99,10,2024-03-05,2024-03-06,Hypertension,Emergency,Yes
3460,4524,85,2,2025-11-06,2025-11-09,Hypertension,Transfer,Yes
3461,3175,81,1,2023-03-20,2023-03-29,Back Pain,Emergency,Yes
3462,4766,81,1,2025-08-05,2025-08-08,Appendicitis,Emergency,Yes
3463,4145,76,7,2025-03-25,2025-04-07,Fracture,Emergency,No
3464,4948,17,2,2022-07-17,2022-07-24,Chest Pain,Emergency,Yes
3465,4299,10,10,2024-08-11,2024-08-23,Chest Pain,Transfer,No
3466,66,14,10,2024-11-13,2024-11-14,Skin Infection,Transfer,No
3467,2617,96,3,2022-09-16,2022-09-23,Pneumonia,Referral,Yes
3468,2735,17,2,2025-11-06,2025-11-15,Cancer,Scheduled,Yes
3469,4181,14,10,2024-04-06,2024-04-20,Asthma,Referral,Yes
3470,3994,63,4,2023-02-16,2023-02-18,Fracture,Emergency,No
3471,2373,73,2,2023-05-19,2023-05-21,Fracture,Referral,Yes
3472,4006,87,4,2024-05-23,2024-06-05,Pneumonia,Referral,No
3473,2024,63,4,2024-05-16,2024-05-27,Chest Pain,Emergency,Yes
3474,4249,17,2,2023-10-19,2023-10-26,Kidney Stone,Transfer,No
3475,904,50,3,2023-03-16,2023-03-26,Diabetes,Transfer,Yes
3476,3841,13,6,2023-11-07,2023-11-12,Skin Infection,Scheduled,No
3477,1411,69,2,2022-07-10,2022-07-24,Stroke,Scheduled,No
3478,996,30,7,2023-11-15,2023-11-16,Fracture,Scheduled,No
3479,3296,2,4,2024-08-27,2024-09-01,Cancer,Transfer,No
3480,2669,58,3,2023-09-10,2023-09-21,Stroke,Referral,No
3481,2583,39,4,2025-12-22,2025-12-27,Skin Infection,Scheduled,Yes
3482,4222,63,4,2023-03-22,2023-04-01,Skin Infection,Scheduled,Yes
3483,1042,43,1,2023-10-30,2023-11-08,Skin Infection,Transfer,No
3484,2290,6,3,2023-12-21,2023-12-22,Fracture,Emergency,No
3485,544,27,7,2023-09-28,2023-10-11,Abdominal Pain,Transfer,No
3486,442,70,6,2025-12-14,2025-12-25,Asthma,Referral,No
3487,4610,55,3,2025-11-13,2025-11-25,Fracture,Transfer,No
3488,2402,62,8,2024-10-04,2024-10-06,Fracture,Referral,Yes
3489,1355,44,4,2023-05-04,2023-05-15,Kidney Stone,Scheduled,No
3490,715,4,2,2024-05-18,2024-05-24,Kidney Stone,,Yes
3491,3650,54,1,2024-02-23,2024-02-29,Asthma,Scheduled,Yes
3492,3449,64,1,2025-07-17,2025-07-18,Flu,Scheduled,Yes
3493,1754,49,6,2024-06-21,2024-07-05,Abdominal Pain,Transfer,No
3494,2097,40,1,2022-07-14,2022-07-15,Flu,Referral,Yes
3495,4796,61,7,2022-09-07,2022-09-19,Kidney Stone,Emergency,Yes
3496,451,2,4,2023-03-23,2023-04-03,Back Pain,Referral,Yes
3497,2012,43,1,2024-11-12,2024-11-15,Appendicitis,Emergency,No
3498,1623,88,5,2022-10-04,2022-10-18,Back Pain,Emergency,Yes
3499,654,86,3,2022-01-23,2022-01-30,Asthma,Transfer,No
3500,3569,90,9,2024-01-07,2024-01-09,Flu,Referral,No
3501,4168,66,10,2024-10-17,2024-10-29,Back Pain,Transfer,No
3502,2865,65,8,2025-07-05,2025-07-17,Stroke,Transfer,No
3503,3812,90,9,2025-04-04,2025-04-12,Diabetes,Emergency,No
3504,4906,12,10,2024-07-27,2024-08-06,Flu,Referral,No
3505,550,83,10,2025-06-07,2025-06-08,Back Pain,Transfer,Yes
3506,1846,82,5,2025-03-15,2025-03-28,Chest Pain,Emergency,Yes
3507,4415,84,1,2023-02-23,2023-02-26,Kidney Stone,Transfer,No
3508,3216,67,1,2024-05-21,2024-05-30,Abdominal Pain,Referral,Yes
3509,146,3,3,2023-04-14,2023-04-17,Asthma,Referral,Yes
3510,1871,7,4,2023-10-11,2023-10-14,Migraine,Emergency,Yes
3511,2233,97,3,2022-03-22,2022-04-03,Appendicitis,Transfer,No
3512,780,29,8,2023-03-19,2023-03-25,Pneumonia,Referral,No
3513,3903,56,9,2022-04-19,2022-04-23,Stroke,Transfer,Yes
3514,249,70,6,2023-07-08,2023-07-21,Abdominal Pain,Scheduled,No
3515,441,39,4,2023-10-12,2023-10-16,Skin Infection,Transfer,No
3516,3264,9,5,2022-10-21,2022-11-02,Kidney Stone,Transfer,No
3517,4022,49,6,2022-11-08,2022-11-10,Abdominal Pain,Scheduled,No
3518,2458,81,1,2023-10-20,2023-10-27,Kidney Stone,Emergency,No
3519,1857,16,4,2023-12-07,2023-12-19,Fracture,Scheduled,No
3520,4576,83,10,2025-03-26,2025-04-09,Cancer,Referral,Yes
3521,544,23,2,2022-04-14,2022-04-15,Skin Infection,Referral,Yes
3522,2555,7,4,2022-03-02,2022-03-16,Pneumonia,Referral,Yes
3523,3696,5,5,2023-03-17,2023-03-24,Stroke,Referral,Yes
3524,1996,63,4,2023-05-24,2023-05-28,Diabetes,Scheduled,No
3525,1222,40,1,2022-05-09,2022-05-14,Back Pain,Transfer,Yes
3526,4200,74,1,2024-09-14,2024-09-28,Flu,Transfer,Yes
3527,614,98,7,2024-09-10,2024-09-23,Back Pain,Transfer,No
3528,1156,83,10,2025-06-02,2025-06-05,Diabetes,Emergency,Yes
3529,4056,18,7,2024-10-12,2024-10-17,Skin Infection,Scheduled,Yes
3530,2791,12,10,2024-09-10,2024-09-23,Chest Pain,Emergency,No
3531,4649,54,1,2023-04-29,2023-05-01,Fracture,Scheduled,No
3532,495,85,2,2023-07-17,2023-07-27,Asthma,Emergency,No
3533,2614,12,10,2025-06-03,2025-06-10,Asthma,Scheduled,No
3534,753,36,1,2023-12-20,2023-12-28,Hypertension,Transfer,No
3535,4353,89,4,2024-06-06,2024-06-19,Skin Infection,Transfer,Yes
3536,1755,57,4,2024-11-13,2024-11-19,Stroke,Transfer,No
3537,791,87,4,2024-08-06,2024-08-08,Pneumonia,Emergency,Yes
3538,4957,12,10,2024-10-05,2024-10-12,Stroke,Transfer,Yes
3539,4010,82,5,2022-01-24,2022-01-25,Pneumonia,Scheduled,No
3540,4731,55,3,2022-11-26,2022-12-08,Migraine,Referral,No
3541,1500,57,4,2024-11-01,2024-11-15,Migraine,Scheduled,Yes
3542,88,29,8,2025-05-26,2025-06-04,Appendicitis,Emergency,No
3543,2350,55,3,2023-11-29,2023-12-13,Cancer,Referral,Yes
3544,4428,54,1,2025-01-16,2025-01-27,Stroke,Referral,No
3545,2227,78,5,2025-12-25,2025-12-29,Stroke,Scheduled,Yes
3546,1717,93,7,2025-04-05,2025-04-08,Pneumonia,Transfer,No
3547,4106,61,7,2022-02-22,2022-03-05,Abdominal Pain,Scheduled,No
3548,3007,48,10,2024-10-02,2024-10-11,Chest Pain,Referral,No
3549,3966,91,8,2025-11-21,2025-11-28,Back Pain,Referral,Yes
3550,35,75,2,2022-10-21,2022-10-26,Stroke,Transfer,No
3551,1681,3,3,2024-10-31,2024-11-02,Fracture,Scheduled,Yes
3552,1420,45,4,2024-08-01,2024-08-07,Hypertension,Referral,Yes
3553,1132,21,2,2024-05-13,2024-05-20,Migraine,Scheduled,No
3554,25,74,1,2023-07-30,2023-08-13,Back Pain,Referral,No
3555,3634,30,7,2022-07-20,2022-07-25,Kidney Stone,Scheduled,No
3556,3457,23,2,2022-10-25,2022-11-07,Abdominal Pain,Referral,No
3557,3592,55,3,2022-01-05,2022-01-09,Skin Infection,Scheduled,Yes
3558,3943,9,5,2022-05-05,2022-05-06,Pneumonia,Referral,No
3559,4306,99,10,2024-12-17,2024-12-28,Kidney Stone,Transfer,No
3560,928,81,1,2024-07-30,2024-08-10,Cancer,Scheduled,No
3561,3919,78,5,2023-05-16,2023-05-27,Flu,Scheduled,Yes
3562,2014,65,8,2023-02-05,2023-02-17,Fracture,Transfer,No
3563,4538,66,10,2023-03-07,2023-03-16,Stroke,Transfer,Yes
3564,2831,66,10,2022-09-09,2022-09-17,Fracture,Transfer,Yes
3565,3104,45,4,2023-01-05,2023-01-17,Pneumonia,Scheduled,No
3566,305,63,4,2025-07-24,2025-08-03,Flu,Scheduled,No
3567,4452,63,4,2023-04-22,2023-05-04,Abdominal Pain,Referral,Yes
3568,934,75,2,2025-05-21,2025-05-30,Hypertension,Transfer,No
3569,4890,52,5,2022-03-04,2022-03-15,Fracture,Scheduled,No
3570,1446,77,6,2025-06-17,2025-06-29,Chest Pain,Emergency,No
3571,3799,20,1,2022-11-12,2022-11-19,Abdominal Pain,Transfer,Yes
3572,4380,12,10,2022-04-26,2022-05-04,Asthma,Transfer,No
3573,3640,100,3,2025-01-07,2025-01-21,Asthma,Transfer,Yes
3574,4930,62,8,2022-06-04,2022-06-13,Diabetes,Emergency,No
3575,4721,57,4,2023-06-27,2023-07-04,Skin Infection,Scheduled,Yes
3576,271,47,9,2023-03-18,2023-03-30,Appendicitis,Referral,Yes
3577,3478,21,2,2023-06-09,2023-06-12,Asthma,Emergency,Yes
3578,1929,31,1,2022-11-07,2022-11-12,Skin Infection,Transfer,No
3579,1539,50,3,2023-12-19,2023-12-21,Skin Infection,Referral,Yes
3580,4396,53,4,2024-03-16,2024-03-18,Fracture,Scheduled,No
3581,176,52,5,2023-05-03,2023-05-09,Appendicitis,Scheduled,No
3582,3827,52,5,2023-02-22,2023-03-04,Skin Infection,Referral,No
3583,1208,51,9,2025-09-14,2025-09-26,Skin Infection,Referral,Yes
3584,93,60,5,2022-10-14,2022-10-23,Back Pain,Referral,Yes
3585,4163,83,10,2025-12-29,2026-01-10,Chest Pain,Emergency,Yes
3586,4743,80,8,2025-04-20,2025-04-29,Asthma,Transfer,Yes
3587,2194,83,10,2023-10-04,2023-10-16,Hypertension,Referral,Yes
3588,2190,79,7,2022-02-28,2022-03-05,Skin Infection,Transfer,Yes
3589,2825,93,7,2025-05-28,2025-06-05,Chest Pain,Referral,Yes
3590,2352,42,10,2023-04-26,2023-05-03,Flu,Referral,No
3591,822,92,5,2022-05-06,2022-05-14,Appendicitis,Transfer,No
3592,1167,20,1,2022-11-26,2022-11-29,Stroke,Transfer,No
3593,3104,94,2,2025-10-14,2025-10-16,Kidney Stone,Referral,Yes
3594,1942,5,5,2022-01-22,2022-01-25,Appendicitis,Emergency,Yes
3595,3771,100,3,2024-01-15,2024-01-27,Hypertension,Transfer,No
3596,3854,98,7,2025-11-20,2025-11-27,Stroke,Scheduled,Yes
3597,2615,14,10,2023-06-01,2023-06-07,Fracture,Transfer,Yes
3598,959,56,9,2024-11-22,2024-12-06,Diabetes,Scheduled,Yes
3599,4080,44,4,2022-01-14,2022-01-15,Hypertension,Transfer,Yes
3600,2851,47,9,2024-12-20,2024-12-26,Back Pain,Scheduled,Yes
3601,1177,34,10,2023-06-09,2023-06-15,Chest Pain,Transfer,No
3602,1497,28,8,2023-01-07,2023-01-10,Diabetes,Referral,No
3603,2291,99,10,2022-06-21,2022-06-25,Cancer,Referral,Yes
3604,3664,52,5,2025-03-01,2025-03-11,Fracture,Scheduled,Yes
3605,1954,71,5,2022-06-12,2022-06-18,Asthma,Referral,Yes
3606,3946,2,4,2023-12-17,2023-12-29,Abdominal Pain,Transfer,No
3607,534,2,4,2024-06-02,2024-06-16,Flu,Scheduled,No
3608,918,84,1,2022-05-11,2022-05-24,Pneumonia,Transfer,No
3609,337,91,8,2024-10-26,2024-11-06,Diabetes,Emergency,No
3610,1563,4,2,2025-11-07,2025-11-14,Cancer,Scheduled,Yes
3611,568,36,1,2023-10-06,2023-10-09,Skin Infection,Transfer,No
3612,1106,65,8,2025-03-26,2025-03-30,Hypertension,Scheduled,No
3613,463,47,9,2022-10-23,2022-10-25,Skin Infection,Referral,Yes
3614,2625,50,3,2022-04-17,2022-04-26,Back Pain,Scheduled,Yes
3615,4678,13,6,2022-11-03,2022-11-14,Asthma,Emergency,No
3616,4476,46,9,2024-12-17,2024-12-27,Asthma,Referral,No
3617,4519,9,5,2025-01-27,2025-02-01,Migraine,Emergency,Yes
3618,4454,55,3,2023-12-25,2023-12-30,Appendicitis,Emergency,Yes
3619,4093,83,10,2022-04-16,2022-04-27,Chest Pain,Referral,No
3620,2508,68,9,2024-08-24,2024-08-25,Chest Pain,Transfer,No
3621,1255,29,8,2022-02-26,2022-03-12,Kidney Stone,Emergency,No
3622,3216,1,6,2025-04-11,2025-04-22,Migraine,Referral,No
3623,886,47,9,2022-01-22,2022-02-05,Diabetes,Scheduled,Yes
3624,2741,7,4,2024-05-04,2024-05-11,Abdominal Pain,Referral,No
3625,3546,8,1,2024-01-08,2024-01-09,Chest Pain,Emergency,No
3626,3053,90,9,2024-07-26,2024-08-02,Chest Pain,Transfer,Yes
3627,3902,74,1,2025-12-03,2025-12-07,Cancer,Emergency,No
3628,3994,35,1,2023-04-08,2023-04-16,Pneumonia,Emergency,Yes
3629,2668,20,1,2022-06-19,2022-07-01,Kidney Stone,Transfer,Yes
3630,4854,16,4,2022-02-25,2022-02-28,Appendicitis,Transfer,No
3631,4073,10,10,2023-09-24,2023-09-27,Migraine,Scheduled,Yes
3632,661,13,6,2022-06-02,2022-06-16,Abdominal Pain,Emergency,Yes
3633,3579,83,10,2024-05-03,2024-05-16,Abdominal Pain,Scheduled,Yes
3634,3973,58,3,2023-01-29,2023-02-09,Back Pain,Emergency,Yes
3635,2043,1,6,2025-06-07,2025-06-16,Fracture,Emergency,No
3636,3031,21,2,2023-05-27,2023-06-04,Skin Infection,Emergency,Yes
3637,2529,50,3,2023-03-21,2023-04-03,Fracture,Scheduled,No
3638,2165,82,5,2022-11-11,2022-11-24,Chest Pain,Transfer,No
3639,3305,71,5,2024-03-15,2024-03-22,Kidney Stone,Emergency,No
3640,4537,6,3,2022-03-06,2022-03-07,Stroke,Referral,No
3641,1764,70,6,2022-08-26,2022-09-01,Appendicitis,Referral,Yes
3642,759,41,6,2023-07-07,2023-07-11,Abdominal Pain,Referral,No
3643,4428,14,10,2025-02-20,2025-03-03,Hypertension,Transfer,No
3644,2243,80,8,2022-08-07,2022-08-20,Migraine,Emergency,No
3645,936,38,7,2023-07-10,2023-07-17,Asthma,Emergency,No
3646,2069,15,9,2024-07-19,2024-07-21,Hypertension,Emergency,No
3647,2978,54,1,2022-10-17,2022-10-24,Asthma,Transfer,No
3648,2380,41,6,2025-09-28,2025-10-04,Fracture,Transfer,Yes
3649,4077,64,1,2024-05-21,2024-05-28,Chest Pain,Referral,Yes
3650,1382,85,2,2023-04-14,2023-04-19,Migraine,Scheduled,Yes
3651,4597,14,10,2024-05-26,2024-05-29,Pneumonia,Transfer,No
3652,2207,66,10,2023-09-27,2023-10-07,Abdominal Pain,Emergency,No
3653,793,40,1,2024-02-28,2024-03-02,Skin Infection,Scheduled,No
3654,1786,92,5,2023-11-18,2023-11-27,Hypertension,Referral,Yes
3655,1645,12,10,2025-09-10,2025-09-16,Diabetes,Scheduled,Yes
3656,1614,45,4,2024-06-01,2024-06-03,Flu,Emergency,No
3657,40,21,2,2024-09-20,2024-09-29,Migraine,Transfer,Yes
3658,2434,40,1,2024-07-23,2024-08-06,Cancer,Scheduled,No
3659,1400,96,3,2023-04-10,2023-04-23,Cancer,Emergency,No
3660,3116,10,10,2025-06-03,2025-06-15,Flu,Transfer,Yes
3661,1394,45,4,2024-12-05,2024-12-14,Chest Pain,Referral,Yes
3662,985,28,8,2025-07-23,2025-08-04,Kidney Stone,Referral,No
3663,2494,2,4,2024-12-16,2024-12-24,Migraine,Transfer,No
3664,227,58,3,2023-02-04,2023-02-14,Appendicitis,Scheduled,No
3665,855,96,8,2023-12-13,2023-12-20,Chest Pain,Transfer,No
3666,4832,74,1,2022-04-24,2022-05-01,Diabetes,Scheduled,No
3667,2151,20,1,2023-11-05,2023-11-07,Diabetes,Emergency,No
3668,2136,43,1,2023-10-04,2023-10-06,Cancer,Scheduled,No
3669,856,48,10,2022-09-22,2022-10-01,Asthma,Scheduled,No
3670,4483,33,6,2022-01-13,2022-01-15,Asthma,Emergency,No
3671,393,84,1,2025-09-29,2025-10-06,Migraine,Emergency,No
3672,2507,42,10,2023-03-11,2023-03-15,Appendicitis,Referral,Yes
3673,165,13,6,2024-01-07,2024-01-14,Cancer,Emergency,No
3674,3567,87,4,2022-08-12,2022-08-19,Abdominal Pain,Referral,Yes
3675,2873,61,7,2023-04-12,2023-04-16,Appendicitis,Transfer,No
3676,60,93,7,2025-06-21,2025-06-23,Fracture,Referral,Yes
3677,4026,65,8,2022-05-21,2022-05-22,Cancer,Emergency,No
3678,912,74,1,2024-02-06,2024-02-14,Abdominal Pain,Emergency,No
3679,2825,14,10,2023-10-01,2023-10-11,Chest Pain,Emergency,No
3680,4772,89,4,2025-08-27,2025-09-02,Chest Pain,Scheduled,No
3681,1743,50,3,2025-01-29,2025-01-30,Flu,Transfer,Yes
3682,4873,51,9,2024-05-23,2024-06-04,Diabetes,Emergency,No
3683,1977,67,1,2024-11-28,2024-11-30,Asthma,Referral,Yes
3684,3838,92,5,bad-date,2022-12-18,Abdominal Pain,Emergency,Yes
3685,3733,3,3,2023-10-01,2023-10-13,Back Pain,Transfer,No
3686,2055,44,4,2022-01-07,2022-01-11,Hypertension,Emergency,No
3687,22,34,10,2024-01-03,2024-01-15,Stroke,Emergency,Yes
3688,4192,11,9,2024-11-17,2024-11-25,Fracture,Scheduled,Yes
3689,234,23,2,2024-10-06,2024-10-17,Flu,Transfer,Yes
3690,1137,59,1,2023-01-11,2023-01-14,Fracture,Transfer,Yes
3691,3496,79,7,2023-10-26,2023-10-27,Migraine,Scheduled,Yes
3692,3161,6,3,2023-11-11,2023-11-21,Hypertension,Referral,No
3693,1916,46,9,2023-03-08,2023-03-14,Flu,Scheduled,Yes
3694,3427,97,6,2023-06-17,2023-06-27,Fracture,Emergency,No
3695,1714,73,2,2024-08-16,2024-08-20,Kidney Stone,Referral,N
3696,791,25,10,2025-10-18,2025-10-29,Chest Pain,Transfer,No
3697,1189,54,1,2022-05-02,2022-05-13,Asthma,Emergency,Yes
3698,4998,72,2,2025-06-28,2025-07-10,Appendicitis,Scheduled,No
3699,2092,2,4,2025-12-05,2025-12-11,Diabetes,Referral,Yes
3700,938,50,3,2023-08-19,2023-08-21,Kidney Stone,Emergency,Yes
3701,1640,56,9,2024-01-22,2024-01-29,Migraine,Emergency,Yes
3702,2955,37,10,bad-date,2022-12-28,Hypertension,Emergency,No
3703,1042,70,6,2025-08-15,2025-08-25,Abdominal Pain,Scheduled,Yes
3704,1552,67,1,2023-06-16,2023-06-20,Chest Pain,Transfer,Yes
3705,4406,83,10,2025-05-07,2025-05-13,Back Pain,Referral,No
3706,4607,73,2,2022-12-09,2022-12-12,Chest Pain,Emergency,No
3707,2284,63,4,2023-10-22,2023-10-25,Cancer,Referral,No
3708,3756,46,9,2024-03-26,2024-04-01,Chest Pain,Emergency,Yes
3709,4219,100,3,2024-11-16,2024-11-27,Back Pain,Referral,No
3710,1654,69,2,2023-01-21,2023-01-28,Appendicitis,Transfer,No
3711,2844,99,10,2024-07-18,2024-07-19,Fracture,Emergency,Yes
3712,642,22,5,2022-09-19,2022-09-30,Diabetes,Scheduled,Yes
3713,4226,64,1,2023-12-31,2024-01-13,Fracture,Referral,Yes
3714,604,39,4,2023-08-12,2023-08-24,Skin Infection,Scheduled,No
3715,2364,87,4,2023-11-11,2023-11-24,Kidney Stone,Transfer,No
3716,4620,65,8,2024-12-14,2024-12-26,Abdominal Pain,Scheduled,No
3717,4263,26,8,2025-02-24,2025-03-08,Pneumonia,Referral,Yes
3718,3045,37,10,2023-03-17,2023-03-18,Cancer,Scheduled,No
3719,2039,97,6,2022-12-21,2022-12-23,Chest Pain,Emergency,No
3720,1604,88,5,2023-08-10,2023-08-23,Asthma,Transfer,Yes
3721,3544,69,2,2025-03-21,2025-04-01,Cancer,Scheduled,No
3722,3853,14,10,2024-01-04,2024-01-12,Kidney Stone,Referral,No
3723,864,3,3,2025-01-22,2025-01-23,Abdominal Pain,Emergency,Yes
3724,1748,3,3,2022-11-29,2022-12-02,Back Pain,Emergency,Yes
3725,1718,75,2,2023-11-24,2023-11-30,Diabetes,Scheduled,Yes
3726,3421,77,6,2024-11-14,2024-11-18,Pneumonia,Scheduled,Yes
3727,4551,46,9,2023-06-16,2023-06-18,Migraine,Scheduled,Yes
3728,3353,30,7,2025-07-09,2025-07-12,Asthma,Scheduled,Yes
3729,2417,34,10,2023-10-17,2023-10-21,Back Pain,Transfer,Yes
3730,2754,83,10,2022-03-16,2022-03-21,Chest Pain,Emergency,No
3731,4002,70,6,2024-06-21,2024-06-29,Skin Infection,Emergency,Yes
3732,1022,82,5,2023-12-24,2024-01-06,Cancer,Emergency,Yes
3733,1464,55,3,2025-01-04,2025-01-09,Pneumonia,Scheduled,Yes
3734,3222,25,10,2023-11-23,2023-11-29,Kidney Stone,Referral,No
3735,333,27,7,2023-01-29,2023-02-10,Asthma,Scheduled,Yes
3736,288,44,4,2024-06-29,2024-07-01,Cancer,Transfer,Yes
3737,1442,26,8,2025-12-11,2025-12-20,Diabetes,Referral,No
3738,2792,44,4,2022-10-09,2022-10-17,Skin Infection,Transfer,No
3739,1325,81,1,2024-02-20,2024-02-21,Back Pain,Scheduled,Yes
3740,2702,55,3,2023-08-06,2023-08-07,Abdominal Pain,Scheduled,Yes
3741,4376,56,9,2024-11-08,2024-11-18,Diabetes,Referral,Yes
3742,3947,90,9,2025-02-22,2025-03-01,Appendicitis,Transfer,Yes
3743,4298,14,10,2025-03-12,2025-03-23,Diabetes,Referral,No
3744,2236,50,3,2022-08-30,2022-09-02,Fracture,Emergency,Yes
3745,296,19,5,2023-08-16,2023-08-18,Chest Pain,Referral,Yes
3746,4051,42,10,2024-11-30,2024-12-13,Asthma,Scheduled,No
3747,1727,43,1,2023-02-23,2023-02-27,Pneumonia,Transfer,Yes
3748,1070,65,8,2025-04-29,2025-05-09,Asthma,Transfer,No
3749,4110,56,9,2024-12-27,2025-01-02,Flu,Referral,Yes
3750,571,12,10,2024-02-28,2024-03-02,Back Pain,Emergency,Yes
3751,3319,46,9,2022-06-22,2022-06-27,Stroke,Referral,No
3752,1694,79,7,2024-04-04,2024-04-16,Chest Pain,Referral,Yes
3753,641,3,3,2023-11-28,2023-12-04,Appendicitis,Transfer,Yes
3754,371,27,7,2025-10-25,2025-10-26,Abdominal Pain,Scheduled,No
3755,2708,74,1,2024-04-28,2024-04-29,Skin Infection,Referral,No
3756,4996,58,3,2025-05-29,2025-06-02,Chest Pain,Referral,Yes
3757,2096,21,2,2023-01-21,2023-01-23,Migraine,Referral,No
3758,1369,95,1,2022-07-27,2022-07-30,Chest Pain,Transfer,Yes
3759,3476,18,7,2025-08-09,2025-08-22,Hypertension,Emergency,Yes
3760,2233,7,4,2025-08-30,2025-09-09,Flu,Emergency,No
3761,1017,39,4,2022-08-01,2022-08-06,Hypertension,Referral,Yes
3762,4575,45,4,2022-01-30,2022-02-10,Diabetes,Scheduled,No
3763,3926,81,1,2023-07-13,2023-07-25,Pneumonia,Transfer,Yes
3764,3397,33,6,2022-05-28,2022-05-31,Pneumonia,Transfer,No
3765,3705,18,7,2023-10-18,2023-10-30,Migraine,Scheduled,Yes
3766,2338,44,4,2023-03-10,2023-03-20,Back Pain,Transfer,Yes
3767,2370,17,2,2023-06-04,2023-06-05,Skin Infection,Emergency,No
3768,2320,91,8,2025-07-12,2025-07-17,Pneumonia,Referral,Yes
3769,4680,90,9,2025-12-08,2025-12-22,Stroke,Transfer,No
3770,1522,58,3,2024-06-04,2024-06-13,Flu,Scheduled,Yes
3771,4657,13,6,2025-01-27,2025-02-07,Skin Infection,Emergency,Yes
3772,1249,40,1,2024-02-26,2024-03-04,Diabetes,Referral,Yes
3773,4399,6,3,2025-05-24,2025-06-06,Appendicitis,,Yes
3774,66,78,5,2024-08-16,2024-08-26,Stroke,Emergency,No
3775,2023,46,9,2022-07-27,2022-08-10,Flu,Referral,Yes
3776,613,61,7,2023-12-01,2023-12-12,Fracture,Scheduled,Yes
3777,3604,8,1,2022-10-05,2022-10-16,Flu,Referral,Yes
3778,1960,64,1,2025-05-10,2025-05-18,Hypertension,Transfer,Yes
3779,2527,83,10,2023-04-28,2023-05-06,Kidney Stone,Transfer,No
3780,4509,59,1,2023-01-04,2023-01-17,Chest Pain,Scheduled,No
3781,708,64,1,2022-10-11,2022-10-12,Abdominal Pain,Emergency,No
3782,1888,31,1,2023-04-11,2023-04-12,Hypertension,Scheduled,Yes
3783,2758,49,6,2025-03-24,2025-04-06,Asthma,Referral,No
3784,2060,9,5,2023-01-26,2023-01-30,Diabetes,Emergency,No
3785,750,77,6,2024-04-29,2024-05-08,Fracture,Referral,No
3786,1294,19,5,2024-04-24,2024-05-05,Asthma,Scheduled,Yes
3787,3015,39,4,2023-03-11,2023-03-12,Cancer,Emergency,Yes
3788,2550,89,4,2025-03-10,2025-03-12,Fracture,Emergency,No
3789,3121,82,5,2023-12-03,2023-12-07,Flu,Transfer,No
3790,4065,12,10,2023-03-01,2023-03-08,Migraine,Transfer,Yes
3791,2693,11,9,2023-09-10,2023-09-16,Pneumonia,Scheduled,Yes
3792,1742,18,7,2023-10-28,2023-11-08,Fracture,Referral,No
3793,1532,92,5,2025-05-04,2025-05-12,Kidney Stone,Scheduled,No
3794,4884,53,4,2023-12-29,2024-01-06,Appendicitis,Referral,Yes
3795,1813,45,4,2022-12-28,2022-12-30,Abdominal Pain,Transfer,Yes
3796,3175,38,7,2022-01-14,2022-01-21,Migraine,Emergency,Yes
3797,1608,89,4,2025-08-05,2025-08-07,Chest Pain,Referral,Yes
3798,1275,40,1,2023-06-20,2023-06-28,Skin Infection,Scheduled,Yes
3799,3708,43,1,2022-01-30,2022-02-01,Asthma,Scheduled,Yes
3800,4076,82,5,2022-02-12,2022-02-16,Abdominal Pain,Referral,Yes
3801,2071,14,10,2022-02-03,2022-02-14,Chest Pain,Scheduled,No
3802,4958,81,1,2024-03-23,2024-03-27,Flu,Transfer,No
3803,1370,60,5,2022-11-09,2022-11-21,Diabetes,Scheduled,No
3804,2143,88,5,2023-10-04,2023-10-09,Fracture,Transfer,No
3805,3426,66,10,2025-08-19,2025-09-01,Appendicitis,Transfer,No
3806,2505,50,3,2024-09-08,2024-09-19,Flu,Scheduled,No
3807,4882,66,10,2024-04-16,2024-04-28,Fracture,Emergency,Yes
3808,1905,27,7,2023-03-28,2023-03-31,Appendicitis,Scheduled,Yes
3809,3705,1,6,2022-12-17,2022-12-28,Asthma,Transfer,Yes
3810,4940,73,2,2024-02-28,2024-03-01,Migraine,Referral,Yes
3811,4425,46,9,2022-09-02,2022-09-07,Stroke,Transfer,No
3812,3461,16,4,2024-05-01,2024-05-13,Hypertension,Scheduled,No
3813,4778,42,10,2025-11-16,2025-11-19,Asthma,Emergency,No
3814,4223,24,1,2022-11-19,2022-11-28,Appendicitis,Referral,No
3815,587,40,1,2022-06-23,2022-07-06,Hypertension,Transfer,No
3816,573,87,4,2024-01-25,2024-02-04,Pneumonia,Scheduled,Yes
3817,2764,58,3,2024-12-16,2024-12-26,Hypertension,Referral,Yes
3818,3470,73,2,2022-01-31,2022-02-04,Hypertension,Scheduled,No
3819,3954,95,1,2022-05-26,2022-05-28,Pneumonia,Emergency,Yes
3820,3841,28,8,2022-02-20,2022-03-06,Flu,Scheduled,Yes
3821,4327,81,1,2024-01-13,2024-01-24,Cancer,Referral,Yes
3822,1142,76,7,2025-07-06,2025-07-09,Hypertension,Transfer,Yes
3823,1206,26,8,2022-04-04,2022-04-17,Fracture,Scheduled,No
3824,4534,20,1,2023-04-01,2023-04-05,Cancer,Referral,Yes
3825,865,90,9,2022-09-03,2022-09-07,Abdominal Pain,Transfer,No
3826,1996,70,6,2025-09-16,2025-09-24,Cancer,Scheduled,No
3827,4517,60,5,2024-03-09,2024-03-17,Skin Infection,Scheduled,Yes
3828,3208,1,6,2025-07-24,2025-08-02,Stroke,Referral,Yes
3829,1067,76,7,2024-02-24,2024-03-08,Flu,Transfer,No
3830,853,39,4,2023-06-08,2023-06-19,Migraine,Transfer,No
3831,3765,35,1,2023-02-10,2023-02-11,Back Pain,Transfer,Yes
3832,191,49,6,2024-12-17,2024-12-19,Migraine,Referral,Yes
3833,4814,65,8,2025-12-10,2025-12-18,Pneumonia,Emergency,Yes
3834,4835,66,10,2022-06-12,2022-06-14,Fracture,Emergency,Yes
3835,4242,35,1,2023-05-02,2023-05-13,Fracture,Emergency,No
3836,690,75,2,2025-12-15,2025-12-24,Diabetes,Emergency,No
3837,4841,53,4,2023-05-26,2023-05-30,Hypertension,Referral,Yes
3838,3724,97,5,2025-03-16,2025-03-22,Hypertension,Referral,No
3839,1959,22,5,2024-06-22,2024-06-24,Flu,Scheduled,Yes
3840,1164,91,8,2024-12-01,2024-12-06,Abdominal Pain,Referral,Yes
3841,3354,12,10,2025-10-12,2025-10-19,Cancer,Scheduled,No
3842,1466,35,1,2022-04-30,2022-05-09,Stroke,Referral,Yes
3843,3505,30,7,2022-09-29,2022-10-03,Skin Infection,Emergency,Yes
3844,4015,2,4,2023-10-18,2023-10-26,Stroke,Referral,Yes
3845,309,32,9,2024-09-01,2024-09-08,Back Pain,Scheduled,Yes
3846,3395,94,2,2023-11-17,2023-11-27,Migraine,Emergency,No
3847,1054,47,9,2024-12-29,2025-01-02,Skin Infection,Referral,Yes
3848,3536,30,7,2023-10-07,2023-10-15,Skin Infection,Emergency,Yes
3849,3370,37,10,2023-07-24,2023-08-05,Asthma,Transfer,No
3850,3923,14,10,2023-01-25,2023-01-28,Abdominal Pain,Emergency,Yes
3851,483,23,2,2025-05-21,2025-06-01,Diabetes,Referral,No
3852,990,13,6,2025-02-02,2025-02-08,Skin Infection,Emergency,Yes
3853,436,13,6,2023-08-08,2023-08-15,Hypertension,Scheduled,Yes
3854,3037,32,9,2023-11-23,2023-12-04,Kidney Stone,Transfer,Yes
3855,4180,76,7,2022-01-31,2022-02-02,Kidney Stone,Referral,Yes
3856,4407,15,9,2022-10-15,2022-10-27,Fracture,Referral,No
3857,1867,11,9,2024-03-28,2024-04-05,Flu,Transfer,No
3858,402,19,5,2024-07-16,2024-07-18,Asthma,Scheduled,No
3859,4331,82,5,2025-02-10,2025-02-19,Migraine,Transfer,No
3860,735,70,6,2022-06-07,2022-06-21,Cancer,Scheduled,Yes
3861,2517,64,1,2025-10-03,2025-10-11,Stroke,Emergency,No
3862,727,2,4,2025-08-20,2025-09-03,Kidney Stone,Referral,No
3863,1906,1,6,2025-07-08,2025-07-17,Hypertension,Scheduled,Yes
3864,774,28,8,2022-08-21,2022-09-02,Diabetes,Referral,Yes
3865,2549,81,1,2022-07-09,2022-07-23,Stroke,Referral,Yes
3866,172,36,1,2023-08-29,2023-09-03,Asthma,Transfer,No
3867,1202,42,10,2025-02-26,2025-03-05,Fracture,Referral,Yes
3868,175,12,10,2025-04-24,2025-05-02,Asthma,Scheduled,Yes
3869,2268,47,9,2022-01-15,2022-01-16,Migraine,Emergency,No
3870,732,86,3,2022-06-27,2022-07-01,Abdominal Pain,Emergency,Yes
3871,216,57,4,2024-03-07,2024-03-21,Asthma,Emergency,No
3872,35,50,3,2025-12-10,2025-12-12,Asthma,Transfer,No
3873,3390,40,1,2025-11-14,2025-11-23,Abdominal Pain,Scheduled,Yes
3874,4910,67,1,2024-09-27,2024-09-30,Skin Infection,Referral,Yes
3875,4194,14,10,2024-12-30,2025-01-06,Cancer,Transfer,Yes
3876,1855,100,3,2023-07-30,2023-08-04,Back Pain,Referral,Yes
3877,2676,48,10,2024-06-19,2024-06-22,Flu,Referral,No
3878,3779,22,5,2022-06-19,2022-07-02,Fracture,Transfer,Yes
3879,3308,20,1,2022-02-22,2022-03-06,Cancer,Emergency,No
3880,63,85,2,2023-07-13,2023-07-23,Abdominal Pain,Referral,Yes
3881,3909,95,1,2025-12-06,2025-12-09,Flu,Scheduled,Yes
3882,235,9,5,2024-06-17,2024-06-18,Stroke,Transfer,No
3883,4318,49,6,2023-05-13,2023-05-27,Appendicitis,Scheduled,Yes
3884,4470,47,9,2025-02-10,2025-02-20,Fracture,Referral,No
3885,418,40,1,2024-09-12,2024-09-13,Kidney Stone,Referral,No
3886,724,21,2,2024-05-03,2024-05-09,Asthma,Referral,No
3887,2280,13,6,2025-10-25,2025-11-01,Chest Pain,Transfer,No
3888,3438,59,1,2022-07-14,2022-07-20,Appendicitis,Emergency,Yes
3889,974,18,7,2022-03-21,2022-03-29,Hypertension,Emergency,Yes
3890,2766,81,1,2024-12-14,2024-12-27,Cancer,Scheduled,No
3891,4667,55,3,2024-10-01,2024-10-12,Cancer,Scheduled,No
3892,1495,47,9,2023-11-26,2023-11-29,Chest Pain,Transfer,No
3893,641,45,4,2022-02-27,2022-03-11,Stroke,Scheduled,Yes
3894,2845,78,5,2025-07-10,2025-07-19,Abdominal Pain,Referral,Yes
3895,4225,54,1,2022-05-15,2022-05-24,Asthma,Scheduled,Yes
3896,2072,27,7,2023-07-28,2023-07-31,Pneumonia,Transfer,No
3897,1777,17,2,2022-09-11,2022-09-23,Stroke,Emergency,Yes
3898,1970,29,8,2025-04-08,2025-04-17,Cancer,Scheduled,Yes
3899,4630,2,4,2023-07-29,2023-07-30,Hypertension,Scheduled,No
3900,3444,45,4,2025-02-08,2025-02-13,Flu,Emergency,Yes
3901,2491,6,3,2023-11-26,2023-12-03,Chest Pain,Emergency,Yes
3902,2884,58,3,2025-01-27,2025-02-04,Hypertension,Emergency,No
3903,462,19,5,2025-10-29,2025-11-06,Stroke,Emergency,No
3904,3203,25,10,2024-03-19,2024-03-29,Flu,Emergency,Yes
3905,4230,98,7,2023-01-31,2023-02-13,Skin Infection,Transfer,No
3906,4347,97,9,2023-01-20,2023-01-27,Pneumonia,Transfer,No
3907,652,53,4,2025-12-05,2025-12-09,Asthma,Transfer,No
3908,545,59,1,2025-12-23,2025-12-31,Chest Pain,Scheduled,No
3909,4674,91,8,2023-09-05,2023-09-16,Kidney Stone,Scheduled,No
3910,814,46,9,2023-07-12,2023-07-24,Skin Infection,Transfer,Yes
3911,2170,13,6,2025-11-14,2025-11-17,Migraine,Referral,Yes
3912,3643,97,8,2022-03-14,2022-03-20,Hypertension,Transfer,No
3913,2769,6,3,2023-10-22,2023-10-29,Pneumonia,Referral,No
3914,4377,11,9,2025-01-18,2025-01-30,Kidney Stone,Transfer,No
3915,4232,76,7,2024-01-24,2024-02-07,Hypertension,Emergency,Yes
3916,4703,15,9,2025-03-27,2025-03-31,Skin Infection,Transfer,Yes
3917,3591,36,1,2022-06-15,2022-06-20,Back Pain,Scheduled,Yes
3918,830,31,1,2023-07-21,2023-08-04,Cancer,Referral,Yes
3919,4523,96,3,2025-01-22,2025-02-02,Kidney Stone,Emergency,No
3920,137,38,7,2024-03-10,2024-03-13,Migraine,Transfer,No
3921,1606,46,9,2024-06-20,2024-07-03,Pneumonia,Scheduled,No
3922,1332,62,8,2023-04-11,2023-04-15,Hypertension,Emergency,Yes
3923,2506,41,6,2023-08-31,2023-09-05,Asthma,Referral,Yes
3924,1464,9,5,2022-03-28,2022-04-11,Back Pain,Referral,No
3925,4926,50,3,2025-02-25,2025-03-04,Diabetes,Transfer,No
3926,1542,8,1,2024-08-25,2024-09-04,Back Pain,Emergency,Yes
3927,4679,79,7,2025-08-05,2025-08-16,Abdominal Pain,Referral,No
3928,3653,54,1,2022-05-20,2022-05-28,Hypertension,Referral,Yes
3929,760,97,1,2023-03-18,2023-03-30,Flu,Referral,No
3930,1336,41,6,2024-09-15,2024-09-27,Asthma,Scheduled,Yes
3931,465,93,7,2025-07-05,2025-07-15,Hypertension,Scheduled,Yes
3932,2839,59,1,2025-04-24,2025-05-06,Chest Pain,Referral,Yes
3933,197,8,1,2023-06-10,2023-06-15,Migraine,Emergency,No
3934,3494,99,10,2024-02-22,2024-03-04,Fracture,Emergency,No
3935,3677,21,2,2024-10-14,2024-10-20,Asthma,Scheduled,Yes
3936,179,21,2,2022-08-21,2022-08-29,Chest Pain,Scheduled,Yes
3937,4624,90,9,2022-02-14,2022-02-20,Fracture,Transfer,Yes
3938,963,96,4,2025-08-07,2025-08-15,Stroke,Transfer,Yes
3939,3739,24,1,2022-01-10,2022-01-21,Flu,Scheduled,Yes
3940,2288,67,1,2025-05-29,2025-06-02,Flu,Scheduled,Yes
3941,3814,62,8,2024-01-19,2024-01-26,Appendicitis,Transfer,No
3942,3080,50,3,2025-01-21,2025-01-27,Fracture,Scheduled,No
3943,957,98,7,2023-08-25,2023-09-03,Migraine,Scheduled,No
3944,4601,78,5,2024-11-06,2024-11-15,Stroke,Emergency,No
3945,3616,46,9,2024-09-02,2024-09-16,Abdominal Pain,Referral,No
3946,2823,68,9,2023-11-25,2023-12-06,Stroke,Transfer,No
3947,3232,39,4,2024-01-21,2024-01-23,Kidney Stone,Scheduled,No
3948,1127,58,3,2025-03-08,2025-03-12,Migraine,Transfer,Yes
3949,4584,47,9,2022-07-06,2022-07-13,Chest Pain,Scheduled,Yes
3950,4272,63,4,2023-03-02,2023-03-08,Diabetes,Emergency,No
3951,3937,68,9,2024-03-16,2024-03-20,Migraine,Emergency,No
3952,2332,72,2,2024-09-06,2024-09-17,Appendicitis,Transfer,No
3953,3645,53,4,2023-02-08,2023-02-18,Appendicitis,Emergency,Yes
3954,1584,9,5,2024-12-08,2024-12-17,Appendicitis,Scheduled,No
3955,3986,73,2,2024-05-06,2024-05-07,Flu,Transfer,No
3956,3589,86,3,2023-08-03,2023-08-15,Back Pain,Scheduled,Yes
3957,2708,88,5,2025-12-10,2025-12-11,Abdominal Pain,Referral,No
3958,4383,38,7,2024-04-06,2024-04-09,Pneumonia,Emergency,No
3959,1715,34,10,2024-04-13,2024-04-19,Diabetes,Transfer,No
3960,929,45,4,2023-04-22,2023-04-24,Pneumonia,Emergency,No
3961,588,87,4,2023-04-24,2023-05-06,Skin Infection,Scheduled,No
3962,385,69,2,2024-05-30,2024-06-10,Skin Infection,Transfer,No
3963,886,82,5,2023-06-04,2023-06-11,Flu,Transfer,Yes
3964,840,64,1,2022-01-29,2022-02-11,Kidney Stone,Referral,Yes
3965,3398,60,5,2022-03-17,2022-03-19,Back Pain,Referral,No
3966,1352,24,1,2024-03-04,2024-03-09,Diabetes,Scheduled,No
3967,3161,48,10,2023-11-17,2023-11-20,Stroke,Referral,No
3968,4598,58,3,2023-02-05,2023-02-11,Diabetes,Transfer,Yes
3969,1144,1,6,2023-01-04,2023-01-07,Kidney Stone,Transfer,Yes
3970,677,28,8,2025-08-29,2025-08-31,Skin Infection,Emergency,Yes
3971,1173,11,9,2023-07-24,2023-08-03,Skin Infection,Emergency,Yes
3972,4372,33,6,2024-06-25,2024-07-06,Chest Pain,Referral,No
3973,3659,88,5,2024-09-22,2024-09-26,Migraine,Scheduled,Yes
3974,4591,24,1,2023-04-14,2023-04-24,Diabetes,Scheduled,Yes
3975,544,71,5,2025-07-23,2025-07-27,Asthma,Transfer,No
3976,4240,32,9,2024-01-04,2024-01-14,Skin Infection,Emergency,No
3977,3196,77,6,2024-11-22,2024-12-06,Kidney Stone,Transfer,Yes
3978,1133,74,1,2024-07-17,2024-07-23,Skin Infection,Referral,No
3979,3498,19,5,2024-08-29,2024-08-31,Back Pain,Scheduled,No
3980,437,81,1,2022-10-22,2022-10-27,Back Pain,Referral,No
3981,4999,68,9,2023-07-21,2023-07-27,Cancer,Emergency,Yes
3982,3110,52,5,2022-02-27,2022-03-09,Migraine,Transfer,Yes
3983,448,54,1,2022-10-29,2022-11-12,Asthma,Referral,No
3984,2717,65,8,2024-12-25,2025-01-04,Cancer,Transfer,Yes
3985,2193,35,1,2023-09-08,2023-09-15,Back Pain,Scheduled,Yes
3986,1166,94,2,2024-12-21,2025-01-01,Migraine,Scheduled,Yes
3987,4745,23,2,2024-07-28,2024-08-02,Cancer,Scheduled,Yes
3988,4825,67,1,2022-07-08,2022-07-19,Diabetes,Scheduled,Yes
3989,312,24,1,2022-06-01,2022-06-07,Abdominal Pain,Emergency,Yes
3990,4160,46,9,2022-06-10,2022-06-14,Asthma,Referral,Yes
3991,2660,38,7,2022-08-10,2022-08-22,Asthma,Referral,Yes
3992,1884,63,4,2022-01-17,2022-01-18,Kidney Stone,Transfer,No
3993,3901,48,10,2022-06-08,2022-06-18,Hypertension,Emergency,Yes
3994,1442,21,2,2024-06-01,2024-06-02,Appendicitis,Scheduled,No
3995,3804,66,10,2023-08-11,2023-08-15,Pneumonia,Transfer,No
3996,2102,69,2,2023-09-27,2023-10-04,Migraine,Scheduled,Yes
3997,507,27,7,2022-10-15,2022-10-19,Fracture,Referral,No
3998,1989,58,3,2024-06-09,2024-06-17,Fracture,Emergency,No
3999,4490,44,4,2025-01-06,2025-01-09,Diabetes,Transfer,No
4000,2796,78,5,2025-06-08,2025-06-15,Skin Infection,Scheduled,Yes
4001,2224,27,7,2022-07-10,2022-07-13,Abdominal Pain,Emergency,Yes
4002,2915,47,9,2024-10-23,2024-11-01,Cancer,Scheduled,Yes
4003,1688,3,3,2024-09-04,2024-09-13,Diabetes,Referral,Yes
4004,1046,100,3,2023-11-07,2023-11-15,Hypertension,Transfer,No
4005,480,59,1,2024-10-17,2024-10-31,Cancer,Scheduled,No
4006,2078,92,5,2023-12-05,2023-12-10,Stroke,Transfer,No
4007,4936,57,4,2022-05-23,2022-05-25,Fracture,Emergency,No
4008,3402,68,9,2024-09-23,2024-09-27,Diabetes,Emergency,Yes
4009,2446,21,2,2024-03-03,2024-03-16,Migraine,Referral,No
4010,1891,74,1,2023-07-27,2023-08-03,Skin Infection,Referral,No
4011,4207,28,8,2025-12-22,2025-12-24,Kidney Stone,Emergency,Yes
4012,1576,45,4,2025-02-10,2025-02-21,Chest Pain,Transfer,Yes
4013,3097,25,10,2025-10-27,2025-10-30,Stroke,Transfer,No
4014,283,24,1,2024-10-02,2024-10-13,Diabetes,Scheduled,No
4015,2505,24,1,2022-08-15,2022-08-27,Hypertension,Scheduled,Yes
4016,4504,100,3,2024-06-17,2024-07-01,Pneumonia,Emergency,No
4017,2044,56,9,2024-04-28,2024-05-10,Back Pain,Referral,No
4018,343,49,6,2025-08-21,2025-08-31,Flu,Referral,Yes
4019,959,73,2,2024-04-08,2024-04-19,Abdominal Pain,emergency,Yes
4020,1964,45,4,2024-04-27,2024-04-30,Fracture,Referral,Yes
4021,1411,10,10,2022-06-08,2022-06-22,Diabetes,Transfer,Yes
4022,362,1,6,2022-03-24,2022-04-02,Flu,Scheduled,Yes
4023,1048,8,1,2024-01-06,2024-01-10,Pneumonia,Scheduled,Yes
4024,4439,76,7,2023-04-27,2023-05-07,Stroke,Referral,No
4025,404,68,9,2025-03-15,2025-03-24,Hypertension,Referral,No
4026,3138,10,10,2024-07-04,2024-07-06,Flu,Emergency,Yes
4027,2343,61,7,2025-01-03,2025-01-06,Migraine,Transfer,No
4028,4631,79,7,2022-07-24,2022-08-06,Diabetes,Transfer,Yes
4029,4651,6,3,2024-03-14,2024-03-21,Chest Pain,Emergency,No
4030,4219,68,9,2025-07-13,2025-07-25,Skin Infection,Scheduled ,No
4031,3520,100,3,2022-03-21,2022-03-24,Appendicitis,Scheduled,Yes
4032,3480,3,3,2023-05-04,2023-05-18,Chest Pain,Emergency,Yes
4033,2502,44,4,2022-02-01,2022-02-08,Flu,Scheduled,Yes
4034,3794,8,1,2025-11-15,2025-11-27,Abdominal Pain,Referral,Yes
4035,2256,12,10,2025-09-15,2025-09-22,Cancer,Referral,No
4036,3533,39,4,2024-02-21,2024-03-01,Asthma,Transfer,No
4037,3249,99,10,2025-07-25,2025-08-05,Stroke,Referral,No
4038,984,36,1,2022-12-06,2022-12-18,Skin Infection,Referral,Yes
4039,143,1,6,2022-01-28,2022-02-11,Stroke,Emergency,Yes
4040,3634,34,10,2023-01-27,2023-02-04,Skin Infection,Referral,No
4041,800,3,3,2024-08-30,2024-09-03,Skin Infection,Scheduled,Yes
4042,1479,19,5,2023-10-28,2023-11-11,Stroke,Scheduled,Yes
4043,3940,55,3,2022-12-03,2022-12-14,Stroke,Scheduled,Yes
4044,1928,35,1,2023-11-06,2023-11-07,Diabetes,Referral,No
4045,972,61,7,2024-10-08,2024-10-15,Chest Pain,Transfer,No
4046,3581,11,9,2022-03-28,2022-04-09,Abdominal Pain,Emergency,Yes
4047,156,45,4,2025-05-10,2025-05-12,Flu,Emergency,No
4048,1333,83,10,2023-07-04,2023-07-12,Cancer,Scheduled,Yes
4049,1689,39,4,2024-11-06,2024-11-17,Cancer,Emergency,No
4050,460,17,2,2024-03-19,2024-03-29,Abdominal Pain,Transfer,Yes
4051,707,41,6,2025-12-03,2025-12-09,Abdominal Pain,Referral,Yes
4052,155,65,8,2024-09-11,2024-09-17,Appendicitis,Referral,No
4053,2692,13,6,2025-11-13,2025-11-17,Diabetes,Scheduled,Yes
4054,1578,63,4,2022-04-22,2022-05-03,Stroke,Referral,No
4055,2099,50,3,2025-01-02,2025-01-13,Chest Pain,Emergency,Yes
4056,1623,81,1,2025-01-14,2025-01-16,Fracture,Referral,No
4057,895,71,5,2023-09-25,2023-09-28,Cancer,Scheduled,Yes
4058,3301,95,1,2023-07-28,2023-08-03,Appendicitis,Emergency,Yes
4059,3850,58,3,2023-05-27,2023-05-31,Flu,Transfer,Yes
4060,548,7,4,2024-05-14,2024-05-20,Fracture,Transfer,Yes
4061,2835,38,7,2025-03-03,2025-03-11,Diabetes,Scheduled,No
4062,4732,30,7,2022-06-11,2022-06-22,Hypertension,Scheduled,No
4063,1352,83,10,2025-08-20,2025-08-28,Appendicitis,Referral,No
4064,4898,78,5,2025-12-12,2025-12-22,Stroke,Emergency,No
4065,181,39,4,2022-08-26,2022-09-04,Asthma,Transfer,Yes
4066,2945,50,3,2024-04-05,2024-04-19,Flu,Emergency,Yes
4067,4556,24,1,2025-02-01,2025-02-11,Pneumonia,Emergency,Yes
4068,3939,41,6,2024-10-26,2024-11-02,Migraine,Scheduled,No
4069,4605,31,1,2022-02-15,2022-02-25,Appendicitis,Referral,Yes
4070,1624,89,4,2024-02-12,2024-02-16,Diabetes,Referral,Yes
4071,4110,81,1,2025-04-26,2025-05-03,Cancer,Emergency,No
4072,984,85,2,2024-08-30,2024-09-05,Abdominal Pain,Transfer,No
4073,1786,33,6,2023-10-12,2023-10-23,Migraine,Transfer,No
4074,1390,23,2,2022-02-28,2022-03-07,Kidney Stone,Scheduled,No
4075,2811,68,9,2023-05-08,2023-05-09,Hypertension,Scheduled,No
4076,4381,8,1,2025-09-21,2025-10-03,Stroke,Transfer,No
4077,3324,81,1,2023-05-19,2023-05-24,Stroke,Referral,Yes
4078,322,65,8,2024-11-26,2024-12-02,Flu,Scheduled,No
4079,4568,70,6,2023-05-07,2023-05-09,Back Pain,Scheduled,No
4080,1341,58,3,2024-06-25,2024-07-04,Kidney Stone,Scheduled,No
4081,386,64,1,2025-04-08,2025-04-22,Abdominal Pain,Scheduled,Yes
4082,4112,11,9,2025-02-14,2025-02-16,Asthma,Transfer,Yes
4083,4023,58,3,2025-09-24,2025-09-26,Diabetes,Emergency,Yes
4084,2331,6,3,2022-12-24,2022-12-25,Back Pain,Transfer,Yes
4085,3578,9,5,2024-10-17,2024-10-22,Chest Pain,Transfer,No
4086,865,61,7,2025-07-07,2025-07-17,Diabetes,Referral,Yes
4087,148,8,1,2022-02-27,2022-03-12,Hypertension,Emergency,Yes
4088,1957,8,1,2025-11-08,2025-11-19,Pneumonia,Emergency,No
4089,4486,76,7,2022-02-07,2022-02-12,Back Pain,Emergency,Yes
4090,768,94,2,2023-05-22,2023-06-05,Kidney Stone,Scheduled,Yes
4091,2911,85,2,2025-07-27,2025-08-05,Flu,Emergency,Yes
4092,3819,99,10,2024-10-04,2024-10-07,Migraine,Referral,Yes
4093,3673,91,8,2024-05-11,2024-05-16,Chest Pain,Transfer,Yes
4094,4242,94,2,2023-09-28,2023-10-05,Skin Infection,Emergency,No
4095,4468,96,4,2023-02-27,2023-03-06,Chest Pain,Transfer,No
4096,3993,6,3,2025-07-13,2025-07-23,Diabetes,Referral,No
4097,973,78,5,2023-01-15,2023-01-27,Abdominal Pain,Emergency,Yes
4098,1826,67,1,2022-09-26,2022-10-10,Stroke,Transfer,No
4099,3458,16,4,2025-03-06,2025-03-14,Skin Infection,Transfer,Yes
4100,1111,49,6,2024-04-05,2024-04-12,Abdominal Pain,Emergency,No
4101,4703,73,2,2022-11-20,2022-12-02,Stroke,Transfer,No
4102,220,87,4,2024-10-25,2024-11-07,Abdominal Pain,Transfer,No
4103,2909,59,1,2023-08-31,2023-09-09,Stroke,Transfer,No
4104,4892,58,3,2024-06-24,2024-07-05,Chest Pain,Transfer,No
4105,3553,62,8,2023-03-15,2023-03-27,Abdominal Pain,Emergency,Yes
4106,3788,41,6,2022-03-11,2022-03-23,Flu,Transfer,Yes
4107,1575,84,1,2023-05-24,2023-06-06,Appendicitis,Scheduled,Yes
4108,4637,31,1,2023-07-26,2023-08-03,Kidney Stone,Referral,Yes
4109,1440,56,9,2024-10-18,2024-10-27,Skin Infection,Transfer,No
4110,3677,7,4,2024-07-03,2024-07-07,Abdominal Pain,Referral,No
4111,3299,1,6,2024-01-07,2024-01-10,Diabetes,Transfer,Yes
4112,1109,9,5,2023-05-25,2023-05-29,Hypertension,Referral,No
4113,4592,75,2,2022-12-09,2022-12-22,Abdominal Pain,Emergency,Yes
4114,1282,76,7,2025-09-06,2025-09-20,Chest Pain,Referral,No
4115,3264,80,8,2023-03-23,2023-03-24,Skin Infection,Scheduled,No
4116,262,57,4,2025-05-10,2025-05-22,Cancer,Emergency,Yes
4117,3420,17,2,2023-01-21,2023-02-01,Abdominal Pain,Emergency,No
4118,2311,29,8,2023-09-20,2023-09-25,Cancer,Emergency,No
4119,2542,59,1,2022-01-07,2022-01-18,Skin Infection,Referral,No
4120,3998,16,4,2022-08-17,2022-08-29,Appendicitis,Scheduled,No
4121,4995,68,9,2025-07-16,2025-07-22,Flu,Transfer,Yes
4122,2098,26,8,2024-05-15,,Flu,Emergency,No
4123,855,54,1,2022-10-17,2022-10-28,Stroke,Transfer,No
4124,1463,35,1,2022-01-23,2022-02-01,Cancer,Transfer,Yes
4125,4585,86,3,2024-10-05,2024-10-06,Diabetes,Scheduled,Yes
4126,828,48,10,2024-03-26,2024-04-02,Appendicitis,Emergency,Yes
4127,628,66,10,2024-08-10,2024-08-12,Appendicitis,Emergency,Yes
4128,2194,43,1,2025-06-03,2025-06-13,Kidney Stone,Scheduled,Yes
4129,3903,11,9,2024-11-22,2024-12-06,Cancer,,Yes
4130,1413,11,9,2023-05-12,2023-05-14,Skin Infection,Transfer,Yes
4131,2566,5,5,2023-01-26,2023-01-31,Asthma,Emergency,Yes
4132,3881,31,1,2023-08-28,2023-08-30,Appendicitis,Referral,Yes
4133,2285,53,4,2023-12-09,2023-12-15,Migraine,Referral,Yes
4134,1502,32,9,2023-02-27,2023-03-05,Chest Pain,Emergency,No
4135,2472,96,10,2022-06-28,2022-07-04,Abdominal Pain,Transfer,No
4136,1585,4,2,2025-11-14,2025-11-18,Asthma,Scheduled,Yes
4137,4199,53,4,2023-09-23,2023-10-02,Asthma,Referral,Yes
4138,447,58,3,2023-08-27,2023-09-01,Fracture,Referral,Yes
4139,2598,84,1,2022-01-03,2022-01-05,Cancer,Emergency,No
4140,2998,30,7,2024-03-25,2024-03-30,Appendicitis,Emergency,No
4141,3565,79,7,2024-05-24,2024-06-07,Kidney Stone,Transfer,No
4142,4156,81,1,2022-07-22,2022-08-05,Flu,Scheduled,No
4143,529,40,1,2023-12-02,2023-12-05,Migraine,Referral,No
4144,2251,99,10,2025-04-10,2025-04-12,Abdominal Pain,Referral,Yes
4145,2836,4,2,2025-03-14,2025-03-15,Abdominal Pain,Referral,Yes
4146,2877,95,1,2022-06-05,2022-06-19,Skin Infection,Referral,Yes
4147,3102,27,7,2025-05-10,2025-05-13,Cancer,Referral,No
4148,2982,13,6,2023-02-23,2023-02-26,Back Pain,Transfer,Yes
4149,403,5,5,2023-09-05,2023-09-15,Abdominal Pain,Emergency,Yes
4150,3517,99,10,2023-07-28,2023-08-10,Fracture,Referral,No
4151,212,94,2,2025-06-03,2025-06-12,Diabetes,Scheduled,Yes
4152,2969,7,4,2025-05-25,2025-05-27,Asthma,Scheduled,Yes
4153,4642,87,4,2022-11-07,2022-11-18,Fracture,Transfer,Yes
4154,2604,75,2,2023-03-27,2023-03-30,Flu,Transfer,No
4155,4011,96,2,2022-08-16,2022-08-28,Flu,Scheduled,No
4156,4702,96,2,2022-10-14,2022-10-23,Kidney Stone,Scheduled,Yes
4157,218,55,3,2022-12-21,2023-01-04,Fracture,Emergency,Yes
4158,1393,35,1,2024-01-16,2024-01-18,Asthma,Transfer,Yes
4159,4044,58,3,2024-03-30,2024-04-01,Abdominal Pain,Transfer,Yes
4160,4026,80,8,2022-06-24,2022-06-26,Appendicitis,Scheduled,Yes
4161,1943,30,7,2025-12-11,2025-12-17,Cancer,Emergency,Yes
4162,1717,47,9,2023-02-27,2023-03-01,Back Pain,Referral,Yes
4163,2886,56,9,2022-12-10,2022-12-22,Kidney Stone,Transfer,Yes
4164,2549,46,9,2025-11-30,2025-12-14,Abdominal Pain,Emergency,No
4165,230,74,1,2023-06-04,2023-06-06,Migraine,Transfer,No
4166,738,97,7,2025-02-01,2025-02-04,Skin Infection,Scheduled,Yes
4167,4393,84,1,2022-09-21,2022-09-26,Migraine,Transfer,Yes
4168,793,52,5,2023-02-03,2023-02-10,Pneumonia,Transfer,Yes
4169,1737,67,1,2024-06-02,2024-06-16,Abdominal Pain,Referral,No
4170,1890,19,5,2022-11-29,2022-12-03,Back Pain,Scheduled,Yes
4171,2067,21,2,2024-06-05,2024-06-09,Appendicitis,Scheduled,No
4172,4198,96,2,2022-11-21,2022-11-27,Migraine,Emergency,No
4173,2805,18,7,2024-12-03,2024-12-16,Appendicitis,Referral,No
4174,2845,79,7,2022-01-16,2022-01-21,Migraine,Transfer,No
4175,740,57,4,2024-05-18,2024-05-23,Fracture,Referral,No
4176,639,1,6,2023-12-06,2023-12-14,Cancer,Referral,Yes
4177,3168,89,4,2023-10-21,2023-10-24,Kidney Stone,Referral,Yes
4178,1447,75,2,2023-05-21,2023-06-01,Pneumonia,Referral,No
4179,2201,85,2,2025-01-06,2025-01-19,Fracture,Referral,No
4180,973,74,1,2025-04-17,2025-04-23,Chest Pain,Emergency,No
4181,3956,41,6,2023-06-25,2023-07-03,Pneumonia,Emergency,No
4182,3691,4,2,2024-05-26,2024-06-02,Pneumonia,Referral,Yes
4183,849,91,8,2024-05-28,2024-05-31,Pneumonia,Emergency,No
4184,1599,85,2,2024-07-07,2024-07-15,Diabetes,Referral,No
4185,4489,61,7,2022-12-04,2022-12-09,Skin Infection,Referral,Yes
4186,3520,15,9,2023-12-15,2023-12-18,Back Pain,Scheduled,Yes
4187,2644,97,7,2025-01-30,2025-02-02,Stroke,Emergency,Yes
4188,4168,23,2,2022-02-13,2022-02-25,Appendicitis,Emergency,Yes
4189,1402,5,5,2025-04-03,2025-04-17,Pneumonia,Referral,Yes
4190,943,1,6,2025-08-17,2025-08-29,Kidney Stone,Referral,Yes
4191,1602,82,5,2023-12-09,2023-12-20,Migraine,Transfer,Yes
4192,1734,7,4,2022-11-18,2022-11-26,Flu,Scheduled,Yes
4193,1373,41,6,2022-06-27,2022-06-28,Hypertension,Scheduled,Yes
4194,3926,77,6,2025-02-23,2025-03-08,Pneumonia,Referral,No
4195,4688,74,1,2024-11-15,2024-11-24,Fracture,Referral,No
4196,1735,22,5,2024-06-02,2024-06-15,Hypertension,Scheduled,Yes
4197,1399,39,4,2022-04-11,2022-04-20,Hypertension,Transfer,No
4198,264,2,4,2023-04-23,2023-05-01,Kidney Stone,Emergency,No
4199,867,45,4,2022-04-11,2022-04-18,Skin Infection,Referral,Yes
4200,2406,49,6,2022-01-28,2022-02-06,Skin Infection,Referral,Yes
4201,410,70,6,2023-10-31,2023-11-02,Chest Pain,Emergency,Yes
4202,1150,83,10,2024-11-10,2024-11-17,Back Pain,Transfer,Yes
4203,177,74,1,2025-04-09,2025-04-19,Stroke,Transfer,No
4204,4734,36,1,2022-08-13,2022-08-15,Kidney Stone,Transfer,Yes
4205,3058,75,2,2022-05-08,2022-05-12,Asthma,Referral,No
4206,2033,61,7,2022-09-15,2022-09-27,Chest Pain,Emergency,Yes
4207,1196,41,6,2025-05-18,2025-05-28,Asthma,Referral,Yes
4208,2205,98,7,2023-04-15,2023-04-27,Pneumonia,Transfer,No
4209,4017,10,10,2023-11-18,2023-11-23,Abdominal Pain,Scheduled,No
4210,4874,98,7,2023-10-26,2023-11-08,Appendicitis,Emergency,No
4211,3599,86,3,2025-09-03,2025-09-11,Hypertension,Emergency,No
4212,724,77,6,2022-06-20,2022-07-02,Abdominal Pain,Emergency,Yes
4213,3003,25,10,2023-03-25,2023-04-01,Flu,Scheduled,No
4214,1217,15,9,2025-07-05,2025-07-13,Pneumonia,Scheduled,No
4215,91,44,4,2025-07-16,2025-07-18,Chest Pain,Referral,No
4216,3445,32,9,2022-08-14,2022-08-25,Abdominal Pain,Referral,Yes
4217,4440,60,5,2022-04-26,2022-05-03,Diabetes,Emergency,No
4218,2490,19,5,2022-08-26,2022-08-28,Flu,Referral,No
4219,4894,91,8,2022-08-23,2022-09-02,Pneumonia,Transfer,No
4220,4757,43,1,2022-08-29,2022-09-06,,Scheduled,No
4221,3195,55,3,2023-09-18,2023-09-27,Diabetes,Referral,Yes
4222,723,28,8,2024-07-11,2024-07-16,Hypertension,Emergency,Yes
4223,4644,70,6,2022-04-29,2022-05-01,Flu,Emergency,Yes
4224,3358,32,9,2025-02-11,2025-02-14,Pneumonia,Referral,No
4225,1927,21,2,2024-02-27,2024-03-04,Kidney Stone,Referral,No
4226,658,86,3,2024-11-18,2024-11-28,Abdominal Pain,Emergency,No
4227,4101,84,1,2025-09-21,2025-09-27,Flu,Referral,Yes
4228,3688,77,6,2022-08-19,2022-08-25,Migraine,Scheduled,No
4229,4745,72,2,2022-03-25,2022-04-05,Back Pain,Scheduled,No
4230,3008,78,5,2023-06-10,2023-06-19,Cancer,Scheduled,Yes
4231,2324,79,7,2023-07-13,2023-07-14,Skin Infection,Emergency,Yes
4232,275,1,6,2024-05-02,2024-05-12,Chest Pain,Transfer,Yes
4233,4939,69,2,2025-12-07,2025-12-11,Fracture,Scheduled,Yes
4234,3257,61,7,2025-04-21,2025-05-04,Pneumonia,Transfer,No
4235,2360,3,3,2025-12-04,2025-12-08,Stroke,Emergency,No
4236,2843,1,6,2023-11-21,2023-12-01,Flu,Emergency,No
4237,2279,3,3,2024-11-22,2024-11-24,Hypertension,Transfer,No
4238,904,8,1,2025-03-24,2025-03-26,Appendicitis,Transfer,No
4239,803,3,3,2023-10-30,2023-11-09,Pneumonia,Emergency,No
4240,2689,28,8,2024-10-18,2024-10-23,Cancer,Referral,No
4241,2928,92,5,2024-12-27,2024-12-31,Cancer,Scheduled,Yes
4242,4303,47,9,2024-06-09,2024-06-16,Stroke,Referral,No
4243,4627,32,9,2023-06-08,2023-06-16,Skin Infection,Emergency,Yes
4244,3362,67,1,2025-01-27,2025-02-05,Stroke,Emergency,Yes
4245,3842,81,1,2025-07-14,2025-07-26,Skin Infection,Transfer,Yes
4246,1441,8,1,2022-06-15,2022-06-25,Appendicitis,Emergency,Yes
4247,188,63,4,2025-07-09,2025-07-22,Skin Infection,Emergency,No
4248,3472,17,2,2023-05-27,2023-06-08,Pneumonia,Referral,No
4249,4351,70,6,2022-08-22,2022-08-24,Abdominal Pain,Emergency,Yes
4250,3604,60,5,2024-05-07,2024-05-09,Back Pain,Referral,Yes
4251,4469,4,2,2024-07-10,2024-07-19,Flu,Referral,No
4252,1039,34,10,2024-03-07,2024-03-15,Asthma,Emergency,Yes
4253,2081,85,2,2022-10-12,2022-10-25,Chest Pain,Transfer,No
4254,2586,64,1,2022-07-09,2022-07-12,Chest Pain,Referral,No
4255,2868,70,6,2023-09-10,2023-09-23,Appendicitis,Referral,Yes
4256,4875,51,9,2022-05-11,2022-05-16,Cancer,Emergency,Yes
4257,2168,4,2,2025-11-19,2025-11-29,Hypertension,Referral,No
4258,2464,40,1,2025-03-16,2025-03-23,Pneumonia,Referral,Yes
4259,898,54,1,2023-12-17,2023-12-21,Skin Infection,Transfer,Yes
4260,4769,87,4,2022-04-09,2022-04-17,Back Pain,Transfer,No
4261,3296,63,4,2024-01-01,2024-01-13,Pneumonia,Referral,No
4262,1489,2,4,2023-05-08,2023-05-10,Flu,Referral,No
4263,4827,76,7,2024-10-08,2024-10-09,Asthma,Referral,Yes
4264,840,17,2,2023-07-23,2023-07-29,Kidney Stone,Emergency,No
4265,3586,71,5,2023-04-24,2023-05-01,Fracture,Referral,Yes
4266,3454,95,1,2024-11-13,2024-11-14,Flu,Emergency,Yes
4267,1199,59,1,2022-09-03,2022-09-16,Kidney Stone,Transfer,No
4268,1404,27,7,2025-05-28,2025-06-08,Fracture,Referral,Yes
4269,3437,1,6,2022-06-23,2022-07-01,Abdominal Pain,Transfer,Yes
4270,3414,44,4,2023-11-19,2023-11-28,Diabetes,Scheduled,Yes
4271,3561,13,6,2023-01-24,2023-01-30,Abdominal Pain,Referral,Yes
4272,3707,1,6,2022-06-18,2022-06-29,Flu,Scheduled,Yes
4273,1657,83,10,2022-09-29,2022-10-10,Abdominal Pain,Emergency,Yes
4274,1361,42,10,2025-11-01,2025-11-05,Hypertension,Referral,No
4275,3859,94,2,2023-09-25,2023-09-26,Kidney Stone,Transfer,Yes
4276,4461,99,10,2024-02-02,2024-02-06,Fracture,Emergency,Yes
4277,2787,52,5,2023-08-28,2023-09-09,Skin Infection,Scheduled,No
4278,3398,23,2,2025-02-11,2025-02-19,Chest Pain,Scheduled,Yes
4279,4171,34,10,2025-01-16,2025-01-30,Fracture,Scheduled,No
4280,2357,73,2,2022-11-05,2022-11-07,Chest Pain,Scheduled,No
4281,2076,47,9,2024-12-02,2024-12-10,Kidney Stone,Emergency,No
4282,3146,25,10,2025-08-23,2025-09-02,Fracture,Emergency,Yes
4283,1087,21,2,2022-07-16,2022-07-23,Kidney Stone,Emergency,No
4284,26,13,6,2024-11-14,2024-11-17,Flu,Emergency,No
4285,2755,63,4,2023-06-23,2023-07-06,Flu,Emergency,Yes
4286,3013,13,6,2023-01-01,2023-01-03,Skin Infection,Scheduled,Yes
4287,2379,2,4,2025-08-27,2025-08-29,Appendicitis,Emergency,No
4288,2181,90,9,2025-12-23,2025-12-29,Abdominal Pain,Referral,No
4289,3580,95,1,2024-03-06,2024-03-16,Kidney Stone,Transfer,Yes
4290,2817,26,8,2024-04-21,2024-04-29,Flu,Emergency,Yes
4291,3978,16,4,2022-10-07,2022-10-08,Fracture,Referral,No
4292,3929,89,4,2023-07-04,2023-07-06,Abdominal Pain,Transfer,No
4293,3119,45,4,2025-06-21,2025-07-03,Pneumonia,Scheduled,Yes
4294,388,17,2,2023-01-14,2023-01-19,Pneumonia,Scheduled,Yes
4295,3688,12,10,2024-04-04,2024-04-11,Migraine,Scheduled,Yes
4296,1578,95,1,2025-11-21,2025-11-27,Back Pain,Emergency,No
4297,1310,9,5,2022-05-16,2022-05-18,Chest Pain,Scheduled,Yes
4298,3621,97,1,2025-06-14,2025-06-25,Cancer,Scheduled,Yes
4299,3455,61,7,2024-05-28,2024-06-08,Migraine,Scheduled,Yes
4300,956,94,2,2022-07-11,2022-07-19,Back Pain,Scheduled,Yes
4301,329,10,10,2022-03-24,2022-04-03,Flu,Emergency,Yes
4302,2150,51,9,2022-03-15,2022-03-16,Flu,Referral,Yes
4303,384,40,1,2025-04-13,2025-04-19,Flu,Transfer,No
4304,4382,52,5,2025-12-25,2025-12-31,Diabetes,Emergency,Yes
4305,4492,77,6,2024-01-04,2024-01-08,Appendicitis,Scheduled,Yes
4306,3764,99,10,2025-12-16,2025-12-29,Skin Infection,Scheduled,Yes
4307,4919,2,4,2022-12-08,2022-12-14,Kidney Stone,Scheduled,Yes
4308,2520,35,1,2024-12-18,2024-12-27,Skin Infection,Emergency,No
4309,3353,77,6,2025-12-26,2026-01-02,Chest Pain,Transfer,No
4310,3268,41,6,2023-10-01,2023-10-05,Cancer,Referral,Yes
4311,4540,73,2,2022-07-24,2022-07-29,Asthma,Scheduled,Yes
4312,1362,84,1,2023-08-29,2023-09-04,Abdominal Pain,Scheduled,No
4313,3716,34,10,2025-04-06,2025-04-18,Abdominal Pain,Emergency,Yes
4314,3328,5,5,2024-11-09,2024-11-14,Abdominal Pain,Transfer,Yes
4315,4572,21,2,2022-10-24,2022-10-27,Fracture,Referral,No
4316,4694,38,7,2023-07-25,2023-08-02,Kidney Stone,Referral,No
4317,4303,46,9,2025-09-23,2025-09-30,Kidney Stone,Referral,No
4318,2692,11,9,2025-12-03,2025-12-08,Pneumonia,Emergency,No
4319,3797,18,7,2025-06-25,2025-07-07,Cancer,Emergency,No
4320,1086,49,6,2022-04-24,2022-05-02,Diabetes,Scheduled,Yes
4321,4746,11,9,2023-07-07,2023-07-11,Back Pain,Scheduled,No
4322,3304,37,10,2025-09-20,2025-09-27,Diabetes,Scheduled,Yes
4323,4925,46,9,2023-10-23,2023-10-28,Chest Pain,Scheduled,No
4324,4679,100,3,2022-08-17,2022-08-31,Fracture,Transfer,Yes
4325,86,53,4,2024-08-17,2024-08-25,Abdominal Pain,Scheduled,Yes
4326,3776,72,2,2022-02-24,2022-02-28,Flu,Scheduled,No
4327,3280,72,2,2024-03-20,2024-03-23,Hypertension,Transfer,No
4328,1738,73,2,2022-08-26,2022-09-09,Cancer,Emergency,Yes
4329,4498,21,2,2024-11-24,2024-12-05,Cancer,Emergency,Yes
4330,2626,2,4,2024-06-25,2024-06-29,Cancer,Referral,No
4331,2784,2,4,2024-01-14,2024-01-15,Asthma,Emergency,No
4332,770,88,5,2022-06-27,2022-07-02,Asthma,Scheduled,No
4333,4115,43,1,2024-03-20,2024-04-02,Abdominal Pain,Transfer,Yes
4334,585,61,7,2025-12-17,2025-12-30,Asthma,Scheduled,No
4335,1452,40,1,2023-04-17,2023-05-01,Skin Infection,Emergency,No
4336,2205,47,9,2024-04-18,2024-05-02,Flu,Referral,Yes
4337,2200,76,7,2025-05-18,2025-05-26,Chest Pain,Scheduled,Yes
4338,571,38,7,2023-06-16,2023-06-23,Stroke,Scheduled,Yes
4339,4458,34,10,2023-10-21,2023-10-27,Migraine,Referral,Yes
4340,732,17,2,2025-09-04,2025-09-07,Pneumonia,Emergency,No
4341,4587,13,6,2023-02-23,2023-02-25,Pneumonia,Emergency,No
4342,4970,32,9,2022-04-25,2022-05-04,Cancer,Scheduled,Yes
4343,4636,90,9,2022-11-08,2022-11-19,Back Pain,Scheduled,Yes
4344,325,22,5,2023-09-25,2023-09-27,Kidney Stone,Transfer,No
4345,3339,76,7,2024-06-17,2024-06-18,Flu,Transfer,Yes
4346,4486,21,2,2025-02-05,2025-02-08,Asthma,Transfer,No
4347,2372,8,1,2025-11-01,2025-11-02,Abdominal Pain,Emergency,No
4348,3996,29,8,2023-11-03,2023-11-15,Flu,Referral,No
4349,1518,47,9,2025-09-25,2025-10-09,Cancer,Referral,Yes
4350,945,19,5,2022-07-05,2022-07-09,Chest Pain,Referral,Yes
4351,425,16,4,2022-11-28,2022-12-04,Fracture,Referral,Yes
4352,3537,94,2,2023-06-14,2023-06-21,Asthma,Scheduled,No
4353,505,55,3,2024-08-31,2024-09-11,Chest Pain,Transfer,No
4354,2380,3,3,2023-03-08,2023-03-19,Diabetes,Referral,Yes
4355,1504,16,4,2022-06-01,2022-06-11,Stroke,Referral,No
4356,4046,24,1,2022-02-08,2022-02-22,Chest Pain,Referral,No
4357,1861,21,2,2022-07-26,2022-08-02,Kidney Stone,Referral,No
4358,2599,1,6,2022-11-12,2022-11-19,Flu,Referral,No
4359,113,46,9,2024-12-06,2024-12-20,Fracture,Transfer,Yes
4360,3790,21,2,2022-11-01,2022-11-10,Skin Infection,Referral,Yes
4361,4752,20,1,2024-12-25,2025-01-05,Skin Infection,Transfer,No
4362,4141,75,2,2024-12-18,2024-12-19,Diabetes,Emergency,No
4363,2790,99,10,2023-01-04,2023-01-13,Chest Pain,Referral,No
4364,1603,5,5,2023-10-06,2023-10-09,Abdominal Pain,Scheduled,No
4365,846,33,6,2022-07-15,2022-07-22,Flu,Scheduled,No
4366,147,59,1,2025-07-30,2025-08-02,Appendicitis,Referral,Yes
4367,240,6,3,2025-09-11,2025-09-25,Abdominal Pain,Referral,Yes
4368,1501,84,1,2025-06-24,2025-06-29,Kidney Stone,Emergency,No
4369,4671,79,7,2023-04-10,2023-04-20,Back Pain,Transfer,No
4370,4596,66,10,2022-06-20,2022-06-21,Back Pain,Referral,No
4371,4799,13,6,2023-12-14,2023-12-27,Cancer,Emergency,No
4372,2173,22,5,2023-08-30,2023-09-08,Kidney Stone,Transfer,No
4373,361,40,1,2022-08-03,2022-08-16,Migraine,Transfer,Yes
4374,2133,1,6,2025-10-24,2025-11-02,Flu,Transfer,No
4375,4722,98,7,2023-12-17,2023-12-31,Kidney Stone,Emergency,No
4376,3282,79,7,2025-04-20,2025-05-04,Pneumonia,Scheduled,Yes
4377,1635,59,1,2025-07-18,2025-07-31,Cancer,Emergency,Yes
4378,3261,71,5,2024-12-08,2024-12-13,Abdominal Pain,Emergency,No
4379,3914,52,5,2025-11-13,2025-11-17,Fracture,Emergency,No
4380,3858,100,3,2025-08-06,2025-08-16,Diabetes,Referral,Yes
4381,2576,84,1,2025-03-26,2025-03-29,Kidney Stone,Referral,Yes
4382,3828,49,6,2024-10-01,2024-10-15,Flu,Transfer,No
4383,840,56,9,2023-11-20,2023-11-24,Kidney Stone,Transfer,No
4384,3344,95,1,2024-02-08,2024-02-21,Appendicitis,Referral,No
4385,1688,88,5,2024-06-26,2024-06-28,Asthma,Referral,Yes
4386,3253,9,5,2025-08-30,2025-09-11,Diabetes,Emergency,No
4387,4243,48,10,2025-04-18,2025-05-01,Chest Pain,Scheduled,No
4388,581,64,1,2022-08-29,2022-09-05,Skin Infection,Transfer,No
4389,4020,71,5,2022-12-02,2022-12-08,Asthma,Scheduled,No
4390,1672,23,2,2023-10-27,2023-10-29,Hypertension,Emergency,Yes
4391,222,22,5,2025-09-09,2025-09-22,Back Pain,Scheduled,Yes
4392,2195,74,1,2025-09-27,2025-10-10,Diabetes,Referral,Yes
4393,437,11,9,2022-07-03,2022-07-15,Pneumonia,Emergency,Yes
4394,3714,40,1,2024-08-15,2024-08-20,Stroke,Emergency,No
4395,3892,73,2,2024-06-12,2024-06-14,Cancer,Referral,Yes
4396,1547,100,3,2024-10-22,2024-10-23,Pneumonia,Emergency,Yes
4397,2110,42,10,2025-11-21,2025-11-30,Pneumonia,Referral,No
4398,72,66,10,2022-02-21,2022-03-05,Appendicitis,Emergency,Yes
4399,3780,67,1,2025-08-11,2025-08-24,Chest Pain,Transfer,No
4400,1582,53,4,2025-11-22,2025-11-27,Pneumonia,Referral,No
4401,1462,87,4,2023-09-27,2023-10-08,Appendicitis,Emergency,Yes
4402,3164,80,8,2022-08-10,2022-08-21,Chest Pain,Referral,No
4403,3324,56,9,2025-05-27,2025-06-07,Pneumonia,Emergency,No
4404,1428,74,1,2024-07-29,2024-08-01,Pneumonia,Scheduled,Yes
4405,4287,83,10,2024-06-15,2024-06-16,Skin Infection,Transfer,Yes
4406,1705,39,4,2023-07-21,2023-07-27,Fracture,Transfer,No
4407,384,71,5,2022-12-20,2022-12-30,Back Pain,Emergency,Yes
4408,4208,93,7,2023-10-22,2023-10-29,Stroke,Emergency,Yes
4409,4564,39,4,2023-07-25,2023-07-26,Back Pain,Scheduled,No
4410,4240,26,8,2024-05-09,2024-05-21,Pneumonia,Transfer,No
4411,2426,14,10,2025-11-03,2025-11-14,Back Pain,Referral,No
4412,4911,8,1,2023-06-25,2023-06-30,Appendicitis,Referral,Yes
4413,2837,31,1,2024-10-01,2024-10-12,Cancer,Scheduled,No
4414,147,98,7,2024-06-02,2024-06-03,Back Pain,Scheduled,Yes
4415,4240,19,5,2022-01-24,2022-02-04,Hypertension,Emergency,Yes
4416,4867,61,7,2025-01-03,2025-01-04,Asthma,Transfer,Yes
4417,2197,55,3,2023-10-06,2023-10-17,Chest Pain,Scheduled,Yes
4418,4994,19,5,2022-11-02,2022-11-05,Pneumonia,Emergency,Yes
4419,4211,71,5,2022-07-31,2022-08-07,Cancer,Emergency,Yes
4420,2624,69,2,2023-03-21,2023-04-03,Back Pain,Scheduled,Yes
4421,1865,22,5,2024-10-10,2024-10-13,Fracture,Referral,No
4422,1133,35,1,2022-05-27,2022-06-09,Back Pain,Transfer,Yes
4423,4226,28,8,2025-02-13,2025-02-22,Back Pain,Emergency,No
4424,4451,75,2,2025-08-20,2025-08-30,Migraine,Scheduled,Yes
4425,1759,88,5,2023-01-28,2023-01-31,Pneumonia,Referral,No
4426,3238,16,4,2025-05-17,2025-05-27,Cancer,Transfer,Yes
4427,372,66,10,2025-12-19,2025-12-21,Kidney Stone,Transfer,Yes
4428,1202,15,9,2023-05-07,2023-05-18,Fracture,Transfer,No
4429,1463,11,9,2023-06-17,2023-06-23,Abdominal Pain,Referral,No
4430,2109,58,3,2022-09-26,2022-09-29,Appendicitis,Emergency,Yes
4431,2164,67,1,2025-06-04,2025-06-15,Abdominal Pain,Transfer,No
4432,2083,22,5,2022-12-25,2023-01-05,Chest Pain,Transfer,Yes
4433,261,28,8,2024-10-03,2024-10-08,Skin Infection,Referral,Yes
4434,4299,28,8,2024-06-15,2024-06-29,Migraine,Scheduled,Yes
4435,413,97,1,2024-03-30,2024-04-10,Hypertension,Scheduled,Yes
4436,3725,63,4,2023-05-14,2023-05-21,Stroke,Transfer,No
4437,2978,65,8,2023-12-30,2024-01-09,Skin Infection,Transfer,No
4438,767,94,2,2023-10-12,2023-10-20,Flu,Scheduled,Yes
4439,1906,43,1,2023-04-01,2023-04-10,Fracture,Transfer,Yes
4440,1511,32,9,2024-12-29,2025-01-10,Back Pain,Referral,Yes
4441,2675,56,9,2025-05-01,2025-05-13,Migraine,Transfer,No
4442,859,79,7,2022-12-12,2022-12-20,Stroke,Emergency,Yes
4443,360,60,5,2025-05-25,2025-06-05,Asthma,Scheduled,No
4444,4432,5,5,2025-03-22,2025-04-04,Cancer,Referral,Yes
4445,1310,34,10,2025-09-07,2025-09-10,Kidney Stone,Transfer,No
4446,3496,15,9,2024-07-10,2024-07-22,Fracture,Transfer,Yes
4447,446,11,9,2024-09-01,2024-09-15,Stroke,Emergency,Yes
4448,921,58,3,2023-10-20,2023-10-31,Chest Pain,Referral,No
4449,3725,59,1,2023-08-26,2023-09-03,Fracture,Referral,Yes
4450,354,54,1,2024-07-17,2024-07-29,Migraine,Referral,No
4451,4955,78,5,2024-11-06,2024-11-16,Hypertension,Transfer,Yes
4452,3266,63,4,2025-07-09,2025-07-17,Skin Infection,Emergency,Yes
4453,149,22,5,2023-08-10,2023-08-23,Cancer,Scheduled,Yes
4454,16,2,4,2025-02-21,2025-02-25,Fracture,Referral,Yes
4455,4370,62,8,2022-09-04,2022-09-17,Chest Pain,Referral,Yes
4456,1606,79,7,2025-07-04,2025-07-08,Hypertension,Scheduled,Yes
4457,1560,97,6,2023-07-06,2023-07-10,Diabetes,Scheduled,No
4458,1803,14,10,2022-11-06,2022-11-18,Cancer,Referral,Yes
4459,2217,71,5,2024-11-20,2024-12-01,Flu,Emergency,No
4460,2990,73,2,2025-03-05,2025-03-13,Fracture,Scheduled,Yes
4461,4779,18,7,2024-09-12,2024-09-21,Hypertension,Scheduled,Yes
4462,4711,70,6,2024-03-22,2024-03-26,Flu,Emergency,Yes
4463,3437,23,2,2022-03-05,2022-03-10,Asthma,Transfer,No
4464,1610,6,3,2023-04-01,2023-04-10,Diabetes,Transfer,Yes
4465,4682,97,5,2025-01-21,2025-01-28,Appendicitis,Emergency,No
4466,3112,90,9,2025-06-08,2025-06-17,Stroke,Transfer,No
4467,2233,36,1,2025-04-16,2025-04-18,Diabetes,Referral,Yes
4468,347,14,10,2023-12-04,2023-12-09,Abdominal Pain,Scheduled,No
4469,1436,42,10,2023-11-16,2023-11-24,Fracture,Emergency,Yes
4470,4130,96,1,2024-12-12,2024-12-20,Pneumonia,Referral,No
4471,1438,29,8,2022-02-03,2022-02-06,Pneumonia,Transfer,Yes
4472,3972,89,4,2024-02-02,2024-02-05,Diabetes,Referral,Yes
4473,3991,100,3,2025-09-27,2025-09-30,Fracture,Emergency,Yes
4474,2183,29,8,2023-08-12,2023-08-14,Stroke,Transfer,No
4475,1916,70,6,2022-11-21,2022-11-28,Appendicitis,Transfer,No
4476,4774,57,4,2022-09-28,2022-10-06,Appendicitis,Transfer,Yes
4477,4685,66,10,2025-12-05,2025-12-10,Asthma,Emergency,No
4478,1546,90,9,2023-09-09,2023-09-16,Back Pain,Referral,No
4479,2347,98,7,2022-05-05,2022-05-15,Asthma,Scheduled,No
4480,4375,56,9,2025-07-05,2025-07-15,Skin Infection,Transfer,Yes
4481,3499,89,4,2023-08-18,2023-08-31,Asthma,Scheduled,Yes
4482,4628,12,10,2024-10-15,2024-10-23,Kidney Stone,Scheduled,No
4483,160,42,10,2023-05-10,2023-05-23,Flu,Emergency,Yes
4484,700,2,4,2022-02-17,2022-02-18,Appendicitis,Transfer,Yes
4485,958,67,1,2022-11-17,2022-11-29,Asthma,Scheduled,No
4486,2050,10,10,2025-04-16,2025-04-25,Appendicitis,Emergency,Yes
4487,1503,24,1,2023-10-13,2023-10-14,Stroke,Emergency,Yes
4488,1892,80,8,2025-10-12,2025-10-15,Pneumonia,Transfer,No
4489,2385,48,10,2023-06-27,2023-07-08,Stroke,Referral,No
4490,2320,62,8,2022-11-25,2022-12-03,Skin Infection,Transfer,Yes
4491,2378,37,10,2024-06-15,2024-06-29,Abdominal Pain,Transfer,Yes
4492,3733,40,1,2022-02-18,2022-02-25,Back Pain,Transfer,No
4493,3682,73,2,2025-03-29,2025-04-10,Migraine,Scheduled,Yes
4494,3080,16,4,2023-03-24,2023-04-01,Asthma,Scheduled,Yes
4495,3709,49,6,2022-06-24,2022-07-08,Skin Infection,Scheduled,No
4496,4957,27,7,2022-03-02,2022-03-11,Appendicitis,Transfer,Yes
4497,4917,9,5,2022-12-29,2023-01-07,Diabetes,Scheduled,Yes
4498,1322,52,5,2023-03-21,2023-03-27,Kidney Stone,Emergency,No
4499,3559,62,8,2022-06-03,2022-06-04,Pneumonia,Transfer,Yes
4500,1397,91,8,2023-10-27,2023-11-09,Flu,Emergency,Yes
4501,1573,41,6,2024-05-08,2024-05-11,Kidney Stone,Referral,No
4502,1883,63,4,2025-10-09,2025-10-12,Kidney Stone,Scheduled,No
4503,230,93,7,2022-07-23,2022-08-06,Pneumonia,Referral,Yes
4504,479,6,3,2023-06-28,2023-07-02,Pneumonia,Emergency,Yes
4505,4431,21,2,2024-10-21,2024-11-03,Abdominal Pain,Emergency,Yes
4506,2390,62,8,2025-06-19,2025-06-26,Abdominal Pain,Transfer,No
4507,3822,66,10,2023-02-27,2023-02-28,Fracture,Emergency,No
4508,1389,77,6,2023-06-30,2023-07-01,Cancer,Scheduled,No
4509,2870,11,9,2023-03-13,2023-03-21,Asthma,Referral,Yes
4510,2483,95,1,2025-08-30,2025-09-01,Stroke,Transfer,No
4511,4616,79,7,2022-07-24,2022-08-02,Migraine,Referral,Yes
4512,1257,1,6,2024-11-07,2024-11-19,Migraine,Transfer,No
4513,2046,66,10,2023-11-20,2023-11-22,Back Pain,Referral,Yes
4514,3058,52,5,2025-01-10,2025-01-15,Kidney Stone,Referral,Yes
4515,2066,7,4,2022-07-23,2022-07-24,Flu,Transfer,No
4516,1431,71,5,2024-07-16,2024-07-28,Flu,Transfer,Yes
4517,1141,44,4,2024-08-25,2024-09-07,Stroke,Referral,Yes
4518,1055,23,2,2023-11-20,2023-11-30,Fracture,Emergency,Yes
4519,1513,61,7,2022-12-12,2022-12-18,Migraine,Referral,No
4520,2580,81,1,2022-01-25,2022-01-29,Abdominal Pain,Emergency,No
4521,4724,41,6,2025-01-22,2025-01-25,Chest Pain,,No
4522,3846,57,4,2022-11-01,2022-11-05,Cancer,Transfer,No
4523,3973,67,1,2023-01-27,2023-02-06,Hypertension,Transfer,No
4524,660,53,4,2023-02-17,2023-02-26,Hypertension,Transfer,No
4525,1483,52,5,2024-09-15,2024-09-25,Back Pain,Referral,Yes
4526,4988,89,4,2025-03-30,2025-04-13,Flu,Emergency,No
4527,1710,60,5,2022-10-06,2022-10-09,Cancer,Emergency,No
4528,3197,36,1,2024-12-27,2024-12-28,Fracture,Transfer,Yes
4529,2341,82,5,2025-09-29,2025-10-12,Chest Pain,Referral,No
4530,208,87,4,2023-01-09,2023-01-19,Diabetes,Referral,No
4531,2727,3,3,2025-09-24,2025-10-08,Chest Pain,Referral,No
4532,582,82,5,2023-07-10,2023-07-20,Pneumonia,Scheduled,Yes
4533,2688,92,5,2024-04-02,2024-04-03,Stroke,Scheduled,Yes
4534,4861,30,7,2024-01-01,2024-01-03,Diabetes,Transfer,No
4535,4187,82,5,2024-04-11,2024-04-15,Asthma,Scheduled,Yes
4536,2869,69,2,2023-06-03,2023-06-10,Hypertension,Transfer,Yes
4537,2154,30,7,2023-11-22,2021-01-01,Stroke,Emergency,No
4538,3069,78,5,2023-01-28,2023-01-30,Appendicitis,Scheduled,No
4539,537,5,5,2025-01-13,2025-01-24,Flu,Referral,No
4540,3253,26,8,2025-08-13,2025-08-15,Kidney Stone,Referral,No
4541,4847,51,9,2022-08-01,2022-08-14,Pneumonia,Transfer,No
4542,411,68,9,2025-01-01,2025-01-13,Cancer,Transfer,No
4543,2745,65,8,2023-10-18,2023-10-22,Back Pain,Transfer,No
4544,4415,66,10,2022-06-16,2022-06-23,Stroke,Transfer,Yes
4545,3315,43,1,2022-06-09,2022-06-11,Cancer,Transfer,No
4546,2481,91,8,2024-08-30,2024-09-03,Kidney Stone,Scheduled,Yes
4547,3889,82,5,2024-07-15,2024-07-24,Kidney Stone,Referral,No
4548,2606,60,5,2023-08-08,2023-08-16,Back Pain,Transfer,Yes
4549,3251,6,3,2024-12-02,2024-12-15,Abdominal Pain,Referral,No
4550,4523,93,7,2024-11-05,2024-11-16,Fracture,Referral,No
4551,3394,37,10,2023-04-20,2023-04-23,Flu,Transfer,No
4552,2525,11,9,2022-05-26,2022-06-07,Flu,Referral,No
4553,2981,20,1,2024-08-26,2024-09-03,Hypertension,Emergency,No
4554,3137,21,2,2024-03-09,2024-03-16,Back Pain,Emergency,Yes
4555,3011,17,2,2024-07-11,2024-07-24,Cancer,Scheduled,Yes
4556,370,72,2,2023-10-30,2023-11-04,Asthma,Scheduled,Yes
4557,3461,93,7,2023-07-23,2023-08-04,Back Pain,Transfer,Yes
4558,3275,88,5,2024-04-02,2024-04-13,Migraine,Scheduled,Yes
4559,1956,63,4,2023-11-17,2023-11-23,Stroke,Scheduled,Yes
4560,1843,30,7,2025-09-01,2025-09-03,Migraine,Scheduled,Yes
4561,2930,37,10,2024-11-12,2024-11-18,Back Pain,Scheduled,Yes
4562,66,51,9,2024-05-29,2024-06-05,Chest Pain,Scheduled,No
4563,4096,79,7,2024-07-07,2024-07-19,Kidney Stone,Emergency,Yes
4564,4649,3,3,2022-02-13,2022-02-16,Flu,Emergency,Yes
4565,322,3,3,2023-02-25,2023-02-28,Stroke,Transfer,No
4566,3354,12,10,2024-08-13,2024-08-22,Hypertension,Transfer,No
4567,2527,89,4,2025-07-03,2025-07-15,Cancer,Emergency,No
4568,1177,64,1,2025-11-23,2025-12-01,Kidney Stone,Transfer,No
4569,29,19,5,2025-06-01,2025-06-14,Migraine,Scheduled,No
4570,512,98,7,2022-06-24,2022-06-27,Pneumonia,Emergency,No
4571,1650,48,10,2023-02-20,2023-02-28,Chest Pain,Scheduled,No
4572,599,76,7,2024-08-08,2024-08-22,Asthma,Transfer,Yes
4573,3080,22,5,2023-08-15,2023-08-18,Cancer,Scheduled,Yes
4574,4347,4,2,2022-08-13,2022-08-27,Abdominal Pain,Emergency,No
4575,365,15,9,2024-06-17,2024-06-25,Kidney Stone,Referral,No
4576,3247,3,3,2025-01-09,2025-01-13,Migraine,Transfer,No
4577,4707,15,9,2024-09-25,2024-10-07,Chest Pain,Emergency,No
4578,4486,98,7,2023-02-19,2023-02-21,Back Pain,Scheduled,Yes
4579,1824,15,9,2023-10-16,2023-10-30,Abdominal Pain,Scheduled,No
4580,4904,64,1,2024-02-12,2024-02-15,Diabetes,Transfer,No
4581,586,82,5,2022-03-03,2022-03-17,Kidney Stone,Scheduled,No
4582,2855,14,10,2023-09-03,2023-09-05,Asthma,Referral,No
4583,3150,68,9,2025-11-04,2025-11-14,Skin Infection,Scheduled,Yes
4584,4994,92,5,2024-07-18,2024-07-29,Flu,Scheduled,Yes
4585,3648,68,9,2024-03-16,2024-03-17,Pneumonia,Referral,No
4586,1765,47,9,2024-01-21,2024-01-27,Abdominal Pain,Emergency,Yes
4587,1157,9,5,2025-09-08,2025-09-18,Abdominal Pain,Emergency,No
4588,4851,92,5,2025-04-22,2025-04-28,Pneumonia,Referral,Yes
4589,2760,74,1,2024-01-19,2024-01-23,Hypertension,Emergency,No
4590,2989,35,1,2025-03-11,2025-03-23,Appendicitis,Emergency,No
4591,2376,33,6,2024-01-09,2024-01-20,Abdominal Pain,Emergency,No
4592,2565,19,5,2022-05-25,2022-05-26,Pneumonia,Emergency,Yes
4593,4132,70,6,2025-09-26,2025-10-04,Hypertension,Transfer,Yes
4594,2023,96,7,2022-02-15,2022-03-01,Migraine,Scheduled,Yes
4595,1157,13,6,2022-01-13,2022-01-14,Migraine,Transfer,No
4596,4987,61,7,2023-12-26,2023-12-29,Diabetes,Emergency,Yes
4597,4312,37,10,2025-02-02,2025-02-09,Chest Pain,Referral,Yes
4598,2844,87,4,2023-11-10,2023-11-22,Asthma,Transfer,Yes
4599,1498,22,5,2025-06-18,2025-06-19,Stroke,Referral,No
4600,2321,13,6,2024-07-31,2024-08-02,,Referral,No
4601,4079,28,8,2025-05-14,2025-05-26,Pneumonia,Scheduled,No
4602,4698,5,5,2024-08-11,2024-08-12,Flu,Transfer,No
4603,4230,83,10,2024-10-05,2024-10-08,Stroke,Scheduled,No
4604,4297,100,3,2023-01-20,2023-01-29,Abdominal Pain,Referral,Yes
4605,3786,47,9,2025-07-25,2025-07-28,Hypertension,Referral,No
4606,3958,3,3,2022-03-23,2022-03-28,Skin Infection,Scheduled,Yes
4607,3660,51,9,2022-09-23,2022-10-01,Back Pain,Scheduled,Yes
4608,2966,44,4,2023-03-13,2023-03-22,Pneumonia,Transfer,No
4609,1770,72,2,2023-04-25,2023-04-28,Stroke,Transfer,Yes
4610,1045,44,4,2022-04-30,2022-05-07,Flu,Scheduled,No
4611,4338,27,7,2024-07-21,2024-07-25,Back Pain,Scheduled,Yes
4612,24,10,10,2023-06-17,2021-01-01,Migraine,Transfer,No
4613,2978,100,3,2022-03-03,2022-03-07,Skin Infection,Emergency,No
4614,2418,11,9,2025-01-13,2025-01-19,Stroke,Scheduled,Yes
4615,1738,75,2,2024-10-10,2024-10-12,Flu,Emergency,Yes
4616,161,36,1,2023-07-08,2023-07-12,Fracture,Emergency,No
4617,355,75,2,2025-01-09,2025-01-10,Flu,Scheduled,No
4618,337,85,2,2025-04-02,2025-04-16,Asthma,Emergency,Yes
4619,4334,62,8,2024-04-07,2024-04-16,Migraine,Transfer,No
4620,2682,67,1,2025-10-05,2025-10-10,Pneumonia,Scheduled,No
4621,1517,60,5,2024-06-19,2024-06-26,Skin Infection,Referral,No
4622,2749,47,9,2025-11-20,2025-11-27,Flu,Referral,No
4623,1160,75,2,2022-12-26,2023-01-03,Appendicitis,Referral,Yes
4624,709,78,5,2023-03-07,2023-03-10,Kidney Stone,Referral,Yes
4625,3341,57,4,2023-10-02,2023-10-12,Migraine,Scheduled,Yes
4626,1418,12,10,2024-05-19,2024-05-26,Hypertension,Referral,Yes
4627,1564,66,10,2022-07-29,2022-08-03,Cancer,Transfer,Yes
4628,2358,24,1,2022-02-14,2022-02-26,Back Pain,Scheduled,No
4629,3740,64,1,2024-07-09,2024-07-19,Fracture,Emergency,Yes
4630,2077,7,4,2023-08-17,2023-08-27,Fracture,Transfer,Yes
4631,3073,19,5,2023-04-15,2023-04-17,Back Pain,Transfer,No
4632,2878,27,7,2023-03-23,2023-04-04,Appendicitis,Scheduled,No
4633,3958,60,5,2025-08-24,2025-08-31,Fracture,Emergency,No
4634,2624,69,2,2023-12-31,2024-01-09,Pneumonia,Transfer,No
4635,2918,39,4,2025-07-13,2025-07-26,Asthma,Emergency,No
4636,4541,73,2,2024-09-29,2024-10-03,Abdominal Pain,Emergency,Yes
4637,4028,97,9,2023-10-19,2023-10-28,Back Pain,Emergency,No
4638,2556,82,5,2022-09-17,2022-09-27,Skin Infection,Scheduled,No
4639,4360,60,5,2024-04-19,2024-04-21,Cancer,Emergency,No
4640,2567,4,2,2023-10-11,2023-10-18,Diabetes,Emergency,No
4641,2893,47,9,2022-07-18,2022-07-19,Appendicitis,Referral,Yes
4642,4608,67,1,2024-04-02,2024-04-15,Kidney Stone,Transfer,Yes
4643,708,48,10,2025-02-10,2025-02-19,Cancer,Emergency,Yes
4644,3998,10,10,2024-10-26,2024-11-03,Flu,Scheduled,No
4645,65,11,9,2023-01-17,2023-01-24,Skin Infection,Scheduled,Yes
4646,2918,98,7,2024-04-11,2024-04-14,Abdominal Pain,Referral,Yes
4647,494,50,3,2022-04-10,2022-04-16,Abdominal Pain,Emergency,Yes
4648,3308,80,8,2024-09-13,2024-09-20,Cancer,Emergency,No
4649,2177,32,9,2023-11-15,2023-11-28,Pneumonia,Transfer,Yes
4650,551,78,5,2023-09-02,2023-09-14,Appendicitis,Emergency,Yes
4651,1074,86,3,2023-05-22,2023-05-25,Appendicitis,Emergency,Yes
4652,3882,32,9,2022-09-16,2022-09-22,Appendicitis,Referral,Yes
4653,987,24,1,2023-05-07,2023-05-20,Hypertension,Scheduled,No
4654,4168,79,7,2025-02-28,2025-03-13,Flu,Emergency,No
4655,3357,92,5,2023-05-30,2023-06-12,Fracture,Emergency,No
4656,1128,100,3,2022-06-11,2022-06-23,Hypertension,Referral,No
4657,1717,99,10,2022-05-17,2022-05-30,Diabetes,Transfer,No
4658,133,84,1,2022-05-17,2022-05-27,Skin Infection,Transfer,Yes
4659,2866,3,3,2025-10-29,2025-11-04,Migraine,Referral,No
4660,1553,14,10,2025-01-25,2025-01-27,Fracture,Emergency,Yes
4661,2942,38,7,2024-06-26,2024-06-27,Back Pain,Transfer,Yes
4662,2097,14,10,2023-04-29,2023-05-05,Abdominal Pain,Emergency,No
4663,2280,89,4,2022-01-13,2022-01-21,Back Pain,Transfer,No
4664,3956,15,9,2025-08-23,2025-09-01,Flu,Transfer,Yes
4665,4812,35,1,2023-01-28,2023-02-04,Skin Infection,Emergency,Yes
4666,723,38,7,2023-11-14,2023-11-18,Kidney Stone,Referral,Yes
4667,3839,18,7,2022-02-16,2022-03-02,Flu,Transfer,No
4668,2841,86,3,2024-11-26,2024-12-01,Chest Pain,Referral,Yes
4669,1449,17,2,2022-11-27,2022-12-05,Stroke,Transfer,No
4670,48,17,2,2022-07-16,2022-07-25,Hypertension,Transfer,No
4671,3973,17,2,2023-11-19,2023-11-22,Appendicitis,Scheduled,No
4672,2085,35,1,2023-12-20,2023-12-22,Stroke,Emergency,No
4673,3605,63,4,2023-09-01,2023-09-12,Pneumonia,Emergency,Yes
4674,4561,25,10,2022-01-31,2022-02-07,Fracture,Referral,No
4675,1638,93,7,2024-09-30,2024-10-02,Hypertension,Referral,Yes
4676,2718,57,4,2023-12-10,2023-12-15,Pneumonia,Scheduled,No
4677,1953,44,4,2023-03-08,2023-03-20,Migraine,Transfer,Yes
4678,2552,67,1,2024-05-08,2024-05-17,Cancer,Scheduled,Yes
4679,1322,43,1,2023-03-29,2023-04-04,Hypertension,Scheduled,Yes
4680,3665,58,3,2023-06-20,2023-07-01,Asthma,Emergency,Yes
4681,1885,67,1,2023-06-06,2023-06-14,Flu,Emergency,Yes
4682,3907,2,4,2023-11-27,2023-12-06,Back Pain,Transfer,No
4683,2745,18,7,2022-11-30,2022-12-03,Kidney Stone,Emergency,Yes
4684,370,5,5,2023-09-18,2023-09-19,Abdominal Pain,Scheduled,Yes
4685,2304,18,7,2022-04-07,2022-04-11,Fracture,Transfer,Yes
4686,4531,39,4,2024-02-03,2024-02-16,Flu,Scheduled,No
4687,270,7,4,2022-09-14,2022-09-16,Chest Pain,Transfer,Yes
4688,4449,26,8,2024-04-05,2024-04-12,Asthma,Referral,Yes
4689,3335,44,4,2024-11-05,2024-11-12,Stroke,Referral,Yes
4690,4963,74,1,2024-09-09,2024-09-18,Stroke,Referral,Yes
4691,1802,91,8,2025-08-10,2025-08-15,Migraine,Referral,No
4692,2029,90,9,2022-11-27,2022-12-07,Asthma,Transfer,No
4693,1556,63,4,2023-10-08,2023-10-18,Migraine,Scheduled,Yes
4694,727,65,8,2025-08-18,2025-08-27,Skin Infection,Transfer,Yes
4695,3257,54,1,2024-03-30,2024-04-03,Fracture,Referral,Yes
4696,4196,5,5,2025-05-20,2025-05-22,Diabetes,Referral,No
4697,921,49,6,2024-11-11,2024-11-14,Migraine,Transfer,No
4698,47,97,6,2025-10-19,2025-10-24,Abdominal Pain,Emergency,Yes
4699,2136,5,5,2024-05-27,2024-06-02,Abdominal Pain,Referral,No
4700,3251,46,9,2022-07-15,2022-07-18,Back Pain,Transfer,No
4701,2241,77,6,2022-02-05,2022-02-13,Chest Pain,Scheduled,No
4702,831,26,8,2024-11-17,2024-11-21,Migraine,Referral,No
4703,1346,73,2,2023-03-19,2023-03-23,Migraine,Referral,No
4704,2710,14,10,2023-11-17,2023-11-29,Skin Infection,Scheduled,Yes
4705,1751,7,4,2025-05-01,2025-05-15,Migraine,Transfer,No
4706,298,44,4,2025-03-08,2025-03-15,Appendicitis,Transfer,No
4707,3546,11,9,2022-12-10,2022-12-15,Cancer,Scheduled,Yes
4708,2446,34,10,2022-07-19,2022-07-24,Asthma,Transfer,No
4709,4764,94,2,2023-02-24,2023-03-05,Cancer,Scheduled,No
4710,1352,79,7,2022-07-26,2022-08-08,Migraine,Scheduled,No
4711,1747,97,6,2025-08-02,2025-08-13,Abdominal Pain,Scheduled,Yes
4712,4254,29,8,2022-06-22,2022-07-05,Stroke,Emergency,No
4713,4217,54,1,2024-07-05,2024-07-17,Migraine,Referral,No
4714,4295,56,9,2024-12-12,2024-12-20,Fracture,Scheduled,Yes
4715,3748,9,5,2024-12-25,2024-12-27,Diabetes,Transfer,No
4716,2057,15,9,2025-09-20,2025-09-29,Pneumonia,Transfer,No
4717,673,65,8,2024-08-14,2024-08-25,Hypertension,Emergency,No
4718,1871,93,7,2025-03-16,2025-03-25,Abdominal Pain,Transfer,No
4719,172,45,4,2023-07-11,2023-07-13,Cancer,Emergency,No
4720,4929,69,2,2025-07-20,2025-07-26,Abdominal Pain,Emergency,Yes
4721,3941,37,10,2022-12-12,2022-12-19,Diabetes,Referral,Yes
4722,1163,57,4,2023-09-28,2023-09-29,Migraine,Referral,Yes
4723,1375,22,5,2024-12-08,2024-12-19,Chest Pain,Scheduled,No
4724,246,72,2,2022-08-25,2022-08-26,Stroke,Scheduled,No
4725,3711,88,5,2023-07-20,2023-07-24,Back Pain,Emergency,Yes
4726,304,4,2,2023-09-30,2023-10-11,Flu,Scheduled,No
4727,3294,5,5,2022-09-04,2022-09-18,Pneumonia,Referral,No
4728,4666,74,1,2025-08-03,2025-08-11,Back Pain,Scheduled,No
4729,1868,13,6,2025-08-28,2025-09-03,Hypertension,Emergency,Yes
4730,4536,56,9,2024-06-14,2024-06-22,Flu,Emergency,No
4731,1060,95,1,2025-03-30,2025-04-05,Flu,Transfer,Yes
4732,1745,42,10,2023-07-25,2023-08-05,Hypertension,Transfer,No
4733,1227,96,9,2022-11-22,2022-11-26,Flu,Referral,No
4734,4365,65,8,2024-09-20,2024-09-27,Cancer,Emergency,No
4735,2315,98,7,2024-11-27,2024-12-09,Back Pain,Referral,Yes
4736,1440,11,9,2022-11-01,2022-11-05,Migraine,Transfer,Yes
4737,2869,78,5,2025-08-10,2025-08-14,Kidney Stone,Transfer,Yes
4738,3211,19,5,2024-08-07,2024-08-10,Fracture,Referral,Yes
4739,3206,35,1,2025-12-29,2026-01-11,Fracture,Transfer,Yes
4740,909,32,9,2024-11-27,2024-12-10,Back Pain,Transfer,Yes
4741,2625,61,7,2022-07-30,2022-08-13,Asthma,Scheduled,No
4742,4076,94,2,2024-02-05,2024-02-10,Skin Infection,Transfer,Yes
4743,432,73,2,2024-05-31,2024-06-05,Asthma,Emergency,No
4744,3075,74,1,2025-06-03,2025-06-08,Skin Infection,Scheduled,No
4745,3318,93,7,2022-04-01,2022-04-03,Asthma,Transfer,No
4746,4538,98,7,2024-04-27,2024-05-05,Kidney Stone,Transfer,No
4747,1891,94,2,2022-10-08,2022-10-13,Cancer,Transfer,No
4748,1765,79,7,2023-03-05,2023-03-06,Fracture,Transfer,Yes
4749,4675,73,2,2023-03-04,2023-03-07,Asthma,Emergency,Yes
4750,4439,89,4,2024-03-24,2024-03-26,Abdominal Pain,Referral,No
4751,2338,17,2,2023-01-23,2023-02-06,Asthma,Scheduled,No
4752,4297,2,4,2025-10-13,2025-10-17,Appendicitis,Emergency,No
4753,597,71,5,2024-06-06,2024-06-12,Skin Infection,Emergency,No
4754,2334,52,5,2022-08-27,2022-09-08,Pneumonia,Emergency,No
4755,3390,44,4,2023-09-12,2023-09-18,Asthma,Referral,No
4756,3194,29,8,2025-11-14,2025-11-21,Stroke,Scheduled,No
4757,1598,91,8,2025-02-04,2025-02-15,Kidney Stone,Emergency,Yes
4758,1172,85,2,2022-10-15,2022-10-18,Fracture,Emergency,No
4759,1500,13,6,2022-04-27,2022-05-01,Appendicitis,Scheduled,Yes
4760,2476,83,10,2025-01-05,2025-01-13,Cancer,Scheduled,No
4761,377,97,2,2022-12-24,2022-12-28,Fracture,Referral,No
4762,4661,96,4,2024-10-09,2024-10-20,Appendicitis,Referral,Yes
4763,662,23,2,2025-05-14,2025-05-17,Cancer,Scheduled,Yes
4764,198,9,5,2023-04-25,2023-04-29,Appendicitis,Emergency,No
4765,2631,61,7,2023-07-02,2023-07-14,Hypertension,Referral,Yes
4766,3871,91,8,2023-08-31,2023-09-10,Abdominal Pain,Emergency,Yes
4767,1851,78,5,2022-11-15,2022-11-24,Pneumonia,Scheduled,No
4768,4750,55,3,2023-10-02,2023-10-12,Fracture,Scheduled,No
4769,4596,29,8,2022-06-29,2022-07-03,Skin Infection,Emergency,Yes
4770,1787,32,9,2025-02-25,2025-03-01,Flu,Scheduled,No
4771,3736,96,4,2025-12-10,2025-12-17,Diabetes,Referral,Yes
4772,2326,64,1,2025-10-10,2025-10-17,Diabetes,Referral,No
4773,3446,12,10,2025-10-03,2025-10-15,Chest Pain,Emergency,Yes
4774,613,2,4,2024-03-26,2024-04-07,Cancer,Referral,Yes
4775,4740,24,1,2022-12-03,2022-12-07,Diabetes,Transfer,No
4776,4282,75,2,2023-03-07,2023-03-18,Abdominal Pain,Scheduled,Yes
4777,527,5,5,2025-10-24,2025-11-02,Cancer,Emergency,Yes
4778,3939,21,2,2023-04-16,2023-04-19,Stroke,Scheduled,No
4779,2458,95,1,2024-06-19,2024-06-28,Fracture,Emergency,Yes
4780,2532,35,1,2022-09-11,2022-09-12,Skin Infection,Scheduled,No
4781,2208,33,6,2022-11-07,2022-11-13,Fracture,Transfer,No
4782,1136,35,1,2025-05-09,2025-05-22,Migraine,Emergency,No
4783,4106,43,1,2025-01-29,2025-02-03,Appendicitis,Transfer,Yes
4784,1273,28,8,2025-04-10,2025-04-13,Skin Infection,Scheduled,Yes
4785,453,78,5,2022-05-15,2022-05-21,Appendicitis,Emergency,Yes
4786,87,38,7,2025-08-06,2025-08-10,Stroke,Transfer,Yes
4787,1965,40,1,2022-07-05,2022-07-06,Abdominal Pain,Scheduled,No
4788,1183,45,4,2022-04-05,2022-04-11,Cancer,Transfer,Yes
4789,872,8,1,2024-02-11,2024-02-24,Pneumonia,Transfer,No
4790,2307,9,5,2025-01-27,2025-02-04,Kidney Stone,Transfer,No
4791,4424,79,7,2024-04-29,2024-05-01,Stroke,Transfer,No
4792,4369,57,4,2025-12-08,2025-12-11,Cancer,Transfer,Yes
4793,163,39,4,2022-12-15,2022-12-28,Cancer,Transfer,No
4794,4474,81,1,2022-06-30,2022-07-01,Diabetes,Referral,Yes
4795,385,93,7,2022-03-01,2022-03-10,Stroke,Scheduled,No
4796,4853,82,5,2023-01-02,2023-01-06,Hypertension,Transfer,No
4797,793,15,9,2024-09-07,2024-09-14,Skin Infection,Scheduled,No
4798,974,41,6,2022-11-08,2022-11-21,Flu,Emergency,Yes
4799,2540,78,5,2024-05-03,2024-05-04,Flu,Referral,No
4800,3432,73,2,2022-02-19,2022-02-25,Flu,Emergency,No
4801,4808,95,1,2023-11-16,2023-11-27,Diabetes,Transfer,Yes
4802,2124,17,2,2022-04-12,2022-04-25,Migraine,Transfer,Yes
4803,180,68,9,2024-06-20,2024-06-29,Skin Infection,Transfer,No
4804,1040,50,3,2023-04-05,2023-04-08,Pneumonia,Referral,No
4805,948,30,7,2023-04-18,2023-04-29,Fracture,Referral,Yes
4806,1434,88,5,2022-06-01,2022-06-02,Fracture,Transfer,No
4807,124,4,2,2022-10-18,2022-10-22,Flu,Scheduled,No
4808,4446,18,7,2023-02-11,2023-02-17,Kidney Stone,Emergency,No
4809,1425,60,5,2023-09-28,2023-10-09,Diabetes,Referral,No
4810,437,66,10,2024-12-23,2024-12-27,Pneumonia,Transfer,Yes
4811,2162,13,6,2024-02-19,2024-02-21,Migraine,Scheduled,No
4812,2291,29,8,2025-12-31,2026-01-05,Cancer,Emergency,Yes
4813,2519,45,4,2025-09-22,2025-09-28,Appendicitis,Referral,No
4814,2418,93,7,2023-04-22,2023-04-26,Fracture,Emergency,No
4815,132,28,8,2022-04-01,2022-04-12,Abdominal Pain,Referral,Yes
4816,4104,16,4,2024-01-08,2024-01-19,Skin Infection,Referral,Yes
4817,2812,1,6,2024-05-30,2024-06-02,Cancer,Scheduled,No
4818,4386,85,2,2022-03-10,2022-03-22,Stroke,Referral,Yes
4819,4665,84,1,2023-05-31,2023-06-13,Fracture,Transfer,Yes
4820,1952,28,8,2022-05-18,2022-05-21,Flu,Scheduled,No
4821,2891,44,4,2024-04-05,2024-04-18,Skin Infection,Referral,Yes
4822,1281,18,7,2022-01-20,2022-01-31,Skin Infection,Emergency,No
4823,1557,70,6,2025-12-18,2025-12-23,Kidney Stone,Transfer,Yes
4824,3686,77,6,2024-01-27,2024-01-29,Fracture,Scheduled,No
4825,3246,42,10,2022-06-05,2022-06-14,Fracture,Referral,Yes
4826,2090,56,9,2022-08-21,2022-09-01,Pneumonia,Emergency,Yes
4827,2174,6,3,2024-07-17,2024-07-27,Back Pain,Scheduled,No
4828,150,1,6,2024-07-10,2024-07-24,Appendicitis,Emergency,No
4829,491,13,6,2022-03-05,2022-03-14,Stroke,Scheduled,Yes
4830,3616,31,1,2023-09-25,2023-10-09,Cancer,Transfer,Yes
4831,1435,13,6,2024-01-24,2024-01-30,Fracture,Scheduled,No
4832,2626,26,8,2022-07-28,2022-08-05,Chest Pain,Scheduled,No
4833,820,24,1,2025-09-15,2025-09-18,Migraine,Emergency,Yes
4834,270,18,7,2023-10-03,2023-10-13,Fracture,Transfer,No
4835,4422,11,9,2024-12-27,2024-12-31,Chest Pain,Emergency,Yes
4836,1516,19,5,2025-02-22,2025-03-02,Stroke,Referral,Yes
4837,4347,76,7,2024-10-02,2024-10-08,Abdominal Pain,Transfer,No
4838,1118,30,7,2023-12-11,2023-12-13,Abdominal Pain,Emergency,Yes
4839,3554,40,1,2023-01-07,2023-01-09,Abdominal Pain,Referral,Yes
4840,4363,91,8,2024-11-11,2024-11-16,Diabetes,Transfer,Yes
4841,2281,37,10,2024-10-02,2024-10-10,Abdominal Pain,Scheduled,No
4842,3409,79,7,2023-02-12,2023-02-22,Abdominal Pain,Scheduled,Yes
4843,2834,48,10,2022-06-14,2022-06-28,Kidney Stone,Referral,No
4844,46,33,6,2023-12-29,2024-01-12,Stroke,Scheduled,Yes
4845,91,38,7,2023-03-25,2023-03-30,Cancer,Referral,Yes
4846,2963,73,2,2025-02-25,2025-03-06,Flu,Scheduled,No
4847,4232,61,7,2023-08-23,2023-08-28,Fracture,Scheduled,No
4848,1690,15,9,2023-06-23,2023-07-04,Back Pain,Emergency,Yes
4849,4992,3,3,2023-04-11,2023-04-12,Hypertension,Emergency,Yes
4850,1820,78,5,2022-07-05,2022-07-07,Diabetes,Referral,Yes
4851,4027,45,4,2024-02-05,2024-02-15,Appendicitis,Transfer,Yes
4852,589,54,1,2023-03-17,2023-03-22,Skin Infection,Referral,No
4853,1920,8,1,2023-11-15,2023-11-19,Migraine,Referral,No
4854,2758,46,9,2022-02-13,2022-02-26,Skin Infection,Scheduled,Yes
4855,4544,19,5,2024-12-17,2024-12-28,Skin Infection,Emergency,No
4856,657,30,7,2024-07-25,2024-08-05,Diabetes,Referral,Yes
4857,4019,29,8,2022-10-21,2022-10-29,Diabetes,Referral,No
4858,1829,45,4,2023-12-04,2023-12-09,Pneumonia,Referral,No
4859,4258,54,1,2023-03-16,2023-03-29,Back Pain,Transfer,Yes
4860,431,27,7,2022-12-08,2022-12-12,Skin Infection,Scheduled,Yes
4861,1039,62,8,2022-05-05,2022-05-10,Cancer,Referral,Yes
4862,1152,62,8,2025-11-23,2025-11-28,Hypertension,Scheduled,No
4863,2889,44,4,2025-01-30,2025-02-05,Cancer,Scheduled,No
4864,3005,72,2,2022-04-14,2022-04-17,Fracture,Scheduled,Yes
4865,239,65,8,2022-07-23,2022-08-01,Chest Pain,Referral,Yes
4866,2669,96,2,2023-06-03,2023-06-07,Abdominal Pain,Scheduled,No
4867,1847,63,4,2025-07-26,2025-08-08,Flu,Referral,Yes
4868,4803,74,1,2023-06-15,2023-06-26,Migraine,Transfer,Yes
4869,4376,83,10,2022-05-16,2022-05-28,Fracture,Scheduled,No
4870,313,53,4,2022-11-03,2022-11-05,Stroke,Referral,No
4871,778,30,7,2023-03-20,2023-03-26,Migraine,Transfer,Yes
4872,2026,61,7,2022-05-01,2022-05-04,Flu,Referral,No
4873,2844,97,7,2023-01-27,2023-02-01,Abdominal Pain,Emergency,No
4874,939,83,10,2023-12-25,2024-01-02,Appendicitis,Emergency,Yes
4875,3688,33,6,2025-03-02,2025-03-05,Pneumonia,Scheduled,No
4876,3393,47,9,2022-10-07,2022-10-16,Abdominal Pain,Referral,Yes
4877,2122,14,10,2025-04-30,2025-05-01,Skin Infection,Scheduled,No
4878,2279,41,6,2025-09-08,2025-09-16,Migraine,Referral,No
4879,2859,75,2,2025-08-25,2025-09-07,Cancer,Scheduled,No
4880,146,63,4,2024-05-29,2024-06-12,Fracture,Scheduled,No
4881,1889,54,1,2023-08-14,2023-08-28,Kidney Stone,Scheduled,No
4882,1890,64,1,2022-08-18,2022-08-21,Diabetes,Referral,No
4883,1999,7,4,2024-10-19,2024-10-20,Abdominal Pain,Emergency,No
4884,4346,27,7,2022-02-12,2022-02-17,Pneumonia,Transfer,Yes
4885,1223,31,1,2022-05-16,2022-05-17,Pneumonia,Transfer,No
4886,2620,64,1,2023-07-31,2023-08-08,Migraine,Referral,Yes
4887,3243,51,9,2024-10-01,2024-10-05,Chest Pain,Scheduled,Yes
4888,3278,3,3,2024-12-01,2024-12-05,Migraine,Emergency,Yes
4889,4159,76,7,2024-07-23,2024-08-05,Migraine,Emergency,Yes
4890,4794,27,7,2023-06-30,2023-07-10,Stroke,Transfer,No
4891,3895,77,6,2023-02-07,2023-02-13,Fracture,Referral,No
4892,1343,14,10,2023-10-27,2023-11-01,Pneumonia,Transfer,Yes
4893,3389,59,1,2022-06-16,2022-06-25,Skin Infection,Scheduled,No
4894,3913,8,1,2022-07-03,2022-07-07,Asthma,Emergency,Yes
4895,3379,50,3,2024-06-18,2024-06-22,Pneumonia,Scheduled,Yes
4896,3749,84,1,2024-07-06,2024-07-12,Cancer,Referral,Yes
4897,2446,34,10,2024-09-23,2024-10-01,Stroke,Scheduled,Yes
4898,2295,44,4,2023-04-07,2023-04-11,Appendicitis,Transfer,No
4899,4901,13,6,2025-11-26,2025-12-03,Pneumonia,Transfer,No
4900,1232,35,1,2023-05-17,2023-05-27,Asthma,Emergency,No
4901,1809,5,5,2022-03-21,2022-03-29,Cancer,Scheduled,Yes
4902,1771,82,5,2025-02-11,2025-02-21,Back Pain,Emergency,No
4903,4097,63,4,2023-02-23,2023-03-06,Abdominal Pain,Referral,No
4904,1811,80,8,2023-01-15,2023-01-17,Diabetes,Transfer,Yes
4905,3147,19,5,2024-02-24,2024-03-06,Flu,Transfer,No
4906,1802,43,1,2025-10-08,2025-10-10,Back Pain,Emergency,No
4907,3787,28,8,2023-09-05,2023-09-10,Kidney Stone,Transfer,No
4908,17,5,5,2025-06-24,2025-06-29,Appendicitis,Referral,No
4909,4853,21,2,2025-04-13,2025-04-17,Flu,Transfer,Yes
4910,3179,53,4,2022-11-12,2022-11-24,Stroke,Emergency,No
4911,4698,17,2,2025-03-12,2025-03-19,Skin Infection,Transfer,Yes
4912,3497,94,2,2024-09-30,2024-10-08,Flu,Transfer,Yes
4913,3074,50,3,2023-04-17,2023-05-01,Chest Pain,Scheduled,No
4914,1956,52,5,2022-01-24,2022-01-25,Kidney Stone,Transfer,No
4915,3013,2,4,2023-06-10,2023-06-11,Abdominal Pain,Referral,Yes
4916,1604,66,10,2023-04-19,2023-05-02,Skin Infection,Emergency,Yes
4917,544,59,1,2023-10-12,2023-10-15,Kidney Stone,Scheduled,Yes
4918,3844,77,6,2022-01-25,2022-02-02,Appendicitis,Transfer,Yes
4919,4232,23,2,2024-02-05,2024-02-12,Stroke,Emergency,No
4920,3494,34,10,2022-03-24,2022-03-27,Skin Infection,Emergency,Yes
4921,4596,4,2,2022-10-24,2022-10-27,Back Pain,Scheduled,No
4922,2410,50,3,2024-06-06,2024-06-08,Stroke,Transfer,No
4923,758,61,7,2025-12-02,2025-12-16,Chest Pain,Transfer,No
4924,3353,24,1,2024-04-06,2024-04-12,Appendicitis,Emergency,No
4925,1790,70,6,2024-12-21,2024-12-25,Fracture,Scheduled,Yes
4926,4277,34,10,2022-02-21,2022-03-03,Cancer,Emergency,Yes
4927,3239,77,6,2022-06-09,2022-06-17,Asthma,Referral,No
4928,3669,57,4,2023-08-31,2023-09-03,Appendicitis,Scheduled,No
4929,4653,71,5,2023-06-21,2023-06-22,Abdominal Pain,Transfer,Yes
4930,2638,39,4,2024-08-17,2024-08-20,Hypertension,Scheduled,No
4931,2195,50,3,2025-11-09,2025-11-15,Kidney Stone,Scheduled,No
4932,3763,92,5,2025-05-01,2025-05-15,Migraine,Transfer,Yes
4933,4105,78,5,2022-06-09,2022-06-21,Asthma,Transfer,Yes
4934,4016,30,7,2022-08-23,2022-09-04,Hypertension,Emergency,Yes
4935,3670,73,2,2024-08-22,2024-08-30,Asthma,Transfer,Yes
4936,430,23,2,2022-11-24,2022-11-25,Hypertension,Scheduled,No
4937,2523,99,10,2022-09-25,2022-09-29,Skin Infection,Scheduled,Yes
4938,2034,44,4,2023-10-17,2023-10-20,Pneumonia,Emergency,No
4939,831,22,5,2023-06-17,2023-06-23,Abdominal Pain,Transfer,Yes
4940,890,19,5,2022-02-17,2022-02-20,Chest Pain,Referral,Yes
4941,4727,33,6,2022-08-05,2022-08-07,Back Pain,Scheduled,No
4942,2731,34,10,2023-12-14,2023-12-17,Chest Pain,Referral,Yes
4943,3643,100,3,2024-03-08,2024-03-14,Asthma,Scheduled,No
4944,2484,78,5,2023-10-25,2023-10-26,Flu,Scheduled,No
4945,1209,66,10,2025-06-15,2025-06-28,Appendicitis,Referral,No
4946,1251,8,1,2025-09-21,2025-10-03,Fracture,Emergency,No
4947,1610,2,4,2024-04-10,2024-04-12,Migraine,Scheduled,Yes
4948,4180,65,8,2024-01-20,2024-01-29,Cancer,Referral,No
4949,321,77,6,2025-09-11,2025-09-21,Flu,Emergency,No
4950,4897,74,1,2025-01-25,2025-01-27,Skin Infection,Scheduled,Yes
4951,3870,10,10,2022-05-03,2022-05-08,Migraine,Emergency,No
4952,788,85,2,2022-08-03,2022-08-07,Abdominal Pain,Transfer,No
4953,3473,70,6,2025-06-12,2025-06-13,Back Pain,Transfer,No
4954,4217,41,6,2025-01-08,2025-01-09,Fracture,Emergency,Yes
4955,3774,62,8,2025-06-19,2025-07-02,Hypertension,Referral,Yes
4956,4435,96,8,2023-11-13,2023-11-15,Stroke,Referral,Yes
4957,2062,24,1,2025-03-28,2025-04-05,Abdominal Pain,Emergency,Yes
4958,4657,96,8,2024-10-07,2024-10-11,Fracture,Emergency,Yes
4959,2071,12,10,2023-06-09,2023-06-20,Flu,Scheduled,Yes
4960,3423,94,2,2025-11-05,2025-11-16,Cancer,Referral,No
4961,1010,2,4,2023-06-25,2023-07-08,Pneumonia,Scheduled,Yes
4962,115,5,5,2025-11-27,2025-12-11,Abdominal Pain,Transfer,No
4963,4477,49,6,2022-12-23,2023-01-04,Back Pain,Scheduled,Yes
4964,2127,72,2,2024-09-22,2024-10-01,Diabetes,Scheduled,No
4965,1370,12,10,2022-05-11,2022-05-16,Appendicitis,Referral,No
4966,3840,41,6,2024-09-23,2024-09-27,Pneumonia,Referral,Yes
4967,2051,14,10,2023-11-14,2023-11-21,Diabetes,Transfer,Yes
4968,707,23,2,2023-07-28,2023-08-01,Pneumonia,Emergency,No
4969,4690,20,1,2023-06-02,2023-06-10,Kidney Stone,Transfer,Yes
4970,3789,36,1,2022-04-10,2022-04-14,Chest Pain,Scheduled,Yes
4971,321,99,10,2023-11-12,2023-11-19,Skin Infection,Referral,Yes
4972,3678,20,1,2024-09-29,2024-10-03,Migraine,Emergency,No
4973,4629,63,4,2023-11-07,2023-11-12,Diabetes,Scheduled,Yes
4974,3145,25,10,2025-12-24,2025-12-25,Back Pain,Emergency,No
4975,450,71,5,2025-08-05,2025-08-18,Cancer,Scheduled,Yes
4976,4132,26,8,2022-04-02,2022-04-12,Pneumonia,Scheduled,Yes
4977,1840,27,7,2024-08-09,2024-08-10,Migraine,Referral,Yes
4978,1775,83,10,2024-11-19,2024-11-26,Hypertension,Transfer,Yes
4979,2448,25,10,2022-03-13,2022-03-20,Pneumonia,Transfer,Yes
4980,2248,43,1,2022-09-10,2022-09-13,,Referral,Yes
4981,3618,87,4,2025-11-02,2025-11-05,Skin Infection,Referral,No
4982,4447,50,3,2024-10-19,2024-10-29,Stroke,Scheduled,Yes
4983,3109,6,3,2025-08-14,2025-08-17,Appendicitis,Transfer,Yes
4984,2425,69,2,2024-06-22,2024-07-06,Asthma,Referral,No
4985,784,18,7,2024-12-21,2025-01-04,Hypertension,Transfer,No
4986,2605,100,3,2022-11-20,2022-11-22,Diabetes,Emergency,No
4987,1738,11,9,2024-03-25,2024-04-08,Diabetes,Referral,No
4988,3201,61,7,2025-02-07,2025-02-18,Chest Pain,Transfer,Yes
4989,1729,35,1,2022-05-29,2022-05-31,Flu,Scheduled,Yes
4990,4395,88,5,2024-11-30,2024-12-02,Hypertension,Referral,Yes
4991,1741,71,5,2025-07-13,2025-07-24,Chest Pain,Scheduled,No
4992,3695,80,8,2024-03-30,2024-04-05,Stroke,Referral,No
4993,2912,6,3,2024-10-23,2024-10-29,Chest Pain,Referral,No
4994,4921,66,10,2025-07-18,2025-07-31,Stroke,Emergency,No
4995,4701,7,4,2023-09-19,2023-09-23,Cancer,Transfer,No
4996,4463,39,4,2023-07-28,2023-08-11,Hypertension,Transfer,Yes
4997,1197,50,3,2025-04-02,2025-04-15,Back Pain,Emergency,No
4998,4884,40,1,2022-04-10,2022-04-16,Abdominal Pain,Scheduled,Yes
4999,4635,68,9,2025-03-21,2025-03-31,Hypertension,Scheduled,Yes
5000,4072,60,5,2024-10-18,2024-10-22,Hypertension,Emergency,No
5001,1883,3,3,2022-11-30,2022-12-10,Fracture,Scheduled,Yes
5002,3174,60,5,2024-07-08,2024-07-09,Chest Pain,Scheduled,No
5003,4738,18,7,2023-12-25,2023-12-29,Skin Infection,Referral,Yes
5004,1182,90,9,2024-07-08,2024-07-18,Abdominal Pain,Emergency,Yes
5005,1176,48,10,2023-03-28,2023-04-01,Pneumonia,Referral,No
5006,143,39,4,2022-06-11,2022-06-18,Pneumonia,Transfer,No
5007,1453,18,7,2022-07-19,2022-07-22,Abdominal Pain,Emergency,Yes
5008,2672,39,4,2025-08-27,2025-09-01,Migraine,Referral,Yes
5009,1194,87,4,2023-09-04,2023-09-17,Asthma,Emergency,Yes
5010,578,50,3,2024-12-29,2024-12-31,Back Pain,Emergency,No
5011,838,32,9,2024-09-14,2024-09-22,Abdominal Pain,Transfer,Yes
5012,122,80,8,2025-07-22,2025-08-02,Chest Pain,Emergency,No
5013,3226,2,4,2024-07-04,2024-07-08,Flu,Transfer,Yes
5014,468,40,1,2022-03-23,2022-03-27,Abdominal Pain,Scheduled,No
5015,75,37,10,2023-09-14,2023-09-15,Diabetes,Scheduled,Yes
5016,3646,72,2,2023-12-03,2023-12-10,Stroke,Scheduled,No
5017,1639,52,5,2022-05-23,2022-05-28,Chest Pain,Referral,Yes
5018,695,21,2,2025-05-13,2025-05-14,Migraine,Scheduled,Yes
5019,1307,68,9,2024-06-09,2024-06-18,Flu,Transfer,No
5020,3746,57,4,2023-12-09,2023-12-16,Migraine,Transfer,Yes
5021,3136,31,1,2023-02-27,2023-03-12,Pneumonia,Emergency,No
5022,4284,96,2,2024-04-12,2024-04-21,Flu,Referral,Yes
5023,700,75,2,2025-03-31,2025-04-11,Cancer,Emergency,No
5024,273,9,5,2023-09-16,2023-09-23,Diabetes,Transfer,Yes
5025,1341,61,7,2025-11-29,2025-12-13,Fracture,Scheduled,No
5026,3195,60,5,2025-01-07,2025-01-20,Fracture,Emergency,No
5027,3180,36,1,2022-11-19,2022-11-25,Kidney Stone,Emergency,Yes
5028,1948,19,5,2023-06-27,2023-07-08,Fracture,Transfer,No
5029,2500,92,5,2025-10-07,2025-10-15,Abdominal Pain,Transfer,Yes
5030,1217,32,9,2024-10-04,2024-10-07,Migraine,Scheduled,Yes
5031,711,32,9,2023-04-18,2023-04-21,Migraine,Emergency,No
5032,590,67,1,2024-04-05,2024-04-16,Cancer,Referral,No
5033,165,46,9,2024-03-22,2024-04-01,Flu,Scheduled,No
5034,2067,48,10,2022-02-25,2022-03-03,Stroke,Transfer,No
5035,4292,22,5,2024-02-23,2024-02-25,Back Pain,Transfer,Yes
5036,1636,36,1,2023-04-01,2023-04-12,Kidney Stone,Emergency,Yes
5037,2777,72,2,2022-04-07,2022-04-10,Chest Pain,Transfer,Yes
5038,683,77,6,2024-06-25,2024-06-30,Appendicitis,Transfer,Yes
5039,2456,94,2,2023-09-01,2023-09-02,Migraine,Scheduled,No
5040,890,37,10,2022-10-27,2022-11-08,Abdominal Pain,Transfer,No
5041,3074,20,1,2024-05-15,2024-05-17,Flu,Transfer,Yes
5042,2101,52,5,2023-09-01,2023-09-05,Hypertension,Emergency,No
5043,1313,40,1,2024-08-06,2024-08-13,Back Pain,Transfer,Yes
5044,2925,100,3,2023-03-23,2023-03-25,Flu,Scheduled,No
5045,4333,27,7,2024-08-04,2024-08-09,Appendicitis,Transfer,No
5046,4942,29,8,2024-10-06,2024-10-14,Stroke,Transfer,Yes
5047,2500,99,10,2022-12-27,2023-01-01,Pneumonia,Transfer,No
5048,591,23,2,2025-01-08,2025-01-19,Appendicitis,Transfer,Yes
5049,1095,97,9,2022-10-24,2022-10-31,Diabetes,Scheduled,No
5050,4778,79,7,2025-02-07,2025-02-15,Appendicitis,Referral,Yes
5051,4775,40,1,2025-11-20,2025-12-04,Hypertension,Transfer,Yes
5052,1455,59,1,2023-12-12,2023-12-19,Diabetes,Emergency,No
5053,302,72,2,2024-05-21,2024-05-29,Flu,Scheduled,Yes
5054,2652,67,1,2024-03-15,2024-03-24,Migraine,Emergency,Yes
5055,3101,21,2,2023-07-20,2023-07-28,Diabetes,Transfer,No
5056,3209,79,7,2023-02-02,2023-02-13,Flu,Transfer,No
5057,570,24,1,2022-02-22,2022-02-28,Migraine,Emergency,No
5058,1055,65,8,2022-02-23,2022-03-07,Appendicitis,Transfer,No
5059,3806,99,10,2024-09-17,2024-09-18,Diabetes,Transfer,No
5060,1135,3,3,2022-11-06,2022-11-17,Fracture,Scheduled,No
5061,1029,63,4,2022-03-04,2022-03-11,Chest Pain,Scheduled,Yes
5062,1708,61,7,2025-01-11,2025-01-21,Chest Pain,Transfer,Yes
5063,1653,42,10,2023-08-27,2023-09-10,Fracture,Referral,Yes
5064,1333,76,7,2022-02-09,2022-02-14,Chest Pain,Transfer,Yes
5065,4517,46,9,2025-05-20,2025-05-26,Pneumonia,Referral,Yes
5066,2782,6,3,2022-04-28,2022-05-03,Flu,Referral,Yes
5067,180,94,2,2024-03-28,2024-04-08,Asthma,Transfer,Yes
5068,3059,72,2,2024-11-17,2024-11-18,Cancer,Referral,Yes
5069,2139,28,8,2025-04-01,2025-04-12,Abdominal Pain,Emergency,No
5070,4314,81,1,2024-11-13,2024-11-17,Pneumonia,Scheduled,No
5071,4007,8,1,2022-12-12,2022-12-14,Diabetes,Transfer,No
5072,3297,86,3,2022-03-30,2022-04-02,Flu,Scheduled,Yes
5073,2108,79,7,2024-11-02,2024-11-12,Asthma,Referral,No
5074,4829,85,2,2022-07-13,2022-07-27,Stroke,Transfer,Yes
5075,2997,34,10,2025-10-15,2025-10-28,Skin Infection,Scheduled,No
5076,711,95,1,2022-05-22,2022-05-28,Fracture,Scheduled,Yes
5077,3096,50,3,2025-08-02,2025-08-16,Kidney Stone,Referral,No
5078,4836,26,8,2023-08-03,2023-08-11,Stroke,Referral,Yes
5079,430,30,7,2023-08-27,2023-09-07,Pneumonia,Transfer,No
5080,4484,96,5,2023-11-30,2023-12-13,Asthma,Transfer,Yes
5081,893,99,10,2023-11-05,2023-11-11,Asthma,Emergency,No
5082,28,77,6,2024-02-24,2024-02-29,Abdominal Pain,Emergency,No
5083,3595,66,10,2024-10-07,2024-10-21,Asthma,Transfer,Yes
5084,624,61,7,2025-01-20,2025-01-23,Abdominal Pain,Transfer,Yes
5085,2329,96,8,2023-04-11,2023-04-12,Appendicitis,Referral,Yes
5086,1225,59,1,2025-05-10,2025-05-18,Stroke,Scheduled,No
5087,1658,2,4,2022-08-18,2022-09-01,Cancer,Transfer,No
5088,3239,48,10,2022-11-09,2022-11-11,Appendicitis,Referral,No
5089,3208,41,6,2025-02-12,2025-02-22,Back Pain,Referral,Yes
5090,4531,55,3,2025-02-25,2025-03-02,Flu,Referral,Yes
5091,4567,3,3,2025-09-29,2025-10-06,Back Pain,Referral,Yes
5092,2488,48,10,2024-08-12,2024-08-22,Chest Pain,Referral,No
5093,1614,71,5,2022-05-15,2022-05-21,Abdominal Pain,Transfer,No
5094,4736,77,6,2024-08-18,2024-08-29,Pneumonia,Emergency,No
5095,3477,11,9,2023-01-21,2023-02-01,Hypertension,Scheduled,Yes
5096,1321,62,8,2024-04-04,2024-04-08,Cancer,Emergency,No
5097,2328,100,3,2025-05-18,2025-05-26,Fracture,Transfer,No
5098,4288,60,5,2025-10-24,2025-11-05,Asthma,Referral,No
5099,2421,64,1,2022-08-12,2022-08-21,Kidney Stone,Emergency,No
5100,2920,30,7,2023-06-30,2023-07-01,Cancer,Transfer,Yes
5101,4705,82,5,2025-06-18,2025-06-26,Kidney Stone,Referral,Yes
5102,714,63,4,2023-10-10,2023-10-17,Fracture,Referral,No
5103,479,53,4,2022-04-13,2022-04-16,Diabetes,Emergency,Yes
5104,3137,24,1,2024-06-06,2024-06-16,Asthma,Transfer,No
5105,1332,99,10,2024-07-20,2024-08-02,Skin Infection,Scheduled,Yes
5106,1435,23,2,2024-02-16,2024-02-20,Appendicitis,Scheduled,Yes
5107,4625,53,4,2024-11-24,2024-11-27,Migraine,Scheduled,No
5108,4765,65,8,2022-05-27,2022-06-09,Pneumonia,Emergency,Yes
5109,3527,61,7,2025-02-13,2025-02-25,Cancer,Transfer,Yes
5110,3458,59,1,2022-09-04,2022-09-10,Asthma,Emergency,No
5111,3840,2,4,2022-05-30,2022-06-02,Cancer,Scheduled,Y
5112,2923,38,7,2022-06-10,2022-06-23,Asthma,Referral,No
5113,224,63,4,2025-11-05,2025-11-07,Chest Pain,Emergency,Yes
5114,3536,82,5,2025-11-24,2025-12-05,Asthma,Referral,Yes
5115,4495,43,1,2023-02-15,2023-02-16,Hypertension,Referral,No
5116,3068,61,7,2025-11-24,2025-12-05,Skin Infection,Transfer,No
5117,1494,20,1,2022-11-07,2022-11-21,Pneumonia,Emergency,Yes
5118,3153,45,4,2025-10-22,2025-11-01,Back Pain,Transfer,No
5119,2506,83,10,2022-08-25,2022-08-30,Migraine,Scheduled,Yes
5120,680,65,8,2025-09-10,2025-09-11,Fracture,Referral,Yes
5121,11,92,5,2024-02-15,2024-02-27,Back Pain,Transfer,Yes
5122,555,64,1,2022-02-26,2022-03-03,Flu,Transfer,No
5123,4301,61,7,2025-08-07,2025-08-20,Hypertension,Emergency,No
5124,3177,19,5,2022-09-12,2022-09-14,Asthma,Transfer,Yes
5125,1203,31,1,2022-03-25,2022-03-30,Asthma,Referral,Yes
5126,3255,47,9,2025-05-21,2025-05-31,Skin Infection,Emergency,Yes
5127,3329,86,3,2024-04-30,2024-05-06,Skin Infection,Emergency,Yes
5128,3457,53,4,2025-12-09,2025-12-12,Pneumonia,Scheduled,Yes
5129,4450,49,6,2022-05-09,2022-05-20,Hypertension,Scheduled,Yes
5130,1947,3,3,2025-12-23,2026-01-04,Chest Pain,Emergency,No
5131,1936,78,5,2025-03-20,2025-03-25,Appendicitis,Scheduled,No
5132,4340,71,5,2022-05-28,2022-06-09,Migraine,Transfer,Yes
5133,4576,19,5,2023-06-17,2023-06-29,Appendicitis,Referral,Yes
5134,3838,73,2,2025-11-15,2025-11-29,Migraine,Scheduled,No
5135,2554,37,10,2022-08-20,2022-08-31,Appendicitis,Referral,No
5136,3517,50,3,2022-07-02,2022-07-16,Cancer,Transfer,Yes
5137,718,29,8,2022-12-15,2022-12-19,Cancer,Scheduled,No
5138,82,15,9,2025-10-15,2025-10-29,Cancer,Transfer,No
5139,673,6,3,2023-02-02,2023-02-05,Kidney Stone,Emergency,No
5140,2783,65,8,2025-12-17,2025-12-18,Skin Infection,Transfer,Yes
5141,3101,86,3,2024-09-01,2024-09-12,Hypertension,Referral,Yes
5142,938,80,8,2023-04-05,2023-04-19,Skin Infection,Scheduled,Yes
5143,4938,3,3,2023-07-09,2023-07-15,Abdominal Pain,Emergency,No
5144,3852,24,1,2025-05-15,2025-05-29,Diabetes,Scheduled,Yes
5145,2221,17,2,2022-03-09,2022-03-11,Skin Infection,Referral,Yes
5146,2866,21,2,2024-09-06,2024-09-10,Diabetes,Emergency,No
5147,3225,45,4,2024-04-21,2024-04-29,Back Pain,Scheduled,Yes
5148,2250,14,10,2022-11-17,2022-11-26,Asthma,Referral,Yes
5149,2035,67,1,2023-10-02,2023-10-04,Hypertension,Emergency,No
5150,4760,78,5,2025-07-10,2025-07-22,Pneumonia,Scheduled,Yes
5151,2168,75,2,2022-12-31,2023-01-12,Back Pain,Referral,No
5152,2160,4,2,2024-03-30,2024-04-06,Back Pain,Emergency,No
5153,4700,81,1,2022-12-29,2023-01-10,Pneumonia,Scheduled,Yes
5154,4841,63,4,2024-02-28,2024-03-11,Abdominal Pain,Referral,No
5155,540,71,5,2023-01-21,2023-02-02,Skin Infection,Scheduled,No
5156,2765,89,4,2025-04-19,2025-04-21,Migraine,Scheduled,Yes
5157,610,15,9,2025-12-21,2025-12-29,Pneumonia,Referral,No
5158,3093,95,1,2022-05-05,2022-05-18,Chest Pain,Emergency,Yes
5159,455,68,9,2025-07-31,2025-08-01,Skin Infection,Transfer,Yes
5160,3702,66,10,2022-01-05,2022-01-14,Appendicitis,Emergency,Yes
5161,2787,29,8,2024-11-27,2024-12-09,Migraine,Transfer,Yes
5162,1226,34,10,2022-11-14,2022-11-15,Back Pain,Referral,No
5163,485,96,4,2024-06-01,2024-06-07,Cancer,Referral,Yes
5164,2589,62,8,2022-02-22,2022-03-02,Stroke,Scheduled,No
5165,4713,21,2,2025-05-16,2025-05-17,Stroke,Referral,No
5166,4720,96,10,2025-01-06,2025-01-19,Back Pain,Emergency,Yes
5167,3585,19,5,2022-06-25,2022-07-06,Fracture,Transfer,Yes
5168,1484,90,9,2024-06-01,2024-06-13,Diabetes,Transfer,No
5169,757,50,3,2025-11-14,2025-11-22,Pneumonia,Transfer,Yes
5170,1238,19,5,2023-08-22,2023-08-24,Hypertension,Scheduled,No
5171,1328,13,6,2022-02-03,2022-02-12,Fracture,Emergency,Yes
5172,1529,3,3,2025-03-31,2025-04-02,Migraine,Scheduled,Yes
5173,4729,31,1,2025-01-02,2025-01-15,Flu,Referral,Yes
5174,2700,32,9,2022-07-05,2022-07-16,Diabetes,Scheduled,Yes
5175,440,62,8,2023-04-19,2023-04-21,Fracture,Transfer,Yes
5176,4652,70,6,2024-11-29,2024-12-07,Flu,Scheduled,No
5177,3780,10,10,2023-03-07,2023-03-19,Hypertension,Referral,Yes
5178,1904,65,8,2024-08-18,2024-08-29,Asthma,Emergency,Yes
5179,116,95,1,2024-09-18,2024-10-02,Abdominal Pain,Transfer,No
5180,2308,21,2,2024-08-01,2024-08-09,Stroke,Emergency,No
5181,4341,48,10,2022-11-02,2022-11-08,Fracture,Emergency,Yes
5182,4289,42,10,2023-09-24,2023-09-26,Fracture,Emergency,No
5183,2140,33,6,2025-01-05,2025-01-16,Abdominal Pain,Referral,Yes
5184,4772,46,9,2023-06-02,2023-06-07,Pneumonia,Scheduled,Yes
5185,2132,33,6,2022-03-26,2022-03-29,Chest Pain,Referral,No
5186,521,2,4,2024-12-12,2024-12-21,Cancer,Scheduled,Yes
5187,3635,13,6,2022-01-03,2022-01-12,Abdominal Pain,Transfer,No
5188,4387,42,10,2023-05-14,2023-05-16,Chest Pain,Transfer,No
5189,3252,90,9,2022-01-23,2022-02-01,Stroke,Transfer,Yes
5190,2775,33,6,2024-10-19,2024-11-02,Appendicitis,Transfer,No
5191,1935,66,10,2025-01-25,2025-01-27,Stroke,Transfer,No
5192,4399,29,8,2024-01-25,2024-01-29,Pneumonia,Referral,No
5193,4293,11,9,2022-08-18,2022-08-19,Flu,Emergency,No
5194,1239,15,9,2025-05-29,2025-06-07,Cancer,Transfer,No
5195,2335,54,1,2025-04-04,2025-04-17,Fracture,EMERGENCY,No
5196,4586,89,4,2022-07-01,2022-07-14,Flu,Referral,Yes
5197,3182,37,10,2025-06-15,2025-06-17,Stroke,Emergency,No
5198,387,81,1,2023-07-09,2023-07-14,Chest Pain,Emergency,No
5199,2365,74,1,2023-01-06,2023-01-10,Stroke,Emergency,No
5200,3488,9,5,2025-06-17,2025-06-18,Diabetes,Transfer,No
5201,4241,38,7,2022-12-02,2022-12-08,Pneumonia,Referral,No
5202,3802,16,4,2025-05-12,2025-05-16,Hypertension,Transfer,No
5203,3995,26,8,2025-11-09,2025-11-19,Hypertension,Transfer,No
5204,1578,44,4,2024-12-28,2025-01-08,Cancer,Scheduled,Yes
5205,2239,27,7,2023-11-06,2023-11-17,Cancer,Referral,Yes
5206,1932,25,10,2023-04-09,2023-04-11,Back Pain,Transfer,No
5207,2199,26,8,2022-10-01,2022-10-05,Pneumonia,Referral,No
5208,4645,29,8,2023-12-20,2023-12-26,Diabetes,Transfer,No
5209,4519,67,1,2023-02-04,2023-02-15,Back Pain,Transfer,No
5210,3948,21,2,2022-04-20,2022-04-25,Fracture,Transfer,Yes
5211,4113,66,10,2025-01-28,2025-02-08,Migraine,Scheduled,No
5212,911,95,1,2024-02-09,2024-02-21,Cancer,Transfer,No
5213,3410,37,10,2023-12-29,2024-01-04,Stroke,Scheduled,Yes
5214,4268,34,10,2022-02-07,2022-02-21,Fracture,Referral,No
5215,3544,77,6,2024-04-02,2024-04-07,Stroke,Referral,No
5216,2509,1,6,2024-05-05,2024-05-12,Skin Infection,Referral,Yes
5217,2786,28,8,2022-11-27,2022-12-06,Fracture,Transfer,Yes
5218,45,81,1,2025-02-07,2025-02-08,Diabetes,Emergency,No
5219,1433,15,9,2025-08-25,2025-08-29,Cancer,Scheduled,Yes
5220,1347,5,5,2025-11-23,2025-11-24,Kidney Stone,Referral,No
5221,2798,58,3,2022-12-03,2022-12-14,Fracture,Transfer,Yes
5222,3343,94,2,2022-04-08,2022-04-10,Skin Infection,Transfer,Yes
5223,4765,14,10,2023-05-15,2023-05-29,Kidney Stone,Transfer,No
5224,486,89,4,2024-04-26,2024-05-06,Chest Pain,Emergency,No
5225,618,66,10,2023-09-28,2023-09-29,Migraine,Transfer,No
5226,1977,46,9,2022-03-15,2022-03-19,Kidney Stone,Emergency,No
5227,4811,59,1,2023-08-24,2023-08-26,Asthma,Scheduled,Yes
5228,1352,68,9,2023-10-03,2023-10-09,Asthma,Scheduled,Yes
5229,3461,53,4,2025-09-21,2025-09-22,Flu,Scheduled,Yes
5230,2750,19,5,2022-07-09,2022-07-17,Abdominal Pain,Scheduled,Yes
5231,965,72,2,2022-12-24,2023-01-02,Cancer,Emergency,Yes
5232,225,90,9,2023-10-23,2023-10-25,Hypertension,Scheduled,No
5233,704,79,7,2022-02-06,2022-02-12,Back Pain,Emergency,No
5234,3767,81,1,2025-03-23,2025-03-30,Abdominal Pain,Emergency,No
5235,3089,18,7,2023-05-14,2023-05-18,Hypertension,Referral,No
5236,4725,95,1,2025-12-20,2025-12-28,Asthma,Referral,No
5237,1618,34,10,2025-08-10,2025-08-17,Kidney Stone,Referral,No
5238,4146,20,1,2025-06-04,2025-06-10,Migraine,Transfer,Yes
5239,3907,27,7,2023-05-24,2023-05-28,Back Pain,Emergency,Yes
5240,1825,94,2,2022-01-15,2022-01-20,Appendicitis,Emergency,No
5241,3318,20,1,2023-04-28,2023-05-03,Abdominal Pain,Scheduled,No
5242,2028,96,1,2022-09-05,2022-09-08,Abdominal Pain,Emergency,No
5243,98,97,1,2022-08-11,2022-08-13,Pneumonia,Referral,Yes
5244,423,63,4,2025-09-21,2025-10-03,Skin Infection,Emergency,No
5245,2393,13,6,2023-09-14,2023-09-21,Chest Pain,Transfer,No
5246,1937,58,3,2022-04-01,2022-04-09,Hypertension,Referral,Yes
5247,3890,25,10,2024-07-22,2024-08-03,Chest Pain,Emergency,No
5248,1934,48,10,2023-05-06,2023-05-20,Chest Pain,Referral,No
5249,3507,95,1,2022-12-05,2022-12-08,Pneumonia,Referral,No
5250,3315,50,3,2022-03-14,2022-03-15,Cancer,Transfer,No
5251,4729,1,6,2025-03-24,2025-03-26,Abdominal Pain,Scheduled,No
5252,884,78,5,2023-04-09,2023-04-15,Skin Infection,Emergency,No
5253,830,39,4,2022-07-17,2022-07-26,Kidney Stone,Referral,No
5254,465,8,1,2023-09-29,2023-10-08,Cancer,Transfer,No
5255,3562,1,6,2025-02-04,2025-02-09,Asthma,Referral,No
5256,2230,77,6,2023-10-05,2023-10-12,Stroke,Transfer,No
5257,2954,48,10,2024-05-27,2024-06-09,Diabetes,Scheduled,Yes
5258,2390,3,3,2022-04-03,2022-04-05,,Referral,Yes
5259,1465,79,7,2022-02-23,2022-02-28,Hypertension,Emergency,No
5260,210,62,8,2024-05-31,2024-06-03,Cancer,Referral,Yes
5261,191,13,6,2022-10-30,2022-11-11,Diabetes,Transfer,Yes
5262,1520,6,3,2025-04-27,2025-05-02,Fracture,Referral,Yes
5263,1536,4,2,2024-11-26,2024-11-29,Migraine,Emergency,No
5264,3795,59,1,2024-11-14,2024-11-22,Fracture,Referral,Yes
5265,1962,58,3,2022-11-02,2022-11-06,Hypertension,Transfer,Yes
5266,2584,64,1,2022-07-23,2022-08-03,Fracture,Transfer,Yes
5267,4106,57,4,2024-08-13,2024-08-18,Cancer,Transfer,No
5268,1712,96,6,2022-11-30,2022-12-06,Skin Infection,Referral,Yes
5269,2609,42,10,2025-07-25,2025-08-06,Cancer,Referral,Yes
5270,2580,35,1,2022-08-04,2022-08-09,Fracture,Transfer,Yes
5271,2367,31,1,2025-01-26,2025-02-03,Pneumonia,Referral,Yes
5272,19,70,6,2024-11-15,2024-11-20,Skin Infection,Transfer,Yes
5273,3492,34,10,2025-08-24,2025-08-26,Back Pain,Referral,No
5274,1264,47,9,2025-11-14,2025-11-15,Cancer,Transfer,Yes
5275,2034,100,3,2024-10-14,2024-10-20,Stroke,Transfer,Yes
5276,827,42,10,2023-12-30,2023-12-31,Skin Infection,Emergency,No
5277,1656,74,1,2023-11-27,2023-12-06,Migraine,Referral,No
5278,2845,1,6,2025-07-09,2025-07-15,Back Pain,Scheduled,No
5279,2818,31,1,2024-09-15,2024-09-16,Flu,Referral,No
5280,3367,93,7,2024-10-25,2024-10-26,Cancer,Referral,No
5281,4493,31,1,2023-10-03,2023-10-04,Chest Pain,Emergency,Yes
5282,2265,40,1,2022-03-03,2022-03-06,Appendicitis,Referral,No
5283,2145,82,5,2024-10-01,2024-10-12,Hypertension,Emergency,No
5284,1454,76,7,2023-11-27,2023-11-28,Fracture,Scheduled,No
5285,4718,32,9,2024-02-19,2024-02-28,Fracture,Referral,Yes
5286,1267,14,10,2022-09-10,2022-09-11,Migraine,Referral,No
5287,4675,67,1,2022-03-26,2022-04-06,Abdominal Pain,Referral,No
5288,216,51,9,2024-01-07,2024-01-11,Back Pain,Referral,Yes
5289,169,80,8,2024-05-16,2024-05-23,Flu,Transfer,Yes
5290,2539,78,5,2022-09-12,2022-09-19,Asthma,Emergency,No
5291,2648,64,1,2024-07-09,2024-07-13,Flu,Emergency,No
5292,2940,44,4,2025-07-29,2025-08-03,Fracture,Transfer,Yes
5293,1819,25,10,2022-06-15,2022-06-25,,Scheduled,Yes
5294,1275,88,5,2022-06-02,2022-06-14,Hypertension,Emergency,Yes
5295,334,28,8,2025-01-16,2025-01-24,Appendicitis,Scheduled,Yes
5296,276,58,3,2024-10-19,2024-11-01,Skin Infection,Emergency,No
5297,4522,100,3,2024-07-16,2024-07-17,Stroke,Transfer,No
5298,3522,66,10,2025-09-15,2025-09-24,Migraine,Scheduled,Yes
5299,725,56,9,2023-10-19,2023-10-20,Cancer,Scheduled,Yes
5300,4362,9,5,2025-09-21,2025-09-24,Appendicitis,Scheduled,No
5301,4968,96,1,2022-08-10,2022-08-24,Back Pain,Referral,Yes
5302,2949,40,1,2023-02-13,2023-02-23,Fracture,Referral,No
5303,4233,77,6,2024-12-03,2024-12-08,Appendicitis,Scheduled,No
5304,2033,76,7,2023-10-11,2023-10-25,Fracture,Transfer,Yes
5305,3011,93,7,2024-11-25,2024-11-26,Diabetes,Referral,Yes
5306,3021,67,1,2023-07-31,2023-08-10,Asthma,Scheduled,Yes
5307,289,27,7,2023-01-09,2023-01-23,Fracture,Emergency,Yes
5308,90,15,9,2025-05-30,2025-06-02,Asthma,Transfer,Yes
5309,906,63,4,2023-04-15,2023-04-24,Chest Pain,Referral,No
5310,2978,46,9,2022-04-12,2022-04-18,Diabetes,Emergency,No
5311,3088,12,10,2023-09-09,2023-09-12,Asthma,Transfer,Yes
5312,2424,40,1,2023-04-10,2023-04-17,Appendicitis,Transfer,Yes
5313,2107,81,1,2025-12-02,2025-12-04,Diabetes,Emergency,Yes
5314,438,81,1,2023-01-01,2023-01-12,Flu,Transfer,No
5315,845,26,8,2023-10-21,2023-11-01,Cancer,Transfer,No
5316,4310,76,7,2024-01-06,2024-01-13,Migraine,Scheduled,No
5317,1230,63,4,2023-11-25,2023-12-07,Fracture,Emergency,No
5318,4001,97,10,2022-05-24,2022-05-25,Chest Pain,Scheduled,No
5319,1433,46,9,2024-04-19,2024-04-25,Asthma,Scheduled,Yes
5320,4069,26,8,2023-06-12,2023-06-16,Flu,Referral,Yes
5321,496,4,2,2022-03-05,2022-03-06,Pneumonia,Referral,Yes
5322,182,10,10,2022-09-29,2022-10-07,Appendicitis,Transfer,Yes
5323,3188,51,9,2022-09-30,2022-10-06,Abdominal Pain,Referral,No
5324,4457,61,7,2023-08-29,2023-09-03,Diabetes,Emergency,Yes
5325,4121,40,1,2024-10-23,2024-10-28,Pneumonia,Emergency,No
5326,1438,63,4,2023-06-04,2023-06-17,Back Pain,Scheduled,Yes
5327,2099,8,1,2025-09-12,2025-09-24,Back Pain,Referral,No
5328,4564,93,7,2025-02-27,2025-03-13,Abdominal Pain,Emergency,Yes
5329,3544,62,8,2022-08-15,2022-08-22,Diabetes,Transfer,No
5330,4819,86,3,2024-10-28,2024-11-08,Stroke,Emergency,Yes
5331,3145,31,1,2025-11-14,2025-11-23,Stroke,Scheduled,No
5332,4870,40,1,2022-06-27,2022-07-02,Chest Pain,Referral,Yes
5333,4838,60,5,2023-05-05,2023-05-19,Kidney Stone,Scheduled,Yes
5334,377,78,5,2024-12-03,2024-12-11,Hypertension,Scheduled,Yes
5335,2245,22,5,2025-04-28,2025-05-07,Chest Pain,Scheduled,No
5336,488,38,7,2025-06-13,,Abdominal Pain,Scheduled,No
5337,2508,40,1,2024-03-09,2024-03-13,Kidney Stone,Referral,No
5338,2138,62,8,2023-06-12,2023-06-22,Asthma,Referral,Yes
5339,2044,13,6,2022-06-20,2022-06-21,Diabetes,Referral,Yes
5340,1356,93,7,2022-06-01,2022-06-15,Abdominal Pain,Emergency,No
5341,4792,46,9,2025-01-12,2025-01-21,Diabetes,Scheduled,Yes
5342,3487,94,2,2025-02-22,2025-03-03,Asthma,Transfer,Yes
5343,4164,85,2,2025-02-05,2025-02-08,Fracture,Scheduled,Yes
5344,3043,13,6,2022-05-27,2022-05-31,Abdominal Pain,Referral,Yes
5345,1415,42,10,2023-06-26,2023-07-06,Abdominal Pain,Referral,No
5346,3684,3,3,2023-03-05,2023-03-07,Appendicitis,Transfer,Yes
5347,459,12,10,2025-08-31,2025-09-04,Flu,Scheduled,No
5348,3849,7,4,2024-09-11,2024-09-15,Hypertension,Emergency,No
5349,646,36,1,2023-01-05,2023-01-09,Appendicitis,Referral,No
5350,2259,91,8,2023-12-05,2023-12-16,Migraine,Referral,Yes
5351,3618,98,7,2023-04-20,2023-05-03,Abdominal Pain,Scheduled,Yes
5352,551,53,4,2023-11-25,2023-12-07,Migraine,Transfer,No
5353,3022,58,3,2024-12-22,2024-12-24,Flu,Referral,Yes
5354,3447,51,9,2023-12-25,2023-12-31,Abdominal Pain,Emergency,No
5355,1189,72,2,2024-03-03,2024-03-08,Pneumonia,Emergency,Yes
5356,3557,7,4,2022-08-21,2022-08-29,Flu,Emergency,No
5357,3963,21,2,2022-12-22,2023-01-05,Abdominal Pain,Scheduled,No
5358,2709,26,8,2022-07-22,2022-08-01,Asthma,Referral,Yes
5359,3150,37,10,2023-08-19,2023-09-02,Diabetes,Emergency,No
5360,2197,2,4,2022-02-27,2022-03-08,Chest Pain,Scheduled,Yes
5361,4960,35,1,2022-11-23,2022-11-24,Kidney Stone,Transfer,No
5362,877,90,9,2025-06-10,2025-06-20,Hypertension,Transfer,No
5363,2697,95,1,2025-03-25,2025-04-06,Diabetes,Scheduled,Yes
5364,863,72,2,2024-10-20,2024-10-21,Flu,Transfer,Yes
5365,2732,58,3,2023-06-19,2023-07-01,Cancer,Emergency,No
5366,3982,9,5,2024-05-17,2024-05-23,Asthma,Transfer,Yes
5367,4713,68,9,2024-05-30,2024-06-06,Appendicitis,Referral,Yes
5368,3486,71,5,2022-12-31,2023-01-01,Fracture,Referral,Yes
5369,4227,47,9,2024-08-16,2024-08-26,Migraine,Emergency,Yes
5370,2763,37,10,2025-12-03,2025-12-05,Abdominal Pain,Referral,Yes
5371,3269,66,10,2025-04-13,2025-04-22,Chest Pain,Emergency,Yes
5372,4451,71,5,2025-08-05,2025-08-07,Diabetes,Transfer,No
5373,4384,63,4,2023-02-13,2023-02-18,Skin Infection,Emergency,No
5374,957,90,9,2023-06-01,2023-06-11,Back Pain,Transfer,No
5375,3710,48,10,2024-07-27,2024-08-07,Diabetes,Transfer,No
5376,2380,4,2,2022-10-15,2022-10-19,Diabetes,Scheduled,No
5377,1511,88,5,2024-02-28,2024-03-08,Fracture,Transfer,No
5378,3784,13,6,2023-03-27,2023-04-10,Back Pain,Referral,No
5379,180,6,3,2022-08-06,2022-08-13,Skin Infection,Referral,No
5380,539,81,1,2022-10-26,2022-10-29,Stroke,Referral,Yes
5381,1427,29,8,2024-11-29,2024-12-12,Appendicitis,Scheduled,Yes
5382,1664,69,2,2022-08-25,2022-08-30,Stroke,Transfer,No
5383,421,36,1,2022-01-06,2022-01-16,Asthma,Scheduled,No
5384,1182,73,2,2022-11-25,2022-11-28,Chest Pain,Referral,Yes
5385,3623,55,3,2022-12-11,2022-12-13,Flu,Emergency,No
5386,1633,24,1,2024-06-30,2024-07-03,Appendicitis,Scheduled,Yes
5387,3543,51,9,2024-08-06,2024-08-12,Migraine,Emergency,No
5388,4730,64,1,2023-03-15,2023-03-16,Fracture,Transfer,No
5389,1981,61,7,2023-06-08,2023-06-14,Kidney Stone,Emergency,Yes
5390,33,92,5,2024-03-31,2024-04-09,Flu,Scheduled,No
5391,4230,16,4,2024-06-24,2024-06-25,Migraine,Transfer,No
5392,1221,75,2,2023-09-04,2023-09-07,Appendicitis,Emergency,Yes
5393,3515,28,8,2024-07-14,2024-07-26,Cancer,Emergency,Yes
5394,2207,97,8,2022-10-27,2022-10-28,Pneumonia,Scheduled,Yes
5395,4738,57,4,2025-02-26,2025-03-12,Kidney Stone,Transfer,Yes
5396,4600,57,4,2024-09-02,2024-09-03,Flu,Emergency,No
5397,1378,96,5,2025-11-06,2025-11-09,Migraine,Referral,Yes
5398,715,6,3,2022-09-16,2022-09-26,Cancer,Scheduled,Yes
5399,776,3,3,2023-03-16,2023-03-23,Appendicitis,Referral,Yes
5400,292,76,7,2023-01-13,2023-01-25,Chest Pain,Referral,Yes
5401,4071,4,2,2025-04-21,2025-04-30,Fracture,Emergency,Yes
5402,4466,8,1,2023-05-01,2023-05-14,Migraine,Scheduled,Yes
5403,3744,14,10,2023-09-11,2023-09-25,Skin Infection,Scheduled,Yes
5404,2708,96,5,2023-12-09,2023-12-10,Kidney Stone,Scheduled,No
5405,2934,88,5,2025-05-11,2025-05-20,Kidney Stone,Transfer,No
5406,4542,13,6,2025-05-03,2025-05-11,Migraine,Referral,No
5407,3600,34,10,2025-01-24,2025-01-27,Pneumonia,Scheduled,Yes
5408,4402,52,5,2023-06-05,2023-06-08,Flu,Referral,Yes
5409,2481,53,4,2023-07-25,2023-08-02,Diabetes,Transfer,No
5410,1137,50,3,2024-01-12,2024-01-26,Flu,Referral,Yes
5411,3337,56,9,2022-06-23,2022-06-26,Migraine,Referral,Yes
5412,684,9,5,2024-06-05,2024-06-16,Hypertension,Emergency,Yes
5413,2216,91,8,2022-08-23,2022-09-06,Skin Infection,Emergency,Yes
5414,3355,7,4,2024-07-23,2024-07-30,Pneumonia,Emergency,Yes
5415,4788,52,5,2025-06-04,2025-06-15,Back Pain,Scheduled,No
5416,1484,12,10,2024-02-11,2024-02-20,Migraine,Transfer,Yes
5417,153,21,2,2022-04-07,2022-04-14,Fracture,Emergency,No
5418,556,5,5,2025-04-26,2025-04-29,Migraine,Referral,Yes
5419,1492,75,2,2024-01-02,2024-01-14,Back Pain,Referral,Yes
5420,2819,56,9,2024-12-23,2025-01-04,Asthma,Referral,Yes
5421,4696,51,9,2022-09-10,2022-09-22,Back Pain,Transfer,Yes
5422,2270,98,7,2024-07-26,2024-08-08,Pneumonia,Transfer,Yes
5423,560,68,9,2025-02-11,2025-02-21,Appendicitis,Emergency,No
5424,390,40,1,2023-07-02,2023-07-09,Pneumonia,Emergency,Yes
5425,3629,37,10,2023-08-13,2023-08-25,Chest Pain,Transfer,Yes
5426,4725,80,8,2022-06-06,2022-06-17,Asthma,Transfer,Yes
5427,2307,90,9,2022-10-31,2022-11-14,Abdominal Pain,Emergency,No
5428,1185,12,10,2022-07-23,2022-07-28,Hypertension,Transfer,Yes
5429,1893,56,9,2025-09-20,2025-09-27,Flu,Referral,Yes
5430,4858,2,4,2024-10-09,2024-10-10,Fracture,Scheduled,No
5431,1417,60,5,2022-08-23,2022-09-06,Stroke,Scheduled,No
5432,1172,39,4,2024-09-29,2024-09-30,Asthma,Referral,Yes
5433,1051,17,2,2023-10-07,2023-10-19,Appendicitis,Emergency,No
5434,2383,7,4,2022-02-27,2022-03-04,Flu,Referral,Yes
5435,2160,16,4,2023-06-29,2023-07-03,Abdominal Pain,Referral,No
5436,3514,40,1,2024-04-16,2024-04-23,Fracture,Transfer,Yes
5437,4101,6,3,2022-07-04,2022-07-07,Stroke,Emergency,No
5438,1699,31,1,2023-12-26,2024-01-03,Chest Pain,Transfer,No
5439,4896,60,5,2023-10-09,2023-10-16,Appendicitis,Referral,No
5440,2297,49,6,2025-09-13,2025-09-20,Appendicitis,Transfer,No
5441,3615,33,6,2025-03-23,2025-04-04,Diabetes,Scheduled,No
5442,4182,14,10,2024-03-15,2024-03-25,Kidney Stone,Referral,Yes
5443,1741,22,5,2023-09-10,2023-09-23,Pneumonia,Scheduled,Yes
5444,3468,90,9,2023-06-08,2023-06-20,Chest Pain,Scheduled,Yes
5445,2325,93,7,2023-08-11,2023-08-23,Abdominal Pain,Scheduled,Yes
5446,2509,52,5,2022-07-14,2022-07-15,Hypertension,Referral,Yes
5447,2584,80,8,2022-03-29,2022-04-12,Hypertension,Referral,Yes
5448,4593,25,10,2024-05-15,2024-05-21,Diabetes,Referral,No
5449,4762,8,1,2023-10-23,2023-11-02,Abdominal Pain,Emergency,Yes
5450,3943,53,4,2023-12-25,2023-12-29,Cancer,Transfer,Yes
5451,298,42,10,2024-07-28,2024-08-06,Fracture,Referral,Yes
5452,140,70,6,2022-04-12,2022-04-20,Chest Pain,Emergency,No
5453,483,85,2,2023-03-10,2023-03-16,Migraine,Referral,Yes
5454,1717,56,9,2023-07-18,2023-07-19,Pneumonia,Referral,Yes
5455,1223,89,4,2022-03-31,2022-04-11,Abdominal Pain,Referral,No
5456,22,25,10,2022-07-24,2022-07-27,Kidney Stone,Emergency,No
5457,2760,74,1,2024-01-01,2024-01-11,Cancer,Referral,Yes
5458,2196,9,5,2025-05-29,2025-06-10,Appendicitis,Emergency,No
5459,3207,44,4,2023-10-23,2023-11-05,Fracture,Transfer,Yes
5460,968,70,6,2022-06-26,2022-06-28,Abdominal Pain,Transfer,Yes
5461,1677,17,2,2025-01-27,2025-01-28,Abdominal Pain,Scheduled,Yes
5462,2910,26,8,2025-01-05,2025-01-09,Asthma,Emergency,No
5463,2192,90,9,2025-12-22,2026-01-01,Diabetes,Transfer,Yes
5464,579,84,1,2024-05-06,2024-05-12,Diabetes,Referral,Yes
5465,518,13,6,2023-08-26,2023-09-02,Skin Infection,Transfer,Yes
5466,3108,15,9,2022-08-31,2022-09-08,Fracture,Transfer,Yes
5467,1418,16,4,2024-02-07,2024-02-11,Skin Infection,Referral,No
5468,341,27,7,2024-01-13,2024-01-19,Abdominal Pain,Transfer,No
5469,1833,12,10,2023-02-12,2023-02-23,Diabetes,Scheduled,Yes
5470,1663,100,3,2022-06-02,2022-06-14,Back Pain,Scheduled,No
5471,1621,33,6,2025-12-21,2026-01-01,Asthma,Transfer,No
5472,1050,78,5,2022-08-16,2022-08-20,Back Pain,Transfer,Yes
5473,642,43,1,2023-04-10,2023-04-20,Migraine,Referral,Yes
5474,3146,1,6,2022-06-07,2022-06-21,Migraine,Transfer,Yes
5475,1075,2,4,2023-12-04,2023-12-16,Skin Infection,Referral,No
5476,2112,58,3,2024-02-02,2024-02-06,Cancer,Scheduled,No
5477,506,4,2,2024-09-09,2024-09-14,Skin Infection,Emergency,Yes
5478,1548,48,10,2023-04-28,2023-05-02,Stroke,Scheduled,No
5479,2256,9,5,2024-06-26,2024-07-02,Diabetes,Emergency,Yes
5480,3673,85,2,2023-12-18,2023-12-25,Chest Pain,Scheduled,No
5481,2687,34,10,2024-11-11,2024-11-23,Fracture,Transfer,No
5482,723,19,5,2023-02-11,2023-02-22,Chest Pain,Transfer,Yes
5483,2770,1,6,2024-09-08,2024-09-21,Fracture,Emergency,Yes
5484,3943,17,2,2025-03-04,2025-03-09,Abdominal Pain,Referral,No
5485,2035,50,3,2024-05-22,2024-05-29,Appendicitis,Scheduled,Yes
5486,1751,97,10,2024-04-08,2024-04-20,Pneumonia,Transfer,Yes
5487,1674,70,6,2025-03-28,2025-04-05,Chest Pain,Referral,No
5488,190,16,4,2025-10-01,2025-10-03,Pneumonia,Emergency,No
5489,1613,91,8,2024-01-05,2024-01-15,Flu,Scheduled,Yes
5490,4670,34,10,2022-11-27,2022-12-05,Pneumonia,Scheduled,Y
5491,2878,54,1,2024-01-24,2024-02-05,Cancer,Transfer,Yes
5492,2408,7,4,2022-12-26,2023-01-04,Abdominal Pain,Transfer,No
5493,2499,59,1,2024-08-09,2024-08-10,Asthma,Referral,Yes
5494,1685,31,1,2023-11-22,2023-11-30,Skin Infection,Scheduled,Yes
5495,2197,96,5,2022-09-25,2022-09-29,Back Pain,Referral,Yes
5496,3326,70,6,2024-11-24,2024-11-29,Fracture,Scheduled,Yes
5497,3190,4,2,2024-03-13,2024-03-25,Pneumonia,Transfer,Yes
5498,4447,91,8,2022-10-30,2022-11-03,Cancer,Emergency,Yes
5499,4795,38,7,2024-08-21,2024-09-02,Stroke,Transfer,No
5500,2908,33,6,2024-01-08,2024-01-15,Stroke,Emergency,Yes
5501,998,84,1,2025-07-25,2025-08-08,Back Pain,Transfer,No
5502,2954,75,2,2023-01-10,2023-01-18,Cancer,Referral,Yes
5503,1447,78,5,2025-08-05,2025-08-12,Migraine,Referral,No
5504,4258,17,2,2024-08-01,2024-08-09,Diabetes,Referral,Yes
5505,997,80,8,2025-04-17,2025-04-22,Diabetes,Scheduled,No
5506,2438,40,1,2025-10-23,2025-10-31,Appendicitis,Scheduled,Yes
5507,978,70,6,2024-10-26,2024-10-31,Flu,Referral,Yes
5508,953,33,6,2024-07-04,2024-07-17,Stroke,Emergency,Yes
5509,1631,12,10,2025-11-01,2025-11-11,Kidney Stone,Transfer,Yes
5510,3865,84,1,2022-10-21,2022-10-27,Skin Infection,Scheduled,No
5511,2150,94,2,2022-12-16,2022-12-24,Diabetes,Emergency,No
5512,2959,42,10,2025-06-07,2025-06-09,Pneumonia,Referral,Yes
5513,1321,14,10,2025-07-26,2025-08-09,Abdominal Pain,Transfer,No
5514,2526,57,4,2024-02-06,2024-02-13,Kidney Stone,Scheduled,No
5515,2801,16,4,2024-10-28,2024-11-01,Kidney Stone,Transfer,Yes
5516,2483,59,1,2022-03-28,2022-04-09,Pneumonia,Scheduled,No
5517,1009,84,1,2025-11-10,2025-11-13,Chest Pain,Emergency,No
5518,4175,24,1,2022-08-16,2022-08-28,Pneumonia,Emergency,Yes
5519,3016,66,10,2024-02-31,2022-09-16,Fracture,Transfer,No
5520,680,80,8,2025-10-28,2025-11-04,Abdominal Pain,Scheduled,No
5521,3067,20,1,2023-06-26,2023-06-27,Chest Pain,Referral,No
5522,1424,30,7,2024-01-14,2024-01-24,Diabetes,Referral,No
5523,1283,22,5,2025-05-14,2025-05-17,Cancer,Transfer,No
5524,273,24,1,2024-01-18,2024-01-29,Cancer,Referral,No
5525,4591,41,6,2023-10-06,2023-10-20,Migraine,Scheduled,Yes
5526,312,42,10,2023-08-26,2023-09-07,Skin Infection,Transfer,Yes
5527,4734,15,9,2023-01-16,2023-01-26,Skin Infection,Transfer,No
5528,1953,32,9,2025-08-28,2025-09-03,Abdominal Pain,Scheduled,No
5529,235,81,1,2024-05-27,2024-06-08,Fracture,Scheduled,Yes
5530,420,1,6,2025-07-06,2025-07-08,Appendicitis,Emergency,No
5531,2917,62,8,2024-05-30,2024-06-03,Pneumonia,Referral,Yes
5532,3220,53,4,2022-09-16,2022-09-18,Back Pain,Referral,No
5533,3873,35,1,2025-02-15,2025-02-27,Asthma,Scheduled,No
5534,2316,63,4,2022-04-15,2022-04-19,Abdominal Pain,Emergency,Yes
5535,3391,51,9,2023-05-14,2023-05-28,Skin Infection,Transfer,Yes
5536,1045,50,3,2025-07-06,2025-07-15,Appendicitis,Emergency,No
5537,2733,65,8,2023-06-13,2023-06-14,Chest Pain,Scheduled,Yes
5538,4354,81,1,2025-02-03,2025-02-10,Chest Pain,Referral,Yes
5539,1527,65,8,2024-11-19,2024-11-30,Appendicitis,Transfer,Yes
5540,3655,21,2,2024-08-04,2024-08-09,Back Pain,Transfer,Yes
5541,86,32,9,2023-08-26,2023-08-28,Hypertension,Referral,Yes
5542,4327,58,3,2022-02-27,2022-03-13,Fracture,Referral,Yes
5543,3906,12,10,2025-04-21,2025-05-01,,Transfer,No
5544,2775,2,4,2022-02-11,2022-02-21,Appendicitis,Emergency,No
5545,2191,85,2,2023-06-13,2023-06-14,Kidney Stone,Transfer,Yes
5546,1423,88,5,2023-10-19,2023-10-23,Kidney Stone,Referral,No
5547,872,13,6,2023-10-28,2023-11-11,Flu,Referral,No
5548,1495,34,10,2025-07-13,2025-07-14,Kidney Stone,Scheduled,No
5549,4589,87,4,2023-01-13,2023-01-14,Diabetes,Referral,Yes
5550,939,30,7,2022-03-03,2022-03-12,Abdominal Pain,Scheduled,No
5551,1562,15,9,2022-06-02,2022-06-15,Asthma,Referral,Yes
5552,2887,17,2,2022-10-28,2022-11-10,Flu,Scheduled,No
5553,2683,99,10,2022-04-23,2022-05-07,Flu,Transfer,Yes
5554,3935,10,10,2023-03-21,2023-03-29,Flu,Transfer,No
5555,3831,2,4,2025-09-08,2025-09-22,Skin Infection,Emergency,No
5556,82,55,3,2022-04-19,2022-04-25,Stroke,Emergency,No
5557,2374,4,2,2023-12-28,2023-12-30,Diabetes,Scheduled,Yes
5558,4520,94,2,2023-07-19,2023-07-20,Flu,Emergency,No
5559,2298,6,3,2024-07-19,2024-07-29,Hypertension,Referral,Yes
5560,4229,73,2,2023-01-28,2023-02-03,Fracture,Emergency,No
5561,1558,95,1,2022-10-27,2022-11-10,Migraine,Transfer,Yes
5562,2875,86,3,2024-01-04,2024-01-07,Pneumonia,Referral,Yes
5563,547,32,9,2023-06-18,2023-06-20,Migraine,Emergency,Yes
5564,3399,94,2,2025-01-29,2025-02-08,Pneumonia,Transfer,No
5565,4420,90,9,2023-03-25,2023-03-31,Abdominal Pain,Scheduled,No
5566,1965,69,2,2023-02-24,2023-03-10,Stroke,Transfer,No
5567,3342,4,2,2024-04-18,2024-04-28,Migraine,Referral,No
5568,4184,81,1,2023-07-15,2023-07-23,Hypertension,Scheduled,Yes
5569,3071,63,4,2025-03-08,2025-03-19,Cancer,Transfer,No
5570,4631,14,10,2023-01-05,2023-01-16,Fracture,Referral,No
5571,4980,33,6,2025-06-17,2025-06-21,Hypertension,Transfer,No
5572,2695,59,1,2024-10-25,2024-10-30,Migraine,Emergency,Yes
5573,1916,8,1,2024-09-10,2024-09-24,Back Pain,Transfer,Yes
5574,2537,84,1,2024-03-01,2024-03-15,Chest Pain,Emergency,Yes
5575,4557,55,3,2022-01-27,2022-02-10,Diabetes,Emergency,Yes
5576,3642,53,4,2025-06-15,2025-06-17,Hypertension,Emergency,Yes
5577,1795,61,7,2024-12-17,2024-12-18,Diabetes,Emergency,Yes
5578,2334,59,1,2022-01-07,2022-01-16,Abdominal Pain,Referral,No
5579,2073,33,6,2023-10-10,2023-10-24,Back Pain,Scheduled,Yes
5580,2860,52,5,2024-08-20,2024-08-23,Diabetes,Emergency,No
5581,622,12,10,2022-01-16,2022-01-26,Migraine,Referral,Yes
5582,3294,46,9,2024-12-11,2024-12-22,Back Pain,Scheduled,Yes
5583,3331,44,4,2024-01-01,2024-01-03,Migraine,Transfer,Yes
5584,90,1,6,2022-01-15,2022-01-24,Skin Infection,Transfer,No
5585,2445,96,2,2023-09-24,2023-09-28,Appendicitis,emergency,Yes
5586,1312,23,2,2024-11-04,2024-11-10,Chest Pain,Transfer,Yes
5587,641,97,5,2025-02-28,2025-03-04,Chest Pain,Referral,Yes
5588,368,93,7,2024-10-05,2024-10-09,Pneumonia,Transfer,No
5589,591,76,7,2025-10-14,2025-10-24,Stroke,Emergency,Yes
5590,3667,61,7,2024-07-13,2024-07-17,Diabetes,Emergency,Yes
5591,1393,41,6,2025-11-14,2025-11-27,Fracture,Transfer,No
5592,4756,29,8,2023-03-03,2023-03-09,Skin Infection,Referral,Yes
5593,2843,86,3,2022-05-20,2022-05-31,Migraine,Referral,Yes
5594,164,64,1,2023-06-27,2023-07-11,Asthma,Transfer,Yes
5595,1863,76,7,2024-07-27,2024-08-09,Cancer,Emergency,Yes
5596,4300,65,8,2022-10-23,2022-10-25,Kidney Stone,Emergency,No
5597,3095,99,10,2025-10-28,2025-10-29,Chest Pain,Referral,No
5598,4386,85,2,2025-07-21,2025-08-01,Abdominal Pain,Transfer,Yes
5599,2063,19,5,2024-01-25,2024-01-29,Stroke,Transfer,No
5600,3329,76,7,2024-04-12,2024-04-20,Stroke,Scheduled,Yes
5601,3058,35,1,2025-04-18,2025-04-25,Asthma,Emergency,No
5602,63,23,2,2025-01-26,2025-02-06,Appendicitis,Scheduled,No
5603,1041,27,7,2025-01-31,2025-02-01,Chest Pain,Transfer,Yes
5604,1277,15,9,2024-04-05,2024-04-19,Flu,Transfer,Yes
5605,4940,50,3,2025-10-08,2025-10-15,Skin Infection,Scheduled,No
5606,1875,34,10,2022-12-13,2022-12-22,Cancer,Emergency,No
5607,1394,51,9,2025-01-15,2025-01-21,Stroke,Referral,No
5608,3229,1,6,2025-07-15,2025-07-26,Abdominal Pain,Transfer,No
5609,4149,78,5,2025-05-31,2025-06-13,Flu,Scheduled,Yes
5610,577,80,8,2022-06-07,2022-06-18,Flu,Scheduled,Yes
5611,259,36,1,2023-09-01,2023-09-04,Diabetes,Transfer,No
5612,1723,39,4,2025-11-16,2025-11-25,Kidney Stone,Referral,No
5613,2063,45,4,2022-01-29,2022-02-03,Migraine,Transfer,Yes
5614,2116,4,2,2023-09-26,2023-10-07,Kidney Stone,Referral,Yes
5615,99999,28,8,2022-07-07,2022-07-14,Stroke,Transfer,No
5616,781,63,4,2022-04-23,2022-04-24,Hypertension,Scheduled,Yes
5617,3610,76,7,2022-02-02,2022-02-07,Flu,Transfer,No
5618,1025,15,9,2022-09-29,2022-10-11,Back Pain,Emergency,No
5619,3234,3,3,2024-02-07,2024-02-21,Abdominal Pain,Emergency,No
5620,3431,76,7,2022-01-14,2022-01-27,Pneumonia,Emergency,No
5621,428,65,8,2024-11-04,2024-11-13,Hypertension,Transfer,Yes
5622,2257,20,1,2022-05-08,2022-05-16,Chest Pain,Scheduled,Yes
5623,4600,89,4,2024-06-29,2024-07-13,Appendicitis,Scheduled,Yes
5624,3107,77,6,2024-05-17,2024-05-30,Back Pain,Transfer,No
5625,1849,36,1,2025-06-22,2025-06-28,Back Pain,Transfer,Yes
5626,732,95,1,2023-10-28,2023-11-09,Hypertension,Emergency,No
5627,4551,42,10,2023-07-10,2023-07-20,Diabetes,Referral,No
5628,2869,9,5,2024-06-13,2024-06-21,Kidney Stone,Scheduled,Yes
5629,1172,57,4,2022-05-14,2022-05-26,Cancer,Referral,Yes
5630,3325,12,10,2024-09-16,2024-09-18,Skin Infection,Transfer,No
5631,493,86,3,2025-04-13,2025-04-20,Skin Infection,Scheduled,No
5632,1150,4,2,2022-05-19,2022-06-01,Asthma,Referral,No
5633,2127,60,5,2022-06-10,2022-06-14,Fracture,Scheduled,No
5634,4538,12,10,2025-12-06,2025-12-16,Stroke,Transfer,Yes
5635,2078,71,5,2022-07-04,2022-07-08,Hypertension,Emergency,No
5636,1981,50,3,2022-10-22,2022-10-28,Abdominal Pain,Transfer,Yes
5637,2729,32,9,2025-08-10,2025-08-22,Cancer,Scheduled,Yes
5638,2815,72,2,2022-06-14,2022-06-23,Appendicitis,Transfer,Yes
5639,2312,1,6,2023-07-29,2023-08-05,Asthma,Emergency,Yes
5640,521,5,5,2024-06-09,2024-06-20,Back Pain,Emergency,No
5641,4157,9,5,2024-02-09,2024-02-11,Skin Infection,Scheduled,Yes
5642,4702,90,9,2025-01-14,2025-01-21,Chest Pain,Scheduled,No
5643,3154,100,3,2022-08-20,2022-08-25,Chest Pain,Emergency,Yes
5644,4534,10,10,2025-02-23,2025-03-03,Skin Infection,Referral,Yes
5645,1862,60,5,2023-09-09,2023-09-22,Stroke,Scheduled,No
5646,613,23,2,2023-11-27,2023-11-29,Migraine,Scheduled,No
5647,799,68,9,2025-05-19,2025-05-30,Diabetes,Scheduled,No
5648,520,42,10,2022-11-24,2022-11-26,Pneumonia,Emergency,Yes
5649,1740,70,6,2024-07-20,2024-07-24,Hypertension,Emergency,No
5650,319,31,1,2025-08-23,2025-08-26,Flu,Transfer,No
5651,3778,30,7,2024-08-16,2024-08-28,Appendicitis,Referral,No
5652,2432,83,10,2022-07-30,2022-07-31,Skin Infection,Referral,No
5653,1130,5,5,2024-09-07,2024-09-10,Kidney Stone,Referral,No
5654,51,25,10,2024-10-11,2024-10-18,Migraine,Referral,Yes
5655,1584,31,1,2022-02-17,2022-02-27,Skin Infection,Referral,No
5656,2958,20,1,2022-10-04,2022-10-18,Chest Pain,Referral,No
5657,2095,17,2,2022-12-13,2022-12-22,Chest Pain,Emergency,No
5658,747,31,1,2024-03-13,2024-03-25,Fracture,Scheduled,No
5659,2583,68,9,2024-06-02,2024-06-16,Diabetes,Scheduled,Yes
5660,1555,84,1,2023-03-14,2023-03-15,Chest Pain,,Yes
5661,1862,14,10,2022-06-09,2022-06-11,Abdominal Pain,Scheduled,No
5662,1145,27,7,2025-11-27,2025-12-11,Flu,Transfer,No
5663,444,66,10,2023-01-05,2023-01-17,Diabetes,Scheduled,No
5664,1442,95,1,2022-11-07,2022-11-09,Flu,Emergency,Yes
5665,851,67,1,2025-04-14,2025-04-15,Cancer,Scheduled,Yes
5666,4157,62,8,2025-04-12,2025-04-22,Fracture,Scheduled,Yes
5667,383,77,6,2025-08-29,2025-09-12,Diabetes,Scheduled,Yes
5668,4976,72,2,2024-05-15,2024-05-29,Back Pain,Emergency,Yes
5669,147,98,7,2024-11-10,2024-11-13,Skin Infection,Transfer,Yes
5670,4470,16,4,2023-06-29,2023-07-03,Fracture,Referral,No
5671,1469,70,6,2023-05-24,2023-05-30,Skin Infection,Emergency,No
5672,4447,68,9,2024-07-14,2024-07-22,Abdominal Pain,Transfer,Yes
5673,3747,53,4,2025-02-13,2025-02-21,Cancer,Emergency,Yes
5674,2290,37,10,2024-05-07,2024-05-12,Migraine,Scheduled,Yes
5675,2822,74,1,2024-12-20,2025-01-01,Abdominal Pain,Transfer,No
5676,4213,35,1,2022-02-27,2022-03-11,Stroke,Scheduled,No
5677,240,19,5,2025-03-27,2025-03-28,Kidney Stone,Transfer,No
5678,2095,19,5,2022-11-10,2022-11-21,Migraine,Emergency,Yes
5679,2468,60,5,2024-03-03,2024-03-12,Cancer,Scheduled,No
5680,1559,83,10,2025-10-10,2025-10-20,Kidney Stone,Emergency,No
5681,3209,46,9,2024-11-09,2024-11-16,Asthma,Emergency,No
5682,443,100,3,2023-05-20,2023-06-03,Migraine,Referral,No
5683,2271,42,10,2023-05-10,2023-05-17,Appendicitis,Scheduled,Yes
5684,3413,25,10,2023-03-23,2023-03-28,Chest Pain,Transfer,Yes
5685,4152,86,3,2022-05-25,2022-05-27,Back Pain,Transfer,No
5686,4859,49,6,2024-04-15,2024-04-28,Diabetes,Referral,No
5687,3473,50,3,2024-02-04,2024-02-13,Abdominal Pain,Referral,Yes
5688,4298,89,4,2025-05-27,2025-06-09,Back Pain,Referral,No
5689,1007,7,4,2024-09-16,2024-09-17,Asthma,Emergency,Yes
5690,2104,2,4,2022-12-27,2022-12-30,Abdominal Pain,Scheduled,No
5691,4828,54,1,2022-01-24,2022-01-31,Back Pain,Referral,No
5692,2883,23,2,2022-12-31,2023-01-13,Cancer,Referral,Yes
5693,4879,86,3,2023-09-09,2023-09-14,Fracture,Transfer,Yes
5694,2223,69,2,2024-11-18,2024-12-01,Migraine,Transfer,Yes
5695,4368,14,10,2024-10-12,2024-10-17,Chest Pain,Transfer,No
5696,3615,52,5,2024-12-07,2024-12-10,Asthma,Scheduled,No
5697,4903,90,9,2025-10-23,2025-10-24,Abdominal Pain,Emergency,No
5698,1918,83,10,2022-04-07,2022-04-11,Asthma,Referral,Yes
5699,3811,60,5,2023-07-18,2023-07-25,Appendicitis,Referral,Yes
5700,1599,39,4,2022-01-14,2022-01-24,Stroke,Transfer,Yes
5701,2626,44,4,2023-11-22,2023-12-05,Hypertension,Emergency,Yes
5702,1693,25,10,2023-08-19,2023-09-02,Back Pain,Scheduled,Yes
5703,3850,93,7,2022-10-02,2022-10-13,Appendicitis,Referral,No
5704,1836,13,6,2024-10-23,2024-11-01,Chest Pain,Scheduled,No
5705,166,98,7,2022-10-25,2022-11-01,Back Pain,Emergency,Yes
5706,1003,43,1,2024-12-02,2024-12-16,Chest Pain,Scheduled,No
5707,1701,22,5,2023-03-03,2023-03-05,Hypertension,Transfer,No
5708,3848,61,7,2024-11-19,2024-12-01,Skin Infection,Referral,No
5709,1156,5,5,2024-02-01,2024-02-15,Migraine,Scheduled,Yes
5710,719,12,10,2024-11-27,2024-12-04,Asthma,Scheduled,No
5711,1350,52,5,2023-04-10,2023-04-22,Migraine,Emergency,Yes
5712,4173,70,6,2022-07-08,2022-07-13,Cancer,Transfer,No
5713,2099,14,10,2025-01-30,2025-02-01,Flu,Scheduled,No
5714,652,83,10,2023-12-30,2024-01-12,Stroke,Emergency,Yes
5715,902,76,7,2023-07-09,2023-07-18,Pneumonia,Scheduled,No
5716,3400,90,9,2023-03-25,2023-03-30,Fracture,Referral,No
5717,1909,48,10,2024-07-03,2024-07-15,Diabetes,Transfer,Yes
5718,2600,36,1,2024-08-25,2024-08-29,Flu,Transfer,No
5719,2727,59,1,2022-08-16,2022-08-21,Flu,Transfer,Yes
5720,3673,34,10,2025-10-12,2025-10-24,Appendicitis,Scheduled,Yes
5721,4916,70,6,2022-02-22,2022-03-02,Diabetes,Scheduled,Y
5722,1558,55,3,2024-06-26,2024-07-05,Diabetes,Scheduled,Yes
5723,2717,46,9,2023-07-08,2023-07-21,Kidney Stone,Scheduled,Yes
5724,3596,32,9,2025-04-21,2025-05-02,Cancer,Transfer,No
5725,166,35,1,2025-10-20,2025-10-22,Migraine,Referral,No
5726,687,28,8,2024-03-19,2024-03-24,Fracture,Scheduled,Yes
5727,3014,73,2,2022-03-08,2022-03-15,Fracture,Scheduled,No
5728,3701,42,10,2023-11-26,2023-12-01,Stroke,Referral,Yes
5729,128,37,10,2022-11-04,2022-11-06,Kidney Stone,Emergency,No
5730,4839,90,9,2024-11-30,2024-12-09,Chest Pain,Transfer,No
5731,38,9,5,2025-10-22,2025-11-01,Asthma,Transfer,No
5732,3623,74,1,2023-02-24,2023-03-10,Cancer,Scheduled,No
5733,4404,87,4,2023-02-03,2023-02-10,Abdominal Pain,Emergency,No
5734,4765,67,1,2025-05-08,2025-05-09,Stroke,Transfer,Yes
5735,135,64,1,2025-09-11,2025-09-23,Cancer,Scheduled,Yes
5736,4263,10,10,2022-01-27,2022-01-29,Back Pain,Scheduled,No
5737,1068,36,1,2022-01-12,2022-01-21,Stroke,Scheduled,Yes
5738,4994,43,1,2025-10-24,2025-10-27,Stroke,Transfer,No
5739,3238,62,8,2023-08-09,2023-08-23,Migraine,Referral,No
5740,1584,94,2,2022-12-31,2023-01-03,Back Pain,Referral,Yes
5741,2994,40,1,2025-08-21,2025-08-28,Appendicitis,Referral,Yes
5742,3067,74,1,2023-11-10,2023-11-15,Appendicitis,Referral,Yes
5743,61,4,2,2022-09-19,2022-09-28,Cancer,Scheduled,Yes
5744,2489,29,8,2025-09-17,2025-09-25,Flu,Emergency,No
5745,1439,91,8,2023-08-06,2023-08-10,Abdominal Pain,Emergency,Yes
5746,2015,93,7,2024-08-02,2024-08-16,Back Pain,Scheduled,No
5747,4977,21,2,2025-01-01,2025-01-10,Flu,Referral,Yes
5748,4684,52,5,2025-05-27,2025-06-09,Asthma,Referral,No
5749,1826,68,9,2025-11-08,2025-11-14,Fracture,Transfer,No
5750,894,23,2,2022-11-06,2022-11-07,Appendicitis,Scheduled,Yes
5751,2603,74,1,2025-10-23,2025-11-01,Abdominal Pain,Emergency,No
5752,3148,1,6,2022-12-30,2023-01-02,Pneumonia,Referral,No
5753,291,30,7,2022-12-12,2022-12-23,Back Pain,Emergency,Yes
5754,1563,60,5,2024-12-30,2024-12-31,Hypertension,Transfer,No
5755,85,79,7,2025-11-08,2025-11-15,Migraine,Scheduled,Yes
5756,4591,47,9,2023-10-31,2023-11-06,Hypertension,Transfer,Yes
5757,1436,100,3,2022-01-16,2022-01-17,Stroke,Scheduled,Yes
5758,2456,35,1,2025-10-27,2025-11-09,Stroke,Emergency,Yes
5759,324,81,1,2024-02-25,2024-03-10,Diabetes,Emergency,No
5760,2604,85,2,2024-09-22,2024-09-23,Migraine,Emergency,Yes
5761,3339,33,6,2022-01-04,2022-01-17,Kidney Stone,Transfer,No
5762,808,48,10,2022-08-12,2022-08-14,Skin Infection,Scheduled,Yes
5763,1394,37,10,2022-08-19,2022-08-23,Abdominal Pain,Scheduled,No
5764,506,10,10,2022-02-22,2022-02-25,Fracture,Scheduled,Yes
5765,1295,93,7,2022-09-05,2022-09-09,Cancer,Scheduled,No
5766,4156,16,4,2023-08-03,2023-08-06,Appendicitis,Scheduled,No
5767,297,23,2,2022-10-09,2022-10-11,Stroke,Referral,Yes
5768,3216,12,10,2022-04-18,2022-04-30,Kidney Stone,Emergency,No
5769,1833,88,5,2022-10-18,2022-10-20,Hypertension,Referral,No
5770,4116,83,10,2023-09-01,2023-09-12,Kidney Stone,Scheduled,Yes
5771,2403,84,1,2023-05-21,2023-06-01,Chest Pain,Emergency,No
5772,1001,80,8,2025-03-15,2025-03-23,Cancer,Emergency,No
5773,3331,31,1,2022-02-14,2022-02-25,Diabetes,Emergency,Yes
5774,2850,36,1,2023-03-05,2023-03-17,Diabetes,Transfer,No
5775,425,11,9,2025-09-29,2025-10-04,Diabetes,Emergency,No
5776,4587,67,1,2022-10-08,2022-10-22,Hypertension,Transfer,No
5777,2851,49,6,2022-10-26,2022-11-06,Abdominal Pain,Emergency,Yes
5778,4482,25,10,2025-07-18,2025-07-21,Stroke,Transfer,Yes
5779,3551,99,10,2024-01-24,2024-01-27,Abdominal Pain,Scheduled,No
5780,1072,48,10,2025-07-30,2025-08-11,Stroke,Scheduled,Yes
5781,2584,49,6,2023-12-20,2023-12-27,Stroke,Transfer,Yes
5782,3487,57,4,2022-05-27,2022-05-30,Appendicitis,Referral,No
5783,156,13,6,2023-04-13,2023-04-14,Chest Pain,Transfer,Yes
5784,2632,26,8,2023-05-24,2023-06-04,Stroke,Scheduled,No
5785,4779,59,1,2022-03-31,2022-04-08,Abdominal Pain,Scheduled,Yes
5786,3245,72,2,2024-05-21,2024-06-04,Skin Infection,Transfer,No
5787,949,74,1,2023-01-10,2023-01-24,Hypertension,Scheduled,Yes
5788,4450,90,9,2023-12-07,2023-12-12,Hypertension,Referral,Yes
5789,1160,52,5,2022-07-09,2022-07-16,Flu,Transfer,No
5790,2619,88,5,2022-05-05,2022-05-07,Chest Pain,Transfer,Yes
5791,1360,44,4,2025-01-12,2025-01-17,Skin Infection,Emergency,Yes
5792,3339,2,4,2023-08-18,2023-08-24,Flu,Scheduled,No
5793,4500,9,5,2023-08-03,2023-08-11,Hypertension,Referral,No
5794,2467,79,7,2024-08-02,2024-08-13,Diabetes,Transfer,Yes
5795,4765,16,4,2022-12-15,2022-12-22,Cancer,Emergency,No
5796,1998,29,8,2023-07-09,2023-07-15,Fracture,Scheduled,No
5797,1708,3,3,2025-06-06,2025-06-17,Pneumonia,Transfer,No
5798,4138,66,10,2025-08-27,2025-08-31,Fracture,Emergency,Yes
5799,1445,99,10,2022-04-13,2022-04-22,Chest Pain,Scheduled,Yes
5800,2976,52,5,2023-06-14,2023-06-20,Cancer,Emergency,Yes
5801,2116,33,6,2022-04-17,2022-04-23,Skin Infection,Referral,No
5802,2921,94,2,2025-06-15,2025-06-29,Chest Pain,Emergency,No
5803,2106,90,9,2023-05-15,2023-05-28,Cancer,Referral,Yes
5804,2057,38,7,2025-12-20,2025-12-31,Abdominal Pain,Referral,Yes
5805,144,76,7,2024-02-01,2024-02-06,Chest Pain,Referral,No
5806,4937,12,10,2023-01-09,2023-01-22,Skin Infection,Scheduled,Yes
5807,802,58,3,2025-11-28,2025-12-08,Flu,Referral,No
5808,2211,17,2,2023-01-12,2023-01-26,Skin Infection,Scheduled,Yes
5809,4697,43,1,2025-09-28,2025-10-07,Back Pain,Transfer,No
5810,1273,57,4,2025-05-13,2025-05-27,Back Pain,Transfer,Yes
5811,29,36,1,2025-06-13,2025-06-27,Chest Pain,Referral,Yes
5812,4650,39,4,2024-06-23,2024-07-02,Abdominal Pain,Transfer,No
5813,551,56,9,2023-02-08,2023-02-17,Skin Infection,Scheduled,Yes
5814,110,93,7,2023-11-20,2023-12-02,Flu,Scheduled,No
5815,838,22,5,2022-08-03,2022-08-05,Flu,Referral,No
5816,1305,32,9,2022-08-04,2022-08-06,Asthma,Transfer,No
5817,3022,50,3,2023-04-02,2023-04-13,Asthma,Scheduled,Yes
5818,397,88,5,2023-08-28,2023-09-11,Abdominal Pain,Scheduled,Yes
5819,2620,75,2,2022-03-25,2022-03-27,Chest Pain,Transfer,No
5820,105,59,1,2025-09-26,2025-10-07,Chest Pain,Referral,No
5821,4645,37,10,2022-07-07,2022-07-12,Back Pain,,No
5822,1726,44,4,2025-06-21,2025-06-24,Stroke,Scheduled,No
5823,1218,48,10,2024-08-29,2024-09-12,Appendicitis,Referral,Yes
5824,3220,16,4,2024-05-17,2024-05-31,Chest Pain,Transfer,No
5825,2585,60,5,2024-04-03,2024-04-08,Hypertension,Transfer,Yes
5826,1996,50,3,2024-01-03,2024-01-09,Skin Infection,Transfer,Yes
5827,3667,15,9,2022-06-22,2022-06-23,Asthma,Transfer,No
5828,4676,50,3,2025-05-12,2025-05-16,Cancer,Scheduled,No
5829,4790,83,10,2024-04-12,2024-04-15,Fracture,Referral,No
5830,1646,55,3,2025-05-15,2025-05-18,Skin Infection,Referral,Yes
5831,2824,54,1,2023-01-16,2023-01-28,Skin Infection,,No
5832,4903,99,10,2023-08-06,2023-08-14,Appendicitis,Referral,Yes
5833,4094,95,1,2023-03-18,2023-03-22,Stroke,Scheduled,No
5834,458,15,9,2022-04-19,2022-04-27,Skin Infection,Transfer,No
5835,3139,99,10,2025-10-31,2025-11-01,Chest Pain,Scheduled,No
5836,2743,5,5,2023-02-24,2023-03-02,Back Pain,Emergency,No
5837,2970,40,1,2025-06-05,2025-06-17,Back Pain,Emergency,No
5838,894,66,10,2023-10-01,2023-10-08,Migraine,Transfer,No
5839,51,67,1,2025-10-01,2025-10-07,Flu,Transfer,No
5840,2506,55,3,2022-02-22,2022-02-26,Flu,Transfer,Yes
5841,1385,37,10,2022-09-24,2022-10-03,Kidney Stone,Transfer,No
5842,1464,19,5,2024-10-19,2024-10-21,Back Pain,Scheduled,Yes
5843,3742,29,8,2024-04-19,2024-04-26,Stroke,Referral,No
5844,3431,59,1,2023-04-20,2023-04-30,Hypertension,Transfer,Yes
5845,4003,21,2,2024-10-16,2024-10-27,Appendicitis,Scheduled,Yes
5846,3388,48,10,2025-12-30,2026-01-07,Asthma,Emergency,No
5847,3765,90,9,2024-06-04,2024-06-11,Chest Pain,Transfer,Yes
5848,3414,33,6,2022-02-27,2022-03-02,Pneumonia,Transfer,Yes
5849,1042,26,8,2023-06-08,2023-06-22,Back Pain,Referral,No
5850,3675,23,2,2023-07-01,2023-07-13,Migraine,Emergency,No
5851,3527,35,1,2025-01-06,2025-01-18,Back Pain,Scheduled,No
5852,790,39,4,2024-12-11,2024-12-22,Diabetes,Emergency,No
5853,3919,66,10,2022-05-26,2022-06-04,Fracture,Scheduled,Yes
5854,4024,2,4,2023-03-29,2023-04-09,Fracture,Emergency,No
5855,3226,98,7,2024-05-05,2024-05-13,Hypertension,Referral,Yes
5856,2036,83,10,2025-10-03,2025-10-04,Skin Infection,Referral,Yes
5857,4911,69,2,2023-02-13,2023-02-22,Abdominal Pain,Transfer,Yes
5858,3255,73,2,2024-04-04,2024-04-16,Pneumonia,Referral,No
5859,3414,95,1,2025-03-17,2025-03-19,Diabetes,Emergency,Yes
5860,111,70,6,2025-04-19,2025-04-27,Flu,Referral,No
5861,1745,72,2,2025-11-19,2025-11-30,Kidney Stone,Emergency,No
5862,451,38,7,2023-07-03,2023-07-05,Back Pain,Transfer,Yes
5863,3245,52,5,2025-07-26,2025-08-06,Abdominal Pain,Emergency,Yes
5864,30,51,9,2023-02-16,2023-02-22,Migraine,Referral,Yes
5865,4698,54,1,2022-06-30,2022-07-11,Kidney Stone,Emergency,No
5866,4219,3,3,2024-11-20,2024-11-29,Back Pain,Emergency,No
5867,3920,34,10,2025-10-24,2025-11-03,Skin Infection,Transfer,No
5868,4342,91,8,2023-06-03,2023-06-16,Stroke,Emergency,Yes
5869,2459,98,7,2025-04-23,2025-04-27,Skin Infection,Transfer,Yes
5870,1766,69,2,2025-05-13,2025-05-23,Kidney Stone,Scheduled,No
5871,4654,89,4,2023-04-16,2023-04-22,Abdominal Pain,Referral,No
5872,2202,44,4,2025-01-13,2025-01-25,Back Pain,Emergency,No
5873,3586,26,8,2025-08-28,2025-08-29,Diabetes,Referral,Yes
5874,3243,10,10,2023-07-22,2023-08-03,Chest Pain,Transfer,Yes
5875,2418,48,10,2025-08-03,2025-08-10,Asthma,Scheduled,No
5876,1756,7,4,2024-01-05,2024-01-07,Pneumonia,Emergency,No
5877,1601,57,4,2025-06-18,2025-06-28,Asthma,Scheduled,Yes
5878,3774,32,9,2023-02-08,2023-02-21,Back Pain,Scheduled,No
5879,3244,71,5,2025-07-12,2025-07-16,Asthma,Referral,No
5880,325,94,2,2025-07-19,2025-07-20,Kidney Stone,Emergency,No
5881,278,91,8,2023-05-12,2023-05-17,Fracture,Emergency,No
5882,1258,79,7,2022-12-29,2023-01-02,Stroke,Referral,No
5883,1509,16,4,2023-05-04,2023-05-09,Flu,Scheduled,Yes
5884,3029,58,3,2022-07-01,2022-07-14,Kidney Stone,Scheduled,Yes
5885,2644,63,4,2023-09-28,2023-10-08,Pneumonia,Emergency,Yes
5886,4382,55,3,2022-01-06,2022-01-13,Skin Infection,Scheduled,No
5887,1091,86,3,2025-09-21,2025-09-30,Appendicitis,EMERGENCY,Yes
5888,2067,48,10,2024-04-02,2024-04-07,Kidney Stone,Referral,Yes
5889,977,87,4,2022-04-13,2022-04-21,Asthma,Emergency,No
5890,244,2,4,2025-10-11,2025-10-21,Asthma,Emergency,No
5891,3809,40,1,2023-06-25,2023-06-29,Abdominal Pain,Referral,Yes
5892,2276,47,9,2025-09-03,2025-09-11,Back Pain,Emergency,No
5893,926,47,9,2025-08-24,2025-09-04,Flu,Transfer,Yes
5894,2015,50,3,2022-02-08,2022-02-15,Abdominal Pain,Emergency,Yes
5895,646,32,9,2025-11-04,2025-11-07,Fracture,Emergency,Yes
5896,1556,3,3,2023-04-12,2023-04-19,Appendicitis,Scheduled,No
5897,4127,37,10,2024-06-22,2024-06-26,Hypertension,Emergency,No
5898,4872,6,3,2023-02-09,2023-02-15,Hypertension,Scheduled,No
5899,1049,6,3,2024-03-30,2024-04-02,Skin Infection,Referral,Yes
5900,2250,18,7,2023-08-21,2023-08-30,Chest Pain,Emergency,Yes
5901,3530,68,9,2025-02-17,2025-03-01,Fracture,Scheduled,Yes
5902,535,40,1,2023-05-20,2023-05-31,Asthma,Transfer,No
5903,4327,58,3,2023-04-24,2023-04-28,Kidney Stone,Referral,No
5904,3101,62,8,2024-05-27,2024-06-08,Asthma,Scheduled,Yes
5905,447,4,2,2024-09-26,2024-09-30,Appendicitis,Emergency,Yes
5906,4138,58,3,2024-10-08,2024-10-13,Flu,Transfer,No
5907,1903,65,8,2025-09-21,2025-09-27,Hypertension,Scheduled,No
5908,3695,4,2,2023-08-02,2023-08-07,Back Pain,Referral,No
5909,2079,21,2,2025-02-16,2025-02-20,Chest Pain,Transfer,No
5910,1409,13,6,2022-04-07,2022-04-17,Migraine,Scheduled,Yes
5911,2854,100,3,2023-07-31,2023-08-11,Kidney Stone,Transfer,No
5912,4186,76,7,2024-11-12,2024-11-16,Hypertension,Emergency,No
5913,406,69,2,2022-02-28,2022-03-13,Stroke,Transfer,No
5914,1804,74,1,2023-04-15,2023-04-26,Stroke,Referral,No
5915,3699,98,7,2024-05-17,2024-05-30,Hypertension,Emergency,No
5916,1486,62,8,2022-03-23,2022-04-02,Skin Infection,Scheduled,No
5917,2749,38,7,2024-12-12,2024-12-23,Cancer,Referral,Yes
5918,1772,98,7,2024-11-18,2024-11-29,Hypertension,Referral,Yes
5919,3367,30,7,2023-05-31,2023-06-08,Kidney Stone,Emergency,No
5920,4059,65,8,2022-03-25,2022-03-30,Kidney Stone,Transfer,Yes
5921,2824,81,1,2025-11-04,2025-11-17,Stroke,Referral,No
5922,2852,17,2,2025-04-14,2025-04-17,Chest Pain,Scheduled,No
5923,4755,14,10,2023-08-11,2023-08-20,Hypertension,Transfer,No
5924,2674,74,1,2022-12-21,2022-12-23,Abdominal Pain,Scheduled,Yes
5925,326,45,4,2024-12-03,2024-12-11,Asthma,Transfer,No
5926,3113,9,5,2025-01-30,2025-02-04,Flu,Emergency,No
5927,2641,94,2,2024-10-17,2024-10-19,Migraine,Emergency,No
5928,4520,87,4,2024-07-15,2024-07-28,Migraine,Emergency,Yes
5929,2678,52,5,2024-04-22,2024-04-26,Back Pain,Scheduled,No
5930,1461,36,1,2024-05-16,2024-05-20,Back Pain,Emergency,Yes
5931,2787,97,8,2025-01-16,2025-01-28,Asthma,Referral,Yes
5932,2747,62,8,2025-02-03,2025-02-10,Asthma,Transfer,No
5933,1749,55,3,2022-02-27,2022-03-03,Back Pain,Scheduled,Yes
5934,912,82,5,2025-10-17,2025-10-29,Pneumonia,Referral,No
5935,4602,55,3,2022-06-18,2021-01-01,Back Pain,Referral,No
5936,4735,65,8,2023-09-04,2023-09-09,Stroke,Emergency,No
5937,544,77,6,2025-05-02,2025-05-09,Skin Infection,Scheduled,Yes
5938,3940,95,1,2024-05-08,2024-05-11,Kidney Stone,Emergency,Yes
5939,1798,63,4,2022-08-13,2022-08-14,Chest Pain,Transfer,Yes
5940,1347,26,8,2023-04-08,2023-04-20,Cancer,Emergency,No
5941,3652,91,8,2023-05-18,2023-05-21,Back Pain,Transfer,Yes
5942,1056,35,1,2023-01-25,2023-02-06,Back Pain,Transfer,No
5943,4427,96,2,2022-07-30,2022-08-06,Pneumonia,Referral,No
5944,3656,9,5,2024-10-28,2024-11-03,Diabetes,Emergency,No
5945,3619,57,4,2024-08-11,2024-08-25,Diabetes,Transfer,Yes
5946,953,89,4,2023-10-09,2023-10-19,Fracture,Emergency,No
5947,1166,84,1,2024-08-09,2024-08-18,Kidney Stone,Transfer,Yes
5948,766,67,1,2025-03-21,2025-03-23,Cancer,Scheduled,Yes
5949,2298,99,10,2025-12-29,2026-01-09,Migraine,Emergency,Yes
5950,3553,83,10,2022-04-04,2022-04-15,Skin Infection,Scheduled,No
5951,4549,94,2,2025-01-15,2025-01-27,Cancer,Transfer,No
5952,1740,48,10,2025-08-15,2025-08-20,Hypertension,Referral,No
5953,1304,1,6,2023-09-06,2023-09-16,Kidney Stone,Referral,No
5954,1468,65,8,2024-10-11,2024-10-18,Back Pain,Transfer,No
5955,3552,58,3,2023-10-09,2023-10-13,Kidney Stone,Transfer,No
5956,4592,67,1,2022-06-06,2022-06-11,Chest Pain,Scheduled,Yes
5957,2513,12,10,2023-02-14,2023-02-26,Back Pain,Scheduled,No
5958,1669,25,10,2022-12-21,2022-12-28,Abdominal Pain,Referral,Yes
5959,4264,13,6,2025-05-15,2025-05-26,Migraine,Referral,No
5960,4605,74,1,2022-05-04,2022-05-17,Pneumonia,Emergency,No
5961,1151,60,5,2023-04-24,2023-04-30,Cancer,Emergency,Yes
5962,763,41,6,2024-09-02,2024-09-13,Skin Infection,Transfer,No
5963,2262,92,5,2024-12-23,2025-01-06,Kidney Stone,Scheduled,No
5964,650,22,5,2022-01-26,2022-02-08,Chest Pain,Scheduled,No
5965,225,5,5,2022-09-04,2022-09-14,Hypertension,Transfer,Yes
5966,2343,55,3,2024-02-03,2024-02-06,Back Pain,Emergency,Yes
5967,1241,46,9,2024-04-10,2024-04-13,Migraine,Referral,Yes
5968,3778,54,1,2022-11-10,2022-11-24,Cancer,Scheduled,Yes
5969,3473,54,1,2023-12-19,2023-12-24,Chest Pain,Transfer,No
5970,4059,7,4,2023-01-24,2023-02-01,Hypertension,Transfer,Yes
5971,550,7,4,2025-03-05,2025-03-11,Stroke,Referral,No
5972,2895,30,7,2024-11-05,2024-11-14,Stroke,Scheduled,No
5973,3712,72,2,2023-06-07,2023-06-19,Fracture,Transfer,Yes
5974,843,61,7,2025-08-18,2025-08-31,Diabetes,Referral,No
5975,876,89,4,2022-05-09,2022-05-21,Stroke,Transfer,Yes
5976,4107,72,2,2024-09-25,2024-10-08,Chest Pain,Emergency,No
5977,4505,76,7,2022-09-02,2022-09-11,Abdominal Pain,Transfer,Yes
5978,1933,78,5,2023-02-25,2023-03-05,Skin Infection,Referral,Yes
5979,4125,83,10,2024-08-06,2024-08-08,Cancer,Referral,No
5980,648,45,4,2024-04-03,2024-04-17,Back Pain,Scheduled,Yes
5981,79,7,4,2022-02-08,2022-02-13,Back Pain,Transfer,Yes
5982,4680,97,5,2022-04-02,2022-04-09,Abdominal Pain,Referral,No
5983,4227,44,4,2025-04-26,2025-04-27,Kidney Stone,Emergency,Yes
5984,3639,1,6,2025-01-14,2025-01-21,Back Pain,Emergency,No
5985,3466,27,7,2025-04-21,2025-04-23,Hypertension,Scheduled,No
5986,2404,23,2,2023-03-21,2023-03-29,Kidney Stone,Scheduled,No
5987,3470,18,7,2023-05-01,2023-05-03,Stroke,Referral,No
5988,34,12,10,2022-10-26,2022-11-02,Abdominal Pain,Emergency,No
5989,3334,91,8,2025-12-08,2025-12-11,Cancer,Scheduled,No
5990,3177,76,7,2022-11-29,2022-12-03,Asthma,Scheduled,Yes
5991,770,30,7,2023-08-16,2023-08-19,Flu,Emergency,No
5992,4174,64,1,2024-06-14,2024-06-18,Hypertension,Scheduled,No
5993,1074,65,8,2022-08-13,2022-08-15,Skin Infection,Emergency,Yes
5994,981,76,7,2024-03-11,2024-03-23,Skin Infection,Referral,Yes
5995,2988,76,7,2022-05-22,2022-05-26,Stroke,Referral,Yes
5996,3509,32,9,2024-10-16,2024-10-28,Migraine,Transfer,Yes
5997,2434,43,1,2025-11-04,2025-11-14,Back Pain,Emergency,No
5998,4373,15,9,2023-03-20,2023-03-24,Cancer,Emergency,No
5999,1218,26,8,2022-09-24,2022-10-03,Skin Infection,Scheduled,Yes
6000,1500,91,8,2025-12-03,2025-12-17,Appendicitis,Referral,No
6001,760,100,3,2023-02-21,2023-03-02,Appendicitis,Emergency,No
6002,2613,37,10,2023-07-31,2023-08-01,Kidney Stone,Referral,No
6003,3984,42,10,2023-12-22,2023-12-26,Pneumonia,Referral,Yes
6004,1651,54,1,2025-06-22,2025-06-23,Kidney Stone,Transfer,Yes
6005,1296,93,7,2025-08-05,2025-08-10,Cancer,Emergency,No
6006,862,2,4,2025-11-14,2025-11-22,Flu,Emergency,No
6007,4514,59,1,2024-11-19,2024-11-29,Asthma,Transfer,No
6008,1669,89,4,2024-02-23,2024-02-24,Hypertension,Referral,No
6009,2489,44,4,2024-10-17,2024-10-27,Migraine,Scheduled,No
6010,3029,30,7,2024-08-12,2024-08-16,Appendicitis,Scheduled,Yes
6011,3249,89,4,2025-03-24,2025-04-07,Chest Pain,Scheduled,No
6012,1207,33,6,2023-10-02,2023-10-07,Cancer,Transfer,Yes
6013,1339,21,2,2024-02-13,2024-02-23,Chest Pain,Emergency,No
6014,1984,54,1,2025-05-08,2025-05-11,Back Pain,Emergency,Yes
6015,4750,13,6,2022-10-22,2022-10-28,Stroke,Referral,Yes
6016,2556,96,1,2022-10-03,2022-10-13,Appendicitis,Emergency,No
6017,1934,65,8,2025-12-17,2025-12-27,Appendicitis,Emergency,No
6018,2130,5,5,2022-06-06,2022-06-10,Flu,Transfer,No
6019,4542,74,1,2024-03-13,2024-03-27,Appendicitis,Scheduled,No
6020,1824,63,4,2024-02-18,2024-02-28,Pneumonia,Referral,No
6021,568,1,6,2023-11-09,2023-11-21,Back Pain,Scheduled,Yes
6022,4471,3,3,2023-08-27,2023-09-07,Migraine,Transfer,No
6023,211,42,10,2022-03-19,2022-04-01,Stroke,Referral,Yes
6024,2732,75,2,2023-07-14,2023-07-24,Hypertension,Transfer,Yes
6025,1987,43,1,2024-05-09,2024-05-20,Kidney Stone,Scheduled,No
6026,88,50,3,2022-06-04,2022-06-05,Abdominal Pain,Referral,Yes
6027,477,99,10,2025-05-12,2025-05-14,Appendicitis,Emergency,No
6028,2005,57,4,2022-11-02,2022-11-11,Back Pain,Emergency,No
6029,3957,96,5,2022-01-13,2022-01-22,Cancer,Referral,No
6030,4731,57,4,2024-01-15,2024-01-26,Fracture,Emergency,Yes
6031,2970,95,1,2023-08-18,2023-08-24,Stroke,Emergency,No
6032,2450,28,8,2023-05-15,2023-05-27,Abdominal Pain,Scheduled,Yes
6033,3161,60,5,2022-01-04,2022-01-05,Cancer,Transfer,No
6034,861,71,5,2025-01-27,2025-02-03,Skin Infection,Scheduled,No
6035,2889,63,4,2022-07-16,2022-07-26,Abdominal Pain,Transfer,Yes
6036,1585,7,4,2025-11-07,2025-11-15,Chest Pain,Referral,No
6037,4500,53,4,2025-08-24,2025-08-26,Asthma,Referral,No
6038,822,96,4,2022-01-14,2022-01-15,Stroke,Scheduled,Yes
6039,1345,3,3,2024-04-15,2024-04-20,Asthma,Scheduled,Yes
6040,3442,84,1,2024-05-26,2024-06-03,Pneumonia,Scheduled,No
6041,696,76,7,2025-07-08,2025-07-13,Stroke,Emergency,Yes
6042,1488,65,8,2025-12-07,2025-12-18,Stroke,Scheduled,No
6043,1649,93,7,2024-11-12,2024-11-23,Hypertension,Scheduled,No
6044,2557,97,10,2025-09-02,2025-09-14,Pneumonia,Emergency,Yes
6045,611,45,4,2022-08-08,2022-08-19,Back Pain,Scheduled,Yes
6046,3530,41,6,2025-08-08,2025-08-21,Skin Infection,Emergency,No
6047,3791,23,2,2025-04-06,2025-04-17,Abdominal Pain,Scheduled,No
6048,3836,68,9,2023-02-08,2023-02-15,Fracture,Transfer,Yes
6049,1045,29,8,2022-02-05,2022-02-11,Stroke,Scheduled,Yes
6050,2682,18,7,2024-05-21,2024-05-22,Hypertension,Emergency,Yes
6051,4420,82,5,2022-08-08,2022-08-11,Back Pain,Scheduled,Yes
6052,3934,28,8,2024-12-11,2024-12-20,Flu,Emergency,Yes
6053,1162,22,5,2022-06-28,2022-07-01,Migraine,Scheduled,No
6054,2869,17,2,2022-07-14,2022-07-15,Diabetes,Emergency,No
6055,2235,43,1,2023-01-01,2023-01-15,Hypertension,Referral,Yes
6056,283,76,7,2025-03-26,2025-03-28,Diabetes,Transfer,Yes
6057,2635,65,8,2022-02-27,2022-03-08,Kidney Stone,Referral,Yes
6058,683,89,4,2022-05-10,2022-05-24,Back Pain,Referral,Yes
6059,2481,14,10,2022-12-06,2022-12-20,Pneumonia,Referral,Yes
6060,622,15,9,2022-12-08,2022-12-17,Appendicitis,Referral,Yes
6061,4271,24,1,2024-03-20,2024-03-28,Kidney Stone,Emergency,Yes
6062,4638,8,1,2025-04-21,2025-04-29,Fracture,Emergency,No
6063,4829,13,6,2023-08-06,2023-08-16,Fracture,Transfer,Yes
6064,4918,12,10,2022-03-06,2022-03-11,Chest Pain,Emergency,No
6065,1002,33,6,2024-02-21,2024-03-04,Skin Infection,Emergency,No
6066,2606,97,7,2022-05-12,2022-05-13,Cancer,Referral,Yes
6067,2424,70,6,2023-05-06,2023-05-12,Back Pain,Emergency,Yes
6068,3831,43,1,2023-04-12,2023-04-19,Stroke,Scheduled,No
6069,3875,79,7,2025-06-18,2025-06-30,Hypertension,Referral,Yes
6070,1881,88,5,2023-01-31,2023-02-12,Abdominal Pain,Referral,No
6071,2766,2,4,2025-03-28,2025-04-11,Diabetes,Transfer,Yes
6072,2917,94,2,2024-05-13,2024-05-17,Back Pain,Transfer,No
6073,288,81,1,2025-07-16,2025-07-27,Chest Pain,Referral,Yes
6074,823,70,6,2024-01-31,2024-02-06,Appendicitis,Transfer,Yes
6075,3858,3,3,2024-06-25,2024-07-09,Appendicitis,Referral,No
6076,3492,56,9,2022-09-27,2022-10-05,Diabetes,Emergency,No
6077,848,5,5,2023-08-07,2023-08-10,Kidney Stone,Emergency,Yes
6078,172,61,7,2023-02-28,2023-03-12,Stroke,Referral,Yes
6079,4603,50,3,2024-12-19,2024-12-22,Flu,Emergency,No
6080,3825,69,2,2022-02-13,2022-02-14,Stroke,Transfer,No
6081,954,55,3,2025-05-23,2025-05-24,Hypertension,Referral,Yes
6082,2135,92,5,2024-08-13,2024-08-19,Chest Pain,Emergency,No
6083,2438,68,9,2022-07-23,2022-07-28,Migraine,Referral,Yes
6084,4840,34,10,2023-07-29,2023-08-05,Stroke,Scheduled,No
6085,3268,23,2,2024-04-28,2024-05-11,Fracture,Referral,Yes
6086,4794,90,9,2024-12-05,2024-12-07,Stroke,Scheduled,Yes
6087,1546,36,1,2025-12-05,2025-12-19,Cancer,Referral,N
6088,2613,44,4,2023-01-05,2023-01-15,Stroke,Scheduled,No
6089,3778,61,7,2025-10-20,2025-10-28,Diabetes,Scheduled,No
6090,4370,80,8,2025-05-23,2025-06-06,Abdominal Pain,Transfer,Yes
6091,3214,3,3,2022-04-30,2022-05-02,Fracture,Emergency,Yes
6092,1987,87,4,2025-07-05,2025-07-13,Skin Infection,Transfer,Yes
6093,4432,61,7,2025-09-10,2025-09-20,Kidney Stone,Transfer,Yes
6094,4683,31,1,2022-04-30,2022-05-10,Hypertension,Transfer,No
6095,1154,41,6,2025-02-09,2025-02-14,Hypertension,Emergency,Yes
6096,3397,24,1,2025-07-21,2025-07-27,Hypertension,Referral,No
6097,3148,86,3,2024-03-19,2024-03-20,Chest Pain,Emergency,No
6098,4235,73,2,2022-02-23,2022-03-08,Back Pain,Scheduled,No
6099,3029,94,2,2022-11-17,2022-12-01,Skin Infection,Transfer,Yes
6100,3769,82,5,2025-02-18,2025-02-23,Hypertension,Transfer,Yes
6101,2156,15,9,2025-04-05,2025-04-06,Pneumonia,Referral,Yes
6102,3362,87,4,2022-08-02,2022-08-10,Appendicitis,Scheduled,Yes
6103,4083,73,2,2025-07-20,2025-07-28,Kidney Stone,Scheduled,Yes
6104,4655,2,4,2023-11-05,2023-11-09,Kidney Stone,Scheduled,Yes
6105,950,87,4,2025-04-25,2025-04-28,Chest Pain,Emergency,No
6106,2312,58,3,2022-02-10,2022-02-15,Skin Infection,Referral,No
6107,375,22,5,2023-02-23,2023-02-25,Fracture,Transfer,No
6108,2218,63,4,2022-09-04,2022-09-18,Chest Pain,Transfer,No
6109,425,28,8,2024-08-27,2024-08-29,Chest Pain,Emergency,Yes
6110,3967,33,6,2025-02-10,2025-02-19,Fracture,Scheduled,No
6111,4407,19,5,2022-04-24,2022-04-26,Pneumonia,Emergency,Yes
6112,881,41,6,2022-10-21,2022-10-28,Back Pain,Scheduled,Yes
6113,3963,85,2,2025-10-23,2025-11-05,Asthma,Transfer,No
6114,4034,41,6,2025-10-23,2025-10-31,Diabetes,Transfer,No
6115,1153,48,10,2022-02-02,2022-02-15,Hypertension,Transfer,No
6116,2005,55,3,2023-12-03,2023-12-16,Skin Infection,Transfer,No
6117,4829,90,9,2022-10-31,2022-11-14,Back Pain,Scheduled,Yes
6118,2840,14,10,2022-08-14,2022-08-15,Back Pain,Emergency,No
6119,4199,26,8,2022-06-10,2022-06-14,Chest Pain,Transfer,Yes
6120,482,76,7,2025-11-11,2025-11-15,Stroke,Transfer,No
6121,905,62,8,2024-04-18,2024-04-24,Skin Infection,Emergency,Yes
6122,3813,49,6,2022-02-14,2022-02-21,Diabetes,Transfer,Yes
6123,1084,46,9,2023-11-30,2023-12-12,Hypertension,Transfer,No
6124,4431,34,10,2025-03-20,2025-03-24,Cancer,Emergency,No
6125,4388,21,2,2024-05-08,2024-05-13,Hypertension,Scheduled,No
6126,2239,40,1,2023-03-01,2023-03-06,Hypertension,Scheduled,No
6127,2563,76,7,2025-05-02,2025-05-04,Hypertension,Transfer,No
6128,887,63,4,2023-10-05,2023-10-19,Asthma,Transfer,Yes
6129,2568,63,4,2025-04-06,2025-04-07,Flu,Scheduled,Yes
6130,4416,55,3,2024-11-30,2024-12-04,Pneumonia,Emergency,Yes
6131,3832,94,2,2023-02-22,2023-03-03,Stroke,Transfer,No
6132,2375,30,7,2024-06-30,2024-07-01,Diabetes,Emergency,Yes
6133,3225,77,6,2025-04-13,2025-04-16,Skin Infection,Transfer,Yes
6134,1093,34,10,2025-03-17,2025-03-25,Asthma,Emergency,Yes
6135,2542,69,2,2024-10-09,2024-10-17,Abdominal Pain,Transfer,Yes
6136,792,29,8,2022-07-28,2022-07-29,Stroke,Transfer,Yes
6137,2139,47,9,2023-02-09,2023-02-11,Back Pain,Emergency,No
6138,4035,14,10,2025-01-21,2025-01-24,Kidney Stone,Transfer,No
6139,1102,24,1,2024-07-22,2024-07-24,Stroke,Emergency,No
6140,4343,34,10,2024-04-18,2024-04-25,Flu,Transfer,No
6141,3420,47,9,2025-01-14,2025-01-19,Hypertension,Referral,Yes
6142,4746,11,9,2025-08-13,2025-08-14,Fracture,Transfer,No
6143,4777,58,3,2023-02-01,2023-02-08,Migraine,Referral,No
6144,4061,10,10,2022-11-23,2022-12-07,Diabetes,Scheduled,No
6145,4983,71,5,2024-07-01,2024-07-08,Abdominal Pain,Referral,Yes
6146,2634,46,9,2024-08-29,2024-09-12,Flu,Scheduled,Yes
6147,2032,9,5,2025-11-25,2025-12-05,Diabetes,Scheduled,No
6148,4305,31,1,2025-04-25,2025-05-09,Stroke,Emergency,Yes
6149,4110,21,2,2025-03-27,2025-04-04,Asthma,Transfer,Yes
6150,1464,100,3,2022-02-03,2022-02-11,Kidney Stone,Emergency,Yes
6151,1765,47,9,2022-02-26,2022-03-12,Abdominal Pain,Scheduled,Yes
6152,3333,53,4,2024-11-29,2024-12-12,Flu,Referral,No
6153,4955,19,5,2024-10-09,2024-10-18,Fracture,Transfer,No
6154,3943,36,1,2023-08-30,2023-09-07,Fracture,Scheduled,No
6155,2718,58,3,2022-08-23,2022-09-02,Back Pain,Referral,No
6156,2223,73,2,2024-06-10,2024-06-19,Migraine,Transfer,Yes
6157,3741,88,5,2024-04-03,2024-04-04,Migraine,Emergency,Yes
6158,4452,12,10,2024-09-06,2024-09-14,Diabetes,Transfer,Yes
6159,3156,75,2,2025-04-23,2025-05-07,Flu,Referral,No
6160,2540,24,1,2025-08-16,2025-08-25,Fracture,Transfer,Yes
6161,1423,35,1,2024-10-06,2024-10-07,Back Pain,Emergency,No
6162,1373,75,2,2025-10-27,2025-11-07,Chest Pain,Referral,No
6163,3846,15,9,2022-12-05,2022-12-06,Hypertension,Transfer,Yes
6164,723,50,3,2025-02-11,2025-02-12,Skin Infection,Emergency,No
6165,4593,24,1,2023-07-07,2023-07-10,Fracture,Transfer,No
6166,3210,89,4,2024-09-13,2024-09-19,Fracture,Scheduled,Yes
6167,4732,13,6,2025-02-02,2025-02-10,Stroke,Referral,Yes
6168,2971,65,8,2024-12-20,2024-12-25,Diabetes,Referral,Yes
6169,2259,54,1,2023-08-29,2023-09-09,Back Pain,Emergency,Yes
6170,4334,67,1,2022-01-09,2022-01-23,Fracture,Referral,No
6171,3702,6,3,2025-12-09,2025-12-10,Asthma,Emergency,No
6172,4932,28,8,2025-01-10,2025-01-23,Migraine,Transfer,Yes
6173,4188,10,10,2022-03-02,2022-03-15,Stroke,Transfer,Yes
6174,4082,1,6,2025-11-03,2025-11-11,Pneumonia,Emergency,No
6175,300,72,2,2022-09-19,2022-09-22,Asthma,Emergency,No
6176,2033,40,1,2022-04-05,2022-04-11,Migraine,Transfer,No
6177,4157,42,10,2025-06-13,2025-06-14,Kidney Stone,Emergency,No
6178,2845,22,5,2023-09-26,2023-09-27,Stroke,Emergency,Yes
6179,3722,47,9,2024-01-12,2024-01-13,Migraine,Scheduled,No
6180,3686,71,5,2022-08-24,2022-08-29,Diabetes,Scheduled,No
6181,3978,4,2,2022-06-05,2022-06-19,Kidney Stone,Referral,Yes
6182,1586,67,1,2024-10-10,2024-10-20,Back Pain,Scheduled,NO
6183,4803,22,5,2025-05-01,2025-05-03,Back Pain,Scheduled,Yes
6184,4115,87,4,2022-09-11,2022-09-23,Back Pain,Emergency,No
6185,2278,84,1,2022-04-03,2022-04-04,Kidney Stone,Transfer,No
6186,1831,97,3,2024-03-02,2024-03-05,Skin Infection,Referral,Yes
6187,1370,29,8,2025-09-14,2025-09-22,Asthma,Emergency,Yes
6188,2618,49,6,2024-08-28,2024-08-31,Cancer,Referral,No
6189,1193,37,10,2024-09-12,2024-09-15,Flu,Scheduled,Yes
6190,3472,37,10,2024-09-07,2024-09-10,Skin Infection,Scheduled,Yes
6191,1797,40,1,2023-04-29,2023-05-02,Abdominal Pain,Transfer,Yes
6192,1777,24,1,2022-10-06,2022-10-09,Abdominal Pain,Transfer,No
6193,3076,13,6,2024-10-18,2024-10-29,Back Pain,Referral,Yes
6194,2501,88,5,2023-07-12,2023-07-23,Back Pain,Emergency,No
6195,1794,4,2,2025-06-30,2025-07-14,Kidney Stone,Emergency,Yes
6196,4705,91,8,2022-10-21,2022-10-26,Stroke,Scheduled,No
6197,897,22,5,2025-05-12,2025-05-19,Fracture,Referral,No
6198,3036,21,2,2022-10-09,2022-10-18,Stroke,Scheduled,Yes
6199,256,98,7,2025-06-22,2025-06-26,Cancer,Transfer,No
6200,4483,5,5,2022-02-24,2022-03-10,Kidney Stone,Scheduled,Yes
6201,3339,57,4,2024-06-17,2024-06-26,Chest Pain,Emergency,No
6202,2864,44,4,2023-07-07,2023-07-20,Stroke,Referral,No
6203,2240,94,2,2023-09-19,2023-09-22,Kidney Stone,Transfer,Yes
6204,4008,19,5,2024-05-27,2024-06-05,Fracture,Scheduled,Yes
6205,1673,33,6,2024-12-27,2024-12-31,Fracture,Transfer,No
6206,3047,89,4,2024-07-05,2024-07-16,Abdominal Pain,Scheduled,No
6207,4435,44,4,2022-07-09,2022-07-13,Cancer,Scheduled,Yes
6208,878,50,3,2023-11-07,2023-11-11,Diabetes,Scheduled,No
6209,2067,45,4,2024-02-20,2024-03-03,Stroke,Transfer,No
6210,2884,57,4,2022-03-13,2022-03-19,Appendicitis,Emergency,No
6211,767,47,9,2025-06-28,2025-07-09,Diabetes,Scheduled,Yes
6212,1856,30,7,2024-01-20,2024-01-27,Pneumonia,Referral,No
6213,141,16,4,2023-02-26,2023-03-04,Kidney Stone,Referral,Yes
6214,451,91,8,2023-05-13,2023-05-25,Migraine,Emergency,Yes
6215,1909,57,4,2023-01-30,2023-02-13,Abdominal Pain,Scheduled,Yes
6216,1050,17,2,2022-03-07,2022-03-09,Appendicitis,Scheduled,Yes
6217,1033,81,1,2024-05-30,2024-06-12,Hypertension,Transfer,No
6218,4558,90,9,2025-08-09,2025-08-16,Asthma,Scheduled,Yes
6219,3938,3,3,2025-07-03,2025-07-13,Asthma,Referral,No
6220,1871,77,6,2025-06-04,2025-06-13,Flu,Transfer,No
6221,3517,72,2,2022-07-21,2022-07-31,Pneumonia,Referral,Yes
6222,708,3,3,2022-09-21,2022-10-01,Back Pain,Referral,Yes
6223,4310,25,10,2023-10-18,2023-10-19,Flu,Scheduled,Yes
6224,3632,48,10,2023-01-25,2023-01-28,Cancer,Transfer,No
6225,4102,96,7,2023-01-27,2023-02-10,Abdominal Pain,Scheduled,Yes
6226,670,32,9,2022-01-27,2022-02-10,Asthma,Referral,Yes
6227,1652,22,5,2023-05-01,2023-05-11,Stroke,Transfer,Yes
6228,801,85,2,2025-02-16,2025-02-23,Asthma,Referral,Yes
6229,606,44,4,2022-07-10,2022-07-22,Asthma,Referral,No
6230,3383,43,1,2025-05-24,2025-06-07,Pneumonia,Scheduled,No
6231,3071,77,6,2024-08-25,2024-09-03,Pneumonia,Transfer,Yes
6232,425,68,9,2022-01-31,2022-02-01,Migraine,Transfer,Yes
6233,1632,24,1,2022-11-25,2022-12-02,Hypertension,Emergency,No
6234,1555,73,2,2022-06-15,2022-06-19,Stroke,Referral,No
6235,2009,16,4,2022-02-13,2022-02-19,Fracture,Scheduled,Yes
6236,1319,80,8,2025-12-11,2025-12-12,Migraine,Referral,Yes
6237,4120,19,5,2023-05-03,2023-05-15,Asthma,Emergency,No
6238,273,98,7,2022-06-24,2022-06-25,Abdominal Pain,Transfer,Yes
6239,4577,80,8,2025-07-16,2025-07-20,Stroke,Scheduled,Yes
6240,1036,96,2,2022-03-22,2022-03-24,Chest Pain,Emergency,Yes
6241,3400,7,4,2025-05-12,2025-05-20,Kidney Stone,Referral,No
6242,215,37,10,2025-10-12,2025-10-23,Pneumonia,Emergency,No
6243,3751,87,4,2024-04-10,2024-04-24,Back Pain,Transfer,Yes
6244,841,5,5,2022-04-14,2022-04-24,Migraine,Referral,Yes
6245,629,77,6,2025-12-22,2026-01-02,Migraine,Scheduled,Yes
6246,1759,50,3,2023-11-01,2023-11-13,Kidney Stone,Scheduled,Yes
6247,3874,11,9,2023-06-14,2023-06-28,Appendicitis,Scheduled,No
6248,107,62,8,2024-02-14,2024-02-27,Pneumonia,Scheduled,Yes
6249,1044,100,3,2024-07-27,2024-08-02,Hypertension,Referral,No
6250,2126,66,10,2023-03-31,2023-04-02,Appendicitis,Referral,Yes
6251,3402,2,4,2022-05-31,2022-06-07,Diabetes,Transfer,No
6252,3142,29,8,2022-03-05,2022-03-13,Fracture,Transfer,Yes
6253,1246,85,2,2023-10-10,2023-10-18,Chest Pain,Referral,Yes
6254,3301,27,7,2025-05-13,2025-05-15,Appendicitis,Emergency,Yes
6255,1735,66,10,2025-06-12,2025-06-21,Skin Infection,Emergency,Yes
6256,1177,73,2,2023-10-21,2023-11-04,Appendicitis,Scheduled,Yes
6257,1710,30,7,2025-10-19,2025-11-02,Flu,Referral,No
6258,1117,28,8,2023-07-15,2023-07-29,Pneumonia,Scheduled,Yes
6259,2390,98,7,2022-09-26,2022-09-29,Asthma,Referral,Yes
6260,137,16,4,2023-06-14,2023-06-25,Migraine,Scheduled,Yes
6261,45,47,9,2024-02-20,2024-03-05,Asthma,Referral,No
6262,3703,54,1,2022-01-26,2022-02-07,Kidney Stone,Transfer,Yes
6263,1240,46,9,2022-09-12,2022-09-20,Migraine,Scheduled,No
6264,1413,16,4,2022-02-27,2022-03-08,Migraine,Scheduled,Yes
6265,4646,4,2,2023-05-25,2023-06-06,Diabetes,Transfer,No
6266,2141,50,3,2024-06-03,2024-06-12,Hypertension,Scheduled,No
6267,4545,61,7,2023-08-21,2023-09-02,Skin Infection,Referral,Yes
6268,842,58,3,2024-05-18,2024-05-29,Stroke,Transfer,Yes
6269,1208,36,1,2024-10-03,2024-10-16,Kidney Stone,Transfer,No
6270,4799,59,1,2024-02-14,2024-02-21,Migraine,Transfer,Yes
6271,3548,48,10,2025-05-09,2025-05-20,Back Pain,Emergency,Yes
6272,4507,21,2,2024-08-26,2024-09-09,Appendicitis,Referral,No
6273,2276,92,5,2025-01-20,2025-01-23,Chest Pain,Referral,No
6274,3833,49,6,2023-05-14,2023-05-19,Migraine,Transfer,Yes
6275,335,7,4,2022-08-12,2022-08-16,Appendicitis,Transfer,Yes
6276,2966,21,2,2025-10-12,2025-10-21,Diabetes,Scheduled,No
6277,1058,87,4,2023-06-25,2023-06-28,Back Pain,Emergency,No
6278,3437,96,6,2023-04-11,2023-04-17,Pneumonia,Emergency,No
6279,507,44,4,2024-08-31,2024-09-03,Asthma,Transfer,No
6280,4689,71,5,2023-01-31,2023-02-01,Kidney Stone,Emergency,Yes
6281,402,25,10,2022-03-20,2022-03-25,Fracture,Scheduled,Yes
6282,3980,60,5,2025-03-02,2025-03-16,Hypertension,Emergency,Yes
6283,1067,12,10,2024-01-09,2024-01-13,Pneumonia,Scheduled,No
6284,511,73,2,2025-06-07,2025-06-13,Chest Pain,Referral,Yes
6285,3517,21,2,2024-09-21,2024-09-23,Skin Infection,Emergency,Yes
6286,3148,26,8,2022-05-26,2022-06-05,Skin Infection,Referral,No
6287,2259,96,9,2022-04-21,2022-04-28,Asthma,Transfer,No
6288,2220,91,8,2024-06-05,2024-06-08,Abdominal Pain,Emergency,No
6289,2643,9,5,2024-03-28,2024-04-03,Diabetes,Scheduled,No
6290,2616,33,6,2024-09-02,2024-09-16,Fracture,Transfer,Yes
6291,2233,22,5,2025-08-24,2025-08-26,Kidney Stone,Referral,Yes
6292,2977,19,5,2023-04-28,2023-05-07,Appendicitis,Transfer,No
6293,488,99,10,2022-02-25,2022-02-26,Cancer,Referral,No
6294,2834,8,1,2024-04-13,2024-04-24,Cancer,Scheduled,No
6295,3890,52,5,2023-05-07,2023-05-18,Fracture,Emergency,Yes
6296,1591,42,10,2023-09-01,2023-09-12,Fracture,Scheduled,No
6297,383,51,9,2022-11-13,2022-11-14,Fracture,Transfer,No
6298,460,17,2,2025-07-30,2025-08-12,Hypertension,Transfer,Yes
6299,3651,32,9,2024-08-20,2024-08-24,Back Pain,Transfer,No
6300,4400,6,3,2023-05-11,2023-05-13,Asthma,Transfer,No
6301,134,58,3,2025-05-26,2025-05-27,Migraine,Transfer,No
6302,179,6,3,2023-11-21,2023-11-27,Cancer,Scheduled,Yes
6303,4784,75,2,2023-07-25,2023-08-04,Fracture,Referral,No
6304,4979,9,5,2025-08-30,2025-09-10,Asthma,Emergency,No
6305,358,24,1,2025-02-19,2025-02-27,Cancer,Scheduled,No
6306,1417,18,7,2023-10-27,2023-11-02,Back Pain,Referral,No
6307,2496,100,3,2022-08-08,2022-08-18,Back Pain,Referral,No
6308,357,67,1,2025-07-21,2025-07-31,Hypertension,Transfer,No
6309,206,30,7,2024-05-01,2024-05-05,Migraine,Emergency,Yes
6310,3119,11,9,2024-05-02,2024-05-12,Fracture,Emergency,Yes
6311,1620,32,9,2024-02-13,2024-02-17,Migraine,Referral,Yes
6312,4376,4,2,2023-07-05,2023-07-16,Fracture,Scheduled,Yes
6313,3165,33,6,2023-07-23,2023-07-28,Flu,Referral,Yes
6314,3320,39,4,2025-04-13,2025-04-18,Asthma,Emergency,No
6315,1296,82,5,2024-10-29,2024-11-05,Skin Infection,Emergency,No
6316,896,47,9,2024-04-25,2024-05-03,Migraine,Emergency,No
6317,4814,33,6,2025-03-15,2025-03-17,Appendicitis,Emergency,No
6318,135,86,3,2025-01-16,2025-01-18,Pneumonia,Referral,No
6319,509,51,9,2022-03-04,2022-03-07,Stroke,Scheduled,Yes
6320,2176,71,5,2025-04-12,2025-04-24,Appendicitis,Emergency,No
6321,3900,7,4,2024-04-19,2024-04-27,Chest Pain,Transfer,No
6322,270,3,3,2025-10-12,2025-10-23,Hypertension,Scheduled,Yes
6323,4663,96,8,2025-06-24,2025-07-02,Back Pain,Transfer,No
6324,3645,1,6,2025-08-27,2025-09-01,Stroke,Transfer,Yes
6325,673,52,5,2023-11-30,2023-12-07,Diabetes,Scheduled,No
6326,3576,53,4,2022-10-03,2022-10-09,Asthma,Referral,Yes
6327,1153,48,10,2022-05-17,2022-05-24,Kidney Stone,Scheduled,Yes
6328,1434,49,6,2022-08-12,2022-08-25,Kidney Stone,Referral,Yes
6329,1247,68,9,2025-09-19,2025-09-24,Appendicitis,Referral,No
6330,4801,63,4,2024-12-03,2024-12-09,Back Pain,Emergency,Yes
6331,3459,68,9,2022-05-31,2022-06-10,Migraine,Emergency,No
6332,2184,94,2,2024-02-10,2024-02-14,Back Pain,Referral,Yes
6333,349,96,3,2024-07-10,2024-07-24,Pneumonia,Emergency,No
6334,834,35,1,2022-09-12,2022-09-14,Pneumonia,Emergency,Yes
6335,4998,6,3,2023-12-11,2023-12-20,Skin Infection,Referral,Yes
6336,4780,26,8,2024-03-11,2024-03-22,Abdominal Pain,Scheduled,No
6337,1724,12,10,2023-03-30,2023-04-11,Migraine,Referral,No
6338,226,60,5,2024-11-14,2024-11-16,Stroke,Scheduled,No
6339,1049,14,10,2025-04-22,2025-05-03,Fracture,Referral,Yes
6340,1098,22,5,2025-06-14,2025-06-18,Diabetes,Emergency,No
6341,1518,29,8,2022-06-12,2022-06-14,Chest Pain,Referral,No
6342,4768,89,4,2024-07-14,2024-07-25,Stroke,Emergency,No
6343,4682,99,10,2024-12-28,2025-01-08,Skin Infection,Scheduled,Yes
6344,1425,3,3,2024-02-15,2024-02-26,Hypertension,Referral,Yes
6345,4773,44,4,2023-09-27,2023-10-01,Kidney Stone,Scheduled,No
6346,2842,83,10,2022-06-06,2022-06-09,Flu,Scheduled,No
6347,4276,66,10,2023-07-08,2023-07-12,Diabetes,Emergency,No
6348,2398,74,1,2022-06-14,2022-06-19,Skin Infection,Transfer,No
6349,2303,23,2,2024-06-23,2024-06-27,Hypertension,Emergency,Yes
6350,428,97,2,2024-12-27,2025-01-05,Back Pain,Transfer,Yes
6351,3427,82,5,2025-05-10,2025-05-22,Abdominal Pain,Scheduled,Yes
6352,4676,19,5,2023-07-11,2023-07-12,Diabetes,Emergency,No
6353,1416,66,10,2022-02-11,2022-02-13,Kidney Stone,Transfer,Yes
6354,3804,31,1,2022-12-18,2022-12-27,Diabetes,Transfer,No
6355,263,59,1,2024-10-02,2024-10-05,Diabetes,Emergency,No
6356,3435,45,4,2025-08-09,2025-08-10,Abdominal Pain,Referral,No
6357,2963,48,10,2023-04-23,2023-04-28,Back Pain,,Yes
6358,1230,56,9,2025-10-30,2025-11-07,Diabetes,Transfer,Yes
6359,3725,18,7,2024-07-25,2024-08-02,Chest Pain,Scheduled,No
6360,2123,27,7,2025-10-22,2025-10-24,Stroke,Transfer,Yes
6361,603,70,6,2024-04-13,2024-04-23,Skin Infection,Emergency,No
6362,1411,84,1,2022-08-25,2022-09-03,Chest Pain,Scheduled,Yes
6363,423,4,2,2023-08-28,2023-09-08,Migraine,Scheduled,Yes
6364,4767,35,1,2024-04-25,2024-05-08,Flu,Transfer,No
6365,836,53,4,2024-04-21,2024-05-04,Diabetes,Emergency,No
6366,3796,5,5,2022-04-12,2022-04-14,Flu,Emergency,Yes
6367,491,61,7,2023-04-18,2023-04-26,Skin Infection,Transfer,No
6368,2635,46,9,2025-09-30,2025-10-13,Appendicitis,Emergency,No
6369,2715,62,8,2022-12-05,2022-12-15,Hypertension,Scheduled,No
6370,567,84,1,2023-04-16,2023-04-25,Asthma,Referral,Yes
6371,3801,50,3,2024-10-13,2024-10-24,Back Pain,Scheduled,No
6372,1218,63,4,2022-12-15,2022-12-21,Flu,Emergency,No
6373,1568,45,4,2025-06-08,2025-06-20,Fracture,Emergency,Yes
6374,961,90,9,2024-01-07,2024-01-09,Abdominal Pain,Emergency,Yes
6375,4963,77,6,2025-05-21,2025-05-23,Pneumonia,Scheduled,No
6376,4283,56,9,2022-07-12,2022-07-16,Abdominal Pain,Emergency,Yes
6377,1,25,10,2023-10-31,2023-11-09,Hypertension,Transfer,No
6378,701,8,1,2025-04-23,2025-04-25,Pneumonia,Emergency,No
6379,2798,87,4,2025-04-03,2025-04-07,Skin Infection,Transfer,No
6380,4992,49,6,2023-04-08,2023-04-17,Abdominal Pain,Referral,No
6381,2047,42,10,2023-07-19,2023-08-02,Asthma,Emergency,No
6382,3148,23,2,2023-01-29,2023-02-12,Stroke,Emergency,Yes
6383,1561,57,4,2023-04-23,,Fracture,Transfer,No
6384,3920,97,1,2024-11-27,2024-11-29,Chest Pain,Emergency,Yes
6385,3731,64,1,2025-01-12,2025-01-16,Fracture,Transfer,Yes
6386,3363,9,5,2023-08-19,2023-08-31,Flu,Referral,No
6387,2165,100,3,2023-12-29,2024-01-04,Appendicitis,Referral,Yes
6388,546,8,1,2022-03-31,2022-04-03,Asthma,Transfer,No
6389,2539,24,1,2024-08-29,2024-09-04,Appendicitis,Emergency,No
6390,4288,77,6,2022-05-09,2022-05-12,Chest Pain,Referral,Yes
6391,801,87,4,2024-04-10,2024-04-16,Fracture,Transfer,No
6392,2258,58,3,2023-05-31,2023-06-01,Diabetes,Referral,No
6393,3417,68,9,2023-08-02,2023-08-12,Flu,Scheduled,No
6394,1309,47,9,2023-06-09,2023-06-15,Flu,Scheduled,Yes
6395,1221,36,1,2022-03-01,2022-03-15,Flu,Scheduled,Yes
6396,266,67,1,2025-04-10,2025-04-22,Diabetes,Scheduled,Yes
6397,4756,37,10,2023-02-03,2023-02-13,Appendicitis,Emergency,No
6398,297,14,10,2022-04-08,2022-04-11,Flu,Scheduled,No
6399,952,40,1,2025-09-19,2025-09-22,Abdominal Pain,Emergency,Yes
6400,4657,39,4,2022-03-24,2022-03-26,Appendicitis,Transfer,No
6401,800,73,2,2022-12-25,2023-01-03,Fracture,Scheduled,No
6402,4639,48,10,2022-07-18,2022-07-20,Hypertension,Transfer,No
6403,253,88,5,2022-12-29,2023-01-03,Cancer,Emergency,Yes
6404,3393,74,1,2025-06-01,2025-06-05,Kidney Stone,Referral,No
6405,4566,99,10,2024-07-16,2024-07-24,Asthma,Scheduled,No
6406,2236,96,7,2024-06-22,2024-07-02,Fracture,Emergency,No
6407,1204,16,4,2024-09-21,2024-10-05,Skin Infection,Scheduled,Yes
6408,4800,90,9,2025-10-23,2025-10-26,Appendicitis,Emergency,Yes
6409,3313,95,1,2024-11-16,2024-11-27,Migraine,Transfer,No
6410,1456,69,2,2024-10-20,2024-10-24,Migraine,Referral,No
6411,3171,25,10,2025-10-16,2025-10-22,Skin Infection,Transfer,Yes
6412,796,12,10,2022-06-24,2022-07-08,Fracture,Referral,No
6413,1478,41,6,2025-02-24,2025-03-03,Appendicitis,Referral,No
6414,3341,38,7,2023-10-02,2023-10-06,Diabetes,Scheduled,Yes
6415,4395,15,9,2024-02-05,2024-02-12,Diabetes,Scheduled,No
6416,4097,24,1,2023-03-26,2023-03-30,Abdominal Pain,Scheduled,Yes
6417,2391,56,9,2022-01-08,2022-01-22,Skin Infection,Referral,No
6418,3622,39,4,2022-03-10,2022-03-18,Pneumonia,Referral,Yes
6419,891,66,10,2024-09-05,2024-09-15,Cancer,Transfer,Yes
6420,3999,78,5,2022-02-15,2022-02-24,Kidney Stone,Referral,Yes
6421,2611,90,9,2022-11-24,2022-12-02,Appendicitis, referral,Yes
6422,2941,95,1,2022-11-29,2022-12-07,Chest Pain,Emergency,No
6423,1675,97,7,2022-06-19,2022-07-03,Flu,Scheduled,Yes
6424,291,39,4,2022-04-27,2022-05-10,Flu,Transfer,Yes
6425,1334,22,5,2023-02-02,2023-02-09,Pneumonia,Emergency,No
6426,4613,80,8,2022-06-12,2022-06-25,Diabetes,Emergency,Yes
6427,216,61,7,2023-04-15,2023-04-22,Asthma,Emergency,No
6428,3749,15,9,2025-03-30,2025-04-07,Cancer,Transfer,No
6429,4295,9,5,2024-02-19,2024-02-22,Asthma,Transfer,No
6430,775,97,5,2022-05-12,2022-05-19,Kidney Stone,Scheduled,No
6431,2979,75,2,2024-10-06,2024-10-07,Hypertension,Transfer,Yes
6432,1324,15,9,2022-10-10,2022-10-18,Diabetes,Scheduled,Yes
6433,2903,16,4,2025-06-25,2025-07-08,Appendicitis,Emergency,No
6434,1260,59,1,2023-03-25,2023-03-27,Kidney Stone,Transfer,No
6435,1666,33,6,2025-03-08,2025-03-18,Pneumonia,Referral,Yes
6436,3534,63,4,2024-11-30,2024-12-07,Stroke,Emergency,No
6437,4098,36,1,2022-01-20,2022-01-26,Migraine,Referral,Yes
6438,1049,3,3,2024-04-15,2024-04-17,Pneumonia,Transfer,No
6439,2040,61,7,2022-01-26,2022-01-28,Migraine,Referral,No
6440,3966,13,6,2025-12-06,2025-12-18,Chest Pain,Scheduled,No
6441,4545,13,6,2022-10-25,2022-11-05,Chest Pain,Scheduled,Yes
6442,4616,88,5,2025-02-26,2025-02-28,Cancer,Transfer,Yes
6443,3439,65,8,2024-05-11,2024-05-25,Migraine,Scheduled,Yes
6444,2590,9,5,2022-06-15,2022-06-27,Pneumonia,Transfer,Yes
6445,57,76,7,2022-05-16,2022-05-28,Pneumonia,Scheduled,No
6446,3991,41,6,2024-02-13,2024-02-24,Back Pain,Referral,Yes
6447,4972,73,2,2025-02-21,2025-03-05,Fracture,Transfer,No
6448,3827,30,7,2022-11-18,2022-11-25,Kidney Stone,Referral,Yes
6449,3569,85,2,2024-04-30,2024-05-13,Appendicitis,Transfer,Yes
6450,228,12,10,2023-06-21,2023-06-24,Flu,Scheduled,No
6451,1121,63,4,2025-10-14,2025-10-24,Abdominal Pain,Referral,Yes
6452,2316,5,5,2024-07-26,2024-07-28,Stroke,Transfer,Yes
6453,3976,52,5,2024-06-11,2024-06-16,Appendicitis,Referral,No
6454,231,83,10,2023-10-08,,Migraine,Emergency,Yes
6455,653,91,8,2022-02-17,2022-02-24,Asthma,Transfer,Yes
6456,1258,79,7,2025-12-08,2025-12-22,Appendicitis,Scheduled,No
6457,2733,16,4,2023-02-19,2023-03-03,Chest Pain,Transfer,Yes
6458,4924,76,7,2022-04-17,2022-04-19,Abdominal Pain,Referral,Yes
6459,3296,71,5,2022-05-27,2022-05-28,Back Pain,Transfer,No
6460,4864,96,6,2025-11-07,2025-11-08,Fracture,Transfer,Yes
6461,1206,56,9,2022-12-18,2022-12-22,Appendicitis,Referral,Yes
6462,2748,95,1,2025-07-17,2025-07-22,Fracture,Scheduled,Yes
6463,3436,2,4,2022-11-21,2022-11-29,Skin Infection,Referral,No
6464,1494,37,10,2022-04-24,2022-05-01,Back Pain,Scheduled,No
6465,2752,77,6,2023-06-15,2023-06-27,Chest Pain,Transfer,Yes
6466,1182,28,8,2022-02-07,2022-02-15,Abdominal Pain,Emergency,Yes
6467,2690,49,6,2023-09-19,2023-09-20,Stroke,Emergency,No
6468,3688,40,1,2022-08-06,2022-08-12,Skin Infection,Transfer,No
6469,2607,87,4,2022-09-26,2022-10-01,Stroke,Emergency,No
6470,2239,13,6,2023-10-10,2023-10-23,Flu,Referral,Yes
6471,3718,43,1,2024-10-04,2024-10-11,Migraine,Referral,No
6472,2029,100,3,2025-03-18,2025-03-21,Diabetes,Referral,Yes
6473,4671,51,9,2023-09-29,2023-10-02,Flu,Referral,Yes
6474,2316,99,10,2023-02-05,2023-02-12,Chest Pain,Referral,No
6475,650,76,7,2022-06-02,2022-06-14,Flu,Transfer,Yes
6476,414,82,5,2022-12-29,2023-01-10,Pneumonia,Scheduled,No
6477,2711,92,5,2024-05-14,2024-05-22,Back Pain,Scheduled,No
6478,3076,18,7,2023-09-12,2023-09-16,Flu,Referral,Yes
6479,3798,70,6,2025-09-08,2025-09-10,Flu,Referral,Yes
6480,4401,79,7,2025-12-14,2025-12-21,Chest Pain,Transfer,Yes
6481,2448,53,4,2025-06-09,2025-06-12,Abdominal Pain,Emergency,Yes
6482,4773,29,8,2025-10-24,2025-10-31,Skin Infection,Transfer,No
6483,3924,36,1,2022-07-04,2022-07-07,Back Pain,Scheduled,No
6484,3512,63,4,2022-01-25,2022-02-05,Migraine,Referral,No
6485,3886,10,10,2025-01-08,2025-01-15,Cancer,Referral,Yes
6486,1864,78,5,2022-04-17,2022-04-22,Hypertension,Emergency,No
6487,1152,92,5,2024-12-02,2024-12-15,Kidney Stone,Scheduled,No
6488,2684,82,5,2024-09-13,2024-09-15,Migraine,Scheduled,No
6489,259,76,7,2023-03-23,2023-03-25,Cancer,Emergency,Yes
6490,524,20,1,2023-11-19,2023-12-02,Abdominal Pain,Referral,Yes
6491,2745,28,8,2025-07-11,2025-07-14,Stroke,Referral,Yes
6492,1349,55,3,2024-04-28,2024-05-05,Stroke,Scheduled,Yes
6493,3488,72,2,2023-10-31,2023-11-07,Asthma,Emergency,Yes
6494,1248,66,10,2025-01-27,2025-02-02,Kidney Stone,Referral,Yes
6495,573,10,10,2022-09-01,2022-09-12,Pneumonia,Emergency,Yes
6496,2939,5,5,2022-11-13,2022-11-26,Asthma,Emergency,No
6497,3027,33,6,2022-11-06,2022-11-14,Back Pain,Transfer,Yes
6498,2237,9,5,2022-04-17,2022-04-22,Back Pain,Referral,Yes
6499,4272,69,2,2024-08-24,2024-08-31,Migraine,Transfer,Yes
6500,208,91,8,2025-10-29,2025-11-03,Back Pain,Referral,Yes
6501,3119,4,2,2023-11-18,2023-11-30,Back Pain,Emergency,No
6502,2403,94,2,2024-02-27,2024-03-03,Diabetes,Scheduled,No
6503,1191,99,10,2025-02-19,2025-02-21,Diabetes,Scheduled,Yes
6504,1712,10,10,2023-09-13,2023-09-18,Skin Infection,Transfer,Yes
6505,3403,55,3,2024-10-29,2024-10-30,Pneumonia,Referral,No
6506,2195,70,6,2023-12-05,2023-12-18,Cancer,Transfer,No
6507,1510,53,4,2023-12-11,2023-12-25,Kidney Stone,Transfer,Yes
6508,466,45,4,2024-04-20,2024-04-23,Skin Infection,Referral,No
6509,1580,19,5,2025-06-27,2025-07-08,Hypertension,Emergency,Yes
6510,3491,6,3,2025-12-31,2026-01-14,Cancer,Transfer,Yes
6511,2017,73,2,2023-10-31,2023-11-12,Kidney Stone,Transfer,Yes
6512,1596,49,6,2022-07-10,2022-07-16,Kidney Stone,Emergency,Yes
6513,60,27,7,2024-10-12,2024-10-17,Abdominal Pain,Scheduled,Yes
6514,1231,2,4,2025-06-22,2025-06-29,Back Pain,Transfer,Yes
6515,403,89,4,2024-10-13,2024-10-21,Flu,Referral,No
6516,764,47,9,2024-01-12,2024-01-25,Back Pain,Referral,No
6517,1133,89,4,2023-01-21,2023-01-31,Abdominal Pain,Referral,No
6518,3409,40,1,2024-04-16,2024-04-30,Stroke,Emergency,No
6519,2763,59,1,2024-11-10,2024-11-23,Chest Pain,Emergency,No
6520,984,78,5,2025-02-01,2025-02-15,Hypertension,Referral,Yes
6521,2935,49,6,2022-02-06,2022-02-20,Fracture,Scheduled,No
6522,3325,98,7,2022-10-02,2022-10-14,Stroke,Referral,Yes
6523,449,30,7,2022-07-18,2022-07-24,Flu,Scheduled,Yes
6524,4172,60,5,2022-03-10,2022-03-14,Fracture,Emergency,Yes
6525,2264,53,4,2024-09-18,2024-09-26,Asthma,Transfer,No
6526,44,55,3,2023-08-25,2023-08-27,Hypertension,Emergency,Yes
6527,63,61,7,2025-09-05,2025-09-08,Back Pain,Transfer,No
6528,1402,23,2,2023-08-05,2023-08-18,Skin Infection,Referral,No
6529,946,44,4,2025-07-17,2025-07-25,Hypertension,Scheduled,No
6530,1664,37,10,2025-03-20,2025-03-22,Appendicitis,Emergency,Yes
6531,433,30,7,2025-08-29,2025-09-09,Chest Pain,Transfer,Yes
6532,2741,69,2,2023-04-10,2023-04-21,Fracture,Referral,No
6533,2002,81,1,2024-09-25,2024-09-30,Appendicitis,Referral,Yes
6534,3520,27,7,2024-04-03,2024-04-12,Chest Pain,Scheduled,Yes
6535,4156,52,5,2023-02-24,2023-03-03,Back Pain,Scheduled,No
6536,656,9,5,2024-01-16,2024-01-19,Chest Pain,Transfer,No
6537,831,84,1,2024-03-28,2024-04-03,Hypertension,Transfer,No
6538,1733,91,8,2023-04-11,2023-04-25,Hypertension,Referral,No
6539,500,97,7,2025-03-13,2025-03-20,Chest Pain,Emergency,No
6540,4189,19,5,2024-02-28,2024-03-13,Flu,Scheduled,No
6541,1158,44,4,2024-04-12,2024-04-25,Flu,Scheduled,Yes
6542,303,8,1,2025-04-05,2025-04-18,Abdominal Pain,Scheduled,Yes
6543,2282,100,3,2022-05-29,2022-05-31,Appendicitis,Transfer,Yes
6544,3012,46,9,2025-12-11,2025-12-15,Asthma,Transfer,Yes
6545,923,91,8,2024-09-17,2024-09-30,Migraine,Scheduled,Yes
6546,854,44,4,2022-09-28,2022-09-30,Kidney Stone,Scheduled,No
6547,4928,31,1,2024-05-09,2024-05-10,Cancer,Transfer,Yes
6548,3851,25,10,2025-06-17,2025-06-27,Chest Pain,Referral,Yes
6549,1906,12,10,2022-02-18,2022-03-03,Fracture,Transfer,No
6550,1594,43,1,2025-05-03,2025-05-08,Diabetes,Scheduled,Yes
6551,79,86,3,2024-08-25,2024-09-08,Chest Pain,Transfer,No
6552,2472,41,6,2023-05-26,2023-06-03,Stroke,Transfer,Yes
6553,4977,51,9,2023-06-04,2023-06-07,Pneumonia,Referral,No
6554,1708,66,10,2024-01-16,2024-01-18,Asthma,Emergency,Yes
6555,897,20,1,2022-05-11,2022-05-24,Cancer,Emergency,No
6556,2170,17,2,2023-01-28,2023-02-06,Back Pain,Emergency,No
6557,2716,36,1,2022-04-27,2022-05-01,Pneumonia,Transfer,No
6558,841,44,4,2023-06-06,2023-06-13,Migraine,Scheduled,Yes
6559,2982,48,10,2025-03-09,2025-03-12,Flu,Scheduled,No
6560,607,80,8,2023-01-11,2023-01-22,Hypertension,Transfer,No
6561,2252,11,9,2025-10-05,2025-10-07,Migraine,Transfer,Yes
6562,4983,86,3,2024-09-24,2024-10-03,Flu,Scheduled,Yes
6563,4130,37,10,2023-10-24,2023-10-28,Skin Infection,Emergency,Yes
6564,4688,95,1,2022-09-13,2022-09-24,Asthma,Transfer,Yes
6565,2208,90,9,2022-01-25,2022-02-06,Flu,Emergency,Yes
6566,3465,70,6,2024-07-08,2024-07-09,Diabetes,Transfer,Yes
6567,624,48,10,2025-11-22,2025-11-24,Skin Infection,Referral,No
6568,2319,34,10,2022-03-27,2022-03-28,Hypertension,Referral,No
6569,2047,83,10,2022-07-04,2022-07-15,Pneumonia,Scheduled,Yes
6570,3420,39,4,2025-04-09,2025-04-12,Fracture,Scheduled,No
6571,1354,39,4,2025-07-23,2025-07-28,Kidney Stone,Referral,Yes
6572,1817,65,8,2025-03-29,2025-04-02,Migraine,Transfer,No
6573,2294,80,8,2025-04-12,2025-04-18,Pneumonia,Scheduled,Yes
6574,2615,26,8,2024-08-26,2024-09-03,Abdominal Pain,Referral,Yes
6575,1292,82,5,2024-04-22,2024-05-05,Appendicitis,Emergency,No
6576,2359,71,5,2023-06-08,2023-06-12,Kidney Stone,Referral,Yes
6577,2349,46,9,2023-08-10,2023-08-22,Abdominal Pain,Transfer,Yes
6578,3194,6,3,2023-10-24,2023-10-30,Fracture,Referral,No
6579,2866,70,6,2024-10-21,2024-10-27,Cancer,Emergency,Yes
6580,1801,35,1,2024-08-24,2024-09-01,Abdominal Pain,Referral,No
6581,4729,45,4,2025-02-10,2025-02-16,Fracture,Emergency,Yes
6582,576,29,8,2022-04-22,2022-05-05,Skin Infection,Scheduled,Yes
6583,672,24,1,2022-08-03,2022-08-17,Flu,Transfer,Yes
6584,3707,54,1,2022-10-13,2022-10-19,Diabetes,Transfer,Yes
6585,819,82,5,2022-03-03,2022-03-06,Kidney Stone,Scheduled,Yes
6586,772,19,5,2024-06-14,2024-06-20,Back Pain,Scheduled,Yes
6587,14,8,1,2024-06-29,2024-07-04,Kidney Stone,Transfer,Yes
6588,79,46,9,2023-06-08,2023-06-17,Migraine,Emergency,No
6589,2015,72,2,2022-04-19,2022-04-20,Skin Infection,Transfer,No
6590,3364,43,1,2024-11-29,2024-12-10,Diabetes,Referral,Yes
6591,2033,49,6,2022-11-15,2022-11-18,Back Pain,Scheduled,Yes
6592,1728,50,3,2023-07-20,2023-08-02,Asthma,Referral,No
6593,4649,88,5,2023-09-29,2023-10-06,Back Pain,Referral,Yes
6594,124,47,9,2023-09-08,2023-09-17,Skin Infection,Referral,Yes
6595,3830,28,8,2022-11-04,2022-11-10,Appendicitis,emergency,No
6596,1514,85,2,2025-08-10,2025-08-20,Abdominal Pain,Emergency,No
6597,3905,22,5,2024-04-30,2024-05-10,Pneumonia,Referral,Yes
6598,1721,17,2,2022-03-23,2022-04-02,Cancer,Transfer,No
6599,1199,58,3,2022-10-01,2022-10-07,Kidney Stone,Emergency,No
6600,93,9,5,2022-10-05,2022-10-18,Hypertension,Emergency,No
6601,375,61,7,2024-01-19,2024-01-28,Skin Infection,Scheduled,Yes
6602,1194,62,8,2022-09-18,2022-09-29,Migraine,Referral,Yes
6603,519,64,1,2024-11-18,2024-11-24,Skin Infection,Transfer,No
6604,1682,35,1,2022-04-19,2022-04-25,Fracture,Transfer,No
6605,3312,57,4,2024-07-22,2024-07-23,Abdominal Pain,Scheduled,No
6606,1555,57,4,2025-03-04,2025-03-18,Asthma,Transfer,Yes
6607,4551,6,3,2023-02-20,2023-02-27,Appendicitis,Emergency,No
6608,3311,95,1,2024-01-27,2024-02-10,Hypertension,Emergency,Yes
6609,1583,44,4,2024-09-16,2024-09-25,Pneumonia,Scheduled,Yes
6610,2227,79,7,2024-08-02,2024-08-03,Back Pain,Scheduled,No
6611,400,56,9,2022-11-07,2022-11-14,Pneumonia,Referral,Yes
6612,3248,40,1,2023-09-25,2023-09-27,Migraine,Transfer,No
6613,3606,82,5,2023-08-24,2023-08-30,Cancer,Referral,Yes
6614,4107,69,2,2023-04-11,2023-04-18,Skin Infection,Emergency,Yes
6615,4802,98,7,2023-01-31,2023-02-03,Hypertension,Transfer,No
6616,2336,38,7,2024-12-14,2024-12-27,Flu,Emergency,No
6617,2911,46,9,2022-09-23,2022-10-07,Chest Pain,Scheduled,Yes
6618,1495,98,7,2023-12-21,2023-12-27,Pneumonia,Referral,Yes
6619,226,98,7,2023-01-30,2023-01-31,Skin Infection,Transfer,Yes
6620,3897,9999,4,2022-04-14,2022-04-25,Pneumonia,Transfer,No
6621,460,26,8,2023-05-27,2023-05-30,Back Pain,Emergency,No
6622,4104,99,10,2023-03-05,2023-03-16,Asthma,Scheduled,Yes
6623,1615,91,8,2025-07-01,2025-07-04,Skin Infection,Referral,No
6624,3813,35,1,2023-04-04,2023-04-15,Asthma,Emergency,No
6625,4128,88,5,2025-06-22,2025-07-01,Skin Infection,Scheduled,Yes
6626,3213,18,7,2025-01-28,2025-02-08,Abdominal Pain,Emergency,No
6627,2594,1,6,2024-06-06,,Hypertension,Referral,No
6628,534,69,2,2024-11-12,2024-11-21,Hypertension,Transfer,No
6629,590,30,7,2022-06-22,2022-07-02,Diabetes,Referral,Yes
6630,4628,53,4,2024-07-06,2024-07-10,Kidney Stone,Emergency,No
6631,2072,51,9,2025-01-27,2025-02-08,Asthma,Scheduled,No
6632,2429,50,3,2022-06-06,2022-06-07,Back Pain,Transfer,Yes
6633,1408,58,3,2024-07-24,2024-08-07,Cancer,Referral,Yes
6634,3860,55,3,2023-10-29,2023-11-12,Flu,Referral,Yes
6635,1805,77,6,2022-05-14,2022-05-21,Stroke,Scheduled,No
6636,282,38,7,2025-07-03,2025-07-05,Migraine,Emergency,No
6637,3410,17,2,2023-05-02,2023-05-06,Back Pain,Scheduled,Yes
6638,901,52,5,2024-10-18,2024-10-21,Cancer,Emergency,Yes
6639,1923,58,3,2022-10-15,2022-10-29,Abdominal Pain,Referral,No
6640,484,95,1,2025-09-17,2025-09-27,Abdominal Pain,Referral,Yes
6641,2931,12,10,2023-02-05,2023-02-06,Appendicitis,Referral,N
6642,3008,19,5,2025-05-12,2025-05-13,Abdominal Pain,Emergency,Yes
6643,2874,79,7,2022-12-13,2022-12-24,Hypertension,Referral,No
6644,280,71,5,2023-02-07,2023-02-17,Abdominal Pain,Scheduled,Yes
6645,3405,31,1,2022-01-05,2022-01-09,Hypertension,Transfer,Yes
6646,4072,9,5,2025-08-07,2025-08-14,Kidney Stone,Referral,Yes
6647,4969,36,1,2024-04-04,2024-04-06,Pneumonia,Referral,No
6648,4998,69,2,2025-09-21,2025-10-02,Diabetes,Scheduled,Yes
6649,1556,16,4,2025-11-03,2025-11-10,Hypertension,Scheduled,Yes
6650,4419,92,5,2025-06-07,2025-06-17,Pneumonia,Referral,No
6651,1971,87,4,2022-06-13,2022-06-15,Migraine,Emergency,Yes
6652,773,45,4,2023-03-06,2023-03-07,Skin Infection,Emergency,No
6653,454,21,2,2024-07-29,2024-08-12,Asthma,Emergency,No
6654,4005,70,6,2022-07-27,2022-07-30,Flu,Scheduled,Yes
6655,1082,29,8,2023-07-19,2023-07-25,Migraine,Scheduled,Yes
6656,1684,86,3,2025-09-13,2025-09-15,Stroke,Transfer,No
6657,4235,15,9,2024-03-06,2024-03-09,Kidney Stone,Emergency,No
6658,1312,61,7,2024-04-30,2024-05-06,Abdominal Pain,Transfer,No
6659,3588,3,3,2024-09-05,2024-09-12,Pneumonia,Emergency,No
6660,989,53,4,2023-03-24,2023-04-07,Chest Pain,Emergency,Yes
6661,526,37,10,2023-01-19,2023-01-21,Back Pain,Emergency,No
6662,986,16,4,2023-06-24,2023-06-26,Hypertension,Transfer,No
6663,2635,44,4,2024-10-27,2024-10-30,Hypertension,Emergency,No
6664,527,89,4,2022-09-18,2022-10-01,Migraine,Referral,No
6665,1020,49,6,2022-07-18,2022-07-28,Migraine,Transfer,No
6666,2027,60,5,2022-01-06,2022-01-16,Pneumonia,Scheduled,No
6667,4982,67,1,2023-04-26,2023-05-09,Pneumonia,Scheduled,Yes
6668,1998,92,5,2024-02-19,2024-02-27,Appendicitis,Emergency,No
6669,1669,39,4,2022-10-28,2022-11-03,Stroke,Emergency,No
6670,492,16,4,2023-01-29,2023-02-11,Stroke,Referral,Yes
6671,1287,16,4,2024-02-04,2024-02-10,Back Pain,Referral,Yes
6672,2164,72,2,2025-03-26,2025-04-05,Fracture,Emergency,No
6673,1010,27,7,2022-01-27,2022-02-09,Diabetes,Transfer,Yes
6674,4553,67,1,2022-02-24,2022-03-01,Kidney Stone,Emergency,Yes
6675,1486,9,5,2025-09-14,2025-09-17,Asthma,Emergency,Yes
6676,4836,86,3,2025-12-01,2025-12-12,Hypertension,Transfer,Yes
6677,398,91,8,2022-10-08,2022-10-20,Cancer,Transfer,No
6678,2192,54,1,2025-12-13,2025-12-23,Appendicitis,Transfer,Yes
6679,1588,37,10,2025-03-16,2025-03-29,Fracture,Emergency,No
6680,1908,93,7,2025-05-01,2025-05-05,Stroke,Referral,Yes
6681,3002,47,9,2024-06-23,2024-06-28,Cancer,Emergency,No
6682,3604,39,4,2024-09-25,2024-09-27,Appendicitis,Transfer,Yes
6683,2620,43,1,2024-04-19,2024-04-24,Skin Infection,Transfer,No
6684,1931,20,1,2022-11-06,2022-11-18,Migraine,Transfer,No
6685,1907,14,10,2024-12-29,2025-01-09,Diabetes,Referral,No
6686,16,76,7,2025-06-16,2025-06-20,Stroke,Scheduled,No
6687,1657,33,6,2023-02-06,2023-02-07,Cancer,Scheduled,No
6688,1291,3,3,2023-08-03,2023-08-12,Pneumonia,Referral,Yes
6689,913,45,4,2022-10-25,2022-10-27,Appendicitis,Scheduled,Yes
6690,416,9,5,2025-09-11,2025-09-20,Flu,Transfer,Yes
6691,1686,89,4,2025-07-04,2025-07-07,Migraine,Transfer,Yes
6692,2804,85,2,2022-11-29,2022-12-05,Skin Infection,Transfer,No
6693,1917,79,7,2022-05-04,2022-05-08,Diabetes,Transfer,No
6694,1445,67,1,2022-07-29,2022-08-07,Kidney Stone,Referral,No
6695,306,59,1,2023-05-11,2023-05-24,Flu,Referral,Yes
6696,680,74,1,2022-02-11,2022-02-24,Abdominal Pain,Referral,No
6697,1739,36,1,2024-03-18,2024-03-28,,Transfer,No
6698,2783,88,5,2025-01-31,2025-02-14,Cancer,Transfer,Yes
6699,763,43,1,2025-11-20,2025-12-02,Migraine,Scheduled,Yes
6700,4040,6,3,2025-06-24,2025-07-06,Flu,Referral,No
6701,3897,59,1,2025-08-27,2025-09-09,Kidney Stone,Scheduled,Yes
6702,385,93,7,2023-10-20,2023-11-01,Fracture,Transfer,Yes
6703,4539,74,1,2024-06-04,2024-06-09,Fracture,Referral,Yes
6704,4463,23,2,2022-03-07,2022-03-09,Skin Infection,Transfer,No
6705,3384,58,3,2025-11-26,2025-11-28,Pneumonia,Referral,No
6706,632,9,5,2024-01-29,2024-02-02,Abdominal Pain,Emergency,Yes
6707,1227,90,9,2024-10-08,2024-10-20,Hypertension,Transfer,Yes
6708,3160,52,5,2023-01-01,2023-01-02,Asthma,Scheduled,No
6709,1025,34,10,2023-07-25,2023-08-02,Back Pain,Emergency,No
6710,3855,34,10,2024-01-17,2024-01-18,Appendicitis,Emergency,No
6711,1190,30,7,2025-04-25,2025-04-28,Back Pain,Referral,Yes
6712,3564,87,4,2023-12-13,2023-12-24,Kidney Stone,Referral,No
6713,3639,44,4,2024-06-28,2024-07-05,Back Pain,Emergency,Yes
6714,1333,1,6,2022-03-16,2022-03-30,Chest Pain,Transfer,No
6715,2594,45,4,2023-05-15,2023-05-16,Stroke,Referral,Yes
6716,3950,93,7,2023-07-24,2023-07-28,Abdominal Pain,Scheduled,No
6717,1294,85,2,2024-07-09,2024-07-23,Hypertension,Transfer,No
6718,4965,92,5,2023-03-16,2023-03-20,Chest Pain,Scheduled,No
6719,1370,25,10,2025-02-17,2025-02-22,Migraine,Scheduled,Yes
6720,1233,70,6,2025-04-22,2025-04-23,Diabetes,Transfer,Yes
6721,301,51,9,2023-02-17,2023-02-25,Skin Infection,Emergency,Yes
6722,4469,56,9,2024-12-05,2024-12-18,Cancer,Scheduled,Yes
6723,4786,88,5,2025-12-12,2025-12-26,Back Pain,Referral,No
6724,1565,36,1,2025-07-09,2025-07-15,Kidney Stone,Transfer,Yes
6725,1095,72,2,2023-08-07,2023-08-08,Kidney Stone,Scheduled,No
6726,509,48,10,2025-02-05,2025-02-14,Appendicitis,Emergency,No
6727,759,73,2,2023-02-11,2023-02-24,Diabetes,Transfer,Yes
6728,1064,30,7,2023-01-29,2023-02-04,Diabetes,Referral,Yes
6729,3394,18,7,2023-01-23,2023-02-06,Fracture,Referral,No
6730,212,87,4,2024-01-16,2024-01-30,Stroke,Scheduled,Yes
6731,1992,26,8,2023-03-07,2023-03-15,Abdominal Pain,Transfer,Yes
6732,1883,42,10,2024-12-09,2024-12-10,Chest Pain,Scheduled,No
6733,4658,96,9,2022-05-19,2022-05-24,Skin Infection,Emergency,No
6734,2739,9,5,2023-12-18,2023-12-24,Asthma,Transfer,No
6735,3305,39,4,2022-10-01,2022-10-15,Back Pain,Scheduled,No
6736,1630,7,4,2022-03-18,2022-03-25,Fracture,Transfer,No
6737,3795,5,5,2023-07-24,2023-08-06,Skin Infection,Transfer,Yes
6738,2407,18,7,2024-12-22,2025-01-02,Hypertension,Referral,Yes
6739,4947,19,5,2025-06-24,2025-06-29,Back Pain,Referral,No
6740,3458,28,8,2023-02-05,2023-02-16,Abdominal Pain,Transfer,No
6741,4936,74,1,2023-05-06,2023-05-15,Hypertension,Referral,No
6742,334,15,9,2023-05-15,2023-05-29,Hypertension,Scheduled,No
6743,3522,2,4,2023-07-08,2023-07-18,Diabetes,Emergency,No
6744,4873,73,2,2024-08-16,2024-08-17,Kidney Stone,Referral,No
6745,4748,87,4,2024-07-06,2024-07-10,Diabetes,Emergency,Yes
6746,1420,63,4,2022-05-23,2022-05-27,Asthma,Scheduled,Yes
6747,2602,48,10,2024-09-22,2024-10-01,Migraine,Emergency,Yes
6748,2042,20,1,2022-09-20,2022-09-23,Diabetes,Emergency,Yes
6749,4153,66,10,2024-05-23,2024-06-02,Abdominal Pain,Emergency,No
6750,3551,4,2,2024-08-25,2024-08-26,Cancer,Referral,Yes
6751,4766,42,10,2024-10-12,2024-10-15,Kidney Stone,Referral,Yes
6752,3368,72,2,2023-11-29,2023-12-11,Skin Infection,Referral,No
6753,1710,93,7,2024-03-09,2024-03-19,Skin Infection,Emergency,Yes
6754,2862,26,8,2023-09-26,2023-09-27,Chest Pain,Scheduled,No
6755,4071,37,10,2025-03-13,2025-03-16,Back Pain,Scheduled,Yes
6756,4422,9,5,2022-04-13,2022-04-21,Stroke,Scheduled,No
6757,2901,52,5,2024-01-03,2024-01-05,Flu,Scheduled,Yes
6758,3846,86,3,2022-12-12,2022-12-19,Appendicitis,Referral,No
6759,2041,94,2,2023-04-07,2023-04-17,Asthma,Scheduled,No
6760,4701,76,7,2025-03-03,2025-03-05,Appendicitis,Emergency,Yes
6761,3940,13,6,2023-10-12,2023-10-15,Flu,Scheduled,No
6762,1923,62,8,2025-12-07,2025-12-10,Stroke,Scheduled,No
6763,1635,98,7,2024-12-17,2024-12-24,Diabetes,Transfer,Yes
6764,3116,72,2,2022-05-10,2022-05-14,Kidney Stone,Scheduled,No
6765,4306,14,10,2024-10-05,2024-10-14,Diabetes,Emergency,No
6766,1257,39,4,2025-08-11,2025-08-17,Hypertension,Scheduled,No
6767,3717,83,10,2025-01-01,2025-01-05,Chest Pain,Referral,Yes
6768,586,97,2,2025-12-13,2025-12-27,Fracture,Referral,No
6769,3236,12,10,2023-09-27,2023-10-02,Migraine,Emergency,Yes
6770,2694,59,1,2025-04-11,2025-04-21,Appendicitis,Referral,Yes
6771,679,44,4,2022-12-18,2022-12-21,Appendicitis,Emergency,Yes
6772,107,87,4,2024-08-12,2024-08-17,Asthma,Referral,No
6773,332,52,5,2024-01-27,2024-02-09,Flu,Scheduled,Yes
6774,1471,84,1,2022-01-14,2022-01-15,Asthma,Transfer,No
6775,1333,25,10,2022-11-17,2022-11-18,Migraine,Scheduled,Yes
6776,2368,21,2,2022-10-31,2022-11-05,Appendicitis,Emergency,No
6777,1283,67,1,2023-08-30,2023-09-08,Chest Pain,Emergency,Yes
6778,1648,52,5,2024-09-15,2024-09-18,Migraine,Referral,Yes
6779,4593,79,7,2023-05-01,2023-05-04,Stroke,Emergency,Yes
6780,4325,41,6,2025-11-12,2025-11-21,Abdominal Pain,Transfer,No
6781,1187,9,5,2025-03-12,2025-03-16,Pneumonia,Transfer,No
6782,2268,85,2,2024-02-08,2024-02-13,Fracture,Emergency,Yes
6783,1032,76,7,2022-08-26,2022-09-07,Back Pain,Scheduled,Yes
6784,4621,63,4,2024-06-11,2024-06-22,Chest Pain,Scheduled,No
6785,4039,15,9,2025-08-11,2025-08-23,Back Pain,Transfer,No
6786,1115,2,4,2024-12-02,2024-12-14,Cancer,Scheduled,No
6787,4742,74,1,2024-10-10,2024-10-20,Fracture,Referral,Yes
6788,1428,73,2,2023-06-01,2023-06-10,Hypertension,Transfer,No
6789,1153,52,5,2024-10-26,2024-11-05,Hypertension,Emergency,No
6790,2886,8,1,2022-07-15,2022-07-23,Appendicitis,Referral,No
6791,3699,45,4,2022-03-08,2022-03-12,Abdominal Pain,Emergency,No
6792,4220,16,4,2024-01-03,2024-01-11,Fracture,Transfer,No
6793,2549,93,7,2022-01-29,2022-02-09,Cancer,Transfer,Yes
6794,949,23,2,2022-02-23,2022-02-24,Fracture,Emergency,Yes
6795,4880,59,1,2022-04-28,2022-05-09,Migraine,Transfer,No
6796,2775,80,8,2023-11-12,2023-11-17,Flu,Referral,Yes
6797,4577,70,6,2025-02-13,2025-02-22,Chest Pain,Emergency,Yes
6798,4019,21,2,2022-05-19,2022-06-01,Cancer,Scheduled,Yes
6799,2516,12,10,2025-02-11,2025-02-24,Hypertension,Referral,Yes
6800,4802,99,10,2024-04-15,2024-04-16,Stroke,Referral,No
6801,1285,8,1,2025-02-01,2025-02-09,Fracture,Referral,Yes
6802,1138,22,5,2022-07-24,2022-07-30,Kidney Stone,Transfer,Yes
6803,2430,26,8,2025-05-23,2025-06-04,Appendicitis,Transfer,Yes
6804,2872,17,2,2023-05-15,2023-05-24,Diabetes,Referral,No
6805,3878,40,1,2023-03-06,2023-03-18,Pneumonia,Referral,No
6806,3668,46,9,2023-10-03,2023-10-07,Kidney Stone,Scheduled,No
6807,256,56,9,2023-12-07,2023-12-19,Back Pain,Referral,Yes
6808,1547,74,1,2022-03-03,2022-03-11,Abdominal Pain,Referral,No
6809,2035,17,2,2025-03-15,2025-03-23,Cancer,Scheduled,Yes
6810,1522,97,3,2023-01-16,2023-01-18,Kidney Stone,Scheduled,Yes
6811,3710,85,2,2022-01-17,2022-01-28,Fracture,Scheduled,Yes
6812,4304,65,8,2024-12-29,2025-01-08,Stroke,Transfer,Yes
6813,1483,87,4,2024-06-07,2024-06-08,Hypertension,Referral,Yes
6814,501,55,3,2022-08-23,2022-08-24,Kidney Stone,Referral,Yes
6815,199,50,3,2025-04-09,2025-04-20,Stroke,Transfer,No
6816,3785,44,4,2023-01-21,2023-01-24,Fracture,Transfer,Yes
6817,3968,61,7,2023-02-25,2023-03-04,Stroke,Referral,Yes
6818,953,57,4,2025-01-24,2025-01-30,Stroke,Transfer,Yes
6819,1387,66,10,2025-09-23,2025-09-24,Flu,Referral,Yes
6820,3245,78,5,2022-07-03,2022-07-11,Stroke,Referral,Yes
6821,1737,71,5,2022-04-19,2022-05-02,Abdominal Pain,Transfer,Yes
6822,4763,11,9,2024-12-06,2024-12-07,Cancer,Emergency,No
6823,2453,41,6,2023-11-06,2023-11-18,Pneumonia,Transfer,No
6824,1630,64,1,2022-01-20,2022-01-21,Migraine,Emergency,Yes
6825,1420,95,1,2023-02-15,2023-02-19,Flu,Transfer,Yes
6826,4600,49,6,2023-08-10,2023-08-12,Diabetes,Transfer,Yes
6827,4021,61,7,2025-08-28,2025-08-29,Fracture,Scheduled,Yes
6828,1835,90,9,2025-09-14,2025-09-21,Abdominal Pain,Referral,Yes
6829,1998,56,9,2025-12-29,2026-01-04,Appendicitis,Emergency,No
6830,4323,67,1,2025-05-08,2025-05-16,Pneumonia,Scheduled,Yes
6831,4922,4,2,2022-06-04,2022-06-05,Back Pain,Emergency,No
6832,2889,35,1,2022-01-24,2022-01-30,Kidney Stone,Transfer,No
6833,2347,67,1,2024-09-22,2024-10-06,Hypertension,Scheduled,Yes
6834,4072,13,6,2024-09-17,2024-10-01,Migraine,Transfer,No
6835,4924,3,3,2024-08-29,2024-09-08,Pneumonia,Scheduled,Yes
6836,4309,48,10,2023-02-20,2023-02-24,Back Pain,Transfer,Yes
6837,3249,19,5,2023-02-12,2023-02-13,Stroke,Referral,No
6838,3288,20,1,2025-11-09,2025-11-10,Stroke,Transfer,Yes
6839,3162,53,4,2025-05-20,2025-05-24,Diabetes,Referral,No
6840,1419,91,8,2025-08-25,2025-08-27,Skin Infection,Transfer,Yes
6841,3027,29,8,2025-05-16,2025-05-22,Back Pain,Transfer,Yes
6842,4760,34,10,2025-10-23,2025-11-01,Appendicitis,Referral,Yes
6843,1096,33,6,2023-02-22,2023-03-06,Migraine,Emergency,Yes
6844,2081,19,5,2024-03-01,2024-03-14,Kidney Stone,Scheduled,No
6845,1816,40,1,2023-06-06,2023-06-11,Skin Infection,Scheduled,Yes
6846,2058,15,9,2022-02-07,2022-02-21,Chest Pain,Referral,No
6847,4341,79,7,2024-03-09,2024-03-10,Diabetes,Scheduled,No
6848,4017,22,5,2025-02-02,2025-02-09,Appendicitis,Referral,No
6849,3311,95,1,2025-01-05,2025-01-06,Kidney Stone,Transfer,Yes
6850,2537,44,4,2025-11-27,2025-12-09,Stroke,Transfer,Yes
6851,191,60,5,2022-08-03,2022-08-11,Skin Infection,Emergency,No
6852,2881,42,10,2022-03-18,2022-03-21,Asthma,Referral,No
6853,1100,18,7,2023-02-18,2023-02-20,Migraine,Transfer,No
6854,1264,6,3,2022-11-07,2022-11-08,Back Pain,Transfer,No
6855,2936,63,4,2025-03-20,2025-03-27,Asthma,Transfer,No
6856,4278,11,9,2025-11-15,2025-11-19,Migraine,Scheduled,No
6857,2221,60,5,2024-06-23,2024-07-07,Stroke,Transfer,Yes
6858,1900,51,9,2025-12-17,2025-12-29,Cancer,Transfer,No
6859,2030,58,3,2025-01-30,2025-02-06,Diabetes,Scheduled,Yes
6860,2138,46,9,2025-06-28,2025-07-06,Appendicitis,Transfer,No
6861,2070,8,1,2023-06-02,2023-06-12,Chest Pain,Emergency,No
6862,4902,22,5,2023-12-16,2023-12-30,Diabetes,Emergency,Yes
6863,2843,85,2,2024-02-04,2024-02-11,Chest Pain,Scheduled,Yes
6864,3729,86,3,2025-02-10,2025-02-12,Abdominal Pain,Scheduled,No
6865,1178,34,10,2025-10-27,2025-11-05,Hypertension,Referral,No
6866,3944,61,7,2025-05-31,2025-06-04,Back Pain,Scheduled,Yes
6867,4777,44,4,2022-04-21,2022-04-24,Abdominal Pain,Transfer,No
6868,1285,87,4,2024-02-29,2024-03-04,Flu,Emergency,No
6869,736,30,7,2023-10-12,2023-10-24,Hypertension,Scheduled,No
6870,4292,41,6,2022-06-16,2022-06-21,Flu,Emergency,Yes
6871,130,9,5,2022-06-01,2022-06-14,Cancer,Emergency,No
6872,4045,63,4,2023-04-17,2023-05-01,Asthma,Referral,Yes
6873,1930,59,1,2025-08-07,2025-08-12,Back Pain,Transfer,No
6874,1000,15,9,2023-11-16,2023-11-22,Skin Infection,Referral,No
6875,1564,65,8,2023-09-14,2023-09-15,Hypertension,Emergency,Yes
6876,509,46,9,2022-10-17,2022-10-19,Pneumonia,Referral,Yes
6877,3921,55,3,2024-04-24,2024-05-02,Skin Infection,Transfer,Yes
6878,4356,50,3,2024-02-20,2024-02-25,Chest Pain,Scheduled,Yes
6879,4235,26,8,2024-07-22,2024-07-26,Fracture,Emergency,Yes
6880,3596,81,1,2023-09-10,2023-09-18,Asthma,Emergency,Yes
6881,707,6,3,2024-08-19,2024-08-27,Appendicitis,Scheduled,No
6882,2020,31,1,2025-03-29,2025-04-05,Migraine,Emergency,No
6883,2530,12,10,2022-12-04,2022-12-12,Kidney Stone,Referral,No
6884,4660,69,2,2025-02-04,2025-02-05,Pneumonia,Transfer,Yes
6885,468,79,7,2025-06-01,2025-06-15,Abdominal Pain,Scheduled,No
6886,1344,47,9,2022-05-28,2022-05-31,Hypertension,Transfer,No
6887,2791,40,1,2024-03-30,2024-04-07,Flu,Emergency,Yes
6888,2345,61,7,2023-12-26,2024-01-06,Skin Infection,Transfer,Yes
6889,813,17,2,2024-11-28,2024-11-29,Skin Infection,Transfer,Yes
6890,1570,36,1,2022-07-24,2022-07-26,Asthma,Scheduled,No
6891,606,5,5,2022-07-06,2022-07-07,Skin Infection,Scheduled,Yes
6892,847,48,10,2023-02-02,2023-02-08,Kidney Stone,Scheduled,No
6893,4560,3,3,2022-04-03,2022-04-16,Stroke,Referral,No
6894,307,66,10,2024-12-27,2025-01-03,Fracture,Referral,Yes
6895,4925,50,3,2022-10-15,2022-10-29,Skin Infection,Referral,Yes
6896,4906,34,10,2023-06-23,2023-07-01,Migraine,Transfer,Yes
6897,2947,64,1,2025-04-01,2025-04-04,Fracture,Scheduled,Yes
6898,4443,26,8,2025-03-16,2025-03-22,Appendicitis,Transfer,No
6899,1609,68,9,2025-05-26,2025-05-30,Fracture,Referral,No
6900,1033,90,9,2023-07-02,2023-07-04,Cancer,Referral,Yes
6901,3817,98,7,2025-02-10,2025-02-17,Fracture,Emergency,Yes
6902,3793,67,1,2024-02-18,2024-02-28,Kidney Stone,Referral,No
6903,4199,61,7,2025-03-10,2025-03-17,Back Pain,Transfer,Yes
6904,3811,89,4,2025-05-06,2025-05-18,Flu,Referral,No
6905,4379,67,1,2022-03-08,2022-03-20,Skin Infection,Referral,No
6906,3576,45,4,2022-10-20,2022-10-22,Back Pain,Transfer,Yes
6907,2492,68,9,2024-09-01,2024-09-10,Flu,Transfer,No
6908,4271,4,2,2022-09-13,2022-09-14,Chest Pain,Emergency,Yes
6909,4143,37,10,2022-10-12,2022-10-23,Stroke,Transfer,No
6910,1014,95,1,2022-01-10,2022-01-13,Pneumonia,Emergency,No
6911,4379,31,1,2023-10-22,2023-11-01,Flu,Referral,No
6912,4529,67,1,2022-02-13,2022-02-25,Skin Infection,Scheduled,No
6913,1099,49,6,2022-12-21,2023-01-02,Appendicitis,Scheduled,Yes
6914,3620,51,9,2022-02-03,2022-02-10,Stroke,Transfer,Yes
6915,3260,19,5,2024-01-20,2024-01-21,Back Pain,Emergency,No
6916,1375,52,5,2022-07-21,2022-07-23,Cancer,Emergency,No
6917,3582,90,9,2022-05-04,2022-05-17,Asthma,Scheduled,Yes
6918,2008,18,7,2023-02-02,2023-02-09,Appendicitis,Scheduled,No
6919,2787,88,5,2023-06-08,2023-06-20,Hypertension,Emergency,No
6920,1754,16,4,2022-05-23,2022-05-25,Kidney Stone,Scheduled,Yes
6921,1161,60,5,2022-12-13,2022-12-16,Diabetes,Transfer,Yes
6922,551,63,4,2023-08-28,2023-09-08,Abdominal Pain,Emergency,Yes
6923,4487,73,2,2022-09-20,2022-10-01,Appendicitis,Scheduled,Yes
6924,2287,3,3,2025-05-26,2025-06-07,Chest Pain,Transfer,Yes
6925,2624,38,7,2024-06-13,2024-06-23,Pneumonia,Scheduled,Yes
6926,3141,100,3,2024-05-29,2024-06-01,Migraine,Scheduled,No
6927,3084,29,8,2025-04-25,2025-04-26,Flu,Transfer,No
6928,1079,85,2,2024-02-28,2024-03-06,Fracture,Scheduled,Yes
6929,1429,19,5,2024-12-16,2024-12-17,Hypertension,Scheduled,Yes
6930,3871,8,1,2025-07-19,2025-08-01,Flu,Transfer,Yes
6931,1602,10,10,2023-08-09,2023-08-11,Appendicitis,Scheduled,Yes
6932,3192,15,9,2022-11-24,2022-11-28,Cancer,Scheduled,Yes
6933,4485,12,10,2025-01-27,2025-02-06,Migraine,Referral,No
6934,4777,57,4,2023-12-21,2024-01-04,Diabetes,Referral,Yes
6935,1976,99,10,2024-12-21,2025-01-01,Chest Pain,Transfer,Yes
6936,2852,3,3,2024-02-23,2024-03-02,Stroke,Emergency,Yes
6937,1161,18,7,2025-10-28,2025-11-10,Fracture,Transfer,Yes
6938,4747,3,3,2023-05-03,2023-05-05,Fracture,Referral,No
6939,2559,38,7,2023-04-11,2023-04-21,Hypertension,Emergency,No
6940,1859,29,8,2025-03-29,2025-04-04,Skin Infection,Scheduled,Yes
6941,1095,86,3,2024-05-17,2024-05-23,Hypertension,Emergency,Yes
6942,1429,68,9,2022-05-25,2022-06-03,Migraine,Scheduled,No
6943,2455,43,1,2025-05-15,2025-05-29,Kidney Stone,Emergency,Yes
6944,428,98,7,2022-04-28,2022-05-05,Appendicitis,Emergency,Yes
6945,2327,53,4,2025-02-18,2025-03-02,Hypertension,Transfer,Yes
6946,3146,45,4,2024-03-21,2024-03-23,Pneumonia,Emergency,No
6947,2549,61,7,2022-10-12,2022-10-19,Appendicitis,Scheduled,Yes
6948,2489,5,5,2024-06-08,2024-06-17,Skin Infection,Transfer,No
6949,1222,62,8,2023-11-25,2023-12-06,Fracture,Transfer,No
6950,4501,77,6,2025-11-13,2025-11-21,Stroke,Emergency,No
6951,1706,94,2,2023-09-06,2023-09-17,Pneumonia,Emergency,Yes
6952,4182,79,7,2025-10-23,2025-10-27,Diabetes,Transfer,Yes
6953,1634,93,7,2024-10-17,2024-10-27,Kidney Stone,Referral,Yes
6954,2470,18,7,2025-10-24,2025-11-04,Back Pain,Emergency,No
6955,3366,52,5,2024-10-26,2024-10-27,Appendicitis,Scheduled,No
6956,1408,51,9,2024-07-11,2024-07-17,Asthma,Referral,Yes
6957,4417,1,6,2024-02-06,2024-02-10,Abdominal Pain,Emergency,Yes
6958,3255,16,4,2022-01-19,2022-02-02,Hypertension,Referral,No
6959,166,94,2,2023-11-12,2023-11-14,Hypertension,Emergency,Yes
6960,4620,92,5,2025-06-28,2025-07-04,Hypertension,Emergency,No
6961,1390,51,9,2023-07-10,2023-07-24,Asthma,Scheduled,No
6962,834,54,1,2024-07-22,2024-07-28,Kidney Stone,Scheduled,Yes
6963,2960,74,1,2023-05-17,2023-05-30,Stroke,Referral,No
6964,642,48,10,2024-10-15,2024-10-27,Pneumonia,Scheduled,No
6965,2130,24,1,2023-05-31,2023-06-13,Appendicitis,Referral,Yes
6966,2666,70,6,2025-04-19,2025-04-21,Cancer,Referral,No
6967,2535,55,3,2023-10-30,2023-11-01,Cancer,Referral,No
6968,3067,49,6,2023-03-09,2023-03-21,Diabetes,Transfer,Yes
6969,1669,24,1,2025-08-09,2025-08-18,Abdominal Pain,Referral,No
6970,4572,79,7,2023-09-13,2023-09-15,Stroke,Transfer,Yes
6971,3528,98,7,2023-04-09,2023-04-21,Stroke,Referral,Yes
6972,4253,71,5,2022-10-09,2022-10-18,Hypertension,Scheduled,Yes
6973,798,40,1,2023-01-30,2023-02-10,Flu,Emergency,Yes
6974,2862,20,1,2022-03-23,2022-03-24,Abdominal Pain,Scheduled,Yes
6975,2375,21,2,2025-10-04,2025-10-11,Cancer,Emergency,No
6976,4452,23,2,2023-10-10,2023-10-14,Migraine,Transfer,No
6977,4,76,7,2025-04-14,2025-04-22,Back Pain,Referral,Yes
6978,3568,10,10,2024-02-24,2024-02-26,Fracture,Emergency,Yes
6979,993,59,1,2024-12-16,2024-12-25,Abdominal Pain,Emergency,No
6980,1506,51,9,2024-05-15,2024-05-22,Cancer,Transfer,No
6981,1147,21,2,2023-04-30,2023-05-14,Fracture,Referral,No
6982,2553,52,5,2022-05-21,2022-05-23,Appendicitis,Referral,No
6983,4866,94,2,2024-01-24,2024-02-05,Appendicitis,Emergency,Yes
6984,3614,100,3,2022-01-22,2022-01-27,Cancer,Referral,No
6985,583,47,9,2023-01-30,2023-02-06,Diabetes,Referral,No
6986,590,88,5,2025-09-23,2025-10-04,Back Pain,Scheduled,Yes
6987,1878,20,1,2022-07-13,2022-07-27,Abdominal Pain,Emergency,No
6988,3877,6,3,2023-09-10,2023-09-24,Cancer,Emergency,No
6989,3221,14,10,2022-01-23,2022-01-24,Back Pain,Transfer,Yes
6990,3538,8,1,2024-08-13,2024-08-20,Skin Infection,Referral,Yes
6991,3449,38,7,2022-04-27,2022-05-08,Flu,Transfer,No
6992,273,7,4,2023-11-21,2023-11-30,Kidney Stone,Referral,No
6993,2844,14,10,2022-10-03,2022-10-12,Back Pain,Scheduled,No
6994,1148,80,8,2023-06-20,2023-07-03,Pneumonia,Emergency,Yes
6995,3464,56,9,2023-08-05,2023-08-18,Flu,Transfer,Yes
6996,2211,68,9,2023-05-20,2023-06-02,Pneumonia,Referral,No
6997,4058,39,4,2025-12-02,2025-12-11,Chest Pain,Emergency,Yes
6998,1689,64,1,2023-12-22,2024-01-01,Cancer,Scheduled,Yes
6999,2095,47,9,2025-02-04,2025-02-07,Kidney Stone,Scheduled,Yes
7000,4114,63,4,2022-08-17,2022-08-24,Cancer,Referral,No
7001,3598,99,10,2023-12-07,2023-12-14,Skin Infection,Scheduled,Yes
7002,2540,83,10,2024-07-23,2024-07-30,Skin Infection,Emergency,No
7003,1116,43,1,2024-08-18,2024-08-29,Cancer,Transfer,No
7004,597,25,10,2022-07-10,2022-07-16,Stroke,Referral,No
7005,1538,55,3,2024-10-18,2024-10-29,Asthma,Scheduled,Yes
7006,1779,88,5,2024-06-07,2024-06-21,Hypertension,Transfer,Yes
7007,2336,91,8,2025-04-23,2025-04-28,Back Pain,Referral,No
7008,1501,64,1,2022-10-04,2022-10-09,Chest Pain,Referral,No
7009,3194,77,6,2025-04-17,2025-04-27,Skin Infection,Transfer,No
7010,552,14,10,2025-07-02,2025-07-07,Skin Infection,Scheduled,Yes
7011,1823,51,9,2023-03-06,2023-03-16,Cancer,Transfer,Yes
7012,550,40,1,2023-07-11,2023-07-19,Diabetes,Referral,No
7013,4061,85,2,2022-06-04,2022-06-14,Migraine,Referral,No
7014,2981,90,9,2025-06-17,2025-06-24,Diabetes,Referral,Yes
7015,3722,59,1,2023-09-25,2023-09-27,Back Pain,Referral,Yes
7016,1167,49,6,2023-06-01,2023-06-15,Hypertension,Referral,Yes
7017,2966,18,7,2025-05-09,2025-05-13,Flu,Scheduled,Yes
7018,3790,52,5,2025-04-17,2025-04-29,Appendicitis,Scheduled,Yes
7019,2668,59,1,2023-01-05,2023-01-07,Skin Infection,Transfer,No
7020,2764,87,4,2023-03-30,2023-04-02,Abdominal Pain,Transfer,Yes
7021,3294,80,8,2022-06-06,2022-06-14,Kidney Stone,Referral,Yes
7022,4997,36,1,2023-12-08,2023-12-19,Pneumonia,Scheduled,No
7023,4863,13,6,2024-11-25,2024-12-08,Hypertension,Referral,No
7024,2163,63,4,2022-04-15,2022-04-16,Stroke,Transfer,No
7025,1939,92,5,2022-01-10,2022-01-21,Pneumonia,Transfer,Yes
7026,204,45,4,2024-04-16,2024-04-27,Fracture,Scheduled,No
7027,2122,7,4,2025-03-31,2025-04-08,Asthma,Scheduled,Yes
7028,3632,11,9,2025-09-14,2025-09-17,Stroke,Scheduled,No
7029,2005,16,4,2022-02-10,2022-02-22,Cancer,Transfer,No
7030,1413,48,10,2023-09-06,2023-09-07,Appendicitis,Transfer,No
7031,4416,68,9,2022-05-31,2022-06-07,Flu,Scheduled,Yes
7032,2285,28,8,2022-12-01,2022-12-15,Skin Infection,Emergency,Yes
7033,3783,63,4,2023-03-23,2023-03-25,Kidney Stone,Transfer,No
7034,2426,87,4,2022-12-11,2022-12-22,Appendicitis,Referral,Yes
7035,3918,70,6,2025-10-26,2025-11-04,Appendicitis,Scheduled,No
7036,1136,60,5,2023-12-17,2023-12-26,Kidney Stone,Emergency,No
7037,205,89,4,2024-02-22,2024-02-28,Flu,Emergency,No
7038,4474,2,4,2025-03-16,2025-03-27,Chest Pain,Scheduled,Yes
7039,3504,39,4,2024-06-22,2024-06-23,Chest Pain,Referral,No
7040,2772,25,10,2025-12-08,2025-12-13,Hypertension,Transfer,Yes
7041,1475,69,2,2025-07-25,2025-07-30,Chest Pain,Transfer,Yes
7042,1177,18,7,2024-12-10,2024-12-12,Abdominal Pain,Transfer,Yes
7043,290,71,5,2023-01-18,2023-01-21,Back Pain,Emergency,No
7044,460,28,8,2023-02-20,2023-02-25,Cancer,Transfer,No
7045,2939,82,5,2025-07-18,2025-07-28,Kidney Stone,Scheduled,Yes
7046,3146,57,4,2025-01-16,2025-01-20,Chest Pain,Referral,No
7047,2244,75,2,2022-03-08,2022-03-19,Skin Infection,Transfer,No
7048,4301,13,6,2023-03-06,2023-03-15,Abdominal Pain,Scheduled,Yes
7049,857,91,8,2022-07-22,2022-08-01,Asthma,Transfer,No
7050,2304,58,3,2023-10-08,2023-10-19,Skin Infection,Scheduled,Yes
7051,2918,49,6,2024-02-16,2024-02-20,Skin Infection,Scheduled,Yes
7052,1483,58,3,2022-01-19,2022-01-26,Back Pain,Transfer,No
7053,3736,63,4,2023-04-29,2023-04-30,Skin Infection,Referral,Yes
7054,4744,65,8,2023-10-04,2023-10-05,Appendicitis,Transfer,Yes
7055,1147,28,8,2024-06-04,2024-06-13,Diabetes,Emergency,No
7056,3464,30,7,2024-03-03,2024-03-14,Fracture,Scheduled,Yes
7057,720,45,4,2023-09-05,2023-09-12,Diabetes,Scheduled,Yes
7058,2097,94,2,2025-04-15,2025-04-29,Flu,Emergency,Yes
7059,1491,69,2,2025-08-30,2025-09-10,Asthma,Transfer,Yes
7060,852,85,2,2025-04-23,2025-04-28,Stroke,Emergency,No
7061,4704,20,1,2025-08-13,2025-08-20,Back Pain,Referral,Yes
7062,968,69,2,2023-11-10,2023-11-22,Skin Infection,Emergency,Yes
7063,52,24,1,2025-08-22,2025-08-26,Diabetes,Referral,Yes
7064,832,86,3,2025-12-08,2025-12-20,Abdominal Pain,Emergency,No
7065,573,20,1,2023-09-28,,Pneumonia,Emergency,Yes
7066,4501,93,7,2023-09-02,2023-09-14,Fracture,Referral,No
7067,1840,2,4,2025-06-24,2025-07-03,Hypertension,Transfer,No
7068,3858,19,5,2024-09-15,2024-09-19,Skin Infection,Emergency,Yes
7069,3410,90,9,2023-11-24,2023-12-03,Migraine,Referral,No
7070,1592,24,1,2025-10-30,2025-11-04,Flu,Referral,No
7071,57,95,1,2024-01-07,2024-01-11,Asthma,Emergency,No
7072,2681,55,3,2024-11-03,2024-11-05,Kidney Stone,Referral,No
7073,69,77,6,2024-12-02,2024-12-15,Chest Pain,Scheduled,Yes
7074,3689,91,8,2024-08-25,2024-08-28,Abdominal Pain,Transfer,Yes
7075,1221,75,2,2023-01-16,2023-01-20,Stroke,Referral,No
7076,3938,14,10,2025-01-09,2025-01-14,Migraine,Transfer,Yes
7077,3606,25,10,2022-10-15,2022-10-23,Migraine,Scheduled,Yes
7078,3638,51,9,2025-10-06,2025-10-17,Abdominal Pain,Transfer,No
7079,2066,81,1,2022-01-11,2022-01-12,Diabetes,Referral,No
7080,3495,50,3,2025-04-14,2025-04-24,Flu,Referral,Yes
7081,2822,74,1,2024-02-09,2024-02-10,Appendicitis,Emergency,Yes
7082,2242,7,4,2025-01-31,2025-02-05,Abdominal Pain,Transfer,No
7083,2939,90,9,2022-11-13,2022-11-14,Kidney Stone,Referral,No
7084,1427,24,1,2025-11-06,2025-11-11,Kidney Stone,Transfer,Yes
7085,4363,8,1,2023-01-20,2023-01-31,Kidney Stone,Emergency,No
7086,1961,59,1,2022-07-31,2022-08-01,Back Pain,Referral,No
7087,4285,24,1,2024-02-17,2024-02-18,Cancer,Transfer,Yes
7088,215,94,2,2024-07-20,2024-07-26,Hypertension,Transfer,No
7089,2754,100,3,2022-10-24,2022-10-27,Flu,Emergency,No
7090,4149,2,4,2024-04-25,2024-05-02,Appendicitis,Transfer,No
7091,4104,9,5,2024-11-13,2024-11-23,Fracture,Emergency,Yes
7092,3268,26,8,2025-11-13,2025-11-24,Kidney Stone,Transfer,No
7093,1028,55,3,2023-05-10,2023-05-14,Asthma,Emergency,Yes
7094,1951,41,6,2023-11-29,2023-12-09,Back Pain,Transfer,No
7095,3747,21,2,2024-08-11,2024-08-14,Skin Infection,Transfer,Yes
7096,4131,33,6,2025-10-12,2025-10-14,Stroke,Referral,No
7097,3114,24,1,2025-10-13,2025-10-17,Skin Infection,Emergency,Yes
7098,3220,98,7,2024-09-27,2024-09-28,Kidney Stone,Referral,No
7099,571,72,2,2024-05-22,2024-05-30,Abdominal Pain,Transfer,Yes
7100,3335,98,7,2023-07-25,2023-07-27,Skin Infection,Emergency,No
7101,3441,7,4,2023-06-08,2023-06-19,Abdominal Pain,Emergency,Yes
7102,4801,85,2,2023-04-01,2023-04-08,Back Pain,Scheduled,Yes
7103,1206,67,1,2022-03-02,2022-03-14,Abdominal Pain,Scheduled,No
7104,4923,66,10,2022-01-10,2022-01-23,Flu,Emergency,Yes
7105,2436,63,4,2022-11-06,2022-11-18,Flu,Emergency,No
7106,4015,32,9,2025-01-07,2025-01-19,Back Pain,Transfer,No
7107,3956,45,4,2022-05-19,2022-05-29,Asthma,Referral,Yes
7108,3635,50,3,2024-07-25,2024-07-26,Fracture,Scheduled,No
7109,2472,80,8,2025-05-04,2025-05-06,Migraine,Scheduled,Yes
7110,3625,87,4,2023-10-16,2023-10-30,Hypertension,Referral,Yes
7111,114,71,5,2025-07-04,2025-07-08,Fracture,Transfer,Yes
7112,843,38,7,2024-05-29,2024-06-12,Flu,Transfer,Yes
7113,2871,10,10,2022-06-19,2022-06-30,Skin Infection,Scheduled,No
7114,430,31,1,2022-11-23,2022-12-05,Flu,Scheduled,No
7115,4143,79,7,2022-05-12,2022-05-16,Asthma,Emergency,No
7116,1600,58,3,2023-07-03,2023-07-09,Chest Pain,Transfer,No
7117,3575,100,3,2023-05-22,2023-06-01,Flu,Referral,Yes
7118,4392,11,9,2025-03-15,2025-03-18,Appendicitis,Referral,No
7119,4268,21,2,2024-09-27,2024-10-05,Chest Pain,Referral,No
7120,4945,24,1,2022-12-16,2022-12-24,Abdominal Pain,Emergency,Yes
7121,4841,20,1,2023-06-07,2023-06-18,Asthma,Transfer,No
7122,2578,62,8,2025-06-15,2025-06-26,Asthma,Scheduled,Yes
7123,3888,16,4,2025-11-12,2025-11-14,Cancer,Scheduled,No
7124,969,60,5,2022-03-04,2022-03-13,Appendicitis,Emergency,No
7125,2567,7,4,2024-12-17,2024-12-30,Diabetes,Transfer,Yes
7126,1670,88,5,2024-06-18,2024-06-25,Diabetes,Scheduled,No
7127,1336,37,10,2022-11-09,2022-11-18,Diabetes,Transfer,No
7128,2700,31,1,2025-12-08,2025-12-20,Skin Infection,Referral,No
7129,2813,39,4,2022-11-29,2022-12-10,Abdominal Pain,Transfer,Yes
7130,2281,35,1,2025-08-02,2025-08-16,Appendicitis,Referral,Yes
7131,4544,58,3,2025-07-14,2025-07-25,Cancer,,Yes
7132,736,37,10,2024-11-26,2024-11-29,Back Pain,Scheduled,Yes
7133,3959,79,7,2023-01-04,2023-01-10,Abdominal Pain,Transfer,No
7134,2636,2,4,2024-02-17,2024-02-24,Hypertension,Emergency,Yes
7135,3294,45,4,2023-11-21,2023-11-30,Back Pain,Transfer,No
7136,776,11,9,2023-12-11,2023-12-12,Fracture,Referral,No
7137,3031,71,5,2022-07-30,2022-08-12,Flu,Emergency,Yes
7138,3408,52,5,2025-09-02,2025-09-03,Chest Pain,Transfer,No
7139,3933,85,2,2023-01-16,2023-01-27,Diabetes,Scheduled,No
7140,146,6,3,2025-01-05,2025-01-18,Migraine,Scheduled,Yes
7141,200,94,2,2024-05-20,2024-05-24,Stroke,Scheduled,No
7142,4339,18,7,2023-05-15,2023-05-22,Cancer,Emergency,Yes
7143,4943,87,4,2025-06-24,2025-07-06,Back Pain,Transfer,No
7144,1384,9,5,2025-03-26,2025-03-28,Kidney Stone,Transfer,Yes
7145,55,89,4,2025-09-14,2025-09-27,Cancer,Scheduled ,No
7146,2708,12,10,2024-05-08,2024-05-17,Hypertension,Emergency,No
7147,3945,24,1,2022-07-28,2022-08-03,Fracture,Referral,No
7148,262,3,3,2025-06-09,2025-06-13,Chest Pain,Transfer,Yes
7149,3972,8,1,2023-01-17,2023-01-18,Hypertension,Referral,No
7150,2989,2,4,2025-08-29,2025-08-31,Stroke,Transfer,Yes
7151,467,84,1,2023-10-28,2023-10-31,Cancer,Referral,Yes
7152,1843,17,2,2023-12-29,2024-01-04,Abdominal Pain,Referral,Yes
7153,1613,33,6,2025-06-01,2025-06-04,Abdominal Pain,Scheduled,Yes
7154,687,23,2,2025-10-18,2025-10-23,Fracture,Emergency,Yes
7155,2712,66,10,2025-09-08,2025-09-19,Back Pain,Scheduled,Yes
7156,136,28,8,2024-03-29,2024-04-09,Diabetes,Scheduled,Yes
7157,1145,63,4,2024-05-15,2024-05-27,Cancer,Emergency,No
7158,3962,84,1,2023-06-24,2023-06-29,Appendicitis,Scheduled,Yes
7159,4957,82,5,2024-11-17,2024-11-19,Diabetes,Emergency,No
7160,4558,2,4,2025-02-17,2025-02-25,Asthma,Transfer,No
7161,4323,40,1,2023-11-27,2023-12-01,Back Pain,Scheduled,No
7162,1567,94,2,2023-05-12,2023-05-18,Abdominal Pain,Transfer,No
7163,1795,59,1,2022-03-22,2022-04-04,Diabetes,Emergency,Yes
7164,1632,26,8,2024-03-27,2024-04-10,Diabetes,Scheduled,No
7165,1742,62,8,2025-12-15,2025-12-21,Hypertension,Transfer,Yes
7166,2563,8,1,2023-03-28,2023-04-01,Stroke,Referral,Yes
7167,923,51,9,2023-04-29,2023-05-12,Stroke,Transfer,No
7168,2899,88,5,2024-07-12,2024-07-23,Fracture,Transfer,Yes
7169,2877,31,1,2022-01-27,2022-01-31,Migraine,Scheduled,No
7170,31,22,5,2024-06-21,2024-07-05,Fracture,Scheduled,Yes
7171,3289,79,7,2025-05-31,2025-06-03,Back Pain,Transfer,Yes
7172,4240,60,5,2022-02-23,2022-02-26,Pneumonia,Referral,Yes
7173,134,76,7,2024-09-28,2024-10-04,Diabetes,Emergency,Yes
7174,1528,73,2,2023-05-01,2023-05-11,Abdominal Pain,Referral,Yes
7175,4709,100,3,2025-03-24,2025-03-31,Chest Pain,Transfer,No
7176,4568,73,2,2024-01-04,2024-01-15,Asthma,Referral,No
7177,4968,87,4,2024-12-09,2024-12-20,Diabetes,Transfer,Yes
7178,1728,5,5,2023-04-01,2023-04-04,Back Pain,Scheduled,No
7179,2443,23,2,2022-12-08,2022-12-10,Fracture,Referral,Yes
7180,1783,17,2,2022-07-11,2022-07-24,Fracture,Scheduled,Yes
7181,503,83,10,2022-04-14,2022-04-19,Stroke,Scheduled,No
7182,3076,1,6,2023-01-24,2023-01-25,Kidney Stone,Scheduled,Yes
7183,15,75,2,2023-11-24,2023-12-08,Skin Infection,Transfer,Yes
7184,217,22,5,2022-02-18,2022-03-03,Appendicitis,Referral,Yes
7185,412,3,3,2025-11-24,2025-11-27,Chest Pain,Referral,No
7186,4867,28,8,2022-06-21,2022-06-30,Asthma,Emergency,No
7187,1328,29,8,2025-07-30,2025-08-12,Diabetes,Referral,Yes
7188,4316,62,8,2023-07-31,2023-08-05,Fracture,Transfer,Yes
7189,58,45,4,2023-04-12,2023-04-18,Cancer,Transfer,Yes
7190,3998,53,4,2023-04-29,2023-04-30,Hypertension,Transfer,No
7191,1879,99,10,2025-07-23,2025-07-26,Chest Pain,Scheduled,No
7192,2001,78,5,2024-06-19,2024-06-26,Appendicitis,Referral,Yes
7193,1897,75,2,2022-07-13,2022-07-18,Pneumonia,Emergency,Yes
7194,4088,47,9,2024-03-15,2024-03-25,Migraine,Emergency,No
7195,2034,9,5,2023-09-01,2023-09-02,Diabetes,Scheduled,No
7196,4596,40,1,2022-11-28,2022-12-08,Chest Pain,Scheduled,Yes
7197,3785,14,10,2024-11-19,2024-11-29,Migraine,Scheduled,No
7198,98,69,2,2025-11-30,2025-12-11,Skin Infection,Referral,No
7199,1817,65,8,2022-01-17,2022-01-20,Abdominal Pain,Referral,Yes
7200,566,20,1,2022-04-15,2022-04-16,Flu,Referral,Yes
7201,3311,35,1,2025-02-09,2025-02-23,Stroke,Referral,Yes
7202,3014,46,9,2025-03-08,2025-03-22,Asthma,Referral,No
7203,259,25,10,2022-10-05,2022-10-07,Skin Infection,Transfer,Yes
7204,1958,79,7,2024-01-22,2024-02-03,Hypertension,Referral,Yes
7205,1899,86,3,2024-01-13,2024-01-23,Migraine,Emergency,Yes
7206,567,53,4,2025-03-24,2025-04-02,Stroke,Emergency,No
7207,4521,9,5,2023-04-11,2023-04-17,Abdominal Pain,Transfer,Yes
7208,3147,19,5,2022-10-20,2022-10-25,Abdominal Pain,Referral,No
7209,1505,55,3,2023-11-15,2023-11-21,Asthma,Emergency,No
7210,4023,85,2,2024-07-11,2024-07-14,Flu,Scheduled,No
7211,2821,11,9,2024-09-09,2024-09-12,Appendicitis,Referral,No
7212,3731,77,6,2025-10-28,2025-10-31,Appendicitis,Emergency,No
7213,4744,77,6,2023-06-28,2023-07-03,Asthma,Emergency,No
7214,1833,41,6,2023-04-09,2023-04-16,Hypertension,Transfer,No
7215,2382,64,1,2025-10-26,2025-10-27,Asthma,Transfer,No
7216,39,78,5,2022-05-10,2022-05-21,Pneumonia,Transfer,Yes
7217,1258,82,5,2024-11-04,2024-11-12,Back Pain,Emergency,Yes
7218,3666,97,2,2022-08-09,2022-08-10,Asthma,Referral,Yes
7219,1187,100,3,2023-02-03,2023-02-06,Chest Pain,Transfer,Yes
7220,508,100,3,2025-01-15,2025-01-24,Back Pain,Emergency,No
7221,4302,39,4,2025-01-13,2025-01-24,Cancer,Referral,No
7222,2695,34,10,2022-05-31,2022-06-12,Diabetes,Scheduled,No
7223,1430,19,5,2025-05-10,2025-05-17,Hypertension,Transfer,Yes
7224,2046,72,2,2023-01-07,2023-01-20,Stroke,Emergency,No
7225,1299,95,1,2025-07-02,2025-07-08,Flu,Scheduled,Yes
7226,4575,53,4,2024-05-31,2024-06-08,Skin Infection,Scheduled,Yes
7227,4756,53,4,2024-09-16,2024-09-22,Asthma,Transfer,No
7228,3039,75,2,2023-08-19,2023-08-30,Back Pain,Transfer,Yes
7229,3686,72,2,2024-08-25,2024-09-08,Abdominal Pain,Referral,No
7230,4832,93,7,2024-06-29,2024-07-01,Back Pain,Emergency,No
7231,1073,37,10,2024-11-28,2024-11-30,Skin Infection,Transfer,Yes
7232,3551,26,8,2023-03-22,2023-03-30,Abdominal Pain,Transfer,No
7233,3644,20,1,2025-12-22,2025-12-29,Kidney Stone,Transfer,Yes
7234,1345,50,3,2024-11-28,2024-11-30,Fracture,Transfer,Yes
7235,2759,85,2,2025-06-14,2025-06-18,Asthma,Referral,Yes
7236,3958,89,4,2024-03-13,2024-03-16,Hypertension,Scheduled,Yes
7237,237,62,8,2023-09-22,2023-10-03,Cancer,Referral,No
7238,1488,95,1,2023-07-25,2023-07-27,Abdominal Pain,Scheduled,Yes
7239,2292,44,4,2025-05-13,2025-05-25,Diabetes,Scheduled,Yes
7240,598,37,10,2025-09-14,2025-09-25,Diabetes,Referral,Yes
7241,671,45,4,2024-12-02,2024-12-05,Chest Pain,Referral,No
7242,961,33,6,2023-03-25,2023-03-30,Fracture,Scheduled,No
7243,500,8,1,2024-12-15,2024-12-27,Asthma,Scheduled,Yes
7244,2857,9,5,2022-05-03,2022-05-07,Migraine,Emergency,No
7245,4852,39,4,2025-06-25,2025-07-08,Kidney Stone,Scheduled,Yes
7246,2316,75,2,2023-08-04,2023-08-07,Skin Infection,Scheduled,No
7247,1110,57,4,2022-05-05,2022-05-12,Hypertension,Transfer,No
7248,609,36,1,2025-05-14,2025-05-28,Appendicitis,Transfer,No
7249,1170,30,7,2024-03-21,2024-03-31,Diabetes,Transfer,Yes
7250,1922,100,3,2022-09-27,2022-10-02,Pneumonia,Scheduled,Yes
7251,2315,9,5,2024-07-30,2024-08-10,Appendicitis,Scheduled,Yes
7252,863,59,1,2022-05-02,2022-05-03,Chest Pain,Scheduled,No
7253,2575,80,8,2024-03-16,2024-03-17,Cancer,Emergency,Yes
7254,1305,97,8,2022-09-05,2022-09-13,Pneumonia,Emergency,No
7255,133,21,2,2024-06-29,2024-07-12,Hypertension,Referral,Yes
7256,745,45,4,2022-12-15,2022-12-17,Diabetes,Transfer,Yes
7257,3869,67,1,2024-05-03,2024-05-15,Pneumonia,Referral,No
7258,742,48,10,2024-04-14,2024-04-18,Asthma,Transfer,No
7259,3162,82,5,2025-09-22,2025-09-28,Abdominal Pain,Emergency,No
7260,2655,49,6,2025-03-23,2025-03-30,Hypertension,Transfer,Yes
7261,4242,45,4,2023-04-12,2023-04-19,Flu,Transfer,No
7262,4954,22,5,2025-02-18,2025-03-01,Kidney Stone,Emergency,No
7263,626,98,7,2022-05-31,2022-06-14,Stroke,Scheduled,No
7264,1913,45,4,2023-08-15,2023-08-19,Diabetes,Scheduled,Yes
7265,964,12,10,2025-11-23,2025-11-26,Abdominal Pain,Transfer,Yes
7266,3579,93,7,2023-08-09,2023-08-15,Migraine,Transfer,Yes
7267,4680,96,10,2022-02-10,2022-02-15,Flu,Transfer,Yes
7268,149,31,1,2022-03-23,2022-04-04,Fracture,Scheduled,No
7269,4816,78,5,2022-08-25,2022-09-01,Diabetes,Referral,Yes
7270,1318,79,7,2024-08-05,2024-08-12,Appendicitis,Emergency,No
7271,2109,37,10,2022-01-13,2022-01-23,Fracture,Emergency,No
7272,3942,57,4,2024-05-21,2024-06-04,Stroke,Emergency,No
7273,101,50,3,2025-04-14,2025-04-26,Pneumonia,Transfer,Yes
7274,358,45,4,2023-08-06,2023-08-09,Skin Infection,Transfer,Yes
7275,2848,63,4,2023-07-30,2023-07-31,Flu,Referral,Yes
7276,3631,40,1,2023-06-28,2023-07-03,Migraine,Emergency,Yes
7277,4318,70,6,2022-09-23,2022-09-29,Skin Infection,Scheduled,Yes
7278,2879,44,4,2022-10-24,2022-10-31,Fracture,Transfer,Yes
7279,2010,69,2,2022-05-01,2022-05-15,Asthma,Emergency,No
7280,3923,80,8,2025-05-15,2025-05-24,Cancer,Emergency,No
7281,1711,69,2,2025-11-21,2025-11-23,Back Pain,Emergency,Yes
7282,3250,28,8,2022-08-09,2022-08-10,Chest Pain,Referral,Yes
7283,3782,52,5,2022-09-12,2022-09-17,Hypertension,Referral,No
7284,4146,60,5,2022-08-20,2022-09-03,Abdominal Pain,Transfer,Yes
7285,3943,31,1,2023-04-07,2023-04-16,Pneumonia,Emergency,Yes
7286,4917,24,1,2022-04-20,2022-04-21,Cancer,Emergency,Yes
7287,2285,78,5,2024-12-12,2024-12-22,Pneumonia,Emergency,No
7288,4545,45,4,2022-02-16,2022-02-26,Back Pain,Referral,No
7289,1581,79,7,2024-12-02,2024-12-16,Abdominal Pain,Scheduled,No
7290,2106,51,9,2025-05-17,2025-05-18,Abdominal Pain,Transfer,Yes
7291,115,79,7,2024-05-25,2024-05-26,Fracture,Scheduled,Yes
7292,1210,88,5,2023-03-06,2023-03-15,Abdominal Pain,Scheduled,Yes
7293,1964,48,10,2023-03-10,2023-03-18,Chest Pain,Referral,No
7294,1114,60,5,2025-11-18,2025-11-19,Chest Pain,Scheduled,No
7295,231,84,1,2022-05-13,2022-05-22,Flu,Transfer,Yes
7296,380,53,4,2025-06-17,2025-06-24,Chest Pain,Transfer,No
7297,3328,63,4,2024-08-10,2024-08-19,Back Pain,Transfer,Yes
7298,1555,2,4,2024-11-15,2024-11-26,Migraine,Scheduled,No
7299,1074,1,6,2022-03-22,2022-03-29,Stroke,Transfer,Yes
7300,1066,80,8,2023-11-17,2023-11-24,Skin Infection,emergency,No
7301,3600,40,1,2024-10-23,2024-11-05,Cancer,Scheduled,No
7302,3813,82,5,2022-02-07,2022-02-14,Stroke,Emergency,No
7303,2933,2,4,2022-01-05,2022-01-09,Skin Infection,Emergency,No
7304,459,33,6,2023-02-24,2023-03-05,Skin Infection,Emergency,Yes
7305,2897,27,7,2022-05-24,2022-05-30,Back Pain,Emergency,Yes
7306,2953,89,4,2024-12-27,2024-12-31,Chest Pain,Scheduled,No
7307,4439,42,10,2025-08-29,2025-09-07,Migraine,Scheduled,No
7308,2690,51,9,2022-05-21,2022-05-26,Back Pain,Emergency,No
7309,4266,39,4,2023-03-24,2023-04-07,Kidney Stone,Transfer,No
7310,231,13,6,2024-12-04,2024-12-16,Fracture,Scheduled,No
7311,3915,87,4,2025-03-14,2025-03-23,Diabetes,Transfer,No
7312,1895,83,10,2024-01-20,2024-01-23,Migraine,Transfer,Yes
7313,3503,7,4,2023-06-18,2023-07-01,Stroke,Scheduled,No
7314,4692,75,2,2022-02-13,2022-02-18,Stroke,Emergency,Yes
7315,1981,74,1,2023-10-03,2023-10-15,Kidney Stone,Emergency,No
7316,1933,92,5,2023-01-17,2023-01-22,Flu,Referral,No
7317,4066,92,5,2023-09-29,2023-10-13,Fracture,Referral,Yes
7318,2581,76,7,2023-12-28,2024-01-08,Diabetes,Scheduled,Yes
7319,4563,52,5,2025-04-08,2025-04-14,Pneumonia,Scheduled,Yes
7320,845,7,4,2024-06-10,2024-06-13,Skin Infection,Transfer,No
7321,1111,13,6,2025-10-31,2025-11-01,Hypertension,Transfer,Yes
7322,2755,77,6,2022-03-08,2022-03-10,Fracture,Scheduled,No
7323,3781,3,3,2025-08-16,2025-08-29,Migraine,Referral,Yes
7324,2126,66,10,2022-10-21,2022-10-24,Migraine,Scheduled,Yes
7325,1502,44,4,2025-06-12,2025-06-18,Skin Infection,Referral,No
7326,3636,27,7,2025-05-01,2025-05-15,Fracture,Transfer,No
7327,1379,82,5,2024-03-27,2024-03-28,Skin Infection,Referral,No
7328,365,18,7,2025-09-21,2025-09-28,Pneumonia,Referral,Yes
7329,2178,98,7,2025-10-17,2025-10-30,Flu,Scheduled,No
7330,1784,74,1,2024-01-09,2024-01-19,Kidney Stone,Referral,No
7331,4933,16,4,2024-08-10,2024-08-13,Hypertension,Transfer,Yes
7332,2026,56,9,2025-12-09,2025-12-17,Cancer,Scheduled,No
7333,1588,50,3,2023-03-27,2023-04-10,Hypertension,Emergency,No
7334,1501,61,7,2024-09-16,,Appendicitis,Referral,Yes
7335,1007,69,2,2023-09-09,2023-09-14,Skin Infection,Transfer,Yes
7336,2928,20,1,2025-03-22,2025-03-24,Skin Infection,Referral,No
7337,412,73,2,2022-02-16,2022-02-17,Flu,Scheduled,No
7338,2634,67,1,2024-07-24,2024-08-02,Pneumonia,Referral,No
7339,1631,15,9,2023-03-10,2023-03-11,Pneumonia,Scheduled,Yes
7340,1897,58,3,2023-05-19,2023-05-30,Chest Pain,Referral,Yes
7341,2994,82,5,2023-04-22,2023-04-26,Abdominal Pain,Referral,Yes
7342,786,54,1,2023-07-24,2023-08-06,Flu,Transfer,No
7343,499,91,8,2024-05-02,2024-05-03,Cancer,Scheduled,Yes
7344,4092,9,5,2025-06-24,2025-07-03,Asthma,Referral,No
7345,582,3,3,2022-09-25,2022-10-07,Back Pain,Emergency,No
7346,3283,42,10,2023-06-17,2023-06-26,Back Pain,Emergency,Yes
7347,1421,22,5,2022-02-15,2022-02-28,Kidney Stone,Transfer,Yes
7348,2892,22,5,2025-11-02,2025-11-08,Flu,Emergency,Yes
7349,4913,11,9,2024-06-15,2024-06-23,Cancer,Transfer,No
7350,172,39,4,2024-08-12,2024-08-23,Stroke,Emergency,Yes
7351,3280,24,1,2022-10-15,2022-10-21,Flu,Emergency,Yes
7352,3700,64,1,2023-11-14,2023-11-24,Diabetes,Transfer,No
7353,4477,83,10,2025-04-30,2025-05-01,Cancer,Scheduled,Yes
7354,4612,29,8,2024-04-17,2024-04-18,Stroke,Referral,No
7355,3972,3,3,2024-08-08,2024-08-20,Kidney Stone,Emergency,No
7356,3549,7,4,2024-01-05,2024-01-13,Cancer,Transfer,No
7357,1049,61,7,2023-02-26,2023-03-08,Flu,Scheduled,Yes
7358,783,21,2,2023-10-29,2023-11-08,Skin Infection,Scheduled,Yes
7359,701,66,10,2025-12-17,2025-12-27,Skin Infection,Transfer,Yes
7360,901,56,9,2022-11-16,2022-11-27,Migraine,Referral,No
7361,2817,10,10,2024-03-21,2024-03-31,Asthma,Emergency,Yes
7362,4002,2,4,2023-05-15,2023-05-20,Hypertension,,No
7363,4268,42,10,2023-04-06,2023-04-08,Chest Pain,Emergency,Yes
7364,3731,82,5,2023-08-20,2023-08-24,Cancer,Scheduled,Yes
7365,4609,13,6,2025-11-01,2025-11-13,Asthma,Referral,No
7366,2581,76,7,2023-07-30,2023-08-08,Hypertension,Transfer,Yes
7367,449,74,1,2025-10-07,2025-10-13,Kidney Stone,Scheduled,No
7368,2740,65,8,2025-07-22,2025-08-05,Asthma,Emergency,No
7369,1287,46,9,2022-05-05,2022-05-19,Flu,Scheduled,Yes
7370,1799,3,3,2022-10-31,2022-11-01,Kidney Stone,Transfer,Yes
7371,1168,2,4,2023-10-20,2023-10-24,Kidney Stone,Referral,No
7372,1325,72,2,2022-08-17,2022-08-21,Migraine,Transfer,No
7373,3662,41,6,2022-11-03,2022-11-17,Flu,Scheduled,Yes
7374,3091,49,6,2022-06-25,2022-06-26,Fracture,Scheduled,Yes
7375,975,68,9,2024-04-25,2024-04-28,Hypertension,Referral,Yes
7376,1051,48,10,2023-10-16,2023-10-18,Fracture,Emergency,No
7377,1414,78,5,2023-09-01,2023-09-04,Kidney Stone,Transfer,No
7378,4082,98,7,2024-10-03,2024-10-04,Appendicitis,Emergency,Yes
7379,2389,44,4,2024-02-13,2024-02-16,Diabetes,Referral,No
7380,2708,18,7,2024-09-20,2024-09-25,Pneumonia,Emergency,No
7381,4667,14,10,2025-04-11,2025-04-17,Kidney Stone,Transfer,No
7382,4648,39,4,2022-08-23,2022-09-03,Cancer,Emergency,No
7383,2644,34,10,2025-03-22,2025-03-23,Asthma,Referral,No
7384,4071,68,9,2022-10-28,,Pneumonia,Referral,Yes
7385,4111,67,1,2024-03-03,2024-03-16,Asthma,Transfer,Yes
7386,885,68,9,2024-06-28,2024-07-12,Hypertension,Emergency,No
7387,2208,79,7,2025-02-09,2025-02-19,Kidney Stone,Emergency,Yes
7388,3405,12,10,2025-02-01,2025-02-02,Pneumonia,Emergency,Yes
7389,942,48,10,2024-01-28,2024-02-04,Back Pain,Transfer,No
7390,2597,24,1,2022-08-24,2022-08-31,Fracture,Referral,Yes
7391,2103,94,2,2023-07-28,2023-08-02,Kidney Stone,Referral,Yes
7392,3692,56,9,2023-10-24,2023-10-29,Appendicitis,Emergency,No
7393,3043,80,8,2023-05-09,2023-05-19,Skin Infection,Transfer,No
7394,2971,88,5,2025-09-27,2025-09-29,Flu,Referral,Yes
7395,2615,92,5,2024-10-21,2024-10-22,Appendicitis,Referral,Yes
7396,1300,15,9,2022-11-27,2022-11-28,Kidney Stone,Scheduled,No
7397,1749,53,4,2022-01-25,2022-01-26,Diabetes,Referral,No
7398,1529,31,1,2022-12-29,2023-01-02,Pneumonia,Emergency,No
7399,1096,82,5,2022-03-11,2022-03-16,Kidney Stone,Emergency,No
7400,4820,28,8,2025-03-18,2025-03-24,Fracture,Referral,Yes
7401,123,62,8,2022-05-25,2022-06-06,Skin Infection,Referral,No
7402,3532,2,4,2025-05-27,2025-05-28,Fracture,Referral,Yes
7403,2207,77,6,2022-04-15,2022-04-26,Fracture,Scheduled,Yes
7404,796,32,9,2025-03-11,2025-03-15,Back Pain,Transfer,Yes
7405,2915,90,9,2024-08-27,2024-08-30,Stroke,Emergency,No
7406,1651,12,10,2022-05-26,2022-06-01,Flu,Transfer,No
7407,3380,88,5,2022-12-25,2022-12-29,Skin Infection,Transfer,No
7408,4358,17,2,2024-04-09,2024-04-13,Hypertension,Emergency,No
7409,636,65,8,2022-04-26,2022-04-30,Hypertension,Scheduled,No
7410,4758,98,7,2023-07-17,2023-07-20,Asthma,Scheduled,No
7411,63,94,2,2023-12-27,2024-01-01,Kidney Stone,Transfer,No
7412,3052,10,10,2023-11-13,2023-11-27,Kidney Stone,Transfer,Yes
7413,1283,24,1,2025-06-01,2025-06-15,Cancer,Emergency,Yes
7414,1335,65,8,2025-07-10,2025-07-11,Cancer,Emergency,Yes
7415,3837,61,7,2025-11-29,2025-11-30,Diabetes,Scheduled,No
7416,3794,83,10,2022-08-25,2022-09-02,Cancer,Referral,No
7417,4066,67,1,2023-11-06,2023-11-17,Skin Infection,Transfer,No
7418,3579,16,4,2022-11-13,2022-11-15,Stroke,Transfer,No
7419,2318,94,2,2023-06-13,2023-06-18,Diabetes,Referral,No
7420,2949,58,3,2023-08-09,2023-08-13,Back Pain,Transfer,No
7421,4916,68,9,2023-01-12,2023-01-17,Skin Infection,Emergency,Yes
7422,1192,69,2,2022-08-27,2022-09-05,Hypertension,Emergency,Yes
7423,2999,46,9,2024-10-25,2024-10-30,Abdominal Pain,Referral,No
7424,3666,25,10,2023-10-28,2023-10-31,Asthma,Referral,Yes
7425,3664,14,10,2025-11-30,2025-12-12,Migraine,Emergency,Yes
7426,882,6,3,2023-06-27,2023-07-04,Back Pain,Referral,Yes
7427,4083,40,1,2022-04-24,2022-05-06,Migraine,Referral,No
7428,2060,42,10,2023-07-28,2023-08-10,Fracture,Emergency,Yes
7429,4711,8,1,2023-05-03,2023-05-12,Flu,Scheduled,No
7430,2615,13,6,2022-11-10,2022-11-23,,Referral,No
7431,1520,74,1,2025-04-07,2025-04-10,Asthma,Scheduled,Yes
7432,3683,5,5,2025-09-02,2025-09-03,Cancer,Referral,Yes
7433,569,28,8,2025-10-30,2025-11-09,Flu,Emergency,Yes
7434,1193,20,1,2024-06-20,2024-07-02,Asthma,Emergency,No
7435,4531,33,6,2022-11-06,2022-11-12,Stroke,Emergency,Yes
7436,4435,97,8,2025-11-20,2025-11-25,Back Pain,Scheduled,Yes
7437,1955,16,4,2025-02-21,2025-02-27,Skin Infection,Scheduled,Yes
7438,1778,22,5,2025-06-30,2025-07-08,Chest Pain,Transfer,Yes
7439,1637,38,7,2022-02-28,2022-03-10,Appendicitis,Emergency,Yes
7440,2194,69,2,2024-01-27,2024-02-01,Fracture,Transfer,Yes
7441,3602,84,1,2023-07-01,2023-07-10,Flu,Emergency,No
7442,1553,15,9,2024-09-07,2024-09-19,Skin Infection,Referral,Yes
7443,4854,62,8,2024-06-03,2024-06-08,Pneumonia,Referral,No
7444,4506,41,6,2022-09-12,2022-09-22,Pneumonia,Transfer,Yes
7445,3994,89,4,2025-09-24,2025-10-07,Chest Pain,Transfer,Yes
7446,3691,90,9,2025-12-28,2026-01-02,Pneumonia,Emergency,Yes
7447,1840,80,8,2022-09-02,2022-09-09,Diabetes,Emergency,Yes
7448,4194,11,9,2022-08-10,2022-08-12,Diabetes,Transfer,Yes
7449,2458,3,3,2023-08-17,2023-08-29,Back Pain,Transfer,No
7450,1886,61,7,2023-09-05,2023-09-14,Hypertension,Referral,Yes
7451,967,93,7,2025-11-07,2025-11-15,Stroke,Emergency,Yes
7452,381,64,1,2023-05-11,2023-05-21,Flu,Transfer,Yes
7453,655,54,1,2025-10-22,2025-10-26,Diabetes,Transfer,Yes
7454,4743,41,6,2024-11-19,2024-11-21,Back Pain,Emergency,No
7455,3922,15,9,2025-04-06,2025-04-13,Abdominal Pain,Transfer,No
7456,4016,96,5,2022-05-16,2022-05-27,Asthma,Transfer,Yes
7457,3319,35,1,2025-01-27,2025-02-02,Flu,Referral,No
7458,2178,86,3,2022-10-06,2022-10-11,Chest Pain,Emergency,No
7459,4155,66,10,2024-04-07,2024-04-12,Flu,Referral,Yes
7460,4113,55,3,2025-02-18,2025-03-02,Migraine,Referral,Yes
7461,1411,54,1,2023-11-07,2023-11-10,Appendicitis,Transfer,No
7462,3643,31,1,2022-08-11,2022-08-17,Chest Pain,Scheduled,No
7463,2211,12,10,2025-11-24,2025-12-02,Flu,Scheduled,Yes
7464,726,11,9,2022-11-06,2022-11-13,Skin Infection,Emergency,No
7465,4239,48,10,2022-02-18,2022-03-04,Asthma,Scheduled,No
7466,2670,68,9,2025-10-15,2025-10-21,Asthma,Transfer,No
7467,520,1,6,2023-08-15,2023-08-21,Abdominal Pain,Transfer,Yes
7468,3558,90,9,2023-04-29,2023-05-04,Pneumonia,Referral,Yes
7469,1688,47,9,2025-06-16,2025-06-19,Skin Infection,Transfer,Yes
7470,135,43,1,2022-10-05,2022-10-11,Diabetes,Scheduled,No
7471,1491,61,7,2022-12-27,2023-01-02,Skin Infection,Transfer,Yes
7472,4152,24,1,2022-07-21,2022-07-23,Abdominal Pain,Referral,Yes
7473,4495,35,1,2024-10-24,2024-11-01,Migraine,Scheduled,No
7474,932,45,4,2025-07-18,2025-07-31,Migraine,Transfer,Yes
7475,1396,9,5,2024-02-09,2024-02-12,Appendicitis,Referral,No
7476,1570,31,1,2025-12-23,2025-12-26,Hypertension,Emergency,No
7477,780,15,9,2025-08-14,2025-08-25,Cancer,Scheduled,No
7478,4536,79,7,2023-12-09,2023-12-12,Cancer,Transfer,No
7479,4421,2,4,2022-12-12,2022-12-26,Stroke,Scheduled,Yes
7480,2939,21,2,2023-05-07,2023-05-13,Flu,Referral,No
7481,4895,56,9,2023-04-28,2023-05-11,Skin Infection,Scheduled,No
7482,3206,8,1,2024-07-11,2024-07-16,Cancer,Emergency,No
7483,4279,16,4,2023-10-11,2023-10-17,Chest Pain,Transfer,Yes
7484,1586,78,5,2024-05-27,2024-06-09,Stroke,Emergency,No
7485,3871,83,10,2023-10-25,2023-11-07,Diabetes,Emergency,No
7486,1513,35,1,2022-10-08,2022-10-14,Skin Infection,Referral,No
7487,3067,67,1,2025-04-28,2025-05-08,Fracture,Scheduled,Yes
7488,2776,62,8,2022-07-09,2022-07-17,Back Pain,Transfer,No
7489,1575,65,8,2023-07-10,2023-07-20,Cancer,Referral,Yes
7490,4287,95,1,2023-07-08,2023-07-20,Appendicitis,Transfer,Yes
7491,3841,79,7,2024-07-16,2024-07-19,Skin Infection,Emergency,Yes
7492,4076,59,1,2022-05-31,2022-06-05,Hypertension,Emergency,No
7493,3088,33,6,2022-04-18,2022-04-27,Appendicitis,Emergency,No
7494,1933,56,9,2022-08-14,2022-08-23,Skin Infection,Referral,No
7495,2815,20,1,2023-07-09,2023-07-15,Pneumonia,Emergency,No
7496,2396,22,5,2025-08-21,2025-08-22,Stroke,Emergency,Yes
7497,4238,7,4,2024-12-11,2024-12-14,Kidney Stone,Referral,No
7498,4604,84,1,2023-10-15,2023-10-18,Diabetes,Emergency,Yes
7499,922,89,4,2024-01-17,2024-01-27,Back Pain,Referral,No
7500,2016,25,10,2023-05-22,2023-05-31,Diabetes,Transfer,No
7501,1209,57,4,2024-05-10,2024-05-20,Back Pain,Emergency,Yes
7502,3826,60,5,2022-02-23,2022-03-02,Cancer,Emergency,No
7503,1876,26,8,2024-08-15,2024-08-16,Abdominal Pain,Emergency,Yes
7504,3107,30,7,2025-05-20,2025-06-02,Stroke,Transfer,No
7505,515,34,10,2025-08-04,2025-08-08,,Referral,No
7506,1507,73,2,2024-02-20,2024-03-03,Stroke,Emergency,No
7507,2557,92,5,2023-11-29,2023-12-02,Diabetes,Emergency,Yes
7508,3241,61,7,2022-09-12,2022-09-15,Chest Pain,Referral,Yes
7509,2418,64,1,2024-04-29,2024-05-12,Hypertension,Scheduled,Yes
7510,3587,32,9,2023-11-07,2023-11-12,Asthma,Emergency,Yes
7511,3997,75,2,2024-07-31,2024-08-12,Migraine,Emergency,No
7512,3581,67,1,2023-12-19,2024-01-01,Asthma,Referral,No
7513,4869,89,4,2022-11-08,2022-11-14,Kidney Stone,Referral,Yes
7514,2023,33,6,2024-12-26,2025-01-04,Asthma,Referral,No
7515,3331,70,6,2022-05-04,2022-05-05,,Scheduled,Yes
7516,3632,55,3,2023-07-17,2023-07-24,Chest Pain,Scheduled,Yes
7517,4078,86,3,2024-02-05,2024-02-17,Back Pain,Referral,No
7518,1091,88,5,2025-10-06,2025-10-17,Appendicitis,Referral,Yes
7519,1771,30,7,2023-09-08,2023-09-19,Diabetes,Scheduled,Yes
7520,2356,31,1,2025-07-28,2025-08-11,Appendicitis,Emergency,Yes
7521,3779,44,4,2023-01-18,2023-01-25,Flu,Transfer,No
7522,3913,46,9,2023-04-13,2023-04-23,Diabetes,Transfer,Yes
7523,1547,80,8,2023-06-23,2023-06-30,Skin Infection,Scheduled,Yes
7524,1045,62,8,2024-03-12,2024-03-19,Back Pain,Emergency,No
7525,1784,80,8,2024-10-24,2024-10-29,Skin Infection,Emergency,Yes
7526,3757,20,1,2022-11-01,2022-11-07,Diabetes,Scheduled,No
7527,3940,40,1,2024-11-27,2024-11-29,Flu,Referral,Yes
7528,1472,40,1,2024-06-05,2024-06-16,Hypertension,Transfer,Yes
7529,4960,66,10,2022-08-09,2022-08-20,Skin Infection,Emergency,No
7530,2875,35,1,2022-12-19,2022-12-20,Kidney Stone,Transfer,Yes
7531,4961,92,5,2023-05-27,2023-06-06,Kidney Stone,Transfer,Yes
7532,452,91,8,2024-09-21,2024-09-30,Cancer,Referral,Yes
7533,2775,99,10,2022-01-14,2022-01-21,Diabetes,Transfer,No
7534,1482,27,7,2024-11-12,2024-11-15,Hypertension,Transfer,No
7535,593,15,9,2023-05-06,2023-05-11,Skin Infection,Transfer,No
7536,3693,76,7,2024-05-07,2024-05-19,Skin Infection,Emergency,Yes
7537,1996,24,1,2022-05-05,2022-05-08,Pneumonia,Referral,Yes
7538,812,63,4,2023-04-01,2023-04-12,Pneumonia,Emergency,No
7539,2640,98,7,2025-11-27,2025-12-02,Fracture,Emergency,Yes
7540,2130,82,5,2024-04-15,2024-04-23,Migraine,Emergency,Yes
7541,2365,1,6,2023-09-08,2023-09-12,Appendicitis,Emergency,No
7542,574,15,9,2025-04-10,2025-04-16,Skin Infection,Transfer,Yes
7543,3436,7,4,2024-04-24,2024-05-06,Flu,Scheduled,No
7544,328,48,10,2022-06-12,2022-06-16,Hypertension,Emergency,No
7545,3792,24,1,2023-04-23,2023-05-03,Chest Pain,Scheduled,Yes
7546,3705,73,2,2022-08-22,2022-08-31,Pneumonia,Scheduled,Yes
7547,1011,53,4,2024-09-22,2024-09-24,Asthma,Scheduled,No
7548,4510,9,5,2025-09-11,2025-09-19,Kidney Stone,Referral,No
7549,4553,12,10,2023-08-12,2023-08-17,Flu,Scheduled,Yes
7550,1799,45,4,2022-11-15,2022-11-26,Diabetes,Referral,No
7551,401,19,5,2023-03-21,2023-04-01,Abdominal Pain,Scheduled,No
7552,4062,40,1,2024-03-22,2024-03-31,Appendicitis,emergency,No
7553,702,71,5,2023-12-19,2023-12-25,Stroke,Emergency,Yes
7554,3827,7,4,2023-03-04,2023-03-16,Chest Pain,Transfer,No
7555,4442,94,2,2022-02-03,2022-02-12,Appendicitis,Referral,Yes
7556,3752,66,10,2024-05-06,2024-05-14,Cancer,Scheduled,Yes
7557,3567,77,6,2023-03-27,2023-04-06,Migraine,Referral,No
7558,1517,4,2,2022-09-26,2022-09-27,Fracture,Referral,Yes
7559,994,8,1,2023-09-12,2023-09-21,Back Pain,Emergency,Yes
7560,2125,54,1,2024-12-19,2024-12-30,Diabetes,Scheduled,Yes
7561,1998,10,10,2023-03-10,2023-03-19,Asthma,Scheduled,No
7562,4709,18,7,2023-03-17,2023-03-30,Chest Pain,Scheduled,No
7563,4975,26,8,2024-09-25,2024-10-07,Kidney Stone,Emergency,Yes
7564,2284,13,6,2024-08-09,2024-08-16,Pneumonia,Referral,Yes
7565,53,32,9,2025-08-23,2025-08-24,Back Pain,Emergency,No
7566,2248,6,3,2023-07-02,2023-07-03,Fracture,Transfer,No
7567,1061,15,9,2022-08-15,2022-08-24,Back Pain,Emergency,No
7568,304,36,1,2023-05-16,2023-05-30,Back Pain,Emergency,Yes
7569,2491,83,10,2024-11-15,2024-11-18,Diabetes,Emergency,Yes
7570,1,49,6,2022-10-28,2022-11-11,Migraine,Referral,Yes
7571,4327,41,6,2022-02-12,2022-02-14,Abdominal Pain,Transfer,No
7572,2390,86,3,2022-06-11,2022-06-17,Flu,Emergency,No
7573,4051,95,1,2023-11-08,2023-11-15,Skin Infection,Emergency,Yes
7574,1874,33,6,2023-03-31,2023-04-02,Chest Pain,Scheduled,Yes
7575,4925,29,8,2022-07-12,2022-07-17,Cancer,Scheduled,Yes
7576,4238,83,10,2022-11-13,2022-11-26,Pneumonia,Scheduled,No
7577,4995,52,5,2023-05-12,2023-05-17,Back Pain,Transfer,Yes
7578,3516,22,5,2023-07-08,2023-07-22,Appendicitis,Emergency,Yes
7579,4684,13,6,2024-05-11,2024-05-17,Back Pain,Scheduled,No
7580,3623,96,4,2022-01-12,2022-01-21,Appendicitis,Scheduled,No
7581,84,30,7,2024-03-22,2024-03-27,Skin Infection,Emergency,Yes
7582,1353,86,3,2023-12-29,2024-01-12,Abdominal Pain,Referral,Yes
7583,3535,91,8,2023-07-06,2023-07-20,Stroke,Transfer,No
7584,3461,47,9,2022-05-13,2022-05-21,Pneumonia,Transfer,No
7585,2568,97,4,2022-11-18,2022-11-28,Diabetes,Scheduled,Yes
7586,3142,42,10,2023-11-12,2023-11-19,Migraine,Referral,Yes
7587,2134,76,7,bad-date,2023-02-07,Hypertension,Emergency,No
7588,10,28,8,2025-02-21,2025-02-24,Migraine,Emergency,Yes
7589,387,75,2,2022-12-03,2022-12-06,Abdominal Pain,Scheduled,No
7590,1650,50,3,2023-07-11,2023-07-16,Chest Pain,Transfer,No
7591,1642,3,3,2025-04-30,2025-05-13,Flu,Emergency,No
7592,3494,74,1,2023-10-03,2023-10-12,Hypertension,Referral,No
7593,155,51,9,2024-04-12,2024-04-26,Migraine,Referral,No
7594,3022,9,5,2023-11-10,2023-11-18,Diabetes,Transfer,Yes
7595,1900,7,4,2022-01-26,2022-01-29,Skin Infection,Scheduled,No
7596,4736,85,2,2022-09-17,2022-09-26,Migraine,Referral,No
7597,2687,97,1,2024-08-31,2024-09-05,Flu,Scheduled,Yes
7598,4464,3,3,2023-02-06,2023-02-18,Appendicitis,Referral,No
7599,247,7,4,2022-01-21,2022-01-23,Hypertension,Referral,No
7600,4346,74,1,2024-09-17,2024-09-25,Cancer,Emergency,Yes
7601,3541,33,6,2025-06-01,2025-06-08,Migraine,Referral,Yes
7602,1253,15,9,2024-04-04,2024-04-14,Asthma,Scheduled,No
7603,4619,63,4,2025-04-09,2025-04-22,Appendicitis,Scheduled,No
7604,4097,41,6,2025-06-23,2025-06-30,Back Pain,Scheduled,No
7605,3881,17,2,2022-09-21,2022-10-04,Back Pain,Scheduled,Yes
7606,2588,17,2,2025-10-08,2025-10-15,Hypertension,Referral,No
7607,4863,37,10,2025-01-25,2025-01-27,Chest Pain,Transfer,No
7608,4343,16,4,2022-02-18,2022-02-19,Diabetes,Referral,No
7609,2527,59,1,2024-01-07,2024-01-09,Pneumonia,Referral,No
7610,4017,31,1,2024-09-03,2024-09-14,Cancer,,Yes
7611,468,19,5,2022-01-09,2022-01-22,Abdominal Pain,Scheduled,Yes
7612,4248,64,1,2025-08-10,2025-08-23,Hypertension,Transfer,No
7613,556,62,8,2024-12-14,2024-12-26,Flu,Scheduled,Yes
7614,1091,48,10,2025-09-24,2025-09-25,Cancer,Emergency,No
7615,2956,58,3,2023-04-15,2023-04-18,Pneumonia,Scheduled,Yes
7616,1987,90,9,2022-10-04,2022-10-11,Back Pain,Emergency,Yes
7617,3715,46,9,2023-08-10,2023-08-13,Asthma,Scheduled,Yes
7618,495,79,7,2025-03-22,2025-04-05,Abdominal Pain,Emergency,Yes
7619,2233,20,1,2023-03-03,2023-03-08,Skin Infection,Scheduled,Yes
7620,3426,11,9,2025-12-12,2025-12-21,Migraine,Referral,No
7621,3964,19,5,2024-06-16,2024-06-25,Chest Pain,Transfer,Yes
7622,190,18,7,2025-12-19,2025-12-31,Fracture,Referral,No
7623,3933,90,9,2024-06-24,2024-06-26,Migraine,Transfer,No
7624,1915,27,7,2025-08-13,2025-08-23,Stroke,Emergency,Yes
7625,1001,32,9,2024-06-25,2024-06-26,Diabetes,Scheduled,Yes
7626,3980,34,10,2022-01-23,2022-02-05,Fracture,Emergency,No
7627,4836,37,10,2025-08-01,2025-08-15,Stroke,Transfer,No
7628,1981,34,10,2022-06-25,2022-07-04,Skin Infection,Emergency,No
7629,3660,84,1,2024-05-28,2024-06-11,Abdominal Pain,Referral,Yes
7630,3063,8,1,2022-10-19,2022-10-21,Skin Infection,Transfer,No
7631,2791,78,5,2025-02-21,2025-02-24,Diabetes,Referral,Yes
7632,2990,11,9,2024-08-31,2024-09-07,Kidney Stone,Scheduled,No
7633,725,71,5,2025-09-01,2025-09-11,Hypertension,Referral,No
7634,65,81,1,2023-04-02,2023-04-03,Fracture,Scheduled,No
7635,1819,48,10,2023-10-23,2023-10-29,Cancer,Referral,Yes
7636,4895,58,3,2023-01-06,2023-01-07,Kidney Stone,Referral,No
7637,130,1,6,2025-07-26,2025-08-02,Stroke,Referral,Yes
7638,19,78,5,2022-12-22,2023-01-05,Pneumonia,Referral,No
7639,2022,80,8,2024-04-29,2024-05-07,Kidney Stone,Emergency,No
7640,709,6,3,2024-03-07,2024-03-19,Kidney Stone,Emergency,Yes
7641,700,91,8,2023-04-22,2023-05-03,Kidney Stone,Emergency,Yes
7642,1113,21,2,2023-03-09,2023-03-20,Pneumonia,Scheduled,No
7643,2497,29,8,2023-02-12,2023-02-24,Appendicitis,Referral,No
7644,1702,56,9,2025-12-08,2025-12-22,Chest Pain,Transfer,Yes
7645,1127,50,3,2024-08-31,2024-09-12,Migraine,Emergency,Yes
7646,662,51,9,2023-03-28,2023-04-06,Pneumonia,Referral,No
7647,4783,49,6,2023-01-18,2023-01-21,Fracture,Transfer,yes
7648,2281,89,4,2025-01-05,2025-01-19,Migraine,Scheduled,No
7649,405,77,6,2025-04-20,2025-04-27,Stroke,Emergency,No
7650,4771,25,10,2025-04-03,2025-04-17,Diabetes,Emergency,No
7651,784,46,9,2025-07-14,2025-07-15,Stroke,Transfer,Yes
7652,490,68,9,2022-06-08,2022-06-15,Kidney Stone,Referral,Yes
7653,2797,74,1,2025-12-16,2025-12-27,Skin Infection,Referral,Yes
7654,2992,83,10,2023-02-16,2023-02-27,Flu,Scheduled,Yes
7655,1398,72,2,2023-04-13,2023-04-24,Chest Pain,Scheduled,No
7656,1236,84,1,2023-07-18,2023-07-29,Cancer,Referral,Yes
7657,656,41,6,2022-12-15,2022-12-27,Stroke,Emergency,Yes
7658,3415,34,10,2024-12-15,2024-12-22,Diabetes,Referral,No
7659,3742,76,7,2025-04-06,2025-04-10,Back Pain,Scheduled,No
7660,3301,91,8,2025-06-27,2025-07-08,Asthma,Referral,Yes
7661,4287,76,7,2024-06-06,2024-06-10,Kidney Stone,Transfer,Yes
7662,847,24,1,2025-12-25,2026-01-01,Asthma,Scheduled,Yes
7663,278,41,6,2023-09-30,2023-10-08,Asthma,Referral,Yes
7664,2359,80,8,2023-07-12,2023-07-17,Pneumonia,Scheduled,Yes
7665,4215,25,10,2022-11-13,2022-11-19,Chest Pain,Emergency,Yes
7666,3076,51,9,2025-05-01,2025-05-03,Appendicitis,Scheduled,No
7667,1288,78,5,2024-07-28,2024-08-11,Pneumonia,Emergency,Yes
7668,3554,79,7,2025-11-15,2025-11-16,Skin Infection,Transfer,No
7669,159,22,5,2022-09-22,2022-10-02,Asthma,Scheduled,Yes
7670,3363,46,9,2022-04-09,2022-04-11,Stroke,Scheduled,No
7671,489,38,7,2025-09-23,2025-09-24,Stroke,Scheduled,No
7672,794,62,8,2024-05-05,2024-05-06,Abdominal Pain,Transfer,Yes
7673,1643,64,1,2024-09-04,2024-09-12,Flu,Scheduled,No
7674,2439,3,3,2023-06-21,2023-06-29,Flu,Emergency,No
7675,1241,6,3,2025-09-14,2025-09-23,Flu,Transfer,No
7676,2434,64,1,2024-12-23,2024-12-30,Fracture,Referral,No
7677,2042,2,4,2025-12-09,2025-12-21,Diabetes,Scheduled,Yes
7678,3176,78,5,2023-09-09,2023-09-11,Chest Pain,Scheduled,No
7679,2060,26,8,2022-09-07,2022-09-16,Appendicitis,Emergency,No
7680,330,80,8,2025-01-30,2025-02-13,Pneumonia,Scheduled,Yes
7681,3332,18,7,2024-02-07,2024-02-17,Flu,Scheduled,Yes
7682,1482,36,1,2022-01-18,2022-01-30,Kidney Stone,Referral,Yes
7683,4080,38,7,2025-03-21,2025-03-25,Skin Infection,Scheduled,No
7684,656,53,4,2022-10-14,2022-10-18,Flu,Scheduled,No
7685,1089,66,10,2024-10-20,2024-10-25,Migraine,Emergency,Yes
7686,4665,15,9,2023-02-07,2023-02-11,Pneumonia,Scheduled,No
7687,3466,3,3,2023-02-28,2023-03-10,Pneumonia,Emergency,Yes
7688,3365,42,10,2024-10-22,2024-11-04,Hypertension,Transfer,No
7689,1748,81,1,2024-11-14,2024-11-20,Kidney Stone,Referral,Yes
7690,1138,79,7,2025-04-06,2025-04-15,Asthma,Transfer,Yes
7691,922,67,1,2025-10-30,2025-10-31,Chest Pain,Scheduled,Yes
7692,3699,51,9,2025-04-12,2025-04-13,Kidney Stone,Referral,No
7693,1640,41,6,2022-02-17,2022-02-25,Appendicitis,Scheduled,Yes
7694,4486,69,2,2023-11-23,2023-12-03,Fracture,Transfer,No
7695,2964,31,1,2023-03-23,2023-03-29,Cancer,Referral,Yes
7696,4670,41,6,2025-09-02,2025-09-13,Fracture,Scheduled,Yes
7697,2178,87,4,2025-07-08,2025-07-20,,Scheduled,No
7698,157,51,9,2025-03-25,2025-04-07,Skin Infection,Referral,No
7699,1993,28,8,2024-11-25,2024-12-05,Hypertension,Scheduled,No
7700,2178,64,1,2022-07-03,2022-07-14,Back Pain,Scheduled,No
7701,4454,1,6,2024-03-17,2024-03-24,Migraine,Referral,No
7702,3332,62,8,2025-01-25,2025-02-06,Back Pain,Transfer,Yes
7703,3263,96,9,2024-01-01,2024-01-13,Chest Pain,Emergency,Yes
7704,3935,99,10,2022-04-19,2022-05-01,Diabetes,Emergency,Yes
7705,3450,8,1,2024-03-20,2024-03-24,Kidney Stone,Transfer,Yes
7706,2626,44,4,2023-09-23,2023-09-29,Asthma,Referral,Yes
7707,2739,35,1,2025-07-04,2025-07-06,Flu,Referral,Yes
7708,1808,90,9,2025-01-07,2025-01-14,Diabetes,Referral,No
7709,176,78,5,2023-09-17,2023-09-19,Fracture,Scheduled,Yes
7710,2908,99,10,2024-11-20,2024-11-22,Migraine,Emergency,Yes
7711,76,14,10,2025-10-06,2025-10-08,Cancer,Emergency,No
7712,285,85,2,2023-09-12,2023-09-24,Migraine,Scheduled,Yes
7713,3438,40,1,2023-10-12,2023-10-21,Stroke,Emergency,Yes
7714,282,82,5,2024-03-23,2024-04-04,Fracture,Referral,No
7715,828,75,2,2024-10-02,2024-10-15,Pneumonia,Transfer,Yes
7716,2390,91,8,2023-07-13,2023-07-19,Chest Pain,Transfer,No
7717,4520,21,2,2023-08-18,2023-08-26,Asthma,Scheduled,No
7718,4379,33,6,2024-01-02,2024-01-12,Appendicitis,Scheduled,Yes
7719,393,48,10,2022-03-30,2022-04-01,Abdominal Pain,Emergency,No
7720,178,3,3,2022-10-14,2022-10-21,Skin Infection,Referral,No
7721,3898,59,1,2024-10-09,2024-10-16,Stroke,Emergency,Yes
7722,391,17,2,2025-03-31,2025-04-14,Appendicitis,Transfer,Yes
7723,3601,58,3,2023-12-01,2023-12-07,Flu,Referral,No
7724,2435,93,7,2023-04-21,2023-04-23,Abdominal Pain,Scheduled,No
7725,3130,57,4,2022-07-08,2022-07-10,Asthma,Scheduled,No
7726,1662,43,1,2023-01-02,2023-01-05,Cancer,Scheduled,No
7727,1368,74,1,2025-08-24,2025-08-26,Skin Infection,Transfer,Yes
7728,3826,44,4,2025-05-26,2025-06-08,Fracture,Transfer,Yes
7729,3918,46,9,2022-07-22,2022-07-26,Diabetes,Referral,No
7730,1169,3,3,2024-08-24,2024-08-26,Fracture,Referral,No
7731,3817,86,3,2025-02-08,2025-02-14,Migraine,Emergency,No
7732,4796,34,10,2023-12-09,2023-12-13,Cancer,Scheduled,No
7733,695,14,10,2023-01-14,2023-01-18,Back Pain,Transfer,No
7734,3331,89,4,2023-01-06,2023-01-17,Flu,Referral,Yes
7735,3075,74,1,2024-03-28,2024-04-05,Stroke,Scheduled,Yes
7736,3255,98,7,2023-06-29,2023-07-07,Migraine,Emergency,No
7737,3036,91,8,2022-02-03,2022-02-07,Appendicitis,Referral,Yes
7738,1017,95,1,2024-04-18,2024-04-19,Chest Pain,Referral,No
7739,356,36,1,2024-09-10,2024-09-19,Flu,Transfer,Yes
7740,1087,30,7,2024-09-09,2024-09-21,Stroke,Scheduled,No
7741,1944,47,9,2024-09-28,2024-10-05,Flu,Referral,No
7742,2075,20,1,2025-07-01,2025-07-08,Chest Pain,Scheduled,Yes
7743,2562,37,10,2024-08-23,2024-08-25,Appendicitis,Transfer,No
7744,789,55,3,2024-12-13,2024-12-20,Appendicitis,Referral,No
7745,4305,73,2,2025-06-22,2025-06-29,Diabetes,Referral,Yes
7746,3542,2,4,2022-02-05,2022-02-14,Hypertension,Referral,No
7747,1669,47,9,2025-01-02,2025-01-06,Flu,Referral,Yes
7748,16,7,4,2024-05-03,2024-05-14,Flu,Transfer,Yes
7749,3658,81,1,2024-06-03,2024-06-04,Fracture,Referral,No
7750,1820,3,3,2022-03-06,2022-03-17,Kidney Stone,Transfer,Yes
7751,2301,12,10,2024-01-07,2024-01-10,Appendicitis,Referral,Yes
7752,697,19,5,2025-01-05,2025-01-07,Fracture,Scheduled,Yes
7753,4990,38,7,2023-05-09,2023-05-22,Skin Infection,Emergency,Yes
7754,4495,8,1,2025-01-11,2025-01-19,Flu,Referral,Yes
7755,3719,39,4,2022-08-07,2022-08-10,Stroke,Transfer,Yes
7756,202,21,2,2024-05-17,2024-05-28,Flu,Transfer,No
7757,2806,88,5,2024-11-16,2024-11-23,Diabetes,Referral,Yes
7758,242,50,3,2022-11-05,2022-11-19,Flu,Referral,No
7759,4113,17,2,2025-09-29,2025-09-30,Flu,Scheduled,Yes
7760,2857,25,10,2024-05-29,2024-06-04,Kidney Stone,Referral,Yes
7761,1271,3,3,2023-10-05,2023-10-09,Kidney Stone,Referral,Yes
7762,1914,2,4,2022-12-23,2022-12-29,Diabetes,Referral,No
7763,947,51,9,2022-05-09,2022-05-19,Chest Pain,Referral,No
7764,3746,20,1,2023-01-24,,Hypertension,Referral,No
7765,871,70,6,2024-01-22,2024-02-02,Hypertension,Transfer,Yes
7766,635,27,7,2024-10-26,2024-10-30,Flu,Referral,Yes
7767,2132,56,9,2023-05-21,2023-05-27,Migraine,Transfer,No
7768,3012,69,2,2023-07-22,2023-07-31,Stroke,Referral,No
7769,3753,53,4,2022-12-31,2023-01-01,Asthma,Scheduled,No
7770,4181,50,3,2024-09-19,2024-09-23,Appendicitis,Emergency,Yes
7771,890,91,8,2025-05-07,2025-05-15,Asthma,Emergency,No
7772,2128,26,8,2022-10-11,2022-10-24,Asthma,Referral,Yes
7773,3938,21,2,2025-10-08,2025-10-11,Chest Pain,Referral,Yes
7774,2399,45,4,2025-02-07,2025-02-20,Back Pain,Referral,Yes
7775,1018,70,6,2023-01-07,2023-01-17,Cancer,Emergency,Yes
7776,82,14,10,2022-04-25,2022-04-28,Asthma,Scheduled,Yes
7777,107,86,3,2022-07-29,2022-08-08,Cancer,Emergency,No
7778,1909,73,2,2023-07-12,2023-07-21,Kidney Stone,Scheduled,No
7779,4,28,8,2025-05-15,2025-05-16,Asthma,Emergency,No
7780,3891,9,5,2024-12-27,2025-01-10,Appendicitis,Scheduled,No
7781,391,25,10,2023-06-17,2023-06-23,Hypertension,Referral,Yes
7782,356,22,5,2023-05-28,2023-06-02,Back Pain,Transfer,No
7783,1700,79,7,2025-07-16,2025-07-29,Back Pain,Transfer,No
7784,1480,20,1,2023-10-27,2023-11-04,Appendicitis,Scheduled,Yes
7785,2534,83,10,2022-09-26,2022-09-28,Migraine,Referral,Yes
7786,4163,21,2,2023-02-08,2023-02-12,Pneumonia,Emergency,Yes
7787,299,9,5,2025-04-30,2025-05-04,Skin Infection,Transfer,Yes
7788,1120,51,9,2024-08-12,2024-08-15,Fracture,Referral,No
7789,823,9,5,2025-05-08,2025-05-22,Migraine,Scheduled,No
7790,805,37,10,2024-10-01,2024-10-15,Chest Pain,Transfer,Yes
7791,4805,58,3,2025-02-16,2025-02-25,Pneumonia,Scheduled,No
7792,2779,27,7,2022-05-25,2022-06-03,Back Pain,Referral,No
7793,2523,91,8,2024-03-10,2024-03-20,Hypertension,Referral,Yes
7794,2752,51,9,2023-02-13,2023-02-18,Appendicitis,Emergency,No
7795,4532,83,10,2024-12-15,2024-12-16,Diabetes,Transfer,No
7796,706,8,1,2025-01-21,2025-02-02,,Transfer,No
7797,2133,6,3,2024-03-21,2024-03-27,Back Pain,Emergency,Yes
7798,1193,26,8,2024-01-28,2024-02-04,Stroke,Referral,Yes
7799,2448,98,7,2022-03-11,2022-03-19,Appendicitis,Emergency,No
7800,1174,11,9,2025-12-26,2025-12-27,Chest Pain,Referral,Yes
7801,2711,96,2,2023-01-27,2023-02-04,Diabetes,Scheduled,No
7802,4843,81,1,2024-10-02,2024-10-14,Cancer,Scheduled,Yes
7803,836,8,1,2025-01-24,2025-02-07,Hypertension,Transfer,No
7804,4439,48,10,2025-10-06,2025-10-15,Kidney Stone,Referral,Yes
7805,1428,66,10,2025-04-21,2025-05-02,Abdominal Pain,Scheduled,Yes
7806,3786,56,9,2025-04-18,2025-05-02,Asthma,Emergency,Yes
7807,4353,31,1,2023-06-20,2023-06-28,Flu,Transfer,Yes
7808,3355,36,1,2024-05-14,2024-05-27,Diabetes,Transfer,Yes
7809,2719,84,1,2025-08-18,2025-08-19,Diabetes,Transfer,Yes
7810,2765,2,4,2023-05-01,2023-05-07,Hypertension,Emergency,No
7811,4377,100,3,2024-04-11,2024-04-13,Flu,Emergency,No
7812,178,88,5,2024-08-08,2024-08-15,Appendicitis,Emergency,Yes
7813,2468,85,2,2024-08-09,2024-08-10,Hypertension,Scheduled,No
7814,1566,62,8,2023-09-07,2023-09-18,Asthma,Referral,No
7815,1243,18,7,2025-09-19,2025-09-25,Hypertension,Transfer,No
7816,3746,56,9,2022-12-10,2022-12-12,Cancer,Scheduled,Yes
7817,2615,74,1,2023-04-16,2023-04-17,Diabetes,Transfer,No
7818,4631,57,4,2022-05-06,2022-05-14,Diabetes,Scheduled,No
7819,3960,42,10,2022-09-02,2022-09-04,Appendicitis,Emergency,No
7820,2422,89,4,2022-02-21,2022-03-07,Fracture,Referral,Yes
7821,4397,59,1,2023-10-16,2023-10-30,Abdominal Pain,Transfer,No
7822,1650,89,4,2022-08-20,2022-09-01,Diabetes,Emergency,Yes
7823,3811,50,3,2024-02-29,2024-03-01,Back Pain,Scheduled,No
7824,752,88,5,2022-09-29,2022-10-06,Diabetes,Referral,No
7825,301,80,8,2024-11-17,2024-11-28,Chest Pain,Transfer,Yes
7826,42,30,7,2025-04-23,2025-04-27,Migraine,Emergency,Yes
7827,484,32,9,2023-01-27,2023-02-01,Abdominal Pain,Referral,Yes
7828,4704,25,10,2022-08-15,2022-08-26,Appendicitis,Referral,Yes
7829,1184,12,10,2024-06-06,2024-06-12,Cancer,Emergency,Yes
7830,2959,95,1,2024-09-03,2024-09-16,Kidney Stone,Emergency,Yes
7831,3171,87,4,2024-06-27,2024-07-08,Skin Infection,Referral,Yes
7832,3626,78,5,2022-10-25,2022-11-03,Hypertension,Transfer,Yes
7833,3131,86,3,2025-01-21,2025-01-24,Migraine,Emergency,No
7834,1525,79,7,2024-10-06,2024-10-08,Fracture,Emergency,Yes
7835,2683,96,9,2022-12-12,2022-12-18,Hypertension,Referral,Yes
7836,2283,86,3,2023-01-12,2023-01-14,Flu,Emergency,Yes
7837,777,89,4,2025-01-23,2025-02-06,Stroke,Scheduled,Yes
7838,4811,13,6,2023-06-16,2023-06-22,Migraine,Transfer,Yes
7839,2623,37,10,2023-05-24,2023-05-28,Pneumonia,Emergency,Yes
7840,2628,76,7,2025-12-09,2025-12-15,Abdominal Pain,Referral,Yes
7841,1153,90,9,2023-07-20,2023-07-25,Stroke,Scheduled,Yes
7842,1425,8,1,2024-08-13,2024-08-22,Abdominal Pain,Emergency,Yes
7843,2707,93,7,2022-03-02,2022-03-16,Skin Infection,Referral,Yes
7844,4429,89,4,2022-06-19,2022-06-26,Abdominal Pain,Transfer,Yes
7845,2000,98,7,2023-03-15,2023-03-22,Cancer,Scheduled,No
7846,819,95,1,2022-03-31,2022-04-08,Fracture,Referral,Yes
7847,2600,28,8,2023-08-15,2023-08-26,Fracture,Referral,No
7848,3911,76,7,2023-08-08,2023-08-10,Chest Pain,Referral,Yes
7849,2472,54,1,2022-07-15,2022-07-23,Migraine,,No
7850,3358,26,8,2024-09-27,2024-10-06,Kidney Stone,Emergency,Yes
7851,4263,63,4,2022-07-19,2022-07-31,Chest Pain,Emergency,Yes
7852,72,1,6,2024-03-22,2024-03-26,Migraine,Emergency,No
7853,791,23,2,2025-08-14,2025-08-24,Cancer,Scheduled,No
7854,1220,88,5,2023-04-12,2023-04-25,Asthma,Emergency,Yes
7855,2997,57,4,2025-04-30,2025-05-08,Appendicitis,Transfer,No
7856,1080,26,8,2024-08-15,2024-08-24,Stroke,Referral,Yes
7857,3711,73,2,2025-12-17,2025-12-18,Abdominal Pain,Referral,No
7858,3065,45,4,2022-11-17,2022-11-21,Kidney Stone,Emergency,Yes
7859,1708,89,4,2025-11-24,2025-11-30,Abdominal Pain,Emergency,Yes
7860,1461,30,7,2022-12-09,2022-12-19,Hypertension,Emergency,Yes
7861,954,91,8,2022-11-29,2022-12-12,Migraine,Scheduled,No
7862,870,81,1,2023-12-28,2024-01-08,Skin Infection,Scheduled,Yes
7863,686,22,5,2022-06-21,2022-07-04,Chest Pain,Emergency,Yes
7864,358,71,5,2025-01-11,2025-01-25,Hypertension,Referral,Yes
7865,3178,53,4,2024-02-03,2024-02-13,Kidney Stone,Scheduled,No
7866,3242,13,6,2025-12-26,2025-12-31,Flu,Emergency,Yes
7867,4494,93,7,2022-07-20,2022-07-25,Abdominal Pain,Referral,Yes
7868,4517,51,9,2022-01-24,2022-01-31,Skin Infection,Scheduled,Yes
7869,3961,95,1,2023-09-21,2023-09-26,Appendicitis,Emergency,No
7870,2061,77,6,2025-09-30,2025-10-12,Chest Pain,Scheduled,Yes
7871,2431,78,5,2025-06-21,2025-06-26,Abdominal Pain,Transfer,No
7872,1878,73,2,2022-09-05,2022-09-12,Hypertension,Emergency,No
7873,3237,73,2,2023-08-15,2023-08-17,Stroke,Transfer,No
7874,4572,60,5,2022-02-24,2022-03-08,Back Pain,Emergency,No
7875,1033,80,8,2023-12-14,2023-12-15,Kidney Stone,Transfer,Yes
7876,2754,39,4,2022-08-14,2022-08-25,Flu,Transfer,No
7877,4308,81,1,2023-11-12,2023-11-16,Hypertension,Referral,No
7878,2572,50,3,2024-08-10,2024-08-23,Back Pain,Referral,Yes
7879,4546,81,1,2024-04-06,2024-04-10,Flu,Scheduled,No
7880,1714,26,8,2023-10-15,2023-10-16,Skin Infection,Referral,Yes
7881,944,17,2,2024-08-09,2024-08-14,Back Pain,Emergency,No
7882,1169,54,1,2025-07-02,2025-07-11,Chest Pain,Scheduled,Yes
7883,2784,55,3,2025-09-25,2025-10-02,Hypertension,Referral,Yes
7884,1199,83,10,2022-05-12,2022-05-22,Appendicitis,Referral,No
7885,3070,51,9,2023-02-28,2023-03-11,Skin Infection,Scheduled,No
7886,3350,77,6,2022-04-05,2022-04-08,Kidney Stone,Transfer,No
7887,752,90,9,2025-06-27,2025-07-05,Stroke,Transfer,Yes
7888,1813,65,8,2025-02-28,2025-03-14,Flu,Emergency,Yes
7889,1067,83,10,2022-03-22,2022-03-31,Appendicitis,Referral,Yes
7890,1436,69,2,2025-04-22,2025-05-02,Fracture,Transfer,No
7891,147,6,3,2025-09-29,2025-10-03,Diabetes,Emergency,No
7892,3742,72,2,2025-02-12,2025-02-15,Chest Pain,Referral,Yes
7893,1510,3,3,2024-11-15,2024-11-26,Asthma,Referral,Yes
7894,435,59,1,2024-10-17,2024-10-22,Flu,Transfer,Yes
7895,1473,46,9,2024-04-13,2024-04-17,Appendicitis,Emergency,Yes
7896,3179,76,7,2022-04-19,2022-04-30,Cancer,Transfer,Yes
7897,3619,32,9,2022-12-19,2022-12-30,Skin Infection,Referral,No
7898,4033,97,8,2025-04-22,2025-04-30,Migraine,Referral,Yes
7899,4279,47,9,2022-12-04,2022-12-17,Flu,Scheduled,No
7900,707,77,6,2024-12-17,2024-12-20,Appendicitis,Scheduled,No
7901,54,49,6,2023-11-26,2023-12-04,Asthma,Scheduled,No
7902,3856,19,5,2024-12-07,2024-12-10,Flu,Referral,Yes
7903,3777,65,8,2024-04-04,2024-04-13,Back Pain,Emergency,No
7904,1381,68,9,2025-01-08,2025-01-16,Skin Infection,Scheduled,No
7905,4672,68,9,2024-03-20,2024-03-28,Stroke,Scheduled,No
7906,998,78,5,2024-01-03,2024-01-08,Back Pain,Emergency,No
7907,3873,9,5,2024-08-31,2024-09-07,Pneumonia,Transfer,No
7908,3792,23,2,2024-12-30,2025-01-09,Pneumonia,Referral,No
7909,3507,98,7,2023-12-14,2023-12-20,Flu,Referral,Yes
7910,2157,56,9,2024-01-10,2024-01-20,Cancer,Scheduled,Yes
7911,2201,26,8,2022-04-27,2022-05-07,Back Pain,Referral,Yes
7912,1297,14,10,2025-01-14,2025-01-24,Flu,Scheduled,Yes
7913,2974,88,5,2023-05-25,2023-05-26,Chest Pain,Transfer,No
7914,2155,70,6,2023-03-04,2023-03-18,Fracture,Emergency,No
7915,4092,14,10,2025-05-21,2025-05-23,Appendicitis, referral,Yes
7916,2980,11,9,2024-11-17,2024-12-01,Abdominal Pain,Transfer,No
7917,2689,86,3,2024-04-22,2024-04-29,Abdominal Pain,Transfer,Yes
7918,3704,84,1,2024-01-17,2024-01-31,Stroke,Scheduled,No
7919,374,79,7,2024-07-24,2024-08-05,Chest Pain,Transfer,Yes
7920,2020,84,1,2025-02-28,2025-03-04,Migraine,Transfer,No
7921,4758,47,9,2022-03-29,2022-03-30,Migraine,Referral,Yes
7922,4420,46,9,2025-07-18,2025-07-19,Hypertension,Transfer,Yes
7923,1587,2,4,2024-10-18,2024-10-31,Abdominal Pain,Referral,Yes
7924,3084,30,7,2023-07-21,2023-07-30,Asthma,Emergency,No
7925,3510,41,6,2025-01-21,2025-01-30,Appendicitis,Scheduled,No
7926,254,81,1,2023-06-10,2023-06-19,Asthma,Scheduled,No
7927,586,26,8,2024-08-30,2024-08-31,Appendicitis,Transfer,Yes
7928,1876,85,2,2023-01-25,2023-02-08,Hypertension,Emergency,No
7929,543,15,9,2024-11-03,2024-11-06,Back Pain,Transfer,Yes
7930,3535,89,4,2022-03-30,2022-04-12,Asthma,Scheduled,Yes
7931,3882,80,8,2024-06-22,2024-06-29,Migraine,Transfer,No
7932,166,100,3,2023-12-04,2023-12-12,Kidney Stone,Referral,Yes
7933,2,45,4,2022-03-09,2022-03-20,Hypertension,Emergency,Yes
7934,299,9,5,2024-12-18,2024-12-29,Pneumonia,Transfer,Yes
7935,3272,24,1,2022-05-08,2022-05-10,Diabetes,Emergency,No
7936,4392,72,2,2024-09-10,2024-09-11,Stroke,Emergency,Yes
7937,2523,21,2,2023-05-19,2023-05-22,Asthma,Transfer,Yes
7938,2300,45,4,2024-04-01,2024-04-06,Chest Pain,Emergency,No
7939,273,91,8,2024-09-07,2024-09-17,Abdominal Pain,Referral,Yes
7940,2877,77,6,2022-10-17,2022-10-20,Hypertension,Scheduled,Yes
7941,1866,80,8,2025-08-09,2025-08-23,Chest Pain,Scheduled,Yes
7942,3870,53,4,2023-06-21,2023-07-02,Flu,Scheduled,No
7943,4652,28,8,2022-11-08,2022-11-14,Asthma,Emergency,Yes
7944,3849,6,3,2022-09-12,2022-09-25,Chest Pain,Transfer,No
7945,2508,40,1,2022-06-24,2022-07-05,Asthma,Transfer,Yes
7946,959,37,10,2025-12-04,2025-12-10,Stroke,Referral,No
7947,3931,83,10,2022-06-12,2022-06-19,Abdominal Pain,Scheduled,No
7948,802,64,1,2025-10-17,2025-10-23,Asthma,,No
7949,4382,99,10,2022-05-12,2022-05-25,Migraine,Emergency,No
7950,2691,85,2,2022-03-02,2022-03-04,Abdominal Pain,Referral,No
7951,3730,2,4,2022-01-25,2022-01-30,Abdominal Pain,Emergency,Yes
7952,3975,25,10,2025-08-05,2025-08-09,Appendicitis,Referral,Yes
7953,846,82,5,2022-12-15,2022-12-24,Abdominal Pain,Transfer,Yes
7954,1874,16,4,2024-12-04,2024-12-13,Fracture,Referral,No
7955,3666,5,5,2022-07-05,2022-07-12,Hypertension,Emergency,No
7956,708,85,2,2025-06-02,2025-06-12,Stroke,Referral,No
7957,1388,45,4,2025-11-20,2025-11-24,Chest Pain,Scheduled,No
7958,1942,58,3,2022-01-29,2022-02-08,Migraine,Scheduled,Yes
7959,3180,46,9,2025-07-01,2025-07-15,Cancer,Referral,No
7960,2252,1,6,2025-01-29,2025-01-30,Stroke,Referral,Yes
7961,4247,18,7,2022-08-25,2022-09-05,Chest Pain,Referral,No
7962,1549,2,4,2024-10-30,2024-11-03,Cancer,Transfer,No
7963,1121,85,2,2023-11-26,2023-11-28,Skin Infection,Scheduled,Yes
7964,4594,81,1,2025-04-23,2025-04-29,Fracture,Referral,Yes
7965,278,23,2,2024-03-06,2024-03-10,Cancer,Transfer,No
7966,4852,29,8,2024-01-24,2024-01-29,Migraine,Transfer,Yes
7967,3666,44,4,2023-10-16,2023-10-21,Chest Pain,Scheduled,Yes
7968,1277,31,1,2025-08-18,2025-08-30,Migraine,Emergency,Yes
7969,3653,5,5,2024-10-25,2024-11-06,Cancer,Referral,No
7970,2501,28,8,2024-12-13,2024-12-16,Asthma,Transfer,Yes
7971,4584,21,2,2024-06-21,2024-06-27,Cancer,Transfer,No
7972,4297,6,3,2024-08-11,2024-08-21,Skin Infection,Emergency,Yes
7973,2917,16,4,2025-11-20,2025-11-24,Diabetes,Referral,No
7974,4772,21,2,2025-04-05,2025-04-19,Cancer,Scheduled,Yes
7975,4101,49,6,2025-10-12,2025-10-16,Migraine,Referral,No
7976,1391,29,8,2024-02-31,2024-03-11,Fracture,Transfer,Yes
7977,4302,43,1,2025-12-19,2025-12-28,Migraine,Emergency,Yes
7978,2114,48,10,2024-09-24,2024-09-30,Skin Infection,Transfer,Yes
7979,4356,53,4,2025-01-22,2025-01-31,Hypertension,Referral,Yes
7980,3756,39,4,2023-10-04,2023-10-06,Diabetes,Referral,Yes
7981,2403,60,5,2022-06-02,2022-06-11,Stroke,Transfer,Yes
7982,153,84,1,2022-03-21,2022-03-22,Kidney Stone,Scheduled,Yes
7983,429,32,9,2023-11-30,2023-12-11,Pneumonia,Transfer,No
7984,803,60,5,2025-07-24,2025-07-27,Skin Infection,Transfer,Yes
7985,1056,36,1,2025-07-02,2025-07-07,Kidney Stone,Transfer,Yes
7986,3475,97,1,2025-10-10,2025-10-11,Back Pain,Scheduled,No
7987,3023,83,10,2024-01-05,2024-01-17,Skin Infection,Scheduled,Yes
7988,2423,97,7,2025-07-12,2025-07-14,Appendicitis,Scheduled,No
7989,255,11,9,2025-02-11,2025-02-21,Diabetes,Scheduled,No
7990,1026,15,9,2024-09-19,2024-09-30,Pneumonia,Scheduled,No
7991,17,56,9,2025-05-28,2025-06-04,Asthma,Referral,No
7992,4469,64,1,2025-04-14,2025-04-19,Cancer,Scheduled,Yes
7993,3702,25,10,2023-02-09,2023-02-12,Pneumonia,Emergency,No
7994,1440,36,1,2025-12-19,2025-12-28,Hypertension,Transfer,Yes
7995,3740,37,10,2023-03-21,2023-03-27,Flu,Referral,No
7996,4675,28,8,2022-09-19,2022-09-28,Appendicitis,Referral,Yes
7997,2373,18,7,2022-04-17,2022-04-30,Chest Pain,Emergency,Yes
7998,2345,8,1,2025-04-09,2025-04-23,Hypertension,emergency,Yes
7999,4582,81,1,2023-03-08,2023-03-20,Flu,Referral,No
8000,466,26,8,2024-07-14,2024-07-27,Fracture,Referral,Yes
8001,4982,23,2,2025-08-28,2025-09-04,Back Pain,Scheduled,No
8002,1327,55,3,2022-05-20,2022-05-28,Chest Pain,Emergency,No
8003,2093,12,10,2024-12-07,2024-12-16,Abdominal Pain,Scheduled,Yes
8004,4156,58,3,2022-03-07,2022-03-08,Pneumonia,Emergency,Yes
8005,3517,97,2,2023-03-19,2023-03-29,Cancer,Scheduled,Yes
8006,1270,28,8,2025-04-16,2025-04-27,Skin Infection,Transfer,No
8007,2373,43,1,2022-07-14,2022-07-28,Pneumonia,Scheduled,No
8008,3445,84,1,2025-11-07,2025-11-18,Hypertension,Transfer,No
8009,3517,1,6,2024-07-04,2024-07-16,Asthma,Referral,No
8010,1041,98,7,2022-01-08,2022-01-16,Hypertension,Transfer,No
8011,844,30,7,2025-08-15,2025-08-21,Abdominal Pain,Scheduled,Yes
8012,2022,12,10,2022-12-25,2023-01-03,Cancer,Referral,Yes
8013,727,66,10,2024-05-30,2024-06-11,Abdominal Pain,Emergency,No
8014,2203,17,2,2023-02-13,2023-02-15,Back Pain,Emergency,Yes
8015,3090,18,7,2023-12-25,2024-01-07,Appendicitis,Referral,No
8016,3240,52,5,2025-12-15,2025-12-23,Migraine,Transfer,No
8017,2803,4,2,2024-01-14,2024-01-22,Chest Pain,Emergency,No
8018,1902,33,6,2022-09-19,2022-09-25,Migraine,Scheduled,No
8019,73,69,2,2024-01-17,2024-01-29,Kidney Stone,Emergency,Yes
8020,2953,40,1,2025-03-15,2025-03-20,Appendicitis,Referral,Yes
8021,2427,55,3,2024-01-30,2024-02-03,Migraine,Scheduled,No
8022,2461,84,1,2022-11-09,2022-11-12,Kidney Stone,Emergency,Yes
8023,1255,54,1,2022-01-06,2022-01-09,Cancer,Transfer,No
8024,4595,4,2,2023-10-23,2023-10-31,Cancer,Transfer,No
8025,1620,27,7,2023-12-07,2023-12-10,Hypertension,Emergency,No
8026,3233,12,10,2022-06-24,2022-06-25,Abdominal Pain,Transfer,No
8027,1641,5,5,2022-12-01,2022-12-15,Skin Infection,Transfer,No
8028,2817,32,9,2024-01-17,2024-01-29,Abdominal Pain,Emergency,No
8029,3808,80,8,2022-08-07,2022-08-18,Appendicitis,Scheduled,Yes
8030,2176,67,1,2024-03-30,2024-04-08,Skin Infection,Scheduled,Yes
8031,4560,91,8,2024-01-02,2024-01-08,Diabetes,Referral,Yes
8032,239,100,3,2025-10-02,2025-10-12,Fracture,Referral,No
8033,3466,57,4,2023-04-29,2023-04-30,Skin Infection,Emergency,No
8034,4448,85,2,2022-01-09,2022-01-18,Diabetes,Scheduled,No
8035,1052,64,1,2025-11-26,2025-12-01,Asthma,Emergency,Yes
8036,657,97,2,2022-07-02,2022-07-08,Asthma,Transfer,Yes
8037,987,95,1,2022-05-14,2022-05-15,Stroke,Referral,No
8038,2794,59,1,2025-12-09,2025-12-19,Abdominal Pain,Scheduled,Yes
8039,4242,13,6,2022-10-31,2022-11-05,Hypertension,Emergency,No
8040,4024,52,5,2024-03-01,2024-03-11,Asthma,Referral,No
8041,3533,12,10,2023-11-11,2023-11-21,Diabetes,Emergency,Yes
8042,2455,41,6,2022-12-11,2022-12-21,Back Pain,Transfer,Yes
8043,3734,85,2,2023-02-20,2023-03-04,Hypertension,Referral,Yes
8044,807,99,10,2022-05-23,2022-05-27,Skin Infection,Transfer,No
8045,59,73,2,2023-01-27,2023-01-29,Abdominal Pain,Emergency,No
8046,860,62,8,2023-04-08,2023-04-14,Stroke,Referral,No
8047,1006,62,8,2024-09-04,2024-09-12,Pneumonia,Emergency,No
8048,3131,37,10,2022-05-01,2022-05-14,Diabetes,Transfer,Yes
8049,2626,73,2,2023-12-02,2023-12-06,Migraine,Referral,No
8050,3726,79,7,2024-08-26,2024-08-29,Skin Infection,Emergency,Yes
8051,4055,20,1,2023-10-19,2023-10-29,Chest Pain,Transfer,Yes
8052,3210,93,7,2024-12-31,2025-01-10,Flu,Scheduled,No
8053,2587,3,3,2022-08-05,2022-08-10,Skin Infection,Emergency,Yes
8054,1386,64,1,2022-02-26,2022-03-11,Abdominal Pain,Scheduled,No
8055,2268,92,5,2024-04-10,2024-04-16,Stroke,Transfer,No
8056,554,95,1,2025-07-13,2025-07-26,Hypertension,Referral,Yes
8057,4085,23,2,2023-01-24,2023-02-04,Back Pain,Transfer,No
8058,2544,26,8,2023-10-27,2023-11-01,Appendicitis,Transfer,Yes
8059,975,41,6,2022-12-19,2022-12-26,Flu,Emergency,No
8060,2432,69,2,2024-02-28,2024-03-09,Stroke,Scheduled,No
8061,4213,67,1,2023-01-20,2023-01-30,Appendicitis,Referral,No
8062,4908,15,9,2025-12-28,2026-01-08,Asthma,Transfer,No
8063,4679,83,10,2022-06-15,2022-06-20,Migraine,Referral,No
8064,140,29,8,2023-01-02,2023-01-14,Fracture,Emergency,Yes
8065,2155,82,5,2024-11-10,2024-11-21,Back Pain,Emergency,No
8066,1304,63,4,2023-06-26,2023-06-29,Back Pain,Referral,Yes
8067,2949,77,6,2024-02-18,2024-02-24,Migraine,Referral,Yes
8068,3952,28,8,2024-07-28,2024-08-09,Pneumonia,Emergency,No
8069,938,56,9,2024-11-05,2024-11-18,Cancer,Scheduled,No
8070,1375,35,1,2022-09-02,2022-09-11,Flu,Referral,Yes
8071,2373,68,9,2025-04-17,2025-05-01,Hypertension,Emergency,No
8072,163,51,9,2024-10-05,2024-10-06,Flu,Transfer,No
8073,1035,35,1,2022-03-05,2022-03-14,Pneumonia,Scheduled,Yes
8074,430,4,2,2025-10-11,2025-10-21,Pneumonia,Transfer,Yes
8075,1895,67,1,2023-10-22,2023-10-25,Skin Infection,Scheduled,No
8076,4047,4,2,2022-10-19,2022-10-31,Asthma,Transfer,Yes
8077,549,70,6,2022-12-10,2022-12-16,Appendicitis,Emergency,No
8078,3707,63,4,2023-04-21,2023-05-03,Diabetes,Transfer,No
8079,1972,52,5,2023-04-10,2023-04-20,Appendicitis,Transfer,Yes
8080,1808,51,9,2022-08-27,2022-09-10,Flu,Referral,Yes
8081,3350,69,2,2022-12-06,2022-12-09,Kidney Stone,Scheduled,Yes
8082,3373,75,2,2022-06-01,2022-06-11,Chest Pain,Transfer,Yes
8083,3900,71,5,2023-03-02,2023-03-03,Hypertension,Scheduled,Yes
8084,3016,49,6,2023-09-25,2023-09-30,Diabetes,Referral,No
8085,4493,75,2,2025-11-07,2025-11-15,Flu,Referral,Yes
8086,4475,59,1,2023-10-12,2023-10-23,Skin Infection,Scheduled,Yes
8087,797,70,6,2025-09-03,2025-09-07,Abdominal Pain,Emergency,Yes
8088,711,42,10,2025-12-17,2025-12-25,Fracture,Scheduled,Yes
8089,4378,27,7,2025-12-08,2025-12-15,Back Pain,Emergency,No
8090,1514,19,5,2024-10-27,2024-11-04,Cancer,Referral,No
8091,1909,12,10,2022-05-12,2022-05-26,Hypertension,Scheduled,Yes
8092,2413,67,1,2022-08-17,2022-08-24,Diabetes,Emergency,Yes
8093,2047,55,3,2022-12-20,2022-12-29,Skin Infection,Referral,No
8094,510,14,10,2024-02-03,2024-02-12,Stroke,Transfer,No
8095,886,73,2,2024-05-01,2024-05-07,Pneumonia,Transfer,Yes
8096,77,22,5,2025-10-05,2025-10-19,Asthma,Transfer,Yes
8097,1673,18,7,2025-08-08,2025-08-19,Appendicitis,Scheduled,No
8098,3560,50,3,2022-12-31,2023-01-10,Hypertension,Emergency,Yes
8099,3741,37,10,2022-05-18,2022-06-01,Pneumonia,Scheduled,Yes
8100,3621,45,4,2025-09-29,2025-10-12,Asthma,Transfer,Yes
8101,2777,6,3,2025-10-30,2025-11-08,Pneumonia,Scheduled,Yes
8102,2248,64,1,2025-09-09,2025-09-20,Stroke,Scheduled,Yes
8103,780,76,7,2022-09-25,2022-09-30,Cancer,Emergency,No
8104,2291,66,10,2024-12-22,2024-12-25,Migraine,Emergency,Yes
8105,1773,46,9,2024-05-08,2024-05-16,Pneumonia,Emergency,No
8106,517,83,10,2025-04-19,2025-04-20,Diabetes,Referral,No
8107,1829,94,2,2023-07-21,2023-08-02,Back Pain,Scheduled,No
8108,1418,23,2,2022-04-12,2022-04-21,Cancer,Referral,Yes
8109,212,85,2,2022-08-04,2022-08-10,Kidney Stone,Emergency,No
8110,2323,85,2,2025-01-10,2025-01-23,Cancer,Transfer,Yes
8111,1043,3,3,2024-04-14,2024-04-23,Asthma,Transfer,Yes
8112,3360,36,1,2023-05-04,2023-05-15,Skin Infection,Referral,Yes
8113,3051,21,2,2023-05-25,2023-05-31,Cancer,Scheduled,Yes
8114,1107,74,1,2025-07-20,2025-07-21,Diabetes,Transfer,No
8115,3018,14,10,2024-01-14,2024-01-16,Appendicitis,Referral,No
8116,3613,97,3,2023-05-13,2023-05-24,Migraine,Scheduled,No
8117,3220,81,1,2024-05-07,2024-05-12,Appendicitis,Referral,No
8118,2750,84,1,2022-01-16,2022-01-20,Fracture,Referral,Yes
8119,2182,50,3,2024-10-31,2024-11-13,Stroke,Emergency,Yes
8120,2628,89,4,2022-10-03,2022-10-11,Kidney Stone,Transfer,No
8121,309,80,8,2024-03-15,2024-03-16,Fracture,Emergency,No
8122,2964,89,4,2024-10-23,2024-10-29,Asthma,Scheduled,No
8123,1909,17,2,2022-12-21,2022-12-31,Cancer,Emergency,No
8124,2756,89,4,2024-09-20,2024-09-27,Fracture,Referral,Yes
8125,2030,77,6,2025-04-06,2025-04-19,Appendicitis,Emergency,Yes
8126,2005,53,4,2023-03-28,2023-03-29,Asthma,Emergency,Yes
8127,3645,92,5,2025-09-27,2025-10-09,Appendicitis,Emergency,No
8128,978,79,7,2024-10-31,2024-11-14,Appendicitis,Emergency,Yes
8129,4497,60,5,2025-10-14,2025-10-16,Asthma,Transfer,Yes
8130,2188,84,1,2022-06-29,2022-06-30,Chest Pain,Referral,No
8131,3994,98,7,2025-10-18,2025-10-21,Migraine,Scheduled,No
8132,2243,17,2,2022-03-13,2022-03-24,Abdominal Pain,Transfer,No
8133,1461,82,5,2024-08-04,2024-08-06,Kidney Stone,Transfer,Yes
8134,1574,57,4,2023-12-04,2023-12-11,Kidney Stone,Referral,No
8135,3616,96,2,2023-06-24,2023-07-08,Fracture,Transfer,No
8136,4361,74,1,2023-04-19,2023-05-03,Asthma,Emergency,No
8137,2579,77,6,2022-01-23,2022-02-01,Skin Infection,Transfer,Yes
8138,488,20,1,2024-01-26,2024-01-28,Back Pain,Scheduled,Yes
8139,3232,6,3,2022-12-09,2022-12-22,Chest Pain,Scheduled,Yes
8140,2148,38,7,2022-05-22,2022-06-05,Flu,Emergency,Yes
8141,1407,23,2,2022-03-10,2022-03-12,Fracture,Scheduled,Yes
8142,3369,4,2,2025-07-18,2025-07-28,Back Pain,Scheduled,Yes
8143,4322,79,7,2023-01-23,2023-01-31,Hypertension,Transfer,Yes
8144,3430,32,9,2023-05-09,2023-05-12,Cancer,Scheduled,Yes
8145,427,2,4,2022-11-10,2022-11-23,Fracture,Scheduled,No
8146,1336,16,4,2022-10-17,2022-10-22,Hypertension,Emergency,No
8147,1131,17,2,2023-07-09,2023-07-11,Appendicitis,Referral,No
8148,359,3,3,2024-04-01,2024-04-06,Kidney Stone,Scheduled,No
8149,3713,89,4,2024-06-08,2024-06-18,Hypertension,Scheduled,Yes
8150,1433,60,5,2024-04-01,2024-04-11,Stroke,Emergency,No
8151,2583,6,3,2025-10-09,2025-10-18,Pneumonia,Emergency,Y
8152,3545,93,7,2025-06-26,2025-06-29,Appendicitis,Scheduled,No
8153,1321,95,1,2023-11-10,2023-11-14,Cancer,Scheduled,No
8154,2373,41,6,2023-04-08,2023-04-16,Migraine,Emergency,Yes
8155,1528,50,3,2025-01-15,2025-01-20,Kidney Stone,Emergency,No
8156,3412,38,7,2023-02-11,2023-02-14,Abdominal Pain,Emergency,No
8157,2718,80,8,2023-04-10,2023-04-12,Pneumonia,Referral,Yes
8158,4357,23,2,2024-07-09,2024-07-19,Hypertension,Transfer,No
8159,2493,44,4,2024-07-13,2024-07-17,Migraine,Referral,No
8160,968,28,8,2022-10-05,2022-10-09,Asthma,Transfer,Yes
8161,3415,24,1,2024-01-24,2024-01-27,Fracture,Emergency,Yes
8162,4894,86,3,2024-08-02,2024-08-06,Abdominal Pain,Scheduled,No
8163,2451,43,1,2022-10-24,2022-11-06,Hypertension,Referral,No
8164,1211,36,1,2022-10-26,2022-11-06,Hypertension,Referral,Yes
8165,3388,88,5,2024-10-04,2024-10-08,Skin Infection,Emergency,No
8166,3102,93,7,2022-08-21,2022-08-25,Diabetes,Transfer,No
8167,1872,85,2,2025-09-21,2025-10-05,Cancer,Referral,No
8168,343,4,2,2022-12-17,2022-12-31,Pneumonia,Emergency,Yes
8169,3558,99,10,2024-07-22,2024-07-31,Skin Infection,Transfer,No
8170,841,21,2,2024-09-04,2024-09-16,Flu,Emergency,No
8171,4007,4,2,2025-12-28,2025-12-31,Appendicitis,Scheduled,Yes
8172,1905,67,1,2023-01-11,2023-01-12,Hypertension,Emergency,Yes
8173,1786,76,7,2022-01-25,2022-02-08,Diabetes,Emergency,Yes
8174,4581,7,4,2022-04-14,2022-04-24,Pneumonia,Scheduled,Yes
8175,31,26,8,2025-01-18,2025-02-01,Back Pain,Transfer,Yes
8176,2739,15,9,2023-08-18,2023-08-20,Appendicitis,Scheduled,No
8177,3007,37,10,2022-04-24,2022-05-07,Diabetes,Transfer,Yes
8178,2305,18,7,2025-05-02,2025-05-08,Back Pain,Referral,No
8179,1820,66,10,2024-09-14,2024-09-15,Cancer,Transfer,Yes
8180,2600,85,2,2023-09-12,2023-09-15,Pneumonia,Emergency,No
8181,4498,85,2,2023-02-13,2023-02-16,Stroke,Scheduled,No
8182,514,90,9,2024-02-07,2024-02-16,Back Pain,Transfer,No
8183,2557,33,6,2025-06-03,2025-06-10,Fracture,Scheduled,No
8184,1234,38,7,2024-03-13,2024-03-20,Hypertension,Referral,No
8185,1486,77,6,2023-06-09,2023-06-18,Migraine,Scheduled,Yes
8186,195,79,7,2022-02-17,2022-02-18,Diabetes,Referral,Yes
8187,803,6,3,2022-05-19,2022-05-26,Abdominal Pain,Emergency,No
8188,212,95,1,2024-06-01,2024-06-09,Abdominal Pain,Emergency,No
8189,2002,2,4,2022-11-25,2022-11-30,Diabetes,Scheduled,No
8190,257,65,8,2025-12-15,2025-12-28,Hypertension,Referral,No
8191,1434,27,7,2023-03-28,2023-04-10,Chest Pain,Transfer,No
8192,613,46,9,2022-09-05,2022-09-14,Kidney Stone,Emergency,Yes
8193,2051,23,2,2025-11-04,2025-11-13,Abdominal Pain,Emergency,No
8194,687,85,2,2023-07-27,2023-08-04,Stroke,Scheduled,Yes
8195,2670,29,8,2024-08-08,2024-08-18,Back Pain,Emergency,No
8196,2743,64,1,2022-11-03,2022-11-12,Stroke,Transfer,No
8197,4507,39,4,2025-08-20,2025-09-03,Diabetes,Emergency,No
8198,1044,93,7,2025-02-11,2025-02-14,Asthma,Emergency,Yes
8199,3227,19,5,2023-06-18,2023-06-22,Abdominal Pain,Referral,Yes
8200,4713,11,9,2024-08-06,2024-08-17,Abdominal Pain,Scheduled,No
8201,4628,30,7,2022-11-08,2022-11-18,Chest Pain,Referral,No
8202,232,43,1,2023-10-18,2023-10-23,Kidney Stone,Transfer,Yes
8203,1148,12,10,2025-02-08,2025-02-11,Appendicitis,Emergency,Yes
8204,3201,100,3,2022-10-12,2022-10-19,Skin Infection,Transfer,Yes
8205,352,72,2,2023-09-05,2023-09-10,Flu,Transfer,No
8206,312,82,5,2024-09-27,2024-10-05,Cancer,Transfer,Yes
8207,4265,53,4,2024-10-17,2024-10-22,Fracture,Scheduled,Yes
8208,4527,96,10,2024-12-02,2024-12-15,Chest Pain,Scheduled,No
8209,4556,66,10,2022-04-30,2022-05-05,Cancer,Transfer,Yes
8210,2918,22,5,2023-12-28,2024-01-09,Chest Pain,Emergency,Yes
8211,927,42,10,2023-03-29,2023-04-08,Stroke,Referral,Yes
8212,531,94,2,2023-02-03,2023-02-05,Fracture,Referral,Yes
8213,547,39,4,2024-11-02,2024-11-08,Abdominal Pain,Transfer,No
8214,623,58,3,2023-07-02,2023-07-06,Kidney Stone,Emergency,Yes
8215,3364,17,2,2022-06-10,2022-06-20,Appendicitis,Scheduled,Yes
8216,2446,47,9,2024-07-14,2024-07-17,Asthma,Referral,No
8217,1527,42,10,2024-11-19,2024-11-30,Asthma,Transfer,Yes
8218,962,73,2,2025-11-06,2025-11-18,Migraine,Transfer,Yes
8219,990,55,3,2022-01-02,2022-01-11,Diabetes,Emergency,No
8220,2440,86,3,2023-11-21,2023-11-24,Chest Pain,Referral,No
8221,965,83,10,2023-11-07,2023-11-08,Back Pain,Referral,No
8222,910,12,10,2022-04-11,2022-04-25,Abdominal Pain,Emergency,Yes
8223,123,52,5,2025-11-07,2025-11-09,Chest Pain,Referral,No
8224,767,8,1,2023-10-16,2023-10-24,Skin Infection,Transfer,Yes
8225,2031,81,1,2024-08-03,2024-08-05,Fracture,Emergency,Yes
8226,4800,40,1,2025-08-02,2025-08-05,Back Pain,Transfer,Yes
8227,366,8,1,2023-02-10,2023-02-17,Flu,Transfer,No
8228,75,56,9,2023-03-06,2023-03-09,Skin Infection,Transfer,Yes
8229,2879,75,2,2023-07-13,2023-07-25,Back Pain,Referral,No
8230,504,51,9,2025-03-17,2025-03-28,Flu,Referral,No
8231,4849,73,2,2022-08-09,2022-08-15,Pneumonia,Referral,Yes
8232,3884,89,4,2023-10-05,2023-10-16,Hypertension,Emergency,Yes
8233,3084,82,5,2022-08-02,2022-08-08,Fracture,Transfer,No
8234,2285,100,3,2023-03-30,2023-04-12,Diabetes,Transfer,Yes
8235,1812,2,4,2022-02-23,2022-03-09,Fracture,Emergency,Yes
8236,2523,87,4,2023-12-20,2024-01-02,Abdominal Pain,Scheduled,Yes
8237,4316,97,3,2023-02-20,2023-02-26,Hypertension,Transfer,Yes
8238,547,12,10,2023-08-16,2023-08-26,Asthma,Scheduled,No
8239,4059,53,4,2025-01-14,2025-01-19,Back Pain,Referral,No
8240,540,85,2,2022-11-04,2022-11-06,Flu,Emergency,No
8241,420,49,6,2022-10-30,2022-11-13,Pneumonia,Emergency,No
8242,4445,75,2,2023-09-23,2023-09-26,Back Pain,Transfer,Yes
8243,1611,20,1,2022-01-30,2022-01-31,Kidney Stone,Scheduled,Yes
8244,1307,80,8,2022-08-21,2022-08-27,Migraine,Scheduled,No
8245,4985,40,1,2025-12-05,2025-12-08,Skin Infection,Scheduled,Yes
8246,903,19,5,2022-08-24,2022-08-25,Chest Pain,Transfer,Yes
8247,703,24,1,2025-11-02,2025-11-07,Abdominal Pain,Referral,Yes
8248,1618,51,9,2022-01-15,2022-01-27,Pneumonia,Referral,No
8249,4014,31,1,2023-01-03,2023-01-15,Pneumonia,Emergency,No
8250,848,22,5,2023-05-27,2023-06-08,Pneumonia,Emergency,No
8251,2707,40,1,2022-01-04,2022-01-14,Fracture,Referral,Yes
8252,3088,92,5,2024-11-11,2024-11-22,Kidney Stone,Transfer,Yes
8253,2291,71,5,2022-04-24,2022-04-28,Hypertension,Transfer,No
8254,3049,51,9,2025-11-08,2025-11-18,Fracture,Emergency,Yes
8255,4983,5,5,2023-05-23,2023-06-01,Abdominal Pain,Transfer,No
8256,2715,54,1,2024-07-09,2024-07-16,Back Pain,Emergency,Yes
8257,2179,24,1,2025-02-13,2025-02-16,Fracture,Scheduled,No
8258,2214,31,1,2022-02-12,2022-02-24,Migraine,Transfer,Yes
8259,2523,23,2,2024-09-20,2024-09-23,Stroke,Emergency,No
8260,662,95,1,2023-01-31,2023-02-10,Chest Pain,Referral,Yes
8261,2382,73,2,2022-08-16,2022-08-29,Asthma,Emergency,Yes
8262,649,20,1,2024-12-17,2024-12-22,Pneumonia,Referral,No
8263,737,77,6,2024-03-19,2024-04-02,Pneumonia,Scheduled,Yes
8264,3299,96,9,2024-05-06,2024-05-09,Chest Pain,Emergency,Yes
8265,3833,62,8,2022-10-20,2022-10-28,Asthma,Emergency,No
8266,2962,46,9,2025-05-15,2025-05-16,Flu,Referral,Yes
8267,882,2,4,2023-03-20,2023-04-03,Migraine,Referral,No
8268,4874,35,1,2023-03-18,2023-03-19,Back Pain,Transfer,No
8269,4873,65,8,2025-08-29,2025-09-10,Pneumonia,Emergency,No
8270,3323,65,8,2022-06-02,2022-06-05,Appendicitis,Emergency,Yes
8271,1471,19,5,2024-04-10,2024-04-20,Cancer,Referral,Yes
8272,4981,7,4,2024-05-09,2024-05-12,Cancer,Referral,No
8273,1168,4,2,2024-01-29,2024-02-01,Back Pain,Emergency,Yes
8274,307,55,3,2023-11-22,2023-11-30,Back Pain,Emergency,Yes
8275,4587,64,1,2023-12-27,2024-01-08,Fracture,Scheduled,No
8276,4145,3,3,2025-08-25,2025-09-07,Skin Infection,Emergency,Yes
8277,1609,56,9,2022-04-26,2022-05-10,Back Pain,Referral,No
8278,4059,34,10,2022-09-23,2022-09-25,Migraine,Scheduled,No
8279,2151,95,1,2025-11-19,2025-12-03,Stroke,Scheduled,No
8280,813,72,2,2025-04-18,2025-04-27,Hypertension,Referral,No
8281,3754,51,9,2025-04-10,2025-04-13,Pneumonia,Transfer,Yes
8282,2919,72,2,2025-12-04,2025-12-18,Migraine,Transfer,Yes
8283,3942,88,5,2022-11-16,2022-11-18,Appendicitis,Transfer,No
8284,462,46,9,2023-04-08,2023-04-09,Migraine,Referral,Yes
8285,709,83,10,2025-06-03,2025-06-11,Migraine,Emergency,No
8286,2025,83,10,2025-06-23,2025-06-29,Cancer,Emergency,No
8287,13,6,3,2025-07-02,2025-07-10,Back Pain,Referral,Yes
8288,3830,32,9,2023-05-06,2023-05-16,Appendicitis,Scheduled,No
8289,941,100,3,2022-02-20,2022-03-05,Cancer,Emergency,Yes
8290,1724,12,10,2024-12-02,2024-12-09,Stroke,Scheduled,No
8291,4714,9,5,2023-06-07,2023-06-19,Asthma,Scheduled,No
8292,3084,93,7,2024-03-07,2024-03-11,Cancer,Emergency,Yes
8293,346,75,2,2022-08-29,2022-09-07,Stroke,Emergency,No
8294,1920,81,1,2022-11-25,2022-12-08,Diabetes,Referral,Yes
8295,2229,83,10,2022-05-12,2022-05-22,Appendicitis,Scheduled,No
8296,4306,51,9,2022-03-07,2022-03-15,Abdominal Pain,Emergency,No
8297,3988,41,6,2023-08-18,2023-08-24,Kidney Stone,Emergency,No
8298,2976,91,8,2024-03-21,2024-03-30,Abdominal Pain,Transfer,Yes
8299,2415,100,3,2024-09-30,2024-10-08,Back Pain,Emergency,Yes
8300,710,81,1,2023-01-25,2023-02-03,Kidney Stone,Referral,No
8301,4432,59,1,2022-05-27,2022-06-06,Back Pain,Emergency,Yes
8302,1534,9,5,2022-08-29,2022-09-06,Hypertension,Referral,No
8303,3189,49,6,2025-04-22,2025-04-29,Diabetes,Referral,No
8304,4744,59,1,2025-10-02,2025-10-12,Fracture,Scheduled,No
8305,4882,35,1,2024-12-10,2024-12-12,Fracture,Scheduled,No
8306,1055,76,7,2025-09-28,2025-10-04,Stroke,Referral,Yes
8307,241,45,4,2023-08-18,2023-08-24,Fracture,Emergency,No
8308,1099,14,10,2023-08-08,2023-08-20,Back Pain,Scheduled,Yes
8309,3429,96,7,2023-12-16,2023-12-18,Skin Infection,Referral,Yes
8310,1624,51,9,2025-09-17,2025-10-01,Stroke,Referral,Yes
8311,1143,75,2,2025-01-12,2025-01-26,Diabetes,Transfer,No
8312,4575,82,5,2023-03-23,2023-03-27,Pneumonia,Transfer,Yes
8313,1003,3,3,2022-02-17,2022-02-21,Abdominal Pain,Referral,No
8314,3898,17,2,2025-03-04,2025-03-06,Flu,Referral,No
8315,824,42,10,2025-09-23,2025-09-26,Diabetes,Scheduled,No
8316,1161,28,8,2025-12-11,2025-12-12,Skin Infection,Emergency,No
8317,1158,91,8,2024-03-26,2024-03-27,Appendicitis,Transfer,Yes
8318,1028,36,1,2022-09-21,2022-09-22,Migraine,Referral,Yes
8319,2726,51,9,2025-01-15,2025-01-26,Pneumonia,Emergency,No
8320,1266,62,8,2025-10-23,2025-11-02,Cancer,Referral,No
8321,456,97,2,2025-12-31,2026-01-09,Cancer,Scheduled,No
8322,3475,24,1,2025-03-25,2025-03-29,Kidney Stone,Transfer,No
8323,2064,8,1,2024-11-03,2024-11-14,Asthma,Referral,No
8324,318,4,2,2022-12-04,2022-12-18,Stroke,Scheduled,No
8325,4021,4,2,2023-04-03,2023-04-08,Cancer,Scheduled,No
8326,3072,28,8,2023-07-08,2023-07-10,Appendicitis,Transfer,Yes
8327,3936,77,6,2025-11-12,2025-11-21,Appendicitis,Transfer,No
8328,4877,78,5,2023-05-13,2023-05-20,Stroke,Emergency,No
8329,1534,6,3,2025-04-15,2025-04-29,Skin Infection,Referral,No
8330,2005,37,10,2024-10-04,2024-10-12,Appendicitis,Referral,Yes
8331,2842,39,4,2024-05-29,2024-06-12,Fracture,Scheduled,No
8332,2437,92,5,2022-09-09,2022-09-19,Hypertension,Emergency,Yes
8333,4535,4,2,2023-01-01,2023-01-11,Diabetes,Referral,Yes
8334,4713,34,10,2022-10-26,2022-11-08,Hypertension,Transfer,No
8335,4105,8,1,2022-05-20,2022-05-26,Chest Pain,Transfer,Yes
8336,465,45,4,2024-02-28,2024-03-05,Pneumonia,Scheduled,No
8337,645,78,5,2022-10-11,2022-10-23,Asthma,Emergency,No
8338,3048,5,5,2025-09-01,2025-09-02,Cancer,Transfer,No
8339,35,66,10,2023-04-29,2023-05-03,Back Pain,Emergency,No
8340,4612,59,1,2023-04-28,2023-05-11,Flu,Scheduled,Yes
8341,4154,62,8,2024-11-07,2024-11-18,Cancer,Emergency,No
8342,1237,26,8,2023-11-24,2023-11-27,Skin Infection,Emergency,No
8343,785,25,10,2024-06-05,2024-06-15,Kidney Stone,Scheduled,No
8344,804,91,8,2022-02-20,2022-02-21,Pneumonia,Scheduled,No
8345,3705,3,3,2023-07-05,2023-07-09,Diabetes,Scheduled,No
8346,2908,100,3,2025-11-24,2025-11-30,Diabetes,Transfer,Yes
8347,4342,66,10,2024-10-30,2024-11-12,Fracture,Scheduled,No
8348,942,6,3,2024-01-29,2024-02-06,Chest Pain,Referral,Yes
8349,948,10,10,2024-12-30,2024-12-31,Cancer,Emergency,No
8350,3576,88,5,2022-01-19,2022-01-31,Kidney Stone,Emergency,Yes
8351,1273,66,10,2022-08-17,2022-08-22,Appendicitis,Emergency,No
8352,1947,71,5,2025-10-18,2025-10-23,Hypertension,Emergency,Yes
8353,2778,81,1,2023-08-04,2023-08-05,Back Pain,Scheduled,Yes
8354,2787,79,7,2024-05-19,2024-06-02,Cancer,Emergency,Yes
8355,3764,6,3,2023-11-04,2023-11-10,Fracture,Emergency,No
8356,1101,94,2,2024-10-03,2024-10-11,Diabetes,Transfer,No
8357,4390,26,8,2022-05-02,2022-05-04,Appendicitis,Transfer,No
8358,1447,52,5,2022-04-20,2022-04-30,Abdominal Pain,Referral,Yes
8359,3931,87,4,2023-09-22,2023-09-28,Fracture,Transfer,No
8360,3289,80,8,2024-05-03,2024-05-12,Pneumonia,Transfer,Yes
8361,3299,78,5,2022-10-23,2022-11-01,Flu,Emergency,No
8362,972,58,3,2025-06-17,2025-06-28,Chest Pain,Scheduled,Yes
8363,1944,29,8,2023-12-01,2023-12-02,Hypertension,Scheduled,No
8364,3148,51,9,2022-03-22,2022-03-23,Pneumonia,Referral,No
8365,495,27,7,2025-02-11,2025-02-25,Migraine,Transfer,Yes
8366,54,54,1,2024-11-23,2024-12-04,Flu,Transfer,Yes
8367,610,60,5,2023-05-23,2023-05-30,Appendicitis,Scheduled,Yes
8368,646,8,1,2025-10-10,2025-10-12,Stroke,Emergency,No
8369,2895,74,1,2024-08-09,2024-08-15,Abdominal Pain,Emergency,Yes
8370,251,14,10,2022-12-06,2022-12-07,Flu,Transfer,Yes
8371,185,70,6,2022-06-09,2022-06-16,Fracture,Referral,Yes
8372,679,3,3,2023-11-26,2023-11-27,Pneumonia,Transfer,Yes
8373,2708,83,10,2024-06-16,2024-06-29,Back Pain,Transfer,Yes
8374,3552,11,9,2025-05-23,2025-05-29,Skin Infection,Referral,Yes
8375,3171,15,9,2025-12-05,2025-12-08,Appendicitis,Scheduled,No
8376,4599,46,9,2025-01-20,2025-01-31,Pneumonia,Referral,Yes
8377,2443,68,9,2022-11-10,2022-11-13,Skin Infection,Emergency,No
8378,3670,49,6,2022-12-12,2022-12-23,Flu,Scheduled,No
8379,1400,31,1,2025-03-25,2025-03-27,Asthma,Emergency,Yes
8380,2777,1,6,2022-10-20,2022-10-25,Skin Infection,Referral,No
8381,1448,44,4,2024-03-11,2024-03-20,Appendicitis,Emergency,Yes
8382,3211,90,9,2023-02-28,2023-03-06,Flu,Transfer,Yes
8383,4746,65,8,2025-07-09,2025-07-19,Skin Infection,Scheduled,Yes
8384,2830,40,1,2022-07-11,2022-07-15,Appendicitis,Scheduled,Yes
8385,791,23,2,2024-06-17,2024-06-19,Asthma,Referral,Yes
8386,906,81,1,2024-04-03,2024-04-13,Chest Pain,Emergency,Yes
8387,3364,67,1,2023-06-27,2023-06-29,Kidney Stone,Emergency,No
8388,280,22,5,2025-07-12,2025-07-13,Flu,Emergency,Yes
8389,1187,14,10,2022-10-08,2022-10-14,Skin Infection,Referral,No
8390,1252,31,1,2024-12-08,2024-12-16,Kidney Stone,Referral,No
8391,4149,74,1,2025-11-23,2025-11-27,Kidney Stone,Transfer,Yes
8392,1053,22,5,2023-11-20,2023-11-21,Cancer,Emergency,Yes
8393,3061,85,2,2024-08-14,2024-08-26,Abdominal Pain,Emergency,Yes
8394,3850,90,9,2023-07-02,2023-07-05,Kidney Stone,Emergency,No
8395,644,41,6,2024-08-21,2024-08-22,Cancer,Referral,Yes
8396,1004,8,1,2023-06-29,2023-07-06,Kidney Stone,Emergency,No
8397,4394,76,7,2025-03-05,2025-03-08,Asthma,Emergency,Yes
8398,200,87,4,2023-09-03,2023-09-17,Migraine,Transfer,No
8399,894,90,9,2023-08-09,2023-08-19,Kidney Stone,Referral,Yes
8400,2418,2,4,2023-12-13,2023-12-14,Diabetes,Scheduled,No
8401,4100,13,6,2025-05-20,2025-05-25,Flu,Referral,No
8402,2578,33,6,2025-12-10,2025-12-22,Chest Pain,Scheduled,Yes
8403,2589,48,10,2024-11-15,2024-11-25,Appendicitis,Scheduled,No
8404,2991,1,6,2023-12-19,2024-01-02,Chest Pain,Scheduled,No
8405,562,13,6,2022-01-07,2022-01-16,Appendicitis,Emergency,No
8406,2503,2,4,2025-06-07,2025-06-17,Pneumonia,Scheduled,Yes
8407,2371,53,4,2024-03-27,2024-03-30,Cancer,Transfer,Yes
8408,3004,93,7,2023-08-27,2023-09-05,Fracture,Referral,No
8409,3038,92,5,2025-05-23,2025-06-02,Chest Pain,Transfer,Yes
8410,3535,27,7,2023-09-08,2023-09-17,Stroke,Referral,No
8411,65,7,4,2022-11-13,2022-11-17,Abdominal Pain,Emergency,No
8412,1299,77,6,2024-02-15,2024-02-26,Appendicitis,Scheduled,No
8413,3103,11,9,2025-03-19,2025-03-28,Pneumonia,Referral,Yes
8414,2204,6,3,2024-05-07,2024-05-10,Hypertension,Referral,Yes
8415,2315,15,9,2022-01-22,2022-01-25,Flu,Scheduled,Yes
8416,868,85,2,2023-02-06,2023-02-07,Stroke,Emergency,Yes
8417,2001,18,7,2024-03-07,2024-03-11,Fracture,Transfer,No
8418,4850,53,4,2024-05-22,2024-05-29,Skin Infection,Transfer,No
8419,1646,36,1,2024-11-14,2024-11-16,Flu,Referral,Yes
8420,4688,12,10,2023-01-10,2023-01-13,Back Pain,Emergency,Yes
8421,2082,25,10,2025-12-02,2025-12-15,Abdominal Pain,Transfer,Yes
8422,2595,54,1,2025-03-15,2025-03-16,Migraine,Scheduled,No
8423,2484,90,9,2023-06-06,2023-06-11,Stroke,Transfer,No
8424,2478,18,7,2025-08-20,2025-08-22,Stroke,Emergency,Yes
8425,3361,57,4,2022-01-30,2022-02-09,Cancer,Emergency,No
8426,1711,82,5,2022-03-18,2022-03-22,,Transfer,Yes
8427,2773,13,6,2025-07-18,2025-07-27,Appendicitis,Emergency,Yes
8428,2108,3,3,2025-10-17,2025-10-31,Migraine,Referral,No
8429,2144,98,7,2024-03-31,2024-04-04,Skin Infection,Scheduled,Yes
8430,4239,40,1,2022-03-20,2022-03-22,Migraine,Referral,No
8431,4681,6,3,2025-11-27,2025-12-08,Back Pain,Referral,No
8432,1797,42,10,2024-11-03,2024-11-04,Chest Pain,Referral,Yes
8433,3533,32,9,2022-08-03,2022-08-12,Cancer,Scheduled,No
8434,2927,5,5,2022-01-04,2022-01-11,Abdominal Pain,Scheduled,Yes
8435,2744,25,10,2025-06-04,2025-06-15,Hypertension,Emergency,No
8436,193,91,8,2024-05-03,2024-05-15,Appendicitis,Referral,Yes
8437,3651,79,7,2025-01-05,2025-01-17,Cancer,Emergency,Yes
8438,1920,5,5,2023-05-09,2023-05-19,Fracture,Transfer,No
8439,4186,14,10,2023-03-17,2023-03-29,Hypertension,Emergency,Yes
8440,735,59,1,2022-02-17,2022-02-27,Cancer,Referral,No
8441,4823,42,10,2024-08-05,2024-08-07,Skin Infection,Emergency,Yes
8442,2087,15,9,2022-05-06,2022-05-09,Flu,Emergency,No
8443,961,50,3,2025-03-07,2025-03-09,Flu,Referral,Yes
8444,3406,10,10,2022-04-27,2022-05-04,Appendicitis,Emergency,No
8445,3245,76,7,2024-02-13,2024-02-21,Hypertension,Scheduled,No
8446,4333,80,8,2022-09-09,2022-09-23,Pneumonia,Transfer,Yes
8447,3852,62,8,2023-05-12,2023-05-25,Pneumonia,Transfer,No
8448,4050,69,2,2022-05-26,2022-05-27,Kidney Stone,Referral,Yes
8449,4117,76,7,2023-08-18,2023-08-20,Asthma,Transfer,Yes
8450,604,65,8,2023-12-30,2024-01-05,Pneumonia,Referral,No
8451,3754,49,6,2025-12-12,2025-12-20,Skin Infection,Transfer,Yes
8452,2633,95,1,2023-09-08,2023-09-10,Back Pain,Emergency,No
8453,3119,77,6,2022-07-11,2022-07-13,Back Pain,Referral,Yes
8454,2364,3,3,2025-07-31,2025-08-06,Pneumonia,Referral,Yes
8455,3478,78,5,2025-06-28,2025-07-05,Abdominal Pain,Transfer,No
8456,3369,67,1,2024-05-24,2024-06-03,Kidney Stone,Emergency,Yes
8457,3829,72,2,2022-12-24,2023-01-02,Kidney Stone,Emergency,No
8458,97,34,10,2022-08-23,2022-09-05,Fracture,Transfer,No
8459,2219,86,3,2022-03-27,2022-04-01,Back Pain,Transfer,Yes
8460,1727,71,5,2023-04-27,2023-05-02,Diabetes,Emergency,Yes
8461,576,13,6,2022-05-29,2022-06-04,Chest Pain,Transfer,No
8462,445,9,5,2025-01-08,2025-01-12,Hypertension,Transfer,No
8463,166,65,8,2023-01-06,2023-01-19,Migraine,Referral,No
8464,113,88,5,2025-12-15,2025-12-25,Migraine,Scheduled,Yes
8465,202,16,4,2023-02-08,2023-02-09,Pneumonia,Scheduled,Yes
8466,4671,99,10,2025-08-01,2025-08-05,Abdominal Pain,Referral,No
8467,422,32,9,2024-02-05,2024-02-13,Diabetes,Scheduled,Yes
8468,4588,34,10,2023-05-31,2023-06-08,Pneumonia,Transfer,Yes
8469,1072,15,9,2025-05-05,2025-05-12,Back Pain,Referral,No
8470,1902,48,10,2022-06-24,2022-06-30,Abdominal Pain,Referral,No
8471,395,87,4,2024-02-29,2024-03-07,Hypertension,Transfer,No
8472,3360,35,1,2024-09-20,2024-09-22,Pneumonia,Referral,Yes
8473,2370,94,2,2024-04-09,2024-04-20,Flu,Scheduled,No
8474,4317,42,10,2023-08-30,2023-09-09,Appendicitis,Referral,Yes
8475,2692,63,4,2025-05-05,2025-05-14,Flu,Emergency,Yes
8476,2570,66,10,2023-04-21,2023-04-24,Asthma,Transfer,Yes
8477,3319,7,4,2024-06-08,2024-06-12,Stroke,Emergency,Yes
8478,3597,78,5,2024-11-30,2024-12-11,Pneumonia,Emergency,Yes
8479,2758,80,8,2022-12-30,2023-01-07,Skin Infection,Scheduled,Yes
8480,1472,69,2,2023-11-12,2023-11-22,Stroke,Transfer,Yes
8481,2145,41,6,2022-08-27,2022-08-29,Asthma,Emergency,Yes
8482,3146,45,4,2022-07-07,2022-07-13,Abdominal Pain,Emergency,Yes
8483,4221,20,1,2022-12-17,2022-12-20,Asthma,Scheduled,Yes
8484,3105,98,7,2023-11-26,2023-12-05,Skin Infection,Scheduled,No
8485,3167,7,4,2023-11-10,2023-11-13,Hypertension,Referral,Yes
8486,2596,19,5,2024-02-18,2024-03-03,Abdominal Pain,Transfer,Yes
8487,1580,65,8,2024-10-23,2024-10-29,Diabetes,Referral,No
8488,4726,37,10,2022-03-19,2022-03-29,Migraine,Transfer,Yes
8489,4330,68,9,2022-10-09,2022-10-19,Cancer,Emergency,No
8490,4373,1,6,2024-10-14,2024-10-21,Asthma,Emergency,No
8491,2083,46,9,2025-12-12,2025-12-21,Stroke,Emergency,No
8492,864,67,1,2024-06-22,2024-06-23,Hypertension,Emergency,Yes
8493,3387,41,6,2022-05-21,2022-05-24,Pneumonia,Emergency,Yes
8494,3451,26,8,2024-01-10,2024-01-18,,Emergency,Yes
8495,3317,40,1,2025-08-15,2025-08-23,Pneumonia,Referral,No
8496,3129,70,6,2023-07-08,2023-07-11,Kidney Stone,Emergency,Yes
8497,1064,66,10,2025-05-17,2025-05-26,Chest Pain,Scheduled,No
8498,2060,14,10,2023-06-19,2023-06-23,Hypertension,Emergency,No
8499,1464,51,9,2024-08-02,2024-08-06,Asthma,Scheduled,Yes
8500,2671,14,10,2023-12-27,2023-12-31,Diabetes,Emergency,No
8501,1836,3,3,2025-01-15,2025-01-16,Migraine,Referral,Yes
8502,733,5,5,2022-03-16,2022-03-19,Chest Pain,Emergency,No
8503,3676,48,10,2023-08-25,2023-09-06,Kidney Stone,Transfer,No
8504,4893,12,10,2024-08-11,2024-08-13,Fracture,Referral,No
8505,553,83,10,2024-11-05,2024-11-10,Asthma,Emergency,No
8506,1229,66,10,2023-09-09,2023-09-17,Flu,Emergency,Yes
8507,3704,15,9,2025-06-02,2025-06-12,Pneumonia,Transfer,Yes
8508,2491,11,9,2025-05-23,2025-06-06,Skin Infection,Transfer,Yes
8509,1961,30,7,2023-03-09,2023-03-10,Asthma,Referral,No
8510,3690,99,10,2024-03-24,2024-03-26,Fracture,Referral,No
8511,1074,91,8,2022-10-12,2022-10-13,Stroke,Scheduled,Yes
8512,3635,80,8,2024-06-08,2024-06-10,Abdominal Pain,Transfer,No
8513,226,5,5,2022-06-28,2022-07-12,Pneumonia,Emergency,No
8514,2805,89,4,2022-05-20,2022-05-28,Pneumonia,Referral,Yes
8515,1816,91,8,2025-11-26,2025-11-28,Diabetes,Transfer,Yes
8516,2970,39,4,2022-03-11,2022-03-17,Pneumonia,Referral,No
8517,2082,3,3,2024-03-02,2024-03-03,Abdominal Pain,Referral,No
8518,2518,27,7,2022-10-08,2022-10-18,Hypertension,Emergency,No
8519,84,74,1,2022-05-22,2022-05-28,Appendicitis,Scheduled,No
8520,2672,1,6,2024-06-01,2024-06-13,Fracture,Transfer,Yes
8521,1250,78,5,2025-01-04,2025-01-07,Flu,Scheduled,No
8522,100,45,4,2023-05-16,2023-05-25,Asthma,Referral,Yes
8523,766,17,2,2023-02-05,2023-02-11,Skin Infection,Referral,No
8524,1261,8,1,2025-03-16,2025-03-21,Diabetes,Referral,No
8525,2263,56,9,2025-12-28,2026-01-10,Pneumonia,Emergency,No
8526,1535,40,1,2023-11-22,2023-12-04,Appendicitis,Transfer,Yes
8527,3670,25,10,2022-06-28,2022-07-11,Fracture,Scheduled,Yes
8528,882,83,10,2024-11-09,2024-11-10,Skin Infection,Scheduled,Yes
8529,4446,5,5,2024-07-26,2024-07-31,Fracture,Referral,No
8530,1410,78,5,2022-04-03,2022-04-07,Back Pain,Scheduled,Yes
8531,3522,43,1,2022-09-08,2022-09-22,Chest Pain,Referral,No
8532,3731,31,1,2023-01-24,2023-02-01,Asthma,Emergency,Yes
8533,3724,18,7,2024-06-18,2024-06-26,Abdominal Pain,Transfer,No
8534,2702,83,10,2025-05-26,2025-06-03,Fracture,Scheduled,No
8535,3438,4,2,2024-01-24,2024-02-04,Appendicitis,Emergency,No
8536,143,18,7,2025-11-19,2025-11-21,Diabetes,Scheduled,No
8537,87,93,7,2024-01-28,2024-02-06,Flu,Scheduled,No
8538,4272,22,5,2023-11-06,2023-11-19,Diabetes,Transfer,Yes
8539,1215,36,1,2025-08-24,2025-09-07,Back Pain,Referral,No
8540,1209,49,6,2024-07-18,2024-07-23,Asthma,Scheduled,No
8541,2489,25,10,2023-01-01,2023-01-14,Pneumonia,Scheduled,Yes
8542,3649,22,5,2022-06-02,2022-06-06,Hypertension,Scheduled,No
8543,1721,24,1,2022-09-15,2022-09-28,Hypertension,Referral,No
8544,4484,37,10,2022-01-20,2022-01-31,Hypertension,Emergency,No
8545,2911,28,8,2023-09-07,2023-09-12,Migraine,Transfer,Yes
8546,1387,64,1,2025-05-22,2025-06-05,Pneumonia,Emergency,No
8547,1258,62,8,2022-12-27,2023-01-01,Kidney Stone,Scheduled,Yes
8548,2150,60,5,2024-07-06,2024-07-09,Abdominal Pain,Emergency,No
8549,4362,91,8,2023-06-24,2023-06-29,Fracture,Transfer,No
8550,1194,82,5,2025-02-05,2025-02-19,Pneumonia,Referral,No
8551,4680,78,5,2023-09-22,2023-10-05,Skin Infection,Referral,Yes
8552,4065,45,4,2025-03-28,2025-04-04,Chest Pain,Referral,No
8553,3553,99,10,2025-07-17,2025-07-29,Kidney Stone,Referral,Yes
8554,1949,4,2,2022-01-07,2022-01-16,Kidney Stone,Transfer,Yes
8555,435,55,3,2022-10-28,2022-11-01,Chest Pain,Emergency,No
8556,4619,28,8,2022-08-10,2022-08-19,Pneumonia,Referral,No
8557,3168,87,4,2023-08-12,2023-08-22,Chest Pain,Transfer,No
8558,2736,52,5,2025-11-30,2025-12-07,Hypertension,Scheduled,Yes
8559,4048,55,3,2025-08-18,2025-08-21,Migraine,Referral,Yes
8560,1948,94,2,2022-05-03,2022-05-13,Asthma,Emergency,Yes
8561,3772,94,2,2023-04-08,2023-04-13,Stroke,Referral,No
8562,4908,99,10,2025-09-06,2025-09-11,Cancer,Referral,Yes
8563,4561,37,10,2025-11-10,2025-11-15,Pneumonia,Transfer,No
8564,2272,75,2,2025-07-28,2025-08-03,Fracture,Transfer,Yes
8565,3016,61,7,2023-12-21,2023-12-26,Cancer,Referral,Yes
8566,2708,66,10,2024-08-03,2024-08-08,Migraine,Emergency,No
8567,97,23,2,2022-10-16,2022-10-19,Stroke,Referral,Yes
8568,4462,95,1,2024-02-03,2024-02-14,Skin Infection,Transfer,No
8569,4219,11,9,2022-06-03,2022-06-10,Stroke,Referral,No
8570,45,90,9,2024-12-05,2024-12-15,Diabetes,Referral,Yes
8571,4295,57,4,2024-05-14,2024-05-24,Cancer,Emergency,No
8572,3811,36,1,2025-02-09,2025-02-22,Hypertension,Emergency,No
8573,4133,86,3,2024-05-22,2024-06-04,Cancer,Emergency,Yes
8574,1271,49,6,2024-10-16,2024-10-28,Skin Infection,Scheduled,Yes
8575,2089,74,1,2022-02-01,2022-02-13,Kidney Stone,Scheduled,No
8576,1076,100,3,2024-10-20,2024-10-25,Back Pain,Transfer,No
8577,3746,42,10,2022-12-16,2022-12-19,Skin Infection,Emergency,No
8578,2765,10,10,2023-10-10,2023-10-17,,Referral,Yes
8579,4010,18,7,2025-04-27,2025-05-07,Chest Pain,Scheduled,Yes
8580,2233,27,7,2022-03-11,2022-03-13,Asthma,Emergency,No
8581,1141,54,1,2023-04-17,2023-04-29,Flu,Transfer,No
8582,4914,82,5,2024-09-09,2024-09-21,Stroke,Scheduled,No
8583,3199,81,1,2024-11-29,2024-12-05,Skin Infection,Referral,No
8584,3365,4,2,2024-01-30,2024-01-31,Abdominal Pain,Referral,No
8585,2979,77,6,2025-03-24,2025-04-01,Chest Pain,Scheduled,Yes
8586,4661,87,4,2022-06-19,2022-06-28,Skin Infection,Emergency,No
8587,335,45,4,2023-07-29,2023-08-07,Flu,Referral,No
8588,2933,23,2,2025-04-03,2025-04-05,Stroke,Scheduled,No
8589,4280,7,4,2024-01-19,2024-01-28,Back Pain,Scheduled,Yes
8590,3637,50,3,2025-01-20,2025-01-23,Abdominal Pain,Emergency,No
8591,2057,18,7,2024-03-27,2024-03-28,Pneumonia,Referral,No
8592,1032,91,8,2022-09-05,2022-09-07,Appendicitis,Scheduled,No
8593,3156,20,1,2024-07-11,2024-07-16,Fracture,Transfer,No
8594,4438,47,9,2022-03-11,2022-03-19,Hypertension,Emergency,Yes
8595,2478,18,7,2022-12-24,2022-12-28,Chest Pain,Referral,Yes
8596,2266,40,1,2025-11-27,2025-12-09,Hypertension,,No
8597,908,7,4,2025-09-14,2025-09-21,Pneumonia,Emergency,Yes
8598,1252,1,6,2022-08-21,2022-09-01,Diabetes,Emergency,No
8599,723,19,5,2024-01-11,2024-01-20,Back Pain,Transfer,Yes
8600,2392,77,6,2025-09-03,2025-09-10,Hypertension,Scheduled,Yes
8601,2567,6,3,2025-06-27,2025-06-30,Abdominal Pain,Emergency,Yes
8602,862,79,7,2025-01-14,2025-01-23,Chest Pain,Referral,Yes
8603,3234,11,9,2024-09-30,2024-10-03,Skin Infection,Scheduled,No
8604,330,17,2,2024-02-11,2024-02-13,Pneumonia,Referral,Yes
8605,3605,75,2,2024-10-03,2024-10-10,Back Pain,Emergency,No
8606,373,24,1,2024-07-12,2024-07-14,Skin Infection,Scheduled,Yes
8607,956,2,4,2022-04-12,2022-04-21,Abdominal Pain,Referral,No
8608,1201,44,4,2023-06-19,2023-06-20,Flu,Emergency,Yes
8609,2986,86,3,2022-08-18,2022-08-31,Abdominal Pain,Scheduled,No
8610,2591,64,1,2024-02-27,2024-03-12,Migraine,Referral,No
8611,4143,85,2,2025-04-25,2025-05-03,Cancer,Scheduled,No
8612,4752,81,1,2022-05-25,2022-05-27,Asthma,Emergency,No
8613,2115,50,3,2024-02-22,2021-01-01,Abdominal Pain,Scheduled,Yes
8614,3568,56,9,2023-04-03,2023-04-14,Stroke,Emergency,Yes
8615,4888,57,4,2024-10-28,2024-11-11,Abdominal Pain,Transfer,No
8616,4449,90,9,2022-11-03,2022-11-08,Chest Pain,Referral,No
8617,707,51,9,2024-05-31,2024-06-03,Back Pain,Transfer,Yes
8618,2813,57,4,2023-10-25,2023-10-30,Stroke,Referral,No
8619,1418,39,4,2022-03-04,2022-03-18,Chest Pain,Referral,Yes
8620,3384,69,2,2023-02-08,2023-02-21,Fracture,Emergency,No
8621,1457,15,9,2025-10-03,2025-10-15,Kidney Stone,Referral,No
8622,1460,84,1,2023-05-02,2023-05-15,Skin Infection,Emergency,Yes
8623,1289,58,3,2022-04-12,2022-04-18,Chest Pain,Referral,No
8624,70,22,5,2024-09-19,2024-09-24,Back Pain,Emergency,Yes
8625,2049,29,8,2022-11-16,2022-11-17,Flu,Referral,Yes
8626,241,93,7,2024-09-02,2024-09-12,Flu,Emergency,No
8627,1228,50,3,2025-10-17,2025-10-24,Diabetes,Scheduled,No
8628,3827,54,1,2023-02-01,2023-02-06,Abdominal Pain,Referral,Yes
8629,4408,42,10,2025-11-01,2025-11-04,Cancer,Referral,Yes
8630,1701,90,9,2025-11-03,2025-11-05,Back Pain,Scheduled,Yes
8631,902,30,7,2022-12-11,2022-12-23,Appendicitis,Transfer,No
8632,3020,99,10,2025-03-12,2025-03-25,Asthma,Referral,Yes
8633,633,95,1,2022-06-29,2022-07-07,Back Pain,Transfer,Yes
8634,93,22,5,2024-10-22,2024-10-24,Flu,Emergency,No
8635,4616,28,8,2025-05-23,2025-05-24,Kidney Stone,Scheduled,Yes
8636,3095,40,1,2022-09-09,2022-09-16,Appendicitis,Emergency,Yes
8637,677,39,4,2025-03-04,2025-03-07,Kidney Stone,Emergency,No
8638,4205,25,10,2023-07-19,2023-07-20,Diabetes,Emergency,No
8639,3762,86,3,2022-09-30,2022-10-06,Abdominal Pain,Emergency,Yes
8640,1000,6,3,2025-04-13,2025-04-22,Back Pain,Referral,Yes
8641,463,82,5,2024-05-30,2024-06-11,Hypertension,Referral,Yes
8642,4161,82,5,2022-10-30,2022-11-13,Cancer,Emergency,Yes
8643,3064,25,10,2025-04-25,2025-05-08,Flu,Referral,Yes
8644,964,66,10,2024-09-17,2024-09-20,Appendicitis,Referral,Yes
8645,4964,25,10,2023-04-18,2023-05-01,Diabetes,Transfer,No
8646,3543,9,5,2023-01-24,2023-01-31,Fracture,Emergency,Yes
8647,2975,76,7,2024-02-19,2024-03-01,Cancer,Referral,No
8648,2491,77,6,2025-10-31,2025-11-02,Stroke,,Yes
8649,4477,71,5,2023-12-03,2023-12-09,Appendicitis,Transfer,Yes
8650,2145,16,4,2025-12-17,2025-12-24,Pneumonia,Referral,Yes
8651,912,55,3,2023-06-29,2023-06-30,Abdominal Pain,Scheduled,Yes
8652,3694,30,7,2025-03-21,2025-03-25,Back Pain,Emergency,No
8653,3015,92,5,2025-11-20,2025-11-28,Back Pain,Referral,Yes
8654,1032,79,7,2025-02-12,2025-02-19,Hypertension,Scheduled,No
8655,3934,73,2,2022-02-27,2022-03-13,Chest Pain,Referral,Yes
8656,2613,29,8,2022-06-20,2022-06-28,Abdominal Pain,Emergency,Yes
8657,4042,60,5,2024-09-20,2024-09-23,Diabetes,Transfer,No
8658,1263,70,6,2024-07-18,2024-07-27,Pneumonia,Transfer,No
8659,75,7,4,2025-07-06,2025-07-10,Diabetes,Scheduled,Yes
8660,3057,37,10,2024-11-16,2024-11-28,Fracture,Transfer,No
8661,1283,41,6,2023-04-11,2023-04-21,Asthma,Transfer,Yes
8662,4506,27,7,2022-10-29,2022-11-11,Fracture,Referral,Yes
8663,45,19,5,2022-05-25,2022-05-31,Chest Pain,Referral,Yes
8664,1280,28,8,2025-04-28,2025-05-12,Abdominal Pain,Scheduled,Yes
8665,2773,77,6,2025-12-19,2025-12-30,Abdominal Pain,Emergency,Yes
8666,2926,90,9,2022-07-11,2022-07-20,Stroke,Referral,Yes
8667,3966,73,2,2024-09-14,2024-09-27,Pneumonia,Scheduled,Yes
8668,407,94,2,2025-02-16,2025-02-26,Diabetes,Transfer,Yes
8669,4236,77,6,2025-02-18,2025-02-24,Hypertension,Emergency,Yes
8670,1808,68,9,2025-01-25,2025-02-08,Abdominal Pain,Emergency,Yes
8671,1813,17,2,2022-03-06,2022-03-10,Asthma,Emergency,No
8672,239,25,10,2023-04-10,2023-04-18,Migraine,Transfer,Yes
8673,1382,52,5,2025-04-06,2025-04-20,Hypertension,Transfer,Yes
8674,4116,8,1,2024-08-21,2024-08-31,Fracture,Referral,No
8675,3520,78,5,2024-02-13,2024-02-23,Hypertension,Emergency,Yes
8676,1281,28,8,2022-06-12,2022-06-22,Kidney Stone,Scheduled,No
8677,4761,94,2,2025-07-29,2025-08-10,Stroke,Emergency,No
8678,2197,52,5,2022-01-05,2022-01-06,Appendicitis,Emergency,No
8679,4803,22,5,2023-03-18,2023-03-24,Cancer,Scheduled,Yes
8680,1451,63,4,2023-03-07,2023-03-18,Kidney Stone,Emergency,No
8681,4732,97,10,2024-09-30,2024-10-09,Flu,Emergency,No
8682,2647,99,10,2022-04-06,2022-04-08,Migraine,Referral,Yes
8683,30,13,6,2022-08-02,2022-08-04,Abdominal Pain,Transfer,No
8684,228,45,4,2022-08-04,2022-08-07,Abdominal Pain,Emergency,Yes
8685,3885,41,6,2023-05-18,2023-05-24,Fracture,Referral,No
8686,1374,96,4,2024-05-24,2024-05-30,Abdominal Pain,Scheduled,No
8687,2850,48,10,2024-12-26,2024-12-31,Cancer,Emergency,Yes
8688,4504,23,2,2024-02-26,2024-03-10,Flu,Referral,Yes
8689,2502,73,2,2022-06-17,2022-06-22,Kidney Stone,Referral,No
8690,938,65,8,2025-06-14,2025-06-19,Flu,Transfer,No
8691,4367,44,4,2023-06-05,2023-06-17,Appendicitis,Scheduled,Yes
8692,125,11,9,2024-05-22,2024-05-24,,Transfer,Yes
8693,2442,24,1,2024-02-14,2024-02-17,Back Pain,Emergency,Yes
8694,2626,3,3,2024-07-08,2024-07-10,Asthma,Scheduled,Yes
8695,1188,100,3,2022-08-30,2022-09-07,Diabetes,Emergency,No
8696,3104,60,5,2023-10-11,2023-10-15,Hypertension,Emergency,No
8697,3988,8,1,2023-11-08,2023-11-14,Appendicitis,Emergency,Yes
8698,2256,32,9,2025-09-11,2025-09-25,Hypertension,Scheduled,No
8699,3206,58,3,2025-09-01,2025-09-11,Abdominal Pain,Emergency,Yes
8700,2247,99,10,2023-07-17,2023-07-18,Migraine,Scheduled,Yes
8701,1053,33,6,2022-12-13,2022-12-14,Hypertension,Referral,No
8702,669,5,5,2024-11-06,2024-11-19,Back Pain,Referral,Yes
8703,4904,60,5,2025-05-25,2025-06-06,Asthma,Transfer,No
8704,2427,18,7,2024-04-21,2024-04-25,Stroke,Scheduled,Yes
8705,1006,26,8,2022-11-20,2022-11-26,Asthma,Scheduled,Yes
8706,1420,81,1,2024-08-11,2021-01-01,Diabetes,Referral,Yes
8707,2724,48,10,2022-07-26,2022-08-02,Back Pain,Scheduled,No
8708,3828,20,1,2025-06-09,2025-06-11,Asthma,Emergency,No
8709,4820,29,8,2023-07-26,2023-08-05,Flu,Transfer,Yes
8710,3775,40,1,2024-03-21,2024-03-26,Skin Infection,Transfer,Yes
8711,462,61,7,2025-09-12,2025-09-22,Flu,Referral,Yes
8712,488,64,1,2023-11-25,2023-12-03,Hypertension,Referral,No
8713,2254,69,2,2025-10-18,2025-10-22,Back Pain,Transfer,Yes
8714,2606,27,7,2022-05-04,2022-05-08,Appendicitis,Transfer,Yes
8715,920,63,4,2023-07-24,2023-08-06,Skin Infection,Emergency,No
8716,3756,33,6,2023-04-08,2023-04-10,Kidney Stone,Scheduled,Yes
8717,4435,24,1,2024-07-30,2024-08-02,Chest Pain,Transfer,No
8718,1825,38,7,2025-09-23,2025-10-01,Chest Pain,Scheduled,Yes
8719,3925,72,2,2023-08-26,2023-09-07,Flu,Emergency,No
8720,2049,60,5,2023-11-25,2023-12-07,Asthma,Emergency,Yes
8721,2708,60,5,2025-11-12,2025-11-18,Migraine,Emergency,No
8722,3722,79,7,2024-05-28,2024-05-30,Abdominal Pain,Referral,Yes
8723,4582,24,1,2023-04-18,2023-04-23,Pneumonia,Scheduled,Yes
8724,3586,68,9,2024-10-26,2024-11-02,Pneumonia,Scheduled,Yes
8725,2669,30,7,2023-07-22,2023-08-03,Pneumonia,Scheduled,Yes
8726,1826,83,10,2022-11-16,2022-11-28,Skin Infection,Transfer,No
8727,4800,85,2,2024-10-16,2024-10-20,Pneumonia,Referral,No
8728,424,79,7,2025-03-27,2025-04-09,Stroke,Scheduled,No
8729,4049,46,9,2025-01-24,2025-01-30,Cancer,Scheduled,No
8730,2132,31,1,2022-11-08,2022-11-20,Skin Infection,Emergency,Yes
8731,4882,33,6,2025-10-12,2025-10-13,Cancer,Referral,No
8732,604,57,4,2024-07-18,2024-07-28,Hypertension,Emergency,No
8733,610,45,4,2023-08-03,2023-08-17,Skin Infection,Referral,No
8734,443,48,10,2023-05-27,2023-06-07,Back Pain,Transfer,Yes
8735,1957,56,9,2025-10-05,2025-10-06,Appendicitis,Transfer,Yes
8736,3545,30,7,2025-15-10,2024-07-05,Stroke,Emergency,No
8737,4115,92,5,2023-10-29,2023-11-08,Asthma,Referral,No
8738,2990,18,7,2022-05-18,2022-05-24,Flu,Transfer,Yes
8739,2364,69,2,2025-06-06,2025-06-12,Asthma,Transfer,No
8740,2302,55,3,2023-07-31,2023-08-04,Cancer,Transfer,Yes
8741,34,95,1,2024-06-22,2024-06-23,Flu,Emergency,No
8742,3255,53,4,2024-05-04,2024-05-05,Stroke,Referral,Yes
8743,1093,90,9,2024-04-20,2024-05-02,,Scheduled,No
8744,3975,15,9,2023-02-05,2023-02-06,Chest Pain,Scheduled,Yes
8745,3235,35,1,2025-12-24,2025-12-25,Stroke,Emergency,Yes
8746,3692,95,1,2022-01-29,2022-02-05,Asthma,Scheduled,No
8747,2432,66,10,2025-06-01,2025-06-03,Stroke,Emergency,Yes
8748,716,16,4,2023-06-28,2023-07-10,Hypertension,Emergency,No
8749,2565,69,2,2022-07-31,2022-08-07,Appendicitis,Scheduled,Yes
8750,1901,77,6,2025-11-11,2025-11-21,Back Pain,Transfer,Yes
8751,2394,79,7,2024-11-25,2024-11-29,Chest Pain,Transfer,Yes
8752,1511,61,7,2024-08-21,2024-08-22,Fracture,Transfer,Yes
8753,4791,29,8,2022-11-03,2022-11-12,Skin Infection,Transfer,No
8754,1123,41,6,2024-08-17,2024-08-24,Flu,Transfer,No
8755,1482,52,5,2023-06-29,2023-07-03,Appendicitis,Transfer,No
8756,2761,18,7,2023-11-20,2023-11-25,Pneumonia,Emergency,No
8757,741,98,7,2025-05-21,2025-06-04,Back Pain,Emergency,No
8758,4308,35,1,2025-12-27,2026-01-06,Flu,Referral,Yes
8759,3097,28,8,2023-09-28,2023-10-10,Cancer,Referral,No
8760,348,42,10,2025-11-27,2025-12-01,Flu,Transfer,No
8761,2217,73,2,2025-05-30,2025-05-31,Migraine,Referral,Yes
8762,542,91,8,2023-06-07,2023-06-09,Back Pain,Emergency,Yes
8763,56,71,5,2025-06-14,2025-06-26,Skin Infection,Transfer,Yes
8764,3080,74,1,2025-10-30,2025-10-31,Chest Pain,Referral,No
8765,796,26,8,2024-10-07,2024-10-11,Cancer,Scheduled,No
8766,3133,55,3,2025-04-20,2025-04-26,Kidney Stone,Emergency,Yes
8767,3870,92,5,2022-01-09,2022-01-13,Cancer,Referral,No
8768,1813,91,8,2022-08-11,2022-08-24,Pneumonia,Referral,No
8769,4060,6,3,2024-10-11,2024-10-17,Diabetes,Referral,No
8770,3436,64,1,2023-09-27,2023-09-28,Hypertension,Scheduled,No
8771,3977,33,6,2022-07-15,2022-07-22,Kidney Stone,Emergency,No
8772,1960,98,7,2022-07-04,2022-07-14,Back Pain,Referral,Yes
8773,2209,61,7,2024-12-24,2025-01-02,Pneumonia,Referral,No
8774,3158,88,5,2024-05-11,2024-05-13,Pneumonia,Scheduled,No
8775,403,67,1,2022-11-01,2022-11-10,Kidney Stone,Transfer,Yes
8776,3620,82,5,2023-08-17,2023-08-18,Asthma,Referral,No
8777,380,69,2,2024-12-13,2024-12-21,Hypertension,Referral,No
8778,4690,11,9,2025-08-14,2025-08-21,Abdominal Pain,Emergency,No
8779,1564,3,3,2022-11-05,2022-11-13,Stroke,Referral,No
8780,4811,33,6,2023-01-27,2023-01-30,Stroke,Emergency,No
8781,381,4,2,2022-03-21,2022-04-03,Kidney Stone,Referral,Yes
8782,3191,44,4,2025-05-08,2025-05-15,Stroke,Emergency,No
8783,2764,36,1,2023-12-08,2023-12-13,Stroke,Scheduled,Yes
8784,1733,28,8,2024-06-14,2024-06-15,Asthma,Referral,Yes
8785,2439,57,4,2022-10-02,2022-10-12,Abdominal Pain,Transfer,Yes
8786,1290,14,10,2023-11-07,2023-11-10,Cancer,Referral,No
8787,647,96,8,2025-07-06,2025-07-07,Skin Infection,Referral,No
8788,4452,95,1,2025-12-27,2025-12-29,Skin Infection,Scheduled,No
8789,2185,78,5,2025-09-15,2025-09-27,Abdominal Pain,Emergency,No
8790,691,90,9,2023-01-11,2023-01-17,Back Pain,Referral,No
8791,1138,39,4,2024-05-20,2024-05-24,Fracture,Emergency,Yes
8792,2479,44,4,2025-01-07,2025-01-19,Stroke,Referral,Yes
8793,4809,85,2,2023-07-18,2023-07-22,Hypertension,Referral,Yes
8794,3569,53,4,2024-05-10,2024-05-22,Migraine,Transfer,Yes
8795,2726,40,1,2025-11-05,2025-11-13,Diabetes,Transfer,Yes
8796,1843,97,1,2024-06-13,2024-06-23,Chest Pain,Transfer,Yes
8797,3862,16,4,2023-04-02,2023-04-03,Stroke,Emergency,Yes
8798,4166,62,8,2024-12-23,2024-12-29,Pneumonia,Transfer,Yes
8799,2187,40,1,2022-03-05,2022-03-19,Asthma,Referral,Yes
8800,3040,91,8,2022-05-31,2022-06-08,Diabetes,Transfer,Yes
8801,991,71,5,2024-11-09,2024-11-12,Pneumonia,Emergency,Yes
8802,983,57,4,2022-10-25,2022-10-29,Asthma,Emergency,Yes
8803,1030,83,10,2025-01-20,2025-02-03,Hypertension,Emergency,Yes
8804,860,77,6,2023-11-16,2023-11-26,Back Pain,Referral,Yes
8805,4276,82,5,2025-11-16,2025-11-24,Migraine,Referral,Yes
8806,1785,27,7,2023-06-05,2023-06-12,Appendicitis,Emergency,No
8807,3758,58,3,2023-02-17,2023-02-24,Abdominal Pain,Referral,Yes
8808,2319,8,1,2022-12-25,2022-12-28,Asthma,Referral,No
8809,1439,96,1,2025-07-03,2025-07-08,Skin Infection,Referral,No
8810,656,99,10,2025-02-15,2025-02-16,Pneumonia,Scheduled,Yes
8811,4613,65,8,2025-01-09,2025-01-22,Migraine,Scheduled,No
8812,3846,17,2,2022-08-01,2022-08-03,Skin Infection,Scheduled,Yes
8813,4546,89,4,2023-12-05,2023-12-07,Stroke,Transfer,No
8814,1974,5,5,2025-06-26,2025-07-07,Appendicitis,Scheduled,Yes
8815,2120,65,8,2025-12-19,2026-01-02,Asthma,Emergency,Yes
8816,438,99,10,2023-07-30,2023-08-01,Pneumonia,Scheduled,No
8817,332,54,1,2025-04-16,2025-04-25,Abdominal Pain,Scheduled,Yes
8818,524,33,6,2025-12-09,2025-12-20,Stroke,Referral,No
8819,3438,81,1,2025-02-17,2025-02-28,Kidney Stone,Transfer,Yes
8820,676,40,1,2024-04-18,2024-04-27,Flu,Transfer,Yes
8821,2262,96,2,2022-07-19,2022-07-25,Diabetes,Transfer,No
8822,4783,44,4,2023-10-05,2023-10-09,Cancer,Scheduled,Yes
8823,4386,13,6,2025-11-16,2025-11-18,Abdominal Pain,Scheduled,No
8824,3220,33,6,2025-09-07,2025-09-16,Abdominal Pain,Emergency,No
8825,4413,69,2,2025-05-13,2025-05-23,Hypertension,Transfer,Yes
8826,3805,64,1,2023-04-26,2023-04-27,Cancer,Scheduled,Yes
8827,1455,24,1,2024-12-14,2024-12-17,Diabetes,Emergency,Yes
8828,963,45,4,2022-11-04,2022-11-08,Migraine,Referral,Yes
8829,3750,91,8,2025-12-11,2025-12-13,Cancer,Scheduled,Yes
8830,1335,43,1,2024-07-05,2024-07-07,Appendicitis,Transfer,Yes
8831,4219,46,9,2022-03-29,2022-04-05,Migraine,Emergency,No
8832,4077,29,8,2022-09-25,2022-09-26,Fracture,Transfer,Yes
8833,3929,15,9,2023-08-19,2023-08-29,Stroke,Transfer,Yes
8834,1667,58,3,2024-12-20,2025-01-01,Migraine,Referral,No
8835,3883,82,5,2024-04-12,2024-04-23,Appendicitis,Transfer,Yes
8836,972,96,5,2022-09-04,2022-09-16,Fracture,Emergency,Yes
8837,4956,27,7,2023-01-17,2023-01-20,Stroke,Scheduled,No
8838,4033,100,3,2025-09-25,2025-10-04,Hypertension,Emergency,Yes
8839,2888,4,2,2024-05-26,2024-06-03,Diabetes,Referral,No
8840,3314,27,7,2024-02-27,2024-03-07,Stroke,Referral,No
8841,4239,68,9,2025-09-22,2025-09-23,Kidney Stone,Emergency,Yes
8842,4742,81,1,2025-05-26,2025-06-09,Back Pain,Transfer,Yes
8843,2157,69,2,2025-10-14,2025-10-17,Cancer,Emergency,No
8844,2953,2,4,2024-01-09,2024-01-17,Fracture,Scheduled,No
8845,3248,26,8,2022-05-01,2022-05-07,Asthma,Scheduled,No
8846,4861,57,4,2022-10-30,2022-11-02,Flu,Scheduled,No
8847,199,75,2,2022-07-12,2022-07-17,Migraine,Scheduled,No
8848,2757,70,6,2023-03-09,2023-03-11,Abdominal Pain,Transfer,Yes
8849,2366,77,6,2024-03-05,2024-03-18,Back Pain,Emergency,Yes
8850,1538,27,7,2022-01-18,2022-01-26,Appendicitis,Scheduled,No
8851,1128,77,6,2022-10-28,2022-11-06,Appendicitis,Referral,Yes
8852,2423,46,9,2023-04-22,2023-05-05,Kidney Stone,Scheduled,Yes
8853,2477,70,6,2024-01-30,2024-02-12,Abdominal Pain,Emergency,Yes
8854,2678,59,1,2024-04-08,2024-04-18,Cancer,Referral,Yes
8855,4938,62,8,2022-11-14,2022-11-20,Diabetes,Emergency,No
8856,3584,39,4,2022-06-26,2022-07-04,Pneumonia,Referral,No
8857,750,69,2,2025-03-02,2025-03-08,Abdominal Pain,Referral,Yes
8858,4899,36,1,2023-12-11,2023-12-15,Migraine,Referral,Yes
8859,1699,68,9,2024-01-19,2024-01-22,Diabetes,Referral,No
8860,1019,10,10,2022-06-13,2022-06-14,Stroke,Referral,No
8861,4873,92,5,2024-08-04,2024-08-16,Cancer,Referral,Yes
8862,1401,96,4,2023-07-20,2023-07-22,Fracture,Scheduled,No
8863,1323,53,4,2025-11-16,2025-11-19,Skin Infection,Scheduled,No
8864,2602,15,9,2025-06-14,2025-06-20,Asthma,Referral,No
8865,2928,89,4,2024-04-14,2024-04-15,Fracture,Referral,No
8866,3130,16,4,2025-06-26,2025-07-04,Fracture,Transfer,No
8867,527,62,8,2024-03-20,2024-03-31,Abdominal Pain,Referral,No
8868,33,62,8,2024-07-08,2024-07-18,Migraine,Emergency,Yes
8869,21,7,4,2023-01-25,2023-01-28,Chest Pain,Transfer,No
8870,1593,62,8,2022-03-05,2022-03-08,Diabetes,Transfer,No
8871,226,73,2,2022-05-14,2022-05-17,Back Pain,Transfer,No
8872,3792,15,9,2024-08-28,2024-09-01,Skin Infection,Scheduled,Yes
8873,1681,61,7,2025-05-22,2025-05-30,Diabetes,Scheduled,Yes
8874,1308,82,5,2024-09-14,2024-09-16,Abdominal Pain,Referral,Yes
8875,1773,28,8,2022-10-26,2022-11-02,Cancer,Emergency,Yes
8876,4450,63,4,2025-07-09,2025-07-13,Kidney Stone,Transfer,Yes
8877,4079,49,6,2023-01-02,2023-01-10,Kidney Stone,Referral,Yes
8878,389,70,6,2024-03-30,2024-03-31,Hypertension,Scheduled,Yes
8879,908,20,1,2025-10-29,2025-11-03,Flu,Emergency,No
8880,2331,35,1,2025-08-16,2025-08-24,Cancer,Transfer,Yes
8881,2097,70,6,2025-05-14,2025-05-18,Pneumonia,Scheduled,Yes
8882,3665,81,1,2023-06-18,2023-07-02,Skin Infection,Referral,No
8883,2158,15,9,2024-02-07,2024-02-10,Kidney Stone,Emergency,Yes
8884,790,39,4,2024-08-09,2024-08-15,Migraine,Emergency,No
8885,699,61,7,2023-09-16,2023-09-24,Fracture,Scheduled,No
8886,3478,80,8,2023-08-06,2023-08-14,Diabetes,Scheduled,No
8887,2301,79,7,2025-06-07,2025-06-16,Chest Pain,Transfer,No
8888,3798,20,1,2023-12-28,2024-01-03,Fracture,Transfer,No
8889,3018,41,6,2024-03-11,2024-03-12,Flu,Referral,Yes
8890,1553,26,8,2024-11-26,2024-12-06,Stroke,Scheduled,No
8891,881,54,1,2025-04-11,2025-04-13,Flu,Scheduled,Yes
8892,3410,70,6,2023-04-08,2023-04-10,Stroke,Scheduled,Yes
8893,4300,44,4,2022-03-12,2022-03-16,Migraine,Emergency,Yes
8894,2691,79,7,2022-03-17,2022-03-25,Stroke,Emergency,No
8895,3809,12,10,2023-12-31,2024-01-02,Chest Pain,Scheduled,No
8896,4503,94,2,2024-02-27,2024-03-01,Diabetes,Transfer,Yes
8897,122,65,8,2024-08-18,2024-08-31,Skin Infection,Emergency,Yes
8898,1432,79,7,2025-04-14,2025-04-16,Diabetes,Emergency,Yes
8899,4384,89,4,2023-01-01,2023-01-12,Kidney Stone,Transfer,No
8900,503,48,10,2025-08-18,2025-08-27,Pneumonia,Transfer,Yes
8901,2292,98,7,2024-01-22,2024-02-01,Cancer,Transfer,No
8902,4496,75,2,2024-12-29,2025-01-10,Stroke,Scheduled,Yes
8903,4486,46,9,2024-12-09,2024-12-22,Pneumonia,Referral,No
8904,2723,2,4,2023-01-21,2023-02-01,Diabetes,Transfer,Yes
8905,364,62,8,2023-05-01,2023-05-05,Chest Pain,Referral,No
8906,2836,10,10,2022-09-28,2022-10-12,Back Pain,Scheduled,No
8907,1659,64,1,2024-05-08,2024-05-19,Cancer,Referral,Yes
8908,4505,19,5,2025-10-08,2025-10-13,Flu,Emergency,Yes
8909,2237,17,2,2022-02-03,2022-02-14,Appendicitis,Emergency,Yes
8910,720,96,6,2024-05-07,2024-05-11,Fracture,Emergency,Yes
8911,3873,45,4,2025-12-06,2025-12-17,Appendicitis,Transfer,No
8912,2358,80,8,2023-02-23,2023-03-06,Pneumonia,Scheduled,Yes
8913,1541,5,5,2025-09-24,2025-10-02,Flu,Referral,Yes
8914,1565,20,1,2025-01-30,2025-02-09,Fracture,Emergency,Yes
8915,2545,74,1,2025-02-23,2025-03-04,Hypertension,Transfer,No
8916,2217,5,5,2024-04-14,2024-04-18,Back Pain,Transfer,Yes
8917,634,85,2,2023-03-09,2023-03-16,Asthma,Emergency,No
8918,4962,23,2,2025-02-25,2025-02-28,Pneumonia,Referral,No
8919,2012,67,1,2022-11-28,2022-12-04,,Transfer,No
8920,780,54,1,2025-05-15,2025-05-25,Diabetes,Transfer,No
8921,3010,86,3,2023-08-21,2023-09-04,Diabetes,Scheduled,Yes
8922,262,66,10,2022-08-10,2022-08-16,Abdominal Pain,Emergency,Yes
8923,1867,4,2,2022-03-20,2022-03-22,Hypertension,Referral,Yes
8924,883,33,6,2023-06-08,2023-06-21,Fracture,Referral,Yes
8925,2057,74,1,2025-09-19,2025-09-24,Diabetes,Referral,No
8926,1011,25,10,2024-01-10,2024-01-24,Migraine,Transfer,No
8927,1614,73,2,2022-02-03,2022-02-11,Fracture,Transfer,No
8928,3568,41,6,2025-10-17,2025-10-24,Diabetes,Emergency,Yes
8929,1412,78,5,2023-08-27,2023-09-07,Abdominal Pain,Emergency,No
8930,345,10,10,2022-10-22,2022-10-30,Pneumonia,Referral,Yes
8931,4047,46,9,2022-03-02,2022-03-05,Skin Infection,Transfer,Yes
8932,2000,71,5,2022-05-15,2022-05-23,Migraine,Referral,No
8933,4395,90,9,2023-12-26,2024-01-02,Pneumonia,Transfer,No
8934,3609,61,7,2024-07-12,2024-07-23,Appendicitis,Scheduled,Yes
8935,592,82,5,2024-12-15,2024-12-27,Asthma,Transfer,Yes
8936,1680,91,8,2024-06-28,2024-07-01,Asthma,Referral,No
8937,4314,26,8,2024-07-13,2024-07-16,Flu,Emergency,Yes
8938,2367,41,6,2022-05-14,2022-05-27,Asthma,Referral,No
8939,525,42,10,2022-05-22,2022-05-30,Abdominal Pain,Scheduled,No
8940,1900,29,8,2025-11-16,2025-11-29,Back Pain,Referral,Yes
8941,1536,15,9,2023-09-20,2023-09-23,Diabetes,Transfer,Yes
8942,717,79,7,2025-05-02,2025-05-11,Back Pain,Scheduled,Yes
8943,3626,18,7,2022-11-08,2022-11-13,Pneumonia,Scheduled,Yes
8944,2402,33,6,2022-10-19,2022-10-29,Abdominal Pain,Emergency,No
8945,989,23,2,2022-10-25,2022-11-06,Fracture,Emergency,Yes
8946,2772,28,8,2025-10-02,2025-10-03,Back Pain,Emergency,No
8947,1249,29,8,2022-10-29,2022-11-03,Flu,Referral,No
8948,99999,36,1,2022-05-04,2022-05-10,Diabetes,Scheduled,No
8949,2306,81,1,2025-01-19,2025-01-28,Appendicitis,Emergency,No
8950,2767,33,6,2024-12-18,2024-12-19,Hypertension,Referral,No
8951,1473,43,1,2022-11-11,2022-11-25,Cancer,Referral,No
8952,1883,7,4,2025-03-16,2025-03-28,Cancer,Scheduled,Yes
8953,1614,94,2,2022-10-15,2022-10-17,Chest Pain,Scheduled,Yes
8954,4244,24,1,2023-03-19,2023-03-23,Pneumonia,Emergency,Yes
8955,4140,54,1,2025-12-29,2025-12-31,Kidney Stone,Transfer,Yes
8956,3242,82,5,2023-08-11,2023-08-17,Asthma,Emergency,Yes
8957,3750,67,1,2024-06-22,2024-06-25,Abdominal Pain,Emergency,Yes
8958,1831,84,1,2025-02-08,2025-02-13,Appendicitis,Emergency,No
8959,446,24,1,2022-12-10,2022-12-18,Migraine,Scheduled,Yes
8960,434,96,4,2024-11-17,2024-11-28,Pneumonia,Referral,No
8961,1855,49,6,2025-08-25,2025-08-29,Diabetes,Referral,No
8962,1931,59,1,2022-03-30,2022-04-03,Skin Infection,Referral,No
8963,3617,17,2,2025-09-04,2025-09-11,Hypertension,Scheduled,Yes
8964,1546,49,6,2022-02-25,2022-03-04,Fracture,Referral,Yes
8965,3137,57,4,2025-08-01,2025-08-15,Hypertension,Scheduled,Yes
8966,831,59,1,2023-11-09,2023-11-10,Back Pain,Emergency,Yes
8967,2627,32,9,2023-11-08,2023-11-11,Flu,Emergency,No
8968,1455,17,2,2025-03-26,2025-04-02,Chest Pain,Scheduled,Yes
8969,852,15,9,2025-03-21,2025-03-30,Stroke,Transfer,No
8970,2224,61,7,2022-06-21,2022-06-25,Fracture,Referral,Yes
8971,4256,14,10,2022-11-23,2022-12-03,Diabetes,Transfer,No
8972,417,49,6,2023-01-06,2023-01-12,Flu,Scheduled,No
8973,586,27,7,2025-09-20,2025-09-29,Diabetes,Referral,No
8974,4307,49,6,2024-02-31,2024-11-02,Appendicitis,Transfer,Yes
8975,610,4,2,2025-04-05,2025-04-19,Hypertension,Scheduled,Yes
8976,1325,2,4,2024-07-16,2024-07-27,Asthma,Scheduled,No
8977,3945,28,8,2022-06-27,2022-07-04,Cancer,Referral,No
8978,1234,71,5,2023-10-21,2023-10-31,Abdominal Pain,Emergency,No
8979,568,46,9,2025-01-18,2025-01-29,Pneumonia,Emergency,Yes
8980,139,2,4,2023-04-28,2023-05-11,Asthma,Transfer,No
8981,2682,69,2,2022-03-25,2022-04-05,Skin Infection,Scheduled,No
8982,1882,29,8,2024-09-29,2024-10-07,Cancer,Transfer,Yes
8983,578,91,8,2023-12-11,2023-12-20,Flu,,No
8984,2658,61,7,2023-08-07,2023-08-18,Skin Infection,Referral,No
8985,4269,44,4,2025-01-12,2025-01-20,Stroke,Scheduled,Yes
8986,2993,61,7,2023-08-28,2023-09-02,Fracture,Scheduled,No
8987,1270,25,10,2023-05-31,2023-06-13,Diabetes,Referral,Yes
8988,4863,28,8,2025-03-27,2025-04-06,Abdominal Pain,Emergency,Yes
8989,4689,92,5,2024-05-12,2024-05-24,Kidney Stone,Transfer,Yes
8990,925,13,6,2023-05-03,2023-05-11,Chest Pain,Transfer,No
8991,4101,70,6,2024-07-14,2024-07-26,Pneumonia,Emergency,No
8992,4067,78,5,2024-08-11,2024-08-22,Pneumonia,Scheduled,No
8993,1249,66,10,2022-06-16,2022-06-25,Pneumonia,Transfer,No
8994,2368,75,2,2022-02-09,2021-01-01,Diabetes,Emergency,Yes
8995,4296,2,4,2022-07-24,2022-07-27,Diabetes,Scheduled,No
8996,2375,52,5,2023-03-04,2023-03-08,Hypertension,Scheduled,No
8997,1867,74,1,2025-04-04,2025-04-10,Cancer,Scheduled,No
8998,2498,6,3,2023-02-16,2023-02-20,Kidney Stone,Scheduled,Yes
8999,1910,20,1,2024-12-15,2024-12-19,Flu,Emergency,No
9000,4356,34,10,2022-03-22,2022-03-23,Kidney Stone,Referral,Yes
9001,2677,50,3,2023-02-24,2023-03-06,Fracture,Referral,Yes
9002,1938,1,6,2023-04-23,2023-05-03,Cancer,Referral,Yes
9003,350,90,9,2022-05-18,2022-05-22,Flu,Scheduled,Yes
9004,1677,40,1,2022-11-03,2022-11-06,Skin Infection,Referral,Yes
9005,4533,85,2,2022-12-01,2022-12-15,Migraine,Scheduled,Yes
9006,3030,50,3,2023-11-26,2023-11-27,Stroke,Referral,No
9007,3354,90,9,2025-09-27,2025-10-02,Kidney Stone,Referral,No
9008,3452,76,7,2025-04-25,2025-05-07,Hypertension,Scheduled,Yes
9009,3267,45,4,2023-07-27,2023-08-02,Fracture,Emergency,No
9010,3916,40,1,2023-05-19,2023-05-24,Appendicitis,Transfer,No
9011,3433,38,7,2025-07-26,2025-07-30,Pneumonia,Transfer,Yes
9012,1616,20,1,2025-04-10,2025-04-20,Cancer,Transfer,Yes
9013,2276,31,1,2022-12-20,2022-12-21,Abdominal Pain,Transfer,Yes
9014,742,20,1,2022-09-04,2022-09-17,Appendicitis,Emergency,No
9015,1747,61,7,2025-03-21,2025-03-28,Kidney Stone,Referral,Yes
9016,4575,37,10,2023-02-14,2023-02-18,Kidney Stone,Transfer,Yes
9017,2052,14,10,2025-08-23,2025-09-05,Appendicitis,Referral,Yes
9018,3616,71,5,2022-11-30,2022-12-08,Asthma,Emergency,No
9019,915,85,2,2024-05-06,2024-05-11,Pneumonia,Emergency,No
9020,2070,29,8,2024-08-17,2024-08-23,Abdominal Pain,Emergency,No
9021,3892,63,4,2024-11-09,2024-11-14,Pneumonia,Referral,Yes
9022,363,90,9,2025-02-19,2025-02-21,Asthma,Referral,No
9023,4581,57,4,2022-06-07,2022-06-09,Cancer,Transfer,No
9024,2129,86,3,2024-10-04,2024-10-18,Appendicitis,Referral,Yes
9025,647,50,3,2022-10-30,2022-11-10,Back Pain,Transfer,No
9026,350,56,9,2024-02-17,2024-03-02,Cancer,Referral,No
9027,689,44,4,2023-08-09,2023-08-10,Fracture,Scheduled,Yes
9028,3562,20,1,2023-08-20,2023-08-28,Chest Pain,Scheduled,No
9029,3364,52,5,2025-02-21,2025-03-04,Hypertension,Scheduled,No
9030,3356,13,6,2025-11-20,2025-11-25,Kidney Stone,Referral,No
9031,2234,48,10,2022-05-31,2022-06-14,Diabetes,Transfer,No
9032,2606,100,3,2025-04-06,2025-04-12,Skin Infection,Scheduled,Yes
9033,765,45,4,2024-06-20,2024-06-21,Cancer,Referral,No
9034,2512,49,6,2022-10-10,2022-10-22,Cancer,Referral,No
9035,3599,24,1,2023-03-16,2023-03-17,Skin Infection,Referral,No
9036,2260,83,10,2023-08-27,2023-08-31,Stroke,Transfer,No
9037,2299,75,2,2023-04-08,2023-04-16,Migraine,Transfer,Yes
9038,4562,65,8,2024-08-28,2024-09-09,Back Pain,Transfer,Yes
9039,4207,97,5,2025-04-06,2025-04-08,Asthma,Transfer,Yes
9040,2997,57,4,2025-12-09,2025-12-23,Asthma,Scheduled,No
9041,4561,4,2,2024-03-26,2024-04-08,Fracture,Scheduled,No
9042,726,100,3,2024-12-11,2024-12-18,Pneumonia,Transfer,No
9043,3837,63,4,2025-02-20,2025-03-01,Hypertension,Scheduled,No
9044,3732,49,6,2024-05-05,2024-05-07,Appendicitis,Transfer,Yes
9045,498,81,1,2025-07-28,2025-07-29,Pneumonia,Scheduled,Yes
9046,1933,78,5,2022-04-03,,Hypertension,Emergency,Yes
9047,2281,41,6,2022-03-06,2022-03-08,Flu,Transfer,Yes
9048,2313,39,4,2023-09-24,2023-09-25,Kidney Stone,Emergency,Yes
9049,1868,60,5,2022-09-19,2022-09-22,Migraine,Transfer,Yes
9050,2479,20,1,2023-09-14,2023-09-18,Hypertension,Referral,No
9051,4806,54,1,2025-11-05,2025-11-16,Flu,Emergency,No
9052,4410,8,1,2025-02-23,2025-02-26,Kidney Stone,Scheduled,Yes
9053,238,52,5,2024-08-11,2024-08-21,Cancer,Scheduled,No
9054,3218,26,8,2025-04-01,2025-04-07,Back Pain,Referral,No
9055,3135,33,6,2022-12-19,2022-12-22,Asthma,Emergency,Yes
9056,3665,48,10,2025-05-16,2025-05-24,Stroke,Emergency,Yes
9057,755,74,1,2022-01-09,2022-01-18,Hypertension,Referral,No
9058,4915,94,2,2023-09-05,2023-09-15,Kidney Stone,Emergency,No
9059,715,48,10,2024-12-01,2024-12-06,Skin Infection,Scheduled,No
9060,4150,90,9,2022-05-22,2022-05-25,Kidney Stone,Emergency,Yes
9061,3828,21,2,2023-11-01,2023-11-14,Kidney Stone,Emergency,Yes
9062,2265,14,10,2024-05-30,2024-06-08,Cancer,Referral,Yes
9063,3304,45,4,2024-06-25,2024-06-29,Flu,Emergency,Yes
9064,1423,69,2,2023-11-27,2023-11-29,Chest Pain,Referral,Yes
9065,4623,60,5,2023-06-27,2023-07-08,Pneumonia,Transfer,No
9066,3893,60,5,2022-08-28,2022-09-08,Cancer,Emergency,Yes
9067,1589,25,10,2025-12-15,2025-12-22,Skin Infection,Scheduled,No
9068,4345,94,2,2022-05-07,2022-05-16,Stroke,Transfer,Yes
9069,4079,82,5,2025-04-08,2025-04-13,Appendicitis,Scheduled,Yes
9070,2811,18,7,2025-04-30,2025-05-02,Stroke,Transfer,No
9071,2885,83,10,2022-03-11,2022-03-20,Asthma,Scheduled,Yes
9072,4075,59,1,2024-03-26,2024-04-05,Kidney Stone,Referral,Yes
9073,1017,14,10,2022-12-06,2022-12-11,Abdominal Pain,Emergency,No
9074,48,84,1,2023-05-30,2023-06-03,Asthma,Transfer,No
9075,4044,3,3,2023-08-05,2023-08-07,Diabetes,Referral,Yes
9076,2675,55,3,2023-05-28,2023-05-31,Fracture,Emergency,No
9077,2105,23,2,2025-11-09,2025-11-22,Diabetes,Transfer,Yes
9078,2508,51,9,2025-10-29,2025-11-10,Diabetes,Emergency,No
9079,2617,88,5,2025-03-05,2025-03-14,Asthma,Emergency,No
9080,4400,54,1,2023-04-30,2023-05-09,Kidney Stone,Emergency,Yes
9081,2321,5,5,2023-10-19,2023-10-27,Stroke,Scheduled,No
9082,4516,18,7,2025-11-15,2025-11-28,Abdominal Pain,Referral,Yes
9083,3871,43,1,2022-06-28,2022-07-05,Hypertension,Transfer,Yes
9084,2346,6,3,2025-09-09,2025-09-13,Flu,Referral,Yes
9085,4811,88,5,2023-12-19,2023-12-27,Fracture,Emergency,Yes
9086,3881,38,7,2024-04-23,2024-05-06,Chest Pain,Scheduled,No
9087,4263,30,7,2023-09-05,2023-09-14,Fracture,Emergency,Yes
9088,2536,48,10,2022-02-04,2022-02-11,Migraine,Referral,Yes
9089,1746,39,4,2025-12-13,2025-12-27,Flu,Referral,No
9090,4819,20,1,2023-07-20,2023-07-21,Diabetes,Scheduled,No
9091,4916,72,2,2024-06-06,2024-06-20,Kidney Stone,Referral,No
9092,4324,37,10,2024-12-02,2024-12-15,,Referral,Yes
9093,1264,70,6,2022-12-06,2022-12-11,Skin Infection,Transfer,No
9094,1553,19,5,2023-04-04,2023-04-11,Flu,Scheduled,Yes
9095,99999,77,6,2025-07-01,2025-07-07,Abdominal Pain,Referral,Yes
9096,790,98,7,2023-07-20,2023-08-01,Back Pain,Emergency,No
9097,4278,93,7,2023-07-13,2023-07-26,Flu,Emergency,Yes
9098,39,50,3,2024-08-28,2024-09-07,Migraine,Transfer,Yes
9099,4694,79,7,2022-05-25,2022-05-28,Hypertension,Emergency,Yes
9100,884,56,9,2025-11-06,2025-11-18,Back Pain,Scheduled,Yes
9101,385,95,1,2023-12-15,2023-12-21,Stroke,Transfer,No
9102,950,77,6,2025-12-20,2025-12-30,Abdominal Pain,Emergency,Yes
9103,4768,84,1,2025-10-16,2025-10-27,Appendicitis,Emergency,No
9104,311,39,4,2025-06-06,2025-06-09,Pneumonia,Emergency,Yes
9105,2693,53,4,2022-05-17,2022-05-28,Pneumonia,Emergency,No
9106,2858,22,5,2024-01-14,2024-01-28,Migraine,Transfer,Yes
9107,3609,69,2,2025-01-12,2025-01-16,Chest Pain,Referral,No
9108,3724,17,2,2025-09-25,2025-10-01,Diabetes,Scheduled,Yes
9109,1088,3,3,2025-02-01,2025-02-08,Abdominal Pain,Referral,No
9110,45,75,2,2025-03-12,2025-03-13,Appendicitis,Emergency,Yes
9111,2476,28,8,2022-01-08,2022-01-14,Abdominal Pain,Referral,No
9112,689,52,5,2023-03-14,2023-03-19,Migraine,Emergency,No
9113,877,30,7,2024-03-06,2024-03-19,Diabetes,Scheduled,No
9114,272,26,8,2024-05-21,2024-05-22,Diabetes,Scheduled,No
9115,4319,24,1,2024-07-27,2024-07-28,Cancer,Emergency,No
9116,3490,6,3,2022-12-03,2022-12-14,Flu,Referral,Yes
9117,1075,89,4,2024-04-04,2024-04-08,Flu,Referral,No
9118,4497,70,6,2024-07-30,2024-08-09,Back Pain,Referral,No
9119,1299,74,1,2025-04-16,2025-04-18,Hypertension,Emergency,No
9120,1117,77,6,2022-05-18,2022-05-25,Cancer,Transfer,No
9121,342,69,2,2023-02-02,2023-02-05,Fracture,Transfer,Yes
9122,2901,1,6,2025-01-26,2025-01-30,Abdominal Pain,Referral,Yes
9123,387,11,9,2024-08-18,2024-08-19,Migraine,Transfer,No
9124,2351,6,3,2022-01-25,2022-01-29,Flu,Emergency,No
9125,398,49,6,2022-02-23,2022-02-27,Pneumonia,Transfer,Yes
9126,1534,33,6,2023-06-19,2023-06-23,Fracture,Transfer,No
9127,4666,45,4,2024-05-09,2024-05-18,Skin Infection,Transfer,Yes
9128,3943,29,8,2023-06-05,2023-06-13,Hypertension,Transfer,Yes
9129,2307,56,9,2023-01-09,2023-01-15,Cancer,Transfer,No
9130,4319,54,1,2022-09-26,2022-10-10,Hypertension,Referral,No
9131,256,49,6,2024-09-17,2024-09-20,Skin Infection,Scheduled,Yes
9132,3184,2,4,2024-12-06,2024-12-10,Chest Pain,Scheduled,Yes
9133,1729,76,7,2022-06-17,2022-06-27,Cancer,Transfer,Yes
9134,3934,91,8,2024-09-09,2024-09-22,Stroke,Emergency,Yes
9135,4555,64,1,2023-06-06,2023-06-15,Kidney Stone,Scheduled,Yes
9136,1989,99,10,2022-08-02,2022-08-15,Fracture,Emergency,No
9137,4648,79,7,2025-11-28,2025-12-11,Diabetes,Scheduled,Yes
9138,509,56,9,2025-07-14,2025-07-20,Stroke,Referral,Yes
9139,1619,46,9,2022-08-04,2022-08-12,Back Pain,Referral,No
9140,2418,50,3,2025-01-14,2025-01-19,Abdominal Pain,Transfer,No
9141,858,95,1,2025-05-20,2025-05-25,Appendicitis,Emergency,No
9142,1858,85,2,2025-09-15,2025-09-25,Chest Pain,Emergency,No
9143,951,84,1,2024-09-29,2024-10-02,Migraine,Emergency,No
9144,2002,74,1,2023-05-31,2023-06-08,Appendicitis,Scheduled,Yes
9145,516,29,8,2023-04-10,2023-04-22,Kidney Stone,Scheduled,No
9146,810,37,10,2023-03-19,2023-03-24,Abdominal Pain,Referral,No
9147,2468,69,2,2024-02-24,2024-03-03,Diabetes,Emergency,No
9148,1537,76,7,2024-02-03,2024-02-15,Appendicitis,Scheduled,Yes
9149,1674,27,7,2023-06-10,2023-06-12,Asthma,Emergency,No
9150,3167,22,5,2025-04-08,2025-04-09,Abdominal Pain,Transfer,Yes
9151,4949,44,4,2022-03-19,2022-03-21,Kidney Stone,Referral,Yes
9152,3907,41,6,2024-01-16,2024-01-27,Stroke,Scheduled,No
9153,1921,47,9,2023-06-19,2023-06-20,Kidney Stone,Referral,No
9154,237,11,9,2023-05-24,2023-05-31,Fracture,Scheduled,No
9155,4918,29,8,2025-01-10,2025-01-21,Abdominal Pain,Referral,No
9156,3789,12,10,2024-02-01,2024-02-11,Asthma,Transfer,Yes
9157,2389,76,7,2025-01-29,2025-02-01,Chest Pain,Emergency,No
9158,3333,11,9,2024-03-31,2024-04-02,Appendicitis,Emergency,Yes
9159,1498,63,4,2022-08-20,2022-08-25,Kidney Stone,Transfer,Yes
9160,698,70,6,2023-10-18,2023-10-25,Fracture,Emergency,No
9161,4609,7,4,2024-04-15,2024-04-26,Flu,Transfer,Yes
9162,1596,13,6,2023-01-06,2023-01-08,Kidney Stone,Scheduled,No
9163,2086,54,1,2025-07-29,2025-08-05,Flu,Scheduled,No
9164,838,95,1,2024-02-17,2024-02-19,Pneumonia,Scheduled,No
9165,3501,92,5,2022-08-26,2022-08-28,Cancer,Scheduled,No
9166,1676,27,7,2025-05-01,2025-05-14,Fracture,Emergency,Yes
9167,3546,84,1,2023-12-13,2023-12-22,Abdominal Pain,Scheduled,Yes
9168,4600,30,7,2022-01-09,2022-01-10,Cancer,Referral,No
9169,1824,39,4,2024-12-23,2024-12-25,Skin Infection,Transfer,No
9170,2602,75,2,2025-08-21,2025-09-01,Asthma,Emergency,No
9171,4521,88,5,2025-04-24,2025-05-05,Diabetes,Referral,Yes
9172,4499,71,5,2025-05-09,2025-05-19,Kidney Stone,Scheduled,Yes
9173,1404,4,2,2023-02-17,2023-03-01,Abdominal Pain,Emergency,Yes
9174,3765,28,8,2024-05-29,2024-06-12,Fracture,Transfer,No
9175,3387,61,7,2025-07-27,2025-08-02,Asthma,Transfer,No
9176,2108,24,1,2022-03-06,2022-03-16,Back Pain,Referral,Yes
9177,1335,58,3,2025-08-28,2025-09-03,Hypertension,Referral,No
9178,3455,42,10,2024-02-20,2024-02-28,Hypertension,Emergency,No
9179,1183,86,3,2025-05-22,2025-06-05,Back Pain,Referral,No
9180,591,52,5,2024-01-03,2024-01-12,Flu,Referral,Yes
9181,2299,38,7,2022-08-20,2022-08-27,Skin Infection,Transfer,Yes
9182,2839,24,1,2023-12-28,2024-01-11,Appendicitis,Scheduled,No
9183,4956,73,2,2024-11-10,2024-11-23,Chest Pain,Emergency,Yes
9184,335,67,1,2023-02-28,2023-03-09,Cancer,Scheduled,No
9185,2207,91,8,2025-04-04,2025-04-16,Flu,Emergency,Yes
9186,4907,9,5,2023-10-14,2023-10-28,Stroke,Referral,Yes
9187,1337,11,9,2025-02-18,2025-03-03,Migraine,Scheduled,Yes
9188,1728,87,4,2022-01-09,2022-01-17,Migraine,Transfer,No
9189,2879,25,10,2023-07-01,2023-07-14,Abdominal Pain,Emergency,Yes
9190,453,86,3,2024-08-10,2024-08-21,Migraine,Emergency,Yes
9191,3052,64,1,2023-01-25,2023-02-06,,Referral,No
9192,1336,70,6,2022-05-02,2022-05-07,Back Pain,Transfer,No
9193,3634,38,7,2024-05-02,2024-05-16,Migraine,Scheduled,Yes
9194,2923,14,10,2024-02-11,2024-02-16,Kidney Stone,Transfer,No
9195,1507,64,1,2025-08-21,2025-08-22,Back Pain,Emergency,No
9196,1285,29,8,2025-05-28,2025-06-11,Skin Infection,Referral,No
9197,4612,66,10,2022-04-11,2022-04-18,Asthma,Transfer,No
9198,2616,19,5,2023-06-28,2023-07-07,Skin Infection,Referral,Yes
9199,263,32,9,2023-08-04,2023-08-11,Skin Infection,Transfer,No
9200,1693,4,2,2023-06-03,2023-06-17,Back Pain,Emergency,Yes
9201,426,80,8,2024-01-30,2024-02-03,Asthma,Referral,No
9202,3851,26,8,2024-10-17,2024-10-20,Cancer,Scheduled,No
9203,4133,99,10,2024-10-04,2024-10-11,Diabetes,Scheduled,No
9204,2226,15,9,2023-09-30,2023-10-03,Chest Pain,Scheduled,Yes
9205,3441,3,3,2022-12-14,2022-12-23,Flu,Transfer,Yes
9206,4555,66,10,2024-10-16,2024-10-24,Chest Pain,Transfer,No
9207,1631,48,10,2025-04-30,2025-05-14,Migraine,Referral,No
9208,1982,35,1,2022-12-23,2023-01-01,Abdominal Pain,Referral,Yes
9209,2876,61,7,2023-09-25,2023-10-08,Kidney Stone,Transfer,Yes
9210,394,55,3,2024-04-15,2024-04-21,Pneumonia,Transfer,Yes
9211,2703,92,5,2025-05-08,2025-05-19,Asthma,Referral,No
9212,1267,68,9,2025-03-03,2025-03-12,Hypertension,Emergency,Yes
9213,4087,91,8,2024-03-31,2024-04-10,Kidney Stone,Transfer,No
9214,3512,81,1,2024-10-20,2024-11-01,Flu,Emergency,No
9215,3355,86,3,2025-07-14,2025-07-18,Back Pain,Emergency,No
9216,2992,74,1,2022-10-10,2022-10-16,Kidney Stone,Transfer,No
9217,3836,83,10,2024-02-24,2024-03-02,Flu,Emergency,Yes
9218,158,22,5,2024-07-07,2024-07-11,Kidney Stone,Emergency,Yes
9219,3811,18,7,2024-05-09,2024-05-22,Chest Pain,Emergency,Yes
9220,2656,41,6,2025-02-22,2025-02-28,Appendicitis,Scheduled,No
9221,1069,32,9,2023-06-25,2023-07-06,Hypertension,Scheduled,Yes
9222,988,78,5,2025-06-07,2025-06-08,Asthma,Referral,Yes
9223,3500,80,8,2024-06-18,2024-06-26,Stroke,Referral,No
9224,3728,85,2,2024-08-11,2024-08-16,Flu,Scheduled,Yes
9225,2861,5,5,2023-03-15,2023-03-17,Skin Infection,Scheduled,No
9226,1934,49,6,2025-03-31,2025-04-13,Abdominal Pain,Scheduled,Yes
9227,4979,95,1,2022-07-27,2022-08-08,Asthma,Transfer,No
9228,680,4,2,2024-12-09,2024-12-16,Asthma,Referral,No
9229,4929,32,9,2025-02-02,2025-02-14,Stroke,Emergency,Yes
9230,4560,26,8,2025-04-22,2025-04-25,Back Pain,Transfer,Yes
9231,3855,68,9,2025-04-05,2025-04-18,Chest Pain,Scheduled,No
9232,4212,56,9,2025-03-24,2025-03-25,Abdominal Pain,Scheduled,Yes
9233,207,40,1,2023-12-08,2023-12-10,Pneumonia,Transfer,Yes
9234,3394,95,1,2024-07-28,2024-07-30,Asthma,Emergency,Yes
9235,3940,5,5,2022-07-29,2022-08-07,Abdominal Pain,Emergency,Yes
9236,190,91,8,2024-06-28,2024-07-02,Flu,Referral,No
9237,1391,64,1,2024-11-18,2024-11-23,Chest Pain,Emergency,Yes
9238,3630,94,2,2025-12-13,2025-12-15,Hypertension,Referral,Yes
9239,4101,90,9,2025-01-01,2025-01-05,Migraine,Transfer,No
9240,4470,84,1,2025-05-30,2025-06-11,Migraine,Emergency,No
9241,3169,61,7,2025-04-28,2025-05-06,Abdominal Pain,Emergency,No
9242,4493,39,4,2024-08-11,2024-08-18,Pneumonia,Referral,No
9243,3687,22,5,2023-05-25,2023-05-29,Migraine,Transfer,Yes
9244,3834,66,10,2025-03-12,2025-03-14,Back Pain,Transfer,No
9245,693,8,1,2025-10-22,2025-11-02,Pneumonia,Emergency,Yes
9246,3977,69,2,2024-06-08,2024-06-13,Diabetes,Emergency,No
9247,3709,35,1,2024-08-22,2024-08-24,Appendicitis,Scheduled,No
9248,4224,33,6,2024-12-30,2025-01-07,Skin Infection,Transfer,Yes
9249,4561,21,2,2023-07-07,2023-07-14,Cancer,Transfer,Yes
9250,3368,69,2,2023-12-21,2024-01-03,Chest Pain,Emergency,Yes
9251,697,21,2,2024-09-19,2024-09-30,Abdominal Pain,Transfer,Yes
9252,652,43,1,2022-09-19,2022-10-02,Flu,Emergency,No
9253,4978,1,6,2023-07-25,2023-08-08,Fracture,Transfer,Yes
9254,1150,76,7,2022-08-04,2022-08-16,Chest Pain,Emergency,No
9255,1736,78,5,2025-12-08,2025-12-13,Chest Pain,Emergency,Yes
9256,4472,44,4,2025-11-28,2025-12-07,Cancer,Emergency,Yes
9257,37,65,8,2025-05-11,2025-05-20,Flu,Emergency,No
9258,826,16,4,2025-12-08,2025-12-14,Cancer,Transfer,Yes
9259,2160,68,9,2023-03-08,2023-03-13,Fracture,Emergency,No
9260,3853,38,7,2022-05-14,2022-05-21,Back Pain,Transfer,Yes
9261,1034,31,1,2025-04-30,2025-05-09,Skin Infection,Emergency,Yes
9262,4941,81,1,2025-04-26,2025-05-04,Cancer,Transfer,No
9263,4194,79,7,2025-05-26,2025-06-03,Kidney Stone,Scheduled,No
9264,1610,64,1,2022-09-14,2022-09-19,Stroke,Scheduled,No
9265,3824,44,4,2022-09-17,2022-09-21,Stroke,Referral,No
9266,1981,60,5,2022-07-25,2022-07-26,Abdominal Pain,Transfer,Yes
9267,1663,44,4,2024-05-04,2024-05-06,Kidney Stone,Scheduled,Yes
9268,4361,43,1,2022-10-16,2022-10-21,Appendicitis,Emergency,No
9269,1875,45,4,2023-03-07,2023-03-08,Stroke,Transfer,No
9270,1065,16,4,2024-11-18,2024-11-26,Diabetes,Transfer,Yes
9271,2393,41,6,2025-08-16,2025-08-29,Appendicitis,Referral,Yes
9272,4654,73,2,2025-12-13,2025-12-26,Appendicitis,Referral,Yes
9273,1766,47,9,2023-04-22,2023-04-24,Kidney Stone,Scheduled,Yes
9274,2131,53,4,2025-07-20,2025-07-30,Pneumonia,Transfer,Yes
9275,3628,100,3,2022-04-12,2022-04-14,Pneumonia,Referral,No
9276,979,8,1,2022-07-08,2022-07-09,Fracture,Scheduled,Yes
9277,1808,11,9,2022-06-15,2022-06-18,Cancer,Transfer,No
9278,2079,33,6,2023-11-27,2023-11-30,,Transfer,No
9279,3131,88,5,2023-01-11,2023-01-22,Back Pain,Referral,Yes
9280,4165,23,2,2023-02-19,2023-02-27,Asthma,Transfer,Yes
9281,3678,66,10,2025-01-15,2025-01-27,Fracture,Emergency,Yes
9282,304,55,3,2024-05-12,2024-05-20,Diabetes,Scheduled,Yes
9283,3999,69,2,2024-04-19,2024-04-28,Cancer,Referral,Yes
9284,1645,72,2,2023-01-28,2023-02-10,Stroke,Transfer,No
9285,2918,85,2,2023-09-30,2023-10-12,Flu,Scheduled,No
9286,2006,81,1,2025-05-07,2025-05-13,Migraine,Emergency,No
9287,3258,13,6,2023-07-23,2023-08-02,Skin Infection,Transfer,Yes
9288,224,66,10,2022-11-30,2022-12-12,Cancer,Transfer,Yes
9289,1043,40,1,2025-08-21,2025-08-27,Cancer,Emergency,No
9290,3847,20,1,2022-08-09,2022-08-15,Flu,Referral,No
9291,1942,19,5,2025-11-28,2025-12-04,Pneumonia,Referral,No
9292,4181,17,2,2022-05-12,2022-05-15,Abdominal Pain,Referral,Yes
9293,1174,28,8,2024-10-23,2024-10-25,Migraine,Emergency,No
9294,387,77,6,2025-01-01,2025-01-09,Fracture,Emergency,Yes
9295,1656,14,10,2025-09-20,2025-10-03,Pneumonia,Referral,No
9296,4529,1,6,2025-04-18,2025-04-25,Fracture,Referral,Yes
9297,3405,44,4,2025-03-25,2025-03-30,Chest Pain,Referral,No
9298,18,11,9,2025-09-18,2025-09-26,Pneumonia,Transfer,No
9299,1736,74,1,2024-12-19,2024-12-31,Stroke,Transfer,No
9300,2767,89,4,2024-10-16,2024-10-20,Flu,Transfer,No
9301,989,33,6,2025-05-15,2025-05-18,Skin Infection,Transfer,No
9302,37,15,9,2025-02-18,2025-03-03,Diabetes,Emergency,Yes
9303,1354,75,2,2022-02-25,2022-02-26,Pneumonia,Emergency,Yes
9304,3645,73,2,2024-05-03,2024-05-14,Back Pain,Scheduled,No
9305,3216,78,5,2022-01-03,2022-01-06,Hypertension,Referral,Yes
9306,112,77,6,2025-07-16,2025-07-20,Pneumonia,Scheduled,Yes
9307,1450,91,8,2023-12-29,2024-01-01,Skin Infection,Referral,No
9308,1482,96,1,2022-09-23,2022-10-06,Cancer,Emergency,Yes
9309,2747,18,7,2025-02-06,2025-02-17,Fracture,Scheduled,Yes
9310,4444,95,1,2023-11-22,2023-11-28,Abdominal Pain,Transfer,No
9311,3914,79,7,2024-03-04,2024-03-16,Fracture,Emergency,Yes
9312,1888,46,9,2025-03-28,2025-04-06,Back Pain,Transfer,Yes
9313,468,8,1,2022-01-11,2022-01-12,Migraine,Transfer,Yes
9314,2943,19,5,2025-12-25,2025-12-30,Flu,Emergency,No
9315,449,59,1,2024-05-08,2024-05-14,Pneumonia,Scheduled,Yes
9316,2593,62,8,2022-04-05,2022-04-17,Diabetes,Emergency,No
9317,2621,7,4,2025-02-27,2025-03-02,Cancer,Emergency,No
9318,2852,13,6,2023-12-19,2023-12-22,Appendicitis,Emergency,Yes
9319,1247,90,9,2024-09-17,2024-09-22,Hypertension,Emergency,Yes
9320,4872,99,10,2024-05-19,2024-05-30,Kidney Stone,Transfer,No
9321,2180,18,7,2023-06-29,2023-07-09,Stroke,Referral,No
9322,4029,53,4,2024-10-06,2024-10-08,Cancer,Scheduled,Yes
9323,2453,59,1,2025-01-12,2025-01-25,Back Pain,Scheduled,Yes
9324,972,94,2,2025-10-06,2025-10-10,Abdominal Pain,Scheduled,No
9325,4466,67,1,2022-02-21,2022-03-07,Appendicitis,Transfer,Yes
9326,1045,76,7,2022-09-23,2022-10-07,Appendicitis,Emergency,No
9327,3070,100,3,2023-04-06,2023-04-17,Asthma,Transfer,Yes
9328,1203,98,7,2025-12-03,2025-12-05,Diabetes,Scheduled,Yes
9329,3786,77,6,2022-11-09,2022-11-18,Flu,Emergency,No
9330,4281,7,4,2022-11-14,2022-11-17,Kidney Stone,Scheduled,No
9331,4201,60,5,2023-06-25,,Migraine,Referral,Yes
9332,1043,38,7,2022-02-02,2022-02-07,Fracture,Referral,Yes
9333,4323,95,1,2024-11-21,2024-11-25,Fracture,Referral,Yes
9334,664,46,9,2025-01-16,2025-01-27,Kidney Stone,Scheduled,No
9335,72,21,2,2023-06-07,2023-06-18,Back Pain,Referral,Yes
9336,4277,48,10,2025-02-28,2025-03-14,Pneumonia,Scheduled,No
9337,2320,54,1,2023-04-14,2023-04-26,Back Pain,Scheduled,Yes
9338,746,10,10,2022-06-03,2022-06-13,Kidney Stone,Referral,No
9339,271,9,5,2022-05-25,2022-06-02,Flu,Scheduled,Yes
9340,4658,49,6,2023-04-02,2023-04-16,Abdominal Pain,Emergency,Yes
9341,865,89,4,2025-11-23,2025-12-04,Hypertension,Transfer,No
9342,1252,31,1,2024-10-04,2024-10-13,Chest Pain,Referral,No
9343,3780,15,9,2022-12-17,2022-12-21,Abdominal Pain,Emergency,Yes
9344,3569,64,1,2023-09-21,2023-10-04,Fracture,Emergency,Yes
9345,852,97,3,2022-02-28,2021-01-01,Asthma,Transfer,Yes
9346,1395,95,1,2024-06-14,2024-06-22,Back Pain,Scheduled,No
9347,4266,80,8,2023-08-13,2023-08-22,Fracture,Scheduled,No
9348,2435,89,4,2024-04-23,2024-04-28,Diabetes,Scheduled,No
9349,3453,32,9,2022-02-27,2022-03-05,Cancer,Transfer,Yes
9350,1351,68,9,2022-11-07,2022-11-11,Fracture,Emergency,No
9351,3869,64,1,2023-04-19,2023-04-26,Stroke,Referral,Yes
9352,1723,41,6,2025-12-10,2025-12-23,Migraine,Transfer,Yes
9353,3877,83,10,2023-12-04,2023-12-18,Abdominal Pain,Referral,No
9354,2618,72,2,2024-10-18,2024-10-29,Skin Infection,Emergency,No
9355,3095,65,8,2025-09-02,2025-09-09,Asthma,Emergency,No
9356,4543,94,2,2023-12-26,2024-01-09,Hypertension,Transfer,No
9357,3186,54,1,2023-03-06,2023-03-15,Asthma,Scheduled,Yes
9358,1599,69,2,2025-02-05,2025-02-10,Diabetes,Emergency,Yes
9359,3827,74,1,2023-12-14,2023-12-23,Flu,Emergency,No
9360,4961,48,10,2024-04-30,2024-05-11,Asthma,Emergency,Yes
9361,2590,55,3,2025-12-07,2025-12-10,Back Pain,Scheduled,Yes
9362,1262,44,4,2023-10-24,2023-10-30,Appendicitis,Emergency,No
9363,4847,37,10,2024-04-07,2024-04-11,Pneumonia,Referral,Yes
9364,2288,85,2,2024-04-19,2024-04-27,Migraine,Transfer,Yes
9365,1231,27,7,2024-08-13,2024-08-19,Back Pain,Transfer,Yes
9366,333,33,6,2023-01-12,2023-01-17,Migraine,Transfer,Yes
9367,2491,96,2,2024-05-22,2024-06-05,Stroke,Transfer,No
9368,4722,60,5,2023-07-19,2023-07-28,Kidney Stone,Referral,Yes
9369,4625,50,3,2022-03-31,2022-04-13,Migraine,Scheduled,Yes
9370,4204,18,7,2022-05-16,2022-05-30,Diabetes,Emergency,No
9371,4248,48,10,2022-03-07,2022-03-14,Diabetes,Transfer,No
9372,2037,33,6,2025-09-11,2025-09-25,Flu,Referral,Yes
9373,3341,91,8,2022-03-18,2022-03-30,Flu,Scheduled,No
9374,3851,86,3,2025-04-24,2025-05-07,Kidney Stone,Scheduled,Yes
9375,1347,79,7,2024-10-12,2024-10-21,Kidney Stone,Scheduled,Yes
9376,4744,80,8,2022-06-20,2022-06-28,Cancer,Scheduled,Yes
9377,1656,94,2,2025-10-16,2025-10-26,Skin Infection,Emergency,No
9378,2842,29,8,2022-11-28,2022-12-06,Appendicitis,Transfer,No
9379,270,46,9,2024-02-02,2024-02-13,Kidney Stone,Emergency,Yes
9380,3810,12,10,2025-01-01,2025-01-03,Kidney Stone,Transfer,Yes
9381,2521,89,4,2024-08-26,2024-09-02,Asthma,Referral,Yes
9382,2773,26,8,2023-07-02,2023-07-15,Cancer,Transfer,No
9383,3595,33,6,2023-08-19,2023-08-25,Diabetes,Emergency,Yes
9384,2922,73,2,2025-02-16,2025-02-21,Chest Pain,Referral,No
9385,2060,43,1,2024-04-29,2024-05-02,Fracture,Scheduled,Yes
9386,3731,73,2,2022-07-20,2022-07-25,Stroke,Emergency,Yes
9387,4256,83,10,2024-02-28,2024-03-04,Fracture,Referral,No
9388,612,53,4,2022-06-05,2022-06-13,Hypertension,Scheduled,No
9389,1465,64,1,2022-10-13,2022-10-14,Flu,Scheduled,No
9390,2942,44,4,2025-10-28,2025-11-02,Asthma,Transfer,Yes
9391,3530,12,10,2023-06-26,2023-06-29,Migraine,Referral,Yes
9392,2092,13,6,2024-07-15,2024-07-21,Back Pain,Transfer,Yes
9393,1770,7,4,2025-02-12,2025-02-22,Asthma,Emergency,Yes
9394,3375,76,7,2023-08-02,2023-08-07,Asthma,Referral,No
9395,760,60,5,2023-03-20,2023-03-28,Pneumonia,Scheduled,No
9396,1099,87,4,2023-04-22,2023-05-01,Pneumonia,Scheduled,Yes
9397,2733,53,4,2023-11-30,2023-12-09,Migraine,Transfer,No
9398,1624,62,8,2025-12-17,2025-12-24,Stroke,Scheduled,No
9399,2241,83,10,2022-11-11,2022-11-22,Chest Pain,Referral,Yes
9400,3933,32,9,2024-01-28,2024-02-07,Abdominal Pain,,Yes
9401,2866,65,8,2022-01-03,2022-01-12,Kidney Stone,Referral,No
9402,4023,55,3,2025-07-11,2025-07-18,Abdominal Pain,Scheduled,No
9403,1846,70,6,2024-08-11,2024-08-14,Migraine,Transfer,Yes
9404,2620,86,3,2025-04-21,2025-04-24,Pneumonia,Emergency,No
9405,4728,30,7,2023-04-05,2023-04-13,Chest Pain,Scheduled,No
9406,674,35,1,2023-02-21,2023-02-24,Flu,Transfer,No
9407,1786,61,7,2024-05-14,2024-05-23,Skin Infection,Scheduled,No
9408,446,79,7,2025-11-02,2025-11-04,Cancer,Referral,Yes
9409,1392,21,2,2025-04-07,2025-04-13,Stroke,Referral,No
9410,169,32,9,2023-06-10,2023-06-21,Skin Infection,Scheduled,Yes
9411,4811,24,1,2024-03-30,2024-04-11,Migraine,Scheduled,Yes
9412,729,59,1,2023-05-30,2023-06-12,Migraine,Referral,No
9413,4164,51,9,2024-09-15,2024-09-19,Flu,Scheduled,Yes
9414,878,18,7,2022-08-13,2022-08-23,Asthma,Emergency,No
9415,1535,96,1,2022-05-03,2022-05-05,Hypertension,Scheduled,Yes
9416,3826,15,9,2025-01-07,2025-01-10,Pneumonia,Emergency,No
9417,2162,49,6,2024-10-03,2024-10-09,Hypertension,Transfer,No
9418,235,97,5,2024-04-06,2024-04-20,Diabetes,Scheduled,Yes
9419,2068,64,1,2022-08-11,2022-08-16,Diabetes,Emergency,No
9420,4055,27,7,2025-06-08,2025-06-19,Kidney Stone,Transfer,No
9421,2792,6,3,2024-03-21,2024-03-29,Flu,Transfer,Yes
9422,2517,52,5,2025-11-21,2025-11-23,Diabetes,Transfer,No
9423,3117,94,2,2025-03-15,2025-03-22,Cancer,Scheduled,Yes
9424,921,4,2,2025-06-04,2025-06-13,Kidney Stone,Scheduled,No
9425,1568,73,2,2023-11-22,2023-11-25,Appendicitis,Scheduled,No
9426,3937,39,4,2022-07-16,2022-07-20,Hypertension,Referral,No
9427,8,34,10,2024-07-20,2024-07-25,Stroke,Referral,Yes
9428,2169,25,10,2024-12-10,2024-12-14,Flu,Transfer,Yes
9429,4785,1,6,2022-01-29,2022-02-06,Diabetes,Scheduled,No
9430,2600,100,3,2025-10-22,2025-11-01,Diabetes,Emergency,No
9431,859,68,9,2023-02-23,2023-03-01,Kidney Stone,Referral,No
9432,4960,56,9,2025-04-01,2025-04-13,Migraine,Referral,No
9433,923,1,6,2024-08-25,2024-09-08,Abdominal Pain,Scheduled,NO
9434,2940,78,5,2023-11-18,2023-11-24,Diabetes,Emergency,No
9435,1355,43,1,2025-12-26,2025-12-31,Abdominal Pain,Referral,No
9436,63,22,5,2024-10-07,2024-10-18,Skin Infection,Scheduled,Yes
9437,926,40,1,2024-07-22,2024-07-29,Pneumonia,Scheduled,Yes
9438,2301,23,2,2025-02-15,2025-02-16,Fracture,Emergency,Yes
9439,4197,37,10,2024-05-23,2024-05-25,Appendicitis,Referral,Yes
9440,3424,41,6,2025-03-11,2025-03-21,Fracture,Transfer,No
9441,4589,70,6,2025-08-31,2025-09-12,Stroke,Scheduled,Yes
9442,4244,72,2,2025-04-17,2025-04-24,Asthma,Transfer,Yes
9443,3597,15,9,2024-11-22,2024-11-28,Kidney Stone,Emergency,Yes
9444,2548,55,3,2023-05-26,2023-06-01,Kidney Stone,Emergency,Yes
9445,2982,82,5,2024-09-05,2024-09-15,Diabetes,Transfer,Yes
9446,1952,83,10,2025-04-25,2025-04-28,Abdominal Pain,Scheduled,Yes
9447,608,68,9,2024-03-05,2024-03-08,Migraine,Scheduled,Yes
9448,781,12,10,2024-11-01,2024-11-02,Stroke,Scheduled,No
9449,2747,6,3,2023-02-22,2023-03-08,Hypertension,Transfer,No
9450,3314,84,1,2023-11-20,2023-12-01,Chest Pain,Transfer,No
9451,801,71,5,2023-06-15,2023-06-27,Kidney Stone,Scheduled,Yes
9452,4307,99,10,2025-07-29,2025-08-12,Diabetes,Referral,Yes
9453,115,52,5,2024-04-08,2024-04-15,Fracture,Scheduled,Yes
9454,3007,70,6,2022-08-13,2022-08-27,Asthma,Emergency,Yes
9455,1232,27,7,2024-09-03,2024-09-15,Appendicitis,Referral,No
9456,476,47,9,2023-06-08,2023-06-20,Flu,Referral,Yes
9457,1250,17,2,2023-06-03,2023-06-14,Back Pain,Transfer,No
9458,2548,21,2,2022-10-17,2022-10-18,Chest Pain,Referral,Yes
9459,4028,61,7,2023-12-16,2023-12-29,Flu,Emergency,Yes
9460,50,83,10,2025-04-27,2025-05-08,Fracture,Transfer,Yes
9461,1245,73,2,2024-08-25,2024-09-07,Pneumonia,Emergency,No
9462,511,100,3,2023-01-08,2023-01-19,Pneumonia,Transfer,Yes
9463,4420,16,4,2023-08-14,2023-08-27,Asthma,Scheduled,No
9464,2703,100,3,2022-02-05,2022-02-12,Abdominal Pain,Transfer,No
9465,2596,37,10,2022-04-06,2022-04-19,Kidney Stone,,Yes
9466,1982,99,10,2025-09-07,2025-09-21,Appendicitis,Emergency,No
9467,3850,81,1,2022-08-14,2022-08-16,Kidney Stone,Scheduled,Yes
9468,3635,84,1,2025-10-16,2025-10-19,Flu,Scheduled,No
9469,3473,53,4,2022-12-03,2022-12-14,Chest Pain,Transfer,Yes
9470,1520,95,1,2022-05-20,2022-06-02,Stroke,Transfer,No
9471,2308,45,4,2024-03-14,2024-03-20,Chest Pain,Scheduled,Yes
9472,802,26,8,2023-02-12,2023-02-15,Hypertension,Referral,No
9473,1667,60,5,2022-08-05,2022-08-17,Flu,Referral,Yes
9474,1423,96,1,2024-10-03,2024-10-05,Pneumonia,Transfer,No
9475,4066,15,9,2025-06-27,2025-06-29,Hypertension,Emergency,No
9476,2077,84,1,2024-03-10,2024-03-11,Skin Infection,Scheduled,Yes
9477,916,87,4,2025-06-06,2025-06-09,Appendicitis,Scheduled,No
9478,2891,85,2,2024-08-01,2024-08-07,Kidney Stone,Referral,Yes
9479,4997,32,9,2025-08-03,2025-08-15,Flu,Scheduled,No
9480,3531,64,1,2023-05-03,2023-05-07,Abdominal Pain,Emergency,Yes
9481,1440,73,2,2023-01-24,2023-02-07,Hypertension,Referral,No
9482,738,88,5,2022-07-02,2022-07-04,Asthma,Emergency,No
9483,1057,99,10,2022-08-25,2022-09-01,Migraine,Referral,Yes
9484,159,19,5,2024-06-30,2024-07-14,Skin Infection,Emergency,Yes
9485,1535,42,10,2022-12-26,2022-12-31,Migraine,Referral,Yes
9486,839,64,1,2023-01-03,2023-01-10,Skin Infection,Scheduled,Yes
9487,2871,83,10,2025-11-16,2025-11-30,Stroke,Referral,No
9488,3999,84,1,2022-06-29,2022-07-09,Pneumonia,Emergency,Yes
9489,1488,34,10,2024-10-21,2024-11-04,Migraine,Referral,Yes
9490,3625,9,5,2025-08-27,2025-09-02,Migraine,Referral,Yes
9491,4801,49,6,2022-05-16,2022-05-25,Cancer,Emergency,No
9492,4468,25,10,2022-05-18,2022-05-24,Pneumonia,Scheduled,No
9493,4622,77,6,2023-02-05,2023-02-16,Abdominal Pain,Transfer,Yes
9494,3377,76,7,2025-05-14,2025-05-20,Diabetes,Emergency,Yes
9495,1530,2,4,2023-11-14,2023-11-23,Chest Pain,Scheduled,No
9496,2147,68,9,2024-01-16,2024-01-25,Hypertension,Referral,Yes
9497,3780,51,9,2025-08-02,2025-08-07,Pneumonia,Scheduled,Yes
9498,3341,75,2,2023-02-25,2023-03-07,Hypertension,Emergency,No
9499,3810,23,2,2022-02-19,2022-02-20,Skin Infection,Emergency,Yes
9500,1121,47,9,2024-07-22,2024-07-26,Appendicitis,Scheduled,Yes
9501,373,43,1,2024-04-10,2024-04-18,Stroke,Scheduled,Yes
9502,4207,5,5,2024-05-09,2024-05-16,Chest Pain,Scheduled,No
9503,3374,95,1,2024-08-22,2024-08-23,Chest Pain,Referral,Yes
9504,2413,25,10,2023-10-05,2023-10-09,Chest Pain,Transfer,No
9505,493,18,7,2024-05-18,2024-05-26,Diabetes,Referral,Yes
9506,2255,93,7,2023-10-06,2023-10-12,Appendicitis,Referral,Yes
9507,2416,33,6,2025-03-29,2025-04-08,Pneumonia,Transfer,Yes
9508,551,6,3,2025-09-13,2025-09-22,Kidney Stone,Scheduled,No
9509,4637,8,1,2024-12-21,2024-12-29,Cancer,Emergency,No
9510,543,85,2,2024-11-29,2024-12-06,Chest Pain,Transfer,No
9511,1647,71,5,2024-01-16,2024-01-30,Asthma,Referral,Yes
9512,200,16,4,2025-09-28,2025-10-01,Chest Pain,Scheduled,Yes
9513,2802,28,8,2023-01-18,2023-02-01,Back Pain,Emergency,No
9514,4894,50,3,2023-02-05,2023-02-19,Asthma,Emergency,No
9515,4,89,4,2022-09-23,2022-09-28,Chest Pain,Emergency,No
9516,696,76,7,2023-09-01,2023-09-11,Migraine,Referral,Yes
9517,4113,31,1,2022-06-09,2022-06-15,Fracture,Scheduled,No
9518,92,14,10,2025-10-03,2025-10-04,Chest Pain,Scheduled,Yes
9519,1536,57,4,2025-09-24,2025-09-30,Fracture,Referral,No
9520,4244,86,3,2024-09-16,2024-09-22,Asthma,Transfer,No
9521,2528,82,5,2023-03-21,2023-03-28,Fracture,Scheduled,Yes
9522,2634,91,8,2022-02-14,2022-02-18,Pneumonia,Referral,No
9523,3707,62,8,2024-11-15,2024-11-27,Diabetes,Transfer,Yes
9524,1031,17,2,2024-03-25,2024-03-31,Appendicitis,Emergency,Yes
9525,2423,11,9,2024-11-21,2024-11-29,Fracture,Referral,No
9526,3732,60,5,2024-11-21,2024-11-26,Pneumonia,Transfer,No
9527,4753,60,5,2025-05-17,2025-05-26,Flu,Referral,Yes
9528,3105,100,3,2022-12-27,2022-12-28,Diabetes,Transfer,Yes
9529,924,10,10,2023-06-10,2023-06-13,Fracture,Emergency,Yes
9530,4561,30,7,2025-08-19,2025-08-27,Pneumonia,Transfer,Yes
9531,1916,93,7,2023-09-13,2023-09-20,Kidney Stone,Scheduled,Yes
9532,3712,66,10,2025-06-11,2025-06-12,Pneumonia,Scheduled,No
9533,4020,32,9,2025-07-18,2025-07-28,Flu,Transfer,Yes
9534,3568,75,2,2025-04-01,2025-04-08,Cancer,Emergency,No
9535,4516,58,3,2022-03-16,2022-03-17,Diabetes,Transfer,No
9536,2727,26,8,2025-01-06,2025-01-18,Skin Infection,Scheduled,Yes
9537,1243,12,10,2025-06-26,2025-07-04,Flu,Referral,Yes
9538,1262,66,10,2022-10-26,2022-10-30,Diabetes,Transfer,No
9539,2032,4,2,2023-03-28,2023-04-03,Stroke,Emergency,Yes
9540,4509,10,10,2024-11-17,2024-11-19,Hypertension,Scheduled,Yes
9541,411,45,4,2022-05-04,2022-05-07,Chest Pain,Scheduled,Yes
9542,1353,88,5,2025-11-24,2025-11-25,Flu,Referral,No
9543,3415,81,1,2025-03-13,2025-03-21,Kidney Stone,Referral,No
9544,2017,89,4,2024-03-24,2024-04-05,Abdominal Pain,Transfer,No
9545,2131,46,9,2023-10-24,2023-11-06,Pneumonia,Emergency,Yes
9546,4481,92,5,2023-10-06,2023-10-16,Chest Pain,Referral,No
9547,4276,56,9,2023-04-29,2023-05-04,Skin Infection,Transfer,Yes
9548,4200,29,8,2023-01-06,2023-01-16,Chest Pain,Emergency,No
9549,211,69,2,2025-12-10,2025-12-12,Back Pain,Emergency,No
9550,2671,23,2,2025-11-26,2025-12-04,Asthma,Emergency,Yes
9551,1423,34,10,2022-11-14,2022-11-22,Migraine,Scheduled,No
9552,643,95,1,2024-12-12,2024-12-26,Migraine,Scheduled,No
9553,1787,42,10,2022-02-09,2022-02-22,Migraine,Emergency,No
9554,4458,45,4,2023-04-21,2023-05-01,Abdominal Pain,Transfer,Yes
9555,673,71,5,2024-01-19,2024-01-29,Pneumonia,Referral,Yes
9556,2287,60,5,2023-04-02,2023-04-10,Pneumonia,Referral,No
9557,3638,26,8,2022-02-06,2022-02-13,Fracture,Scheduled ,No
9558,3126,9,5,2025-10-07,2025-10-17,Flu,Emergency,Yes
9559,3169,31,1,2025-07-18,2025-07-23,Pneumonia,Referral,No
9560,4957,61,7,2024-06-17,2024-06-20,Asthma,Scheduled,No
9561,4014,54,1,2022-11-15,2022-11-18,Cancer,Transfer,Yes
9562,2287,66,10,2025-05-26,2025-06-09,Diabetes,Scheduled,No
9563,2648,47,9,2023-04-11,2023-04-23,Flu,Transfer,Yes
9564,2303,99,10,2022-11-12,2022-11-13,Hypertension,Scheduled,No
9565,4974,45,4,2022-11-16,2022-11-25,Hypertension,Transfer,Yes
9566,3953,94,2,2025-09-20,2025-10-04,Appendicitis,Emergency,Yes
9567,2791,68,9,2023-10-08,2023-10-17,Stroke,Scheduled,Yes
9568,3768,76,7,2025-12-02,2025-12-06,Chest Pain,Transfer,Yes
9569,2745,46,9,2025-04-24,2025-04-26,Asthma,Referral,No
9570,1569,34,10,2025-06-09,2025-06-21,Back Pain,Transfer,No
9571,473,79,7,2025-09-16,2025-09-24,Fracture,Scheduled,Yes
9572,752,98,7,2022-11-05,2022-11-18,Skin Infection,Emergency,Yes
9573,160,15,9,2025-02-21,2025-03-06,Hypertension,Emergency,Yes
9574,4196,83,10,2025-08-20,2025-08-21,Chest Pain,Scheduled,Yes
9575,3405,25,10,2023-11-28,2023-12-06,Pneumonia,Referral,Yes
9576,2406,35,1,2022-03-06,2022-03-11,Flu,Emergency,Yes
9577,731,58,3,2024-06-30,2024-07-03,Hypertension,Transfer,No
9578,2455,62,8,2022-09-25,2022-10-09,Abdominal Pain,Scheduled,No
9579,3564,84,1,2023-06-14,2023-06-18,Cancer,Emergency,Yes
9580,3870,24,1,2022-12-07,2022-12-16,Fracture,Transfer,No
9581,981,75,2,2024-12-30,2025-01-11,Stroke,Scheduled,No
9582,65,99,10,2023-06-06,2023-06-15,Chest Pain,Referral,Yes
9583,4317,73,2,2024-10-16,2024-10-25,Appendicitis,Scheduled,No
9584,861,78,5,2024-06-05,2024-06-15,Back Pain,Transfer,Yes
9585,3273,68,9,2024-07-02,2024-07-14,Appendicitis,Referral,No
9586,971,11,9,2024-11-22,2024-11-27,Stroke,Transfer,No
9587,1369,76,7,2024-06-25,2024-07-06,Migraine,Referral,No
9588,762,52,5,2022-08-28,2022-09-05,,Emergency,Yes
9589,1466,90,9,2024-06-16,2024-06-23,Kidney Stone,Scheduled,Yes
9590,4835,7,4,2022-08-17,2022-08-30,Kidney Stone,Referral,No
9591,1849,94,2,2022-01-21,2022-01-26,Chest Pain,Scheduled,Yes
9592,675,76,7,2022-07-24,2022-07-28,Migraine,Scheduled,No
9593,2569,62,8,2023-08-17,2023-08-24,Flu,Transfer,No
9594,3110,41,6,2023-09-07,2023-09-10,Hypertension,Transfer,No
9595,3209,37,10,2023-12-06,2023-12-20,Hypertension,Transfer,Yes
9596,4054,26,8,2022-08-21,2022-08-30,Diabetes,Referral,No
9597,1335,10,10,2022-02-23,2022-02-26,Abdominal Pain, referral,Yes
9598,739,51,9,2024-08-27,2024-09-01,Flu,Referral,Yes
9599,3119,90,9,2022-07-03,2022-07-13,Fracture,Referral,Yes
9600,4280,42,10,2024-11-15,2024-11-28,Pneumonia,Referral,Yes
9601,3530,67,1,2023-11-30,2023-12-09,Skin Infection,Scheduled,Yes
9602,1658,43,1,2022-10-14,2022-10-27,Kidney Stone,Referral,No
9603,1507,89,4,2023-07-12,2023-07-20,Back Pain,Emergency,Yes
9604,549,87,4,2024-09-12,2024-09-26,Kidney Stone,Transfer,Yes
9605,1053,43,1,2023-02-19,2023-02-28,Kidney Stone,Scheduled,No
9606,4757,64,1,2024-07-13,2024-07-23,Diabetes,Emergency,Yes
9607,1086,2,4,2025-02-23,2025-03-05,Asthma,Referral,Yes
9608,2979,9,5,2024-08-24,2024-09-05,Migraine,Emergency,No
9609,3029,47,9,2025-03-14,2025-03-27,Pneumonia,Referral,Yes
9610,2443,54,1,2022-01-20,2022-01-26,Skin Infection,Emergency,Yes
9611,4842,41,6,2022-10-11,2022-10-15,Stroke,Transfer,Yes
9612,1948,63,4,2024-06-18,2024-06-24,Fracture,Referral,Yes
9613,2109,46,9,2025-06-10,2025-06-23,Diabetes,Scheduled,No
9614,2046,92,5,2024-02-17,2024-02-26,Chest Pain,Transfer,No
9615,1624,25,10,2022-08-23,2022-08-25,Migraine,Referral,Yes
9616,4726,89,4,2022-10-18,2022-10-30,Abdominal Pain,Emergency,No
9617,3917,8,1,2024-12-16,2024-12-29,Fracture,Referral,No
9618,50,56,9,2023-05-21,2023-05-27,Diabetes,Transfer,Yes
9619,4161,40,1,2022-07-06,2022-07-17,Flu,Referral,No
9620,2077,72,2,2023-01-23,2023-01-24,Stroke,Scheduled,No
9621,506,95,1,2024-05-16,2024-05-22,Stroke,Referral,Yes
9622,1165,69,2,2022-08-29,2022-09-01,Diabetes,Referral,Yes
9623,3986,50,3,2024-04-10,2024-04-18,Fracture,Emergency,No
9624,4685,2,4,2024-07-05,2024-07-14,Back Pain,Scheduled,No
9625,1798,25,10,2024-04-02,2024-04-16,Diabetes,Transfer,Yes
9626,3484,96,4,2022-05-08,2022-05-11,Chest Pain,Scheduled,No
9627,3133,71,5,2022-11-03,2022-11-14,Migraine,Emergency,No
9628,1719,95,1,2024-11-26,2024-12-07,Fracture,Referral,No
9629,3473,9,5,2022-08-09,2022-08-17,Migraine,Referral,Yes
9630,4304,57,4,2024-04-07,2024-04-15,Cancer,Transfer,No
9631,2481,37,10,2023-03-01,2023-03-05,Diabetes,Scheduled,No
9632,2260,63,4,2025-10-13,2025-10-19,Asthma,Emergency,Yes
9633,170,59,1,2025-06-18,2025-06-22,Abdominal Pain,Transfer,No
9634,1386,24,1,2023-08-05,2023-08-07,Migraine,Emergency,Yes
9635,447,100,3,2022-10-29,2022-11-04,Hypertension,Transfer,No
9636,1541,57,4,2023-03-16,2023-03-28,Kidney Stone,Scheduled,No
9637,40,24,1,2022-01-26,2022-02-02,Appendicitis,Scheduled,Yes
9638,4488,17,2,2024-07-17,2024-07-26,Diabetes,Referral,No
9639,4892,50,3,2024-09-27,2024-10-04,Appendicitis,Emergency,No
9640,4651,68,9,2023-05-17,2023-05-26,Asthma,Referral,No
9641,4266,89,4,2025-08-11,2025-08-20,Abdominal Pain,Transfer,Yes
9642,4149,9,5,2022-11-16,2022-11-26,Migraine,Transfer,No
9643,4017,54,1,2025-09-14,2025-09-15,Abdominal Pain,Scheduled,No
9644,4840,13,6,2022-09-18,2022-09-23,Asthma,Emergency,Yes
9645,3003,77,6,2025-09-16,2025-09-23,Kidney Stone,Emergency,No
9646,3488,39,4,2022-01-20,2022-01-22,Appendicitis,Referral,Yes
9647,4864,90,9,2022-03-26,2022-03-28,Stroke,Scheduled,Yes
9648,1511,72,2,2024-09-18,2024-09-30,Back Pain,Scheduled,Yes
9649,1319,83,10,2022-05-06,2022-05-19,Asthma,Transfer,Yes
9650,2520,55,3,2025-11-14,2025-11-22,Abdominal Pain,Emergency,Yes
9651,765,17,2,2024-11-12,2024-11-19,Kidney Stone,Emergency,Yes
9652,1162,16,4,2023-07-28,2023-08-05,Stroke,Referral,Yes
9653,2833,24,1,2025-11-22,2025-12-01,Migraine,Scheduled,No
9654,1600,24,1,2022-10-20,2022-10-23,Diabetes,Transfer,Yes
9655,2862,7,4,2024-06-24,2024-06-30,Appendicitis,Emergency,No
9656,3956,73,2,2025-08-10,2025-08-20,Migraine,Emergency,Yes
9657,3093,35,1,2022-09-19,2022-09-28,Flu,Transfer,No
9658,423,48,10,2023-04-29,2023-05-02,Asthma,Transfer,No
9659,3806,77,6,2022-05-05,2022-05-07,Asthma,Transfer,Yes
9660,4455,13,6,2025-12-16,2025-12-21,Appendicitis,Transfer,Yes
9661,1110,22,5,2022-06-27,2022-07-02,Kidney Stone,Transfer,Yes
9662,844,95,1,2025-03-24,2025-03-30,Pneumonia,Transfer,No
9663,2851,25,10,2023-02-16,2023-02-17,Asthma,Transfer,No
9664,1794,80,8,2023-10-24,2023-10-29,Migraine,Transfer,No
9665,2909,55,3,2024-11-23,2024-12-04,Pneumonia,Referral,No
9666,1289,60,5,2025-10-05,2025-10-19,Appendicitis,Emergency,No
9667,2567,10,10,2024-06-01,2024-06-10,Abdominal Pain,Transfer,No
9668,332,3,3,2022-05-11,2022-05-24,Skin Infection,Referral,No
9669,2930,56,9,2023-08-25,2023-09-05,Skin Infection,Emergency,Yes
9670,3027,52,5,2024-06-15,2024-06-27,Asthma,Emergency,Yes
9671,2833,54,1,2023-08-06,2023-08-07,Chest Pain,Transfer,Yes
9672,2546,23,2,2022-11-29,2022-12-11,Pneumonia,Referral,Yes
9673,4385,51,9,2022-08-24,2022-09-04,Skin Infection,Emergency,No
9674,2019,16,4,2023-05-31,2023-06-04,Hypertension,Emergency,Yes
9675,412,52,5,2024-11-10,2024-11-12,Skin Infection,Scheduled,No
9676,4942,16,4,2022-09-23,2022-09-28,Skin Infection,Transfer,Yes
9677,2007,98,7,2024-10-06,2024-10-10,Skin Infection,Transfer,Yes
9678,2051,81,1,2022-04-04,2022-04-17,Stroke,Emergency,Yes
9679,2445,31,1,2022-11-14,2022-11-19,Hypertension,Referral,Yes
9680,2179,74,1,2022-06-26,2022-06-28,Fracture,Emergency,Yes
9681,4553,11,9,2023-04-21,2023-04-29,Cancer,Transfer,Yes
9682,2301,81,1,2022-05-21,2022-05-29,Migraine,Scheduled,Yes
9683,3392,41,6,2023-06-02,2023-06-11,Skin Infection,Referral,Yes
9684,439,14,10,2022-01-03,2022-01-06,Diabetes,Emergency,Yes
9685,1664,35,1,2022-03-25,2022-04-02,Skin Infection,Emergency,No
9686,1469,55,3,2025-10-10,2025-10-23,Asthma,Scheduled,Yes
9687,4025,41,6,2025-03-06,2025-03-10,Back Pain,Referral,No
9688,2625,47,9,2025-10-27,2025-10-31,Chest Pain,Referral,No
9689,4420,100,3,2024-07-05,2024-07-16,Stroke,Transfer,Yes
9690,1303,31,1,2024-12-04,2024-12-18,Asthma,Transfer,No
9691,1409,74,1,2024-07-24,2024-08-04,Back Pain,Referral,Yes
9692,1269,36,1,2023-09-29,2023-10-01,Flu,Transfer,No
9693,1697,96,10,2025-11-26,2025-12-09,Asthma,Transfer,No
9694,2966,29,8,2024-04-25,2024-04-28,Flu,Emergency,Yes
9695,1161,63,4,2023-04-12,2023-04-24,Chest Pain,Emergency,Yes
9696,3612,89,4,2025-04-27,2025-04-28,Pneumonia,Referral,No
9697,3025,53,4,2024-09-04,2024-09-18,Flu,Emergency,No
9698,3963,5,5,2023-01-14,2023-01-27,Diabetes,Referral,No
9699,2125,97,6,2023-10-09,2023-10-23,Hypertension,Emergency,No
9700,4530,82,5,2022-10-15,2022-10-19,Kidney Stone,Referral,No
9701,4970,73,2,2023-04-05,2023-04-07,Skin Infection,Referral,No
9702,3612,42,10,2023-08-02,2023-08-06,Diabetes,Transfer,Yes
9703,3518,64,1,2025-02-12,2025-02-16,Asthma,Transfer,No
9704,139,88,5,2024-03-13,2024-03-23,Asthma,Transfer,Yes
9705,4234,49,6,2023-05-11,2023-05-23,Hypertension,Scheduled,No
9706,1815,83,10,2025-06-24,2025-07-07,Flu,Emergency,Yes
9707,2876,35,1,2023-03-29,2023-03-31,Asthma,Transfer,Yes
9708,2208,7,4,2023-06-26,2023-07-10,Cancer,Scheduled,Yes
9709,1346,33,6,2022-04-08,2022-04-22,Back Pain,Transfer,No
9710,3443,3,3,2024-04-09,2024-04-14,Hypertension,Transfer,No
9711,3139,21,2,2024-08-12,2024-08-21,Skin Infection,Transfer,No
9712,1649,67,1,2022-01-23,2022-01-24,Fracture,Scheduled,Yes
9713,1581,99,10,2024-08-23,2024-08-29,Skin Infection,Transfer,Yes
9714,3778,58,3,2024-03-04,2024-03-12,Appendicitis,Referral,Yes
9715,902,27,7,2025-10-11,2025-10-22,Abdominal Pain,Emergency,Yes
9716,4820,63,4,2024-11-11,2024-11-17,Chest Pain,Scheduled,No
9717,2168,68,9,2025-09-28,2025-10-08,Abdominal Pain,Scheduled,No
9718,1024,91,8,2022-08-22,2022-08-26,Cancer,Referral,No
9719,2227,30,7,2023-08-11,2023-08-12,Chest Pain,Referral,Yes
9720,3295,85,2,2023-01-14,2023-01-20,Chest Pain,Emergency,Yes
9721,4059,90,9,2024-10-31,2024-11-07,Cancer,Transfer,No
9722,1223,97,9,2024-12-28,2025-01-05,Kidney Stone,Scheduled,No
9723,227,47,9,2022-08-04,2022-08-17,Diabetes,Emergency,Yes
9724,2898,28,8,2024-01-01,2024-01-10,Fracture,Referral,Yes
9725,2649,65,8,2022-05-06,2022-05-07,Hypertension,Transfer,Yes
9726,700,68,9,2022-03-26,2022-04-08,Kidney Stone,Emergency,No
9727,1992,26,8,2022-06-08,2022-06-15,Asthma,Referral,Yes
9728,3708,28,8,2023-10-13,2023-10-14,Diabetes,Emergency,Yes
9729,4255,6,3,2022-01-23,2022-01-30,Diabetes,Referral,No
9730,1633,1,6,2022-09-13,2022-09-23,Pneumonia,Referral,No
9731,1006,72,2,2025-06-19,2025-06-22,Fracture,Referral,Yes
9732,1246,23,2,2023-08-30,2023-09-07,Diabetes,Referral,yes
9733,979,41,6,2022-07-11,2022-07-17,Back Pain,Scheduled,No
9734,2327,72,2,2025-04-02,2025-04-08,Cancer,Transfer,Yes
9735,729,80,8,2024-04-18,2024-04-29,Cancer,Emergency,Yes
9736,961,29,8,2024-12-05,2024-12-12,Skin Infection,Transfer,Yes
9737,845,93,7,2025-11-25,2025-12-04,Fracture,Referral,No
9738,2626,19,5,2024-10-01,2024-10-12,Diabetes,Scheduled,Yes
9739,2300,21,2,2023-08-11,2023-08-12,Skin Infection,Scheduled,No
9740,2333,49,6,2022-08-04,2022-08-14,Skin Infection,Emergency,No
9741,2549,39,4,2023-04-25,2023-04-29,Abdominal Pain,Transfer,Yes
9742,199,78,5,2022-04-13,2022-04-14,Cancer,Emergency,No
9743,1426,80,8,2025-05-12,2025-05-24,Kidney Stone,Emergency,Yes
9744,4987,7,4,2023-06-16,2023-06-18,Hypertension,Referral,Yes
9745,3200,30,7,2023-03-21,2023-03-23,Migraine,Transfer,No
9746,4071,26,8,2022-02-10,2022-02-11,Stroke,Emergency,No
9747,2383,49,6,2022-06-02,2022-06-16,Cancer,Emergency,No
9748,4601,89,4,2023-12-30,2024-01-03,Back Pain,Emergency,No
9749,3815,33,6,2024-03-12,2024-03-16,Diabetes,Referral,No
9750,1274,83,10,2025-11-12,2025-11-16,Stroke,Transfer,Yes
9751,859,78,5,2022-01-19,2022-01-23,Asthma,Emergency,No
9752,2744,35,1,2023-04-05,2023-04-14,Migraine,Referral,Yes
9753,1057,56,9,2023-04-07,2023-04-10,Abdominal Pain,Transfer,Yes
9754,1890,62,8,2025-07-06,2025-07-19,Stroke,Transfer,Yes
9755,2207,42,10,2025-02-27,2025-03-06,Flu,Scheduled,No
9756,1676,48,10,2025-07-08,2025-07-20,Back Pain,Scheduled,No
9757,1027,90,9,2025-09-22,2025-10-06,Pneumonia,Transfer,No
9758,2145,68,9,2022-03-18,2022-03-26,Asthma,Transfer,No
9759,382,99,10,2025-03-05,2025-03-18,Asthma,Referral,No
9760,2908,91,8,2025-07-11,2025-07-21,Pneumonia,Referral,No
9761,2328,74,1,2023-11-23,2023-12-05,Back Pain,Emergency,No
9762,3532,39,4,2022-12-07,2022-12-12,Kidney Stone,Scheduled,Yes
9763,3935,31,1,2025-02-06,2025-02-11,Skin Infection,Transfer,No
9764,609,1,6,2022-04-26,2022-05-07,Back Pain,Referral,No
9765,4408,19,5,2024-08-27,2024-08-28,Kidney Stone,Transfer,Yes
9766,4533,59,1,2025-08-30,2025-09-01,Fracture,Emergency,No
9767,1279,66,10,2023-12-08,2023-12-17,Back Pain,Emergency,Yes
9768,8,67,1,2022-11-21,2022-11-22,Back Pain,Transfer,No
9769,3171,3,3,2022-09-23,2022-10-02,Back Pain,Scheduled,No
9770,4240,47,9,2024-09-19,2024-09-28,Asthma,Emergency,Yes
9771,2839,97,9,2022-01-17,2022-01-22,Fracture,Scheduled,Yes
9772,4186,56,9,2025-03-30,2025-04-06,Appendicitis,Referral,Yes
9773,2441,39,4,2024-05-13,2024-05-18,Abdominal Pain,Scheduled,Yes
9774,4045,64,1,2023-01-08,2023-01-09,Appendicitis,Emergency,Yes
9775,4466,21,2,2025-11-27,2025-12-05,Stroke,Scheduled,Yes
9776,4740,100,3,2025-06-07,2025-06-20,Skin Infection,Referral,Yes
9777,3928,59,1,2023-09-26,2023-10-04,Stroke,Transfer,Yes
9778,209,37,10,2025-12-20,2025-12-26,Flu,Emergency,Yes
9779,2970,69,2,2023-03-21,2023-03-29,Skin Infection,Referral,No
9780,334,8,1,2024-02-07,2024-02-21,Back Pain,Referral,Yes
9781,2948,10,10,2024-12-22,2024-12-31,Asthma,Emergency,No
9782,2873,3,3,2024-10-03,2024-10-11,Skin Infection,Referral,Yes
9783,4754,74,1,2024-01-28,2024-02-08,Kidney Stone,Emergency,Yes
9784,4364,11,9,2023-08-16,2023-08-26,Stroke,Scheduled,No
9785,365,99,10,2022-12-13,2022-12-20,Kidney Stone,Referral,Yes
9786,4341,62,8,2025-03-17,2025-03-18,Back Pain,Referral,No
9787,1820,1,6,2025-10-02,2025-10-14,Appendicitis,Transfer,No
9788,4584,15,9,2022-04-09,2022-04-18,Stroke,Emergency,Yes
9789,330,48,10,2024-06-17,2024-06-23,Back Pain,Referral,Yes
9790,163,2,4,2023-02-17,2023-02-19,Asthma,Transfer,Yes
9791,631,94,2,2023-02-23,2023-03-05,Pneumonia,Scheduled,Yes
9792,3294,47,9,2022-06-23,2022-06-28,Pneumonia,Referral,Yes
9793,1208,78,5,2023-07-18,2023-07-21,Abdominal Pain,Scheduled,No
9794,76,55,3,2023-08-24,2023-08-30,Fracture,Scheduled,No
9795,2951,21,2,2023-09-05,2023-09-13,Stroke,Referral,Yes
9796,4941,60,5,2023-02-19,2023-02-25,Back Pain,Transfer,Yes
9797,4396,70,6,2023-01-05,2023-01-14,Chest Pain,Scheduled,Yes
9798,1138,26,8,2022-07-29,2022-08-08,Chest Pain,Emergency,Yes
9799,806,89,4,2023-11-07,2023-11-12,Kidney Stone,Transfer,No
9800,346,68,9,2024-06-29,2024-07-04,Kidney Stone,Transfer,No
9801,2157,8,1,2025-06-23,2025-06-24,Abdominal Pain,Transfer,Yes
9802,2200,28,8,2023-10-11,2023-10-25,Kidney Stone,Transfer,Yes
9803,525,4,2,2025-01-05,2025-01-08,Fracture,Scheduled,Yes
9804,897,16,4,2023-11-15,2023-11-16,Skin Infection,Scheduled,No
9805,4183,54,1,2025-08-16,2025-08-18,Abdominal Pain,Emergency,No
9806,643,53,4,2023-03-22,2023-03-28,Chest Pain,Referral,No
9807,4127,68,9,2023-07-11,2023-07-13,Migraine,Referral,No
9808,2346,62,8,2023-05-11,2023-05-17,Chest Pain,Transfer,No
9809,4085,50,3,2024-09-08,2024-09-21,Diabetes,Transfer,Yes
9810,2485,35,1,2024-10-20,2024-10-28,Cancer,Transfer,Yes
9811,1636,11,9,2022-06-19,2022-06-29,Appendicitis,Referral,No
9812,3021,32,9,2022-05-08,2022-05-19,Stroke,Referral,No
9813,1640,60,5,2022-04-18,2022-05-02,Appendicitis,Referral,No
9814,805,28,8,2022-06-05,2022-06-10,Flu,Scheduled,No
9815,4653,20,1,2024-04-20,2024-04-22,Cancer,Scheduled,Yes
9816,3815,82,5,2025-05-20,2025-06-01,Fracture,Emergency,No
9817,3038,6,3,2023-06-20,2023-06-28,Chest Pain,Transfer,Yes
9818,4632,82,5,2024-06-17,2024-06-22,Abdominal Pain,Emergency,No
9819,1019,64,1,2023-09-23,2023-09-29,Hypertension,Emergency,Yes
9820,2729,77,6,2024-01-02,2024-01-15,Cancer,Scheduled,Yes
9821,4502,48,10,2024-09-15,2024-09-28,Stroke,Emergency,No
9822,2620,12,10,2024-04-02,2024-04-07,Migraine,Transfer,No
9823,4483,74,1,2023-09-14,2023-09-26,Migraine,Scheduled,No
9824,3104,21,2,2022-06-20,2022-07-02,Kidney Stone,Emergency,No
9825,2144,71,5,2023-12-29,2024-01-10,Stroke,Referral,Yes
9826,363,65,8,2023-09-03,2023-09-15,Flu,Emergency,Yes
9827,4689,90,9,2025-09-01,2025-09-14,Stroke,Referral,Yes
9828,4964,2,4,2023-07-30,2023-08-07,Appendicitis,Emergency,No
9829,3890,30,7,2022-01-10,2022-01-19,Chest Pain,Transfer,Yes
9830,3101,23,2,2023-04-07,2023-04-17,Abdominal Pain,Scheduled,No
9831,709,46,9,2022-07-01,2022-07-05,Kidney Stone,Referral,Yes
9832,683,60,5,2023-07-16,2023-07-26,Abdominal Pain,Transfer,Yes
9833,1675,82,5,2025-12-06,2025-12-13,Migraine,Emergency,Yes
9834,2630,95,1,2023-07-05,2023-07-07,Skin Infection,Referral,Yes
9835,4281,15,9,2025-10-23,2025-11-04,Asthma,Referral,No
9836,3879,26,8,2025-05-07,2025-05-15,Abdominal Pain,Transfer,No
9837,836,58,3,2025-03-23,2025-03-27,Skin Infection,Referral,Yes
9838,2972,19,5,2025-10-25,2025-11-02,Flu,Referral,No
9839,88,36,1,2024-02-17,2024-02-23,Appendicitis,Emergency,No
9840,1843,82,5,2024-06-22,2024-06-30,Abdominal Pain,Emergency,No
9841,3716,98,7,2024-12-31,2025-01-11,Appendicitis,Scheduled,Yes
9842,18,51,9,2022-01-10,2022-01-24,Kidney Stone,Emergency,Yes
9843,144,77,6,2023-01-24,2023-02-02,Pneumonia,Transfer,Yes
9844,3068,41,6,2025-12-09,2025-12-13,Pneumonia,Referral,No
9845,4488,67,1,2024-10-14,2024-10-15,Back Pain,Scheduled,Yes
9846,549,19,5,2025-07-21,2025-07-26,Kidney Stone,Referral,No
9847,2551,14,10,2024-05-19,2024-06-01,Diabetes,Transfer,No
9848,2194,44,4,2025-03-10,2025-03-15,Skin Infection,Scheduled,Yes
9849,3905,36,1,2022-07-01,2022-07-05,Cancer,Emergency,No
9850,2899,34,10,2025-11-25,2025-12-08,Pneumonia,Scheduled,No
9851,2175,27,7,2023-06-11,2023-06-19,Asthma,Scheduled,No
9852,797,10,10,2025-09-26,2025-10-04,Diabetes,Scheduled,No
9853,358,71,5,2023-02-02,2023-02-16,Skin Infection,Scheduled,Yes
9854,3564,55,3,2022-11-13,2022-11-25,Kidney Stone,Scheduled,No
9855,595,49,6,2024-01-31,2024-02-07,Back Pain,Transfer,Yes
9856,4161,85,2,2025-10-31,2025-11-07,Skin Infection,Emergency,No
9857,3573,9,5,2022-01-17,2022-01-24,Pneumonia,Emergency,No
9858,2703,54,1,2023-01-16,2023-01-23,Cancer,Scheduled,Yes
9859,1830,100,3,2025-02-18,2025-02-22,Stroke,Scheduled,Yes
9860,1213,40,1,2024-05-06,2024-05-18,Appendicitis,Transfer,No
9861,4073,94,2,2023-02-02,2023-02-16,Appendicitis,Emergency,Yes
9862,4125,39,4,2025-12-23,2026-01-03,Fracture,Referral,No
9863,964,48,10,2025-11-11,2025-11-21,Asthma,Emergency,Yes
9864,1077,22,5,2025-09-30,2025-10-02,Pneumonia,Referral,No
9865,2244,25,10,2025-10-09,2025-10-12,Cancer,Emergency,Yes
9866,1251,43,1,2023-03-14,2023-03-21,Diabetes,Referral,No
9867,1823,67,1,2025-10-02,2025-10-03,Chest Pain,Emergency,No
9868,4134,76,7,2023-11-08,2023-11-21,Abdominal Pain,Scheduled,No
9869,3945,67,1,2023-03-28,2023-04-10,Migraine,Emergency,No
9870,3353,54,1,2023-12-22,2023-12-23,Migraine,Transfer,Yes
9871,4212,23,2,2025-12-09,2025-12-18,Pneumonia,Scheduled,Yes
9872,3383,54,1,2025-01-03,2025-01-04,Skin Infection,Transfer,No
9873,1649,89,4,2022-06-18,2022-06-24,Pneumonia,Transfer,Yes
9874,3634,57,4,2024-04-24,2024-05-02,Migraine,Transfer,No
9875,1384,89,4,2022-03-20,2022-03-24,Chest Pain,Transfer,No
9876,506,73,2,2023-06-25,2023-06-30,Back Pain,Transfer,No
9877,4455,75,2,2024-01-28,2024-02-10,Chest Pain,Emergency,Yes
9878,2093,61,7,2025-06-28,2025-07-05,Flu,Scheduled,No
9879,1094,47,9,2024-07-07,2024-07-16,Cancer,Transfer,No
9880,992,82,5,2024-02-09,2024-02-20,Skin Infection,Scheduled,No
9881,4595,79,7,2025-09-17,2025-09-29,Skin Infection,Emergency,Yes
9882,4459,9,5,2022-01-07,2022-01-16,Appendicitis,Emergency,No
9883,3252,85,2,2025-01-18,2025-01-21,Back Pain,Emergency,No
9884,3242,42,10,2024-11-13,2024-11-22,Asthma,Emergency,Yes
9885,1405,55,3,2023-04-13,2023-04-18,Appendicitis,Emergency,No
9886,935,93,7,2022-06-16,2022-06-27,Fracture,Transfer,Yes
9887,653,87,4,2024-10-05,2024-10-13,Asthma,Scheduled,No
9888,41,13,6,2024-12-02,2024-12-06,Chest Pain,Transfer,No
9889,1018,99,10,2024-07-28,2024-07-29,Stroke,Transfer,Yes
9890,565,34,10,2024-01-19,2024-01-20,Flu,Transfer,No
9891,4572,1,6,2023-08-05,2023-08-12,Flu,Referral,No
9892,2694,48,10,2023-10-14,2023-10-17,Asthma,Transfer,No
9893,3246,33,6,2025-11-26,2025-11-28,Chest Pain,Referral,No
9894,122,97,10,2025-06-26,2025-06-28,Cancer,Emergency,No
9895,4973,72,2,2023-07-27,2023-08-02,Abdominal Pain,Emergency,No
9896,2177,86,3,2023-03-05,2023-03-14,Skin Infection,Emergency,Yes
9897,2070,91,8,2022-04-01,2022-04-14,Hypertension,Referral,No
9898,1682,87,4,2025-07-08,2025-07-18,Migraine,Referral,No
9899,1817,20,1,2025-08-30,2025-09-02,Kidney Stone,Emergency,No
9900,4287,34,10,2022-07-02,2022-07-08,Diabetes,Transfer,No
9901,776,97,8,2024-01-14,2024-01-24,Asthma,Scheduled,Yes
9902,1686,53,4,2023-07-17,2023-07-21,Stroke,Transfer,Yes
9903,872,82,5,2025-05-26,2025-06-03,Asthma,Referral,Yes
9904,1593,78,5,2023-04-18,2023-04-21,Appendicitis,Scheduled,No
9905,3066,9,5,2023-08-05,2023-08-17,Stroke,Scheduled,Yes
9906,2085,43,1,2023-08-11,2023-08-19,Skin Infection,Emergency,No
9907,4328,76,7,2024-04-02,2024-04-13,Chest Pain,Referral,Yes
9908,322,69,2,2024-03-17,2024-03-20,Hypertension,Transfer,No
9909,3552,74,1,2023-07-06,2023-07-09,Back Pain,Emergency,No
9910,246,2,4,2025-10-05,2025-10-06,Diabetes,Referral,No
9911,2832,58,3,2025-02-22,2025-03-01,Pneumonia,Emergency,Yes
9912,4336,14,10,2025-08-04,2025-08-11,Fracture,Transfer,Yes
9913,1403,1,6,2025-03-20,2025-04-01,Asthma,Scheduled,No
9914,4538,86,3,2025-12-20,2025-12-27,Hypertension,Referral,No
9915,31,93,7,2025-05-17,2025-05-28,Cancer,Transfer,No
9916,3694,8,1,2024-06-06,2024-06-08,Back Pain,Referral,Yes
9917,3101,66,10,2024-10-24,2024-11-04,Flu,Transfer,Yes
9918,387,40,1,2023-03-12,2023-03-23,Appendicitis,Emergency,No
9919,4345,13,6,2023-08-28,2023-08-30,Hypertension,Scheduled,No
9920,2631,19,5,2024-01-12,2024-01-20,Chest Pain,Transfer,Yes
9921,3637,71,5,2025-10-10,2025-10-13,Fracture,Referral,No
9922,4344,88,5,2022-04-08,2022-04-19,Stroke,Referral,No
9923,1735,35,1,2022-01-24,2022-01-30,Flu,Transfer,Yes
9924,3812,79,7,2025-12-22,2025-12-31,Flu,Referral,No
9925,2801,94,2,2023-02-22,2023-03-08,Cancer,Referral,No
9926,1638,37,10,2023-02-05,2023-02-07,Chest Pain,Scheduled,Yes
9927,4495,83,10,2023-01-17,2023-01-23,Flu,Emergency,Yes
9928,4835,71,5,2022-10-15,2022-10-21,Diabetes,Transfer,Yes
9929,4384,11,9,2024-03-18,2024-03-26,Stroke,Scheduled,No
9930,3081,52,5,2023-07-18,2023-07-20,Flu,Emergency,Yes
9931,592,18,7,2024-11-03,2024-11-07,Stroke,Referral,No
9932,1355,8,1,2025-09-15,2025-09-23,Abdominal Pain,Scheduled,Yes
9933,191,66,10,2023-03-22,2023-04-03,Appendicitis,Emergency,Yes
9934,2775,27,7,2024-10-11,2024-10-19,Cancer,Referral,Yes
9935,5000,51,9,2024-01-05,2024-01-08,Skin Infection,Referral,No
9936,2714,37,10,2022-05-05,2022-05-12,Migraine,Transfer,No
9937,3572,70,6,2025-05-31,2025-06-08,Cancer,Emergency,Yes
9938,1209,94,2,2023-03-27,2023-04-08,Skin Infection,Referral,Yes
9939,4738,42,10,2022-01-31,2022-02-01,Hypertension,Emergency,No
9940,4659,94,2,2025-11-23,2025-11-30,Cancer,Scheduled,No
9941,2194,11,9,2025-04-16,2025-04-25,Cancer,Scheduled,Yes
9942,344,77,6,2025-02-15,2025-02-25,Cancer,Scheduled,No
9943,2650,76,7,2023-11-02,2023-11-08,Pneumonia,Scheduled,No
9944,3449,23,2,2024-04-13,2024-04-25,Migraine,Scheduled,No
9945,3712,10,10,2023-10-11,2023-10-19,Stroke,Scheduled,No
9946,377,25,10,2024-12-19,2024-12-27,Pneumonia,Transfer,Yes
9947,1015,60,5,2024-10-29,2024-11-07,Back Pain,Scheduled,Yes
9948,613,35,1,2023-09-24,2023-10-03,Back Pain,Transfer,No
9949,3833,50,3,2025-05-13,2025-05-24,Back Pain,Scheduled,Yes
9950,2704,95,1,2024-08-20,2024-08-23,Asthma,Emergency,No
9951,2330,100,3,2025-06-03,2025-06-17,Hypertension,Scheduled,No
9952,1226,100,3,2025-08-22,2025-08-25,Skin Infection,Emergency,Yes
9953,4797,95,1,2022-03-13,2022-03-23,Skin Infection,Emergency,Yes
9954,2803,83,10,2023-04-27,2023-05-03,Pneumonia,Scheduled,No
9955,4530,37,10,2024-06-25,2024-07-08,Abdominal Pain,Emergency,Yes
9956,2136,39,4,2025-04-05,2025-04-13,Appendicitis,Transfer,Yes
9957,3545,66,10,2024-01-04,2024-01-11,Chest Pain,Referral,Yes
9958,2941,89,4,2022-10-01,2022-10-10,Migraine,Scheduled,Yes
9959,2455,38,7,2023-05-15,2023-05-26,Flu,Referral,Yes
9960,2256,54,1,2023-06-28,2023-07-11,Chest Pain,Scheduled,Yes
9961,324,30,7,2025-06-08,2025-06-13,Skin Infection,Emergency,No
9962,2039,94,2,2023-05-21,2023-05-23,Abdominal Pain,Referral,No
9963,1989,63,4,2025-01-02,2025-01-16,Pneumonia,Transfer,Yes
9964,2625,84,1,2025-03-02,2025-03-07,Kidney Stone,Referral,Yes
9965,4411,100,3,2025-07-07,2025-07-18,Chest Pain,Scheduled,Yes
9966,2424,78,5,2023-12-18,2023-12-26,Stroke,Referral,No
9967,3221,64,1,2024-03-28,2024-03-29,Pneumonia,Referral,No
9968,413,10,10,2022-08-08,2022-08-21,Migraine,Scheduled,Yes
9969,396,41,6,2023-07-10,2023-07-19,Skin Infection,Emergency,Yes
9970,3909,22,5,2022-08-04,2022-08-12,Kidney Stone,Transfer,No
9971,2435,10,10,2023-12-20,2024-01-03,Stroke,Emergency,No
9972,3290,72,2,2022-10-10,2022-10-19,Back Pain,Transfer,Yes
9973,3896,33,6,2024-12-29,2025-01-04,Kidney Stone,Scheduled,No
9974,3773,99,10,2024-01-22,2024-01-28,Migraine,Scheduled,Yes
9975,4437,31,1,2025-03-06,2025-03-09,Migraine,Transfer,Yes
9976,172,89,4,2024-12-26,2024-12-28,Appendicitis,Scheduled,No
9977,3005,86,3,2023-12-17,2023-12-30,Pneumonia,Referral,Yes
9978,4842,40,1,2022-12-20,2022-12-26,Cancer,Transfer,Yes
9979,1879,58,3,2023-08-24,2023-08-26,Back Pain,Emergency,Yes
9980,1481,14,10,2023-05-22,2023-06-01,Chest Pain,Emergency,Yes
9981,3281,61,7,2023-02-17,2023-02-25,Migraine,Transfer,No
9982,1445,81,1,2025-08-21,2025-08-24,Hypertension,Scheduled,Yes
9983,2721,35,1,2023-09-18,2023-09-21,Fracture,Scheduled,No
9984,3640,43,1,2025-01-09,2025-01-14,Flu,Scheduled,No
9985,2290,1,6,2022-09-14,2022-09-25,Appendicitis,Emergency,No
9986,1038,96,1,2025-05-14,2025-05-27,Pneumonia,Scheduled,No
9987,2759,13,6,2024-01-12,2024-01-21,Cancer,Referral,No
9988,1226,28,8,2022-04-20,2022-04-25,Chest Pain,Emergency,No
9989,1322,39,4,2024-04-09,2024-04-19,Asthma,Scheduled,No
9990,788,5,5,2025-04-02,2025-04-16,Cancer,Transfer,No
9991,737,22,5,2023-06-10,2023-06-20,Chest Pain,Transfer,Yes
9992,4882,9,5,2022-09-09,2022-09-11,Kidney Stone,Scheduled,Yes
9993,4842,58,3,2023-06-30,2023-07-14,Pneumonia,Transfer,No
9994,944,10,10,2022-07-01,2022-07-09,Abdominal Pain,Scheduled,Yes
9995,2080,84,1,2024-05-17,2024-05-24,Hypertension,Scheduled,Yes
9996,4654,4,2,2022-09-08,2022-09-12,Flu,Emergency,No
9997,867,67,1,2024-09-06,2024-09-08,Skin Infection,Emergency,Yes
9998,3408,27,7,2022-06-02,2022-06-06,Stroke,Referral,No
9999,4970,20,1,2022-08-06,2022-08-19,Flu,Emergency,Yes
10000,1190,96,9,2025-10-22,2025-10-30,Kidney Stone,Emergency,No
1633,2381,83,10,2024-05-20,2024-06-01,Back Pain,Scheduled,Yes
7822,1650,89,4,2022-08-20,2022-09-01,Diabetes,Emergency,Yes
7914,2155,70,6,2023-03-04,2023-03-18,Fracture,Emergency,No
7637,130,1,6,2025-07-26,2025-08-02,Stroke,Referral,Yes
8974,4307,49,6,2024-02-31,2024-11-02,Appendicitis,Transfer,Yes
2001,3502,43,1,2024-07-16,2024-07-19,Hypertension,Transfer,Yes
3855,4180,76,7,2022-01-31,2022-02-02,Kidney Stone,Referral,Yes
2143,3122,45,4,2022-09-24,2022-10-08,Appendicitis,Scheduled,No
4178,1447,75,2,2023-05-21,2023-06-01,Pneumonia,Referral,No
4621,1517,60,5,2024-06-19,2024-06-26,Skin Infection,Referral,No
4262,1489,2,4,2023-05-08,2023-05-10,Flu,Referral,No
9221,1069,32,9,2023-06-25,2023-07-06,Hypertension,Scheduled,Yes
4452,3266,63,4,2025-07-09,2025-07-17,Skin Infection,Emergency,Yes
7543,3436,7,4,2024-04-24,2024-05-06,Flu,Scheduled,No
1926,1824,82,5,2022-02-19,2022-02-28,Appendicitis,Emergency,Yes
309,643,86,3,2024-12-24,2024-12-27,Stroke,Emergency,No
667,4739,24,1,2022-06-13,2022-06-27,Chest Pain,Emergency,Yes
6408,4800,90,9,2025-10-23,2025-10-26,Appendicitis,Emergency,Yes
6795,4880,59,1,2022-04-28,2022-05-09,Migraine,Transfer,No
9381,2521,89,4,2024-08-26,2024-09-02,Asthma,Referral,Yes
9598,739,51,9,2024-08-27,2024-09-01,Flu,Referral,Yes
8754,1123,41,6,2024-08-17,2024-08-24,Flu,Transfer,No
7130,2281,35,1,2025-08-02,2025-08-16,Appendicitis,Referral,Yes
7054,4744,65,8,2023-10-04,2023-10-05,Appendicitis,Transfer,Yes
958,1937,44,4,2024-06-07,2024-06-19,Hypertension,Scheduled,No
