Patient_ID,Patient_Name,Gender,Age,City,Blood_Type,Insurance_Type,Registration_Date
1,Mohammad Awwad,Female,53.0,Hebron,B-,Government,2025-02-17
2,Mohammad Yasin,Male,40.0,Salfit,O+,Private,2021-03-03
3,Yousef Othman,Male,56.0,Qalqilya,A+,Corporate,2022-02-12
4,Dana Suleiman,Male,74.0,Bethlehem,AB+,Private,2025-04-04
5,Khaled Suleiman,Female,38.0,Jenin,B+,Government,2025-04-13
6,Sara Nasser,Male,38.0,Jericho,A-,National Insurance,2025-10-02
7,Lina Khatib,Female,76.0,Nablus,O-,Corporate,2021-09-13
8,Maya Khalil,Female,59.0,Salfit,AB-,Corporate,2022-01-29
9,Yousef Hassan,Male,33.0,Jenin,A-,Government,2025-11-10
10,Mohammad Barakat,Female,54.0,Bethlehem,AB-,Government,2023-01-29
11,Lina Othman,Female,33.0,Ramallah,B+,,2025-02-02
12,Mahmoud Mansour,Female,33.0,Jericho,AB+,Corporate,2022-03-26
13,Sara Hassan,Male,48.0,Nablus,AB-,Self-Pay,2022-07-03
14,Yousef Othman,Female,2.0,Hebron,O-,Self-Pay,2025-12-17
15,Aya Saleh,Female,6.0,Gaza,B-,Corporate,2024-01-09
16,Adam Hamad,Female,31.0,Salfit,O+,National Insurance,2022-03-26
17,Ali Taha,Female,21.0,Ramallah,A+,Private,2021-11-10
18,Khaled Suleiman,Male,49.0,Jericho,O+,Corporate,2023-08-17
19,Hala Hamdan,Male,23.0,Ramallah,AB+,National Insurance,2021-08-17
20,Ibrahim Suleiman,Male,13.0,Bethlehem,A+,National Insurance,2023-10-23
21,Khaled Taha,Male,73.0,Jenin,B-,Government,2023-02-05
22,Khaled Yasin,Male,38.0,Salfit,AB-,Self-Pay,2021-02-09
23,Mohammad Qasem,Female,44.0,Hebron,A+,Government,2025-12-04
24,Leen Khalil,Male,13.0,Bethlehem,A-,Corporate,2025-04-18
25,Ali Saleh,Female,31.0,Qalqilya,B+,National Insurance,2023-12-17
26,Salma Suleiman,Male,45.0,Qalqilya,B-,National Insurance,2023-03-29
27,Lina Shami,Female,18.0,Ramallah,B-,Government,2021-05-12
28,Sara Awwad,Male,50.0,Salfit,B-,Private,2021-05-26
29,Omar AbuAli,Male,30.0,Nablus,AB-,Private,2023-11-19
30,Mahmoud Hamdan,Female,36.0,Hebron,B+,Corporate,2024-03-26
31,Rania AbuAli,Female,30.0,Jericho,B-,Private,2021-07-18
32,Noor Qasem,Female,81.0,Jericho,O-,Private,2024-10-11
33,Mohammad Hassan,Female,42.0,Tulkarm,A-,Government,2022-01-28
34,Hassan Yasin,Female,20.0,Gaza,O+,Government,2022-07-25
35,Aya AbuAli,Male,60.0,Bethlehem,A-,Private,2024-08-28
36,Dana Awwad,Male,17.0,Hebron,B+,Self-Pay,2023-09-22
37,Rania Othman,Female,47.0,Nablus,B+,Self-Pay,2021-01-05
38,Maya Hamdan,Female,1.0,Jenin,O+,Corporate,2024-09-17
39,Rania Saleh,Male,15.0,Jenin,B-,Private,2024-04-01
40,Dana Hassan,Female,47.0,Nablus,A+,Corporate,2023-09-04
41,Hala Taha,Male,58.0,Nablus,A-,Government,2021-05-21
42,Salma Khalil,Male,46.0,Jericho,A-,Corporate,2022-05-20
43,Leen Khatib,Male,40.0,Salfit,A-,,2024-09-08
44,Leen Hamad,Female,36.0,Jenin,B-,National Insurance,2022-05-04
45,Adam Barakat,Male,11.0,Jenin,O-,National Insurance,2025-03-20
46,Yousef Awwad,Female,27.0,Salfit,A-,Private,2024-01-07
47,Hassan Taha,Female,33.0,Gaza,AB-,Private,2025-12-06
48,Mahmoud Qasem,Female,65.0,Gaza,O-,Corporate,2024-12-11
49,Ibrahim Khatib,Male,50.0,Qalqilya,AB+,Private,2025-12-04
50,Ali Hamdan,Male,5.0,Ramallah,B+,National Insurance,2022-08-01
51,Salma Othman,F,49.0,Hebron,AB+,Corporate,2023-09-28
52,Adam Hassan,Male,34.0,Jericho,AB+,Private,2021-01-08
53,Sara Saleh,Female,28.0,Gaza,O-,Corporate,2024-12-16
54,Noor Yasin,Male,55.0,Ramallah,A-,Government,2024-01-23
55,Omar Qasem,Male,64.0,Jericho,B+,Private,2022-09-24
56,Lina Hassan,Female,62.0,Hebron,B-,Private,2022-12-26
57,Dana Suleiman,Male,25.0,Hebron,B+,Government,2025-12-11
58,Noor Awwad,Male,36.0,Tulkarm,O+,Government,2022-07-01
59,Khaled Nasser,Female,49.0,Nablus,O-,Government,2022-02-13
60,Aya Qasem,Female,63.0,Hebron,B-,Private,2024-09-13
61,Hassan Barakat,,32.0,Jenin,A-,National Insurance,2022-12-21
62,Hala Barakat,Female,39.0,Nablus,A-,National Insurance,2022-01-01
63,Leen Hamdan,Male,19.0,Ramallah,O+,National Insurance,2025-02-01
64,Sara Suleiman,Male,17.0,Jericho,B-,National Insurance,2021-04-01
65,Noor Awwad,Male,60.0,Tulkarm,O+,Private,2024-09-22
66,Sara Khatib,Female,71.0,Ramallah,AB+,Corporate,2022-09-26
67,Noor Darwish,Female,41.0,Jenin,B+,Government,2023-05-12
68,Maya Mansour,Female,64.0,Jericho,A+,National Insurance,2022-08-11
69,Hassan Suleiman,Female,50.0,Bethlehem,O-,Self-Pay,2024-10-15
70,Hassan Taha,Female,29.0,Gaza,A-,National Insurance,2023-11-22
71,Salma Darwish,Male,50.0,Hebron,AB+,Government,2025-07-10
72,Hassan Saleh,Male,75.0,Nablus,B-,Self-Pay,2024-06-05
73,Yousef Shami,Female,42.0,Salfit,B-,Self-Pay,2023-10-10
74,Maya AbuAli,Male,75.0,Nablus,A-,Self-Pay,2022-03-25
75,Khaled Taha,Female,0.0,Nablus,B-,Private,2023-07-24
76,Ali Shami,Female,60.0,Bethlehem,O+,Corporate,2023-07-03
77,Khaled Najjar,Female,44.0,Jenin,B-,National Insurance,2025-04-18
78,Hala Najjar,Male,36.0,Jenin,O-,Private,2025-01-01
79,Ibrahim AbuAli,Female,44.0,Tulkarm,AB-,Corporate,2021-06-15
80,Ali Saleh,Male,1.0,Jericho,B+,Government,2021-05-12
81,Noor Suleiman,Female,38.0,Qalqilya,O-,Self-Pay,2021-05-08
82,Hassan Suleiman,Female,50.0,Salfit,A+,Corporate,2023-02-19
83,,Female,74.0,Jenin,O+,Self-Pay,2024-01-08
84,Dana Khatib,Male,32.0,Bethlehem,B-,National Insurance,2023-06-12
85,Rania Awwad,Female,26.0,Tulkarm,O+,Government,2025-09-18
86,Aya Saleh,Male,32.0,Jericho,A+,Private,2024-08-09
87,Noor Saleh,Female,62.0,Gaza,A+,National Insurance,2023-02-16
88,Sara Othman,Female,49.0,Tulkarm,AB-,Self-Pay,2022-07-24
89,Noor Hamdan,Male,31.0,Bethlehem,A+,Corporate,2021-04-17
90,Lina AbuAli,Male,53.0,Nablus,A+,Government,2022-02-13
91,Ahmed Khatib,Male,45.0,Hebron,B+,Self-Pay,2024-10-03
92,Mohammad Hamad,Male,63.0,Bethlehem,AB+,National Insurance,2021-12-10
93,Salma Khatib,Male,28.0,Gaza,AB+,Private,2024-03-31
94,Ahmed Jaber,Female,36.0,Jericho,B-,Private,2024-04-27
95,Mahmoud Nasser,Female,34.0,Salfit,A-,Corporate,2025-05-22
96,Omar Qasem,Female,12.0,Tulkarm,A-,Corporate,2024-08-19
97,Sara Awwad,Female,49.0,Bethlehem,A-,Self-Pay,2023-01-12
98,Aya Saleh,Female,48.0,Gaza,AB+,Corporate,2025-07-14
99,Dana Najjar,Female,43.0,Jericho,AB+,National Insurance,2025-10-11
100,Mahmoud Khalil,Female,38.0,Bethlehem,B-,Self-Pay,2024-03-13
101,Salma Barakat,Female,13.0,Nablus,O-,National Insurance,2022-01-08
102,Rania Othman,Female,34.0,Jenin,AB-,National Insurance,2025-12-08
103,Salma Hamdan,Male,35.0,Qalqilya,B-,Private,2022-05-10
104,Noor Najjar,Male,26.0,Bethlehem,O-,Self-Pay,2025-06-12
105,Ahmed Khalil,Female,39.0,Hebron,O+,Government,2022-09-20
106,Leen Qasem,Female,51.0,Qalqilya,AB-,Self-Pay,2025-03-08
107,Dana Darwish,Female,82.0,Bethlehem,AB+,National Insurance,2022-05-30
108,Mahmoud Nasser,Male,46.0,Tulkarm,A-,Corporate,2025-04-10
109,Khaled Othman,Male,48.0,Bethlehem,AB+,Corporate,2025-04-06
110,Hala Khatib,Female,41.0,Ramallah,B-,National Insurance,2022-04-11
111,Lina Mansour,Female,2.0,Nablus,B+,National Insurance,2021-04-04
112,Omar Yasin,Female,42.0,Gaza,O-,Private,2025-11-23
113,Ahmed Hamad,Female,,Bethlehem,O-,Self-Pay,2022-11-29
114,Khaled Hassan,Female,94.0,Bethlehem,A-,Private,2023-04-01
115,Rania Khalil,Male,38.0,Gaza,B+,Corporate,2022-09-15
116,Yousef AbuAli,Male,49.0,Qalqilya,O+,Corporate,2024-05-05
117,Salma AbuAli,Female,42.0,Bethlehem,O-,National Insurance,2025-10-28
118,Leen Suleiman,Female,18.0,Salfit,A+,Corporate,2025-02-24
119,Mohammad Othman,Male,66.0,Jenin,A-,Government,2022-05-07
120,Khaled Yasin,Male,58.0,Gaza,A+,Self-Pay,2023-07-12
121,Salma Najjar,Female,59.0,Nablus,B-,National Insurance,2024-12-18
122,Ibrahim Shami,Male,23.0,Hebron,AB+,Corporate,2024-09-16
123,Hassan Suleiman,Male,72.0,Qalqilya,B-,Government,2022-06-29
124,Ali Khalil,Male,13.0,Gaza,AB+,Corporate,2025-03-14
125,Leen Jaber,Female,55.0,Ramallah,O-,National Insurance,2024-12-04
126,Maya Hamdan,Female,88.0,Bethlehem,A-,Corporate,2021-03-23
127,Noor Darwish,Female,22.0,Nablus,A-,,2024-10-12
128,Leen Hamad,Male,31.0,Jenin,A+,Government,2023-08-22
129,Hala Shami,Female,45.0,Gaza,O+,Self-Pay,2021-07-06
130,Rania Qasem,Female,32.0,Tulkarm,AB-,Private,2025-10-23
131,Khaled Darwish,Female,10.0,Bethlehem,AB+,Self-Pay,2025-07-25
132,Dana Hassan,Female,44.0,Ramallah,AB-,National Insurance,2022-10-25
133,Mohammad Barakat,Male,20.0,Qalqilya,O-,Self-Pay,2021-04-22
134,Hassan Taha,Female,52.0,Salfit,O-,Self-Pay,2025-04-06
135,Omar Othman,Female,23.0,Qalqilya,B+,National Insurance,2023-06-17
136,Rania Nasser,Male,75.0,Salfit,B-,Government,2022-09-29
137,Dana Awwad,Female,26.0,Ramallah,B-,Private,2023-08-04
138,Mohammad Saleh,Female,36.0,Jenin,AB+,Self-Pay,2025-09-06
139,Rania Najjar,Male,60.0,Bethlehem,B+,Self-Pay,2022-01-26
140,Salma Taha,Male,17.0,Ramallah,AB+,Self-Pay,2022-11-28
141,Hala Hamdan,Male,47.0,Jenin,AB+,Corporate,2024-04-02
142,Rania Saleh,Female,70.0,Qalqilya,O-,National Insurance,2022-11-12
143,Dana Yasin,Female,9.0,Bethlehem,AB-,Government,2024-11-29
144,Mahmoud Hamad,Female,46.0,Hebron,O+,Private,2022-10-14
145,Rania Barakat,Female,48.0,Gaza,O-,Private,2021-09-16
146,Hala Hamad,Female,59.0,Ramallah,O-,Private,2023-12-14
147,Aya Awwad,Male,17.0,Jericho,B+,Private,2023-08-20
148,Adam Darwish,Female,15.0,Ramallah,AB-,Corporate,2023-02-18
149,Sara Najjar,Male,53.0,Salfit,A-,Government,2024-07-16
150,Ibrahim AbuAli,Male,49.0,Jericho,A-,Private,2023-06-28
151,Khaled Jaber,Male,48.0,Nablus,AB-,Private,2022-08-24
152,Lina Qasem,Female,50.0,Gaza,B-,Corporate,2023-04-24
153,Leen Mansour,Male,28.0,Gaza,A-,Corporate,2025-11-19
154,Maya Khatib,Male,47.0,Bethlehem,B+,Government,2023-08-03
155,Adam Shami,Female,49.0,Nablus,O-,National Insurance,2024-10-19
156,Dana Mansour,Male,27.0,Bethlehem,AB-,Corporate,2022-09-05
157,Noor Hamdan,Female,82.0,Jenin,B-,Self-Pay,2025-10-14
158,Rania Nasser,Male,52.0,Jericho,AB-,Corporate,2022-08-29
159,Ibrahim Awwad,Female,17.0,Jenin,A+,Corporate,2025-11-07
160,Omar Khatib,Female,56.0,Jenin,B-,Corporate,2025-07-01
161,Lina AbuAli,Male,22.0,Salfit,AB+,Government,2024-07-10
162,Mohammad Hassan,Female,59.0,Bethlehem,A+,Corporate,2023-01-18
163,Ali Khalil,Female,67.0,Tulkarm,O+,Government,2022-02-16
164,Ali Yasin,Female,25.0,Qalqilya,AB+,Government,2022-06-11
165,Rania Jaber,Female,63.0,Ramallah,O-,Private,2021-10-16
166,Mahmoud Barakat,Female,51.0,Ramallah,O+,Private,2022-06-26
167,Dana Nasser,Female,60.0,Tulkarm,AB+,Corporate,2023-02-20
168,Lina Nasser,Male,82.0,Bethlehem,A+,Corporate,2025-12-16
169,Dana Darwish,Male,37.0,Ramallah,O-,National Insurance,2024-08-22
170,Noor Nasser,Male,27.0,Nablus,A+,National Insurance,2023-10-06
171,Mohammad Nasser,Male,24.0,Qalqilya,B+,Self-Pay,2023-07-19
172,Lina Yasin,Female,25.0,Salfit,B+,Self-Pay,2024-09-03
173,Mohammad Najjar,Female,41.0,Jenin,A+,National Insurance,2022-03-21
174,Aya Shami,Male,50.0,Tulkarm,A-,National Insurance,2024-01-21
175,Lina Hassan,Female,48.0,Jenin,B-,Private,2025-10-03
176,Aya Khalil,Male,60.0,Salfit,A+,Private,2025-05-31
177,Sara AbuAli,Male,43.0,Salfit,B-,Private,2025-08-27
178,Dana Othman,Male,73.0,Hebron,AB-,Government,2025-06-04
179,Salma Awwad,Female,37.0,Gaza,B+,Corporate,2022-05-29
180,Khaled Nasser,Male,95.0,Gaza,A+,National Insurance,2025-06-06
181,Mahmoud Hamad,Female,56.0,Nablus,B+,National Insurance,2021-04-18
182,Ali Suleiman,Male,24.0,Ramallah,O-,Self-Pay,2025-05-13
183,Lina Taha,Male,20.0,Bethlehem,B-,Corporate,2021-03-30
184,Hala Jaber,Female,53.0,,A+,Self-Pay,2025-10-02
185,Maya Suleiman,Male,38.0,Bethlehem,O-,Private,2021-06-15
186,Sara Khatib,Male,57.0,Ramallah,B+,National Insurance,2024-07-02
187,Leen Yasin,Female,52.0,Jericho,AB+,Self-Pay,2023-11-02
188,Salma Suleiman,Male,41.0,Ramallah,B-,Self-Pay,2023-07-14
189,Mahmoud Suleiman,Female,25.0,Bethlehem,O+,Self-Pay,2025-02-03
190,Mohammad Darwish,Female,11.0,Tulkarm,AB+,National Insurance,2021-11-09
191,Rania Khalil,Male,33.0,Ramallah,A-,Self-Pay,2021-07-17
192,Lina Saleh,Male,60.0,Salfit,AB-,Private,2023-04-22
193,Lina Suleiman,Male,47.0,Jenin,AB+,National Insurance,2021-08-01
194,Leen Taha,Male,16.0,Gaza,O-,Government,2025-10-02
195,Mohammad Qasem,Female,46.0,Ramallah,AB+,Corporate,2022-04-09
196,Noor Yasin,Male,51.0,Salfit,AB+,Private,2022-01-05
197,Adam Jaber,Female,24.0,Tulkarm,A+,Government,2025-11-17
198,Ali Hamad,Female,46.0,Ramallah,B+,Private,2021-07-07
199,Hala Othman,Female,44.0,Jericho,O-,National Insurance,2021-11-19
200,Lina Jaber,Female,18.0,Salfit,A-,Private,2021-11-15
201,Khaled Khatib,Male,50.0,Ramallah,AB+,Self-Pay,2024-09-17
202,Noor Najjar,Female,54.0,Jericho,AB+,Government,2025-03-27
203,Hala Nasser,Female,65.0,Jericho,A-,National Insurance,2024-10-20
204,Leen Najjar,Female,65.0,Nablus,B-,Self-Pay,2024-05-12
205,Omar Awwad,Male,14.0,Jenin,B-,Government,2025-04-15
206,Adam Jaber,Female,23.0,Ramallah,A+,Self-Pay,2025-03-10
207,Noor Mansour,Male,53.0,Jericho,B-,Corporate,2024-02-19
208,Lina Khalil,Female,53.0,Nablus,O+,Private,2023-07-31
209,Yousef Darwish,Female,53.0,Salfit,O+,Self-Pay,2022-08-16
210,Mohammad Barakat,Male,95.0,Tulkarm,B+,Corporate,2023-08-01
211,,Female,54.0,Ramallah,B-,Self-Pay,2024-04-21
212,Maya Taha,Male,66.0,Jericho,AB+,National Insurance,2022-03-30
213,Sara Mansour,Male,63.0,Qalqilya,A-,Corporate,2023-11-11
214,Hassan Qasem,Female,56.0,Gaza,B-,Private,2021-10-27
215,Adam Othman,Male,36.0,Salfit,B+,Private,2021-12-29
216,Rania Shami,Female,58.0,Salfit,AB-,National Insurance,2021-11-06
217,Aya Khalil,Female,26.0,Bethlehem,AB+,National Insurance,2024-04-26
218,Omar Qasem,Male,38.0,Jenin,O-,Self-Pay,2021-03-19
219,Omar Qasem,Female,32.0,Ramallah,A-,Corporate,2024-05-01
220,Hala Barakat,Female,44.0,Salfit,A+,Self-Pay,2025-07-17
221,Leen Othman,Female,91.0,Salfit,O-,Corporate,2021-11-05
222,Omar Shami,Male,3.0,Tulkarm,A-,Corporate,2024-08-16
223,Khaled Hassan,Male,57.0,Bethlehem,O-,Corporate,2023-12-07
224,Salma Mansour,Female,9.0,Tulkarm,AB+,Self-Pay,2023-04-18
225,Sara Khatib,Male,33.0,Tulkarm,A-,National Insurance,2021-07-13
226,Dana Barakat,Female,65.0,Jenin,B+,National Insurance,2021-06-16
227,Leen Saleh,Female,44.0,Jenin,O+,Government,2024-05-03
228,Yousef Jaber,Female,20.0,Tulkarm,B+,Corporate,2021-07-11
229,Noor Taha,Female,27.0,Nablus,AB-,National Insurance,2022-01-05
230,Hassan Darwish,Female,57.0,Hebron,B-,Government,2021-11-14
231,Yousef Jaber,Male,27.0,Qalqilya,A+,National Insurance,2025-11-30
232,Salma Saleh,Female,47.0,Gaza,B+,Government,2025-08-30
233,Salma Mansour,Female,43.0,Nablus,O+,National Insurance,2024-10-17
234,Mahmoud Shami,Female,29.0,Bethlehem,B-,Corporate,2022-05-05
235,Ibrahim Najjar,Male,88.0,Tulkarm,O-,Self-Pay,2025-04-25
236,Ibrahim Barakat,Female,56.0,Gaza,B-,Corporate,2021-10-11
237,Adam Hassan,Female,0.0,Tulkarm,A-,Corporate,2025-10-10
238,Mohammad Jaber,Male,46.0,Gaza,AB+,Self-Pay,2023-11-18
239,Ali Suleiman,Male,29.0,Hebron,O-,National Insurance,2021-02-24
240,Noor Hassan,Female,60.0,Qalqilya,AB-,Government,2023-03-02
241,Yousef Qasem,Male,26.0,Nablus,AB-,Private,2025-09-15
242,Sara Saleh,Male,40.0,Nablus,AB+,Self-Pay,2024-11-26
243,Ali Najjar,Female,53.0,Salfit,A+,Private,2021-02-08
244,Adam Othman,Male,61.0,Qalqilya,O+,Private,2025-05-09
245,Ibrahim AbuAli,Female,17.0,Ramallah,A+,Government,2023-05-10
246,Salma Shami,Male,35.0,Ramallah,O-,Corporate,2024-01-03
247,Ahmed Taha,Male,33.0,Gaza,AB+,Self-Pay,2021-01-04
248,Salma Qasem,Male,29.0,Salfit,O+,Government,2024-09-22
249,Yousef Taha,Female,80.0,Ramallah,A+,Self-Pay,2025-11-24
250,Rania Hassan,Female,51.0,Tulkarm,AB+,Private,2023-01-02
251,Yousef Qasem,Male,16.0,Ramallah,AB-,Government,2021-04-01
252,Lina Yasin,Female,62.0,Gaza,O-,Self-Pay,2024-07-17
253,Khaled Saleh,Male,87.0,Bethlehem,A+,National Insurance,2022-02-17
254,Omar Othman,Male,64.0,Tulkarm,AB+,Corporate,2023-03-27
255,Dana Najjar,Female,11.0,Nablus,B-,National Insurance,2023-01-02
256,Omar Darwish,Female,32.0,Ramallah,AB-,Self-Pay,2025-12-27
257,Maya Shami,Female,69.0,Tulkarm,B+,Self-Pay,2024-11-18
258,Rania Qasem,Female,28.0,,O+,Private,2023-06-01
259,Salma Mansour,Female,52.0,Tulkarm,A-,Private,2022-11-03
260,Ibrahim Jaber,Female,59.0,Salfit,O+,Government,2024-11-13
261,Aya Qasem,Female,23.0,Nablus,AB-,Corporate,2023-06-10
262,Adam Hassan,Male,41.0,Jericho,AB-,Corporate,2025-06-29
263,Khaled Awwad,Male,0.0,Salfit,O-,Private,2021-09-16
264,Yousef AbuAli,Female,21.0,Tulkarm,O+,Corporate,2021-03-08
265,Salma Saleh,Female,37.0,Tulkarm,AB-,Self-Pay,2025-04-12
266,Yousef Hamad,Male,16.0,Qalqilya,AB-,Self-Pay,2022-10-06
267,Adam AbuAli,Male,77.0,Nablus,B+,Self-Pay,2023-11-27
268,Maya Yasin,Male,12.0,Jenin,AB+,Self-Pay,2022-03-16
269,Salma Jaber,Female,33.0,Hebron,A-,Government,2025-10-13
270,Yousef Shami,Male,45.0,Bethlehem,A-,National Insurance,2024-09-29
271,Lina Khalil,Female,73.0,Jenin,B+,Government,2025-06-14
272,Lina Taha,Male,12.0,Ramallah,B-,Government,2022-04-30
273,Rania Awwad,Female,67.0,Qalqilya,AB-,Self-Pay,2025-07-04
274,Dana Saleh,Male,43.0,Ramallah,AB+,Self-Pay,2025-01-08
275,Rania Taha,Female,22.0,Jericho,A-,Government,2022-10-12
276,Yousef Shami,Female,52.0,Qalqilya,AB-,Government,2025-12-04
277,Dana Hamad,Male,47.0,Gaza,O+,Corporate,2025-11-14
278,Omar Nasser,Male,30.0,Jenin,B+,Government,2022-10-23
279,Mahmoud Qasem,Female,44.0,Ramallah,AB+,Government,2024-07-24
280,Dana Hamdan,Male,34.0,Jenin,A-,Corporate,2024-08-05
281,Khaled Hamad,Male,45.0,Gaza,AB-,Corporate,2021-03-26
282,Ahmed Khalil,Male,56.0,Salfit,AB+,Government,2025-04-20
283,Leen Suleiman,Male,76.0,Bethlehem,AB+,National Insurance,2023-09-17
284,Mahmoud Barakat,Female,17.0,Bethlehem,A-,Private,2021-11-20
285,Aya Suleiman,Female,87.0,Bethlehem,B-,National Insurance,2024-05-27
286,Ali Darwish,Female,2.0,Tulkarm,O+,Government,2025-04-07
287,Lina Taha,Male,39.0,Tulkarm,B-,Self-Pay,2021-09-08
288,Adam Shami,Male,55.0,Gaza,A-,Private,2022-08-18
289,,Female,48.0,Hebron,B+,National Insurance,2024-03-29
290,Sara Othman,Male,29.0,Bethlehem,O-,Self-Pay,2025-12-06
291,Ibrahim Najjar,Male,38.0,Ramallah,O+,Corporate,2023-07-26
292,Mahmoud Othman,Female,32.0,Nablus,A+,National Insurance,2023-10-11
293,Salma Najjar,Female,30.0,Qalqilya,A+,Private,2023-06-02
294,Ali Hamdan,Female,60.0,Jericho,AB-,Private,2023-04-01
295,Omar Hamad,Male,50.0,Tulkarm,AB+,Private,2023-03-03
296,Hala Shami,Female,28.0,Salfit,A-,Government,2021-07-18
297,Maya Qasem,Female,61.0,Qalqilya,AB-,Government,2022-02-12
298,Salma Taha,Female,49.0,Qalqilya,A+,Private,2021-03-21
299,Ali Darwish,Female,60.0,Qalqilya,O-,Government,2024-05-26
300,Hala Saleh,Female,56.0,Salfit,AB-,Government,2023-03-16
301,Salma Jaber,Female,25.0,Qalqilya,O-,Corporate,2022-09-06
302,Rania Awwad,Female,31.0,Tulkarm,A-,Self-Pay,2024-04-10
303,Ibrahim Awwad,Female,58.0,Jenin,B-,Private,2024-04-10
304,Rania Mansour,Female,55.0,Gaza,B-,Private,2024-03-18
305,Mohammad Othman,Male,42.0,Bethlehem,AB-,Self-Pay,2021-11-07
306,Noor Othman,Female,45.0,Qalqilya,O-,Private,2024-12-16
307,Ali Taha,Male,69.0,Qalqilya,AB-,Self-Pay,2023-12-13
308,Maya Darwish,Male,30.0,Bethlehem,AB-,Corporate,2022-12-27
309,Adam Khatib,Female,54.0,Hebron,B-,National Insurance,2024-02-17
310,Ibrahim AbuAli,Female,38.0,Jenin,B-,Self-Pay,2022-10-12
311,Rania Qasem,Female,38.0,Jenin,A-,Corporate,2024-10-17
312,Dana Barakat,Female,66.0,Tulkarm,B+,National Insurance,2021-03-28
313,Ibrahim Khalil,Female,60.0,Bethlehem,AB+,Self-Pay,2022-03-15
314,Hassan Yasin,Female,60.0,Qalqilya,AB+,Government,2021-08-12
315,Salma Hamad,Male,70.0,Hebron,A+,Corporate,2022-04-08
316,Mahmoud Hassan,Male,43.0,Jericho,AB-,Self-Pay,2021-07-25
317,Ali Awwad,Male,57.0,Jericho,O-,Self-Pay,2024-08-25
318,Hassan Jaber,Female,36.0,Jenin,A+,Private,2024-08-28
319,Leen AbuAli,Male,49.0,Gaza,O+,Government,2021-03-16
320,Maya Najjar,Male,40.0,Jenin,A+,Private,2022-09-04
321,Leen Khatib,Male,45.0,Tulkarm,AB+,Self-Pay,2024-08-06
322,Dana Taha,Female,55.0,Gaza,O-,National Insurance,2022-01-30
323,Mohammad Darwish,Male,25.0,Bethlehem,AB+,Government,2021-01-29
324,Sara Jaber,Male,86.0,Gaza,O+,Self-Pay,2023-11-22
325,Sara Khalil,Female,21.0,Ramallah,B+,Government,2023-09-05
326,Sara AbuAli,Male,17.0,Jenin,O+,Government,2023-07-04
327,Adam Darwish,Female,67.0,Salfit,A+,National Insurance,2024-08-31
328,Lina AbuAli,Male,59.0,Ramallah,O-,National Insurance,2021-11-24
329,Maya Taha,Female,56.0,Ramallah,AB+,National Insurance,2024-06-12
330,Mahmoud AbuAli,Male,56.0,Bethlehem,B+,Self-Pay,2025-03-12
331,Salma Qasem,Female,42.0,Qalqilya,O-,Corporate,2025-07-01
332,Hassan AbuAli,Male,24.0,Qalqilya,O-,Corporate,2024-02-30
333,Lina Khalil,Male,44.0,Nablus,B-,Corporate,2024-01-05
334,Ali Mansour,Female,28.0,Qalqilya,O-,Private,2024-10-25
335,Hassan Hamad,Female,63.0,Ramallah,O-,Private,2023-07-18
336,Ali Taha,Female,39.0,Bethlehem,A+,Corporate,2023-08-05
337,Ibrahim Awwad,Female,25.0,Jenin,A+,Government,2024-03-30
338,Yousef Hassan,Female,36.0,Tulkarm,A-,Corporate,2021-05-04
339,Yousef Najjar,Male,51.0,Jenin,O+,Government,2025-04-24
340,Ali Suleiman,Female,31.0,Jericho,O-,Self-Pay,2023-02-09
341,Yousef Yasin,Male,25.0,Tulkarm,A-,Government,2024-01-06
342,Maya Taha,Male,48.0,Hebron,A+,Private,2022-09-04
343,Aya Yasin,Female,48.0,Qalqilya,O+,Government,2022-05-22
344,Aya Qasem,Male,32.0,Jenin,B-,Private,2021-03-07
345,Noor Khatib,Male,33.0,Hebron,B-,Private,2021-07-26
346,Salma Hassan,Female,47.0,Salfit,A+,Government,2025-02-25
347,Omar Barakat,Female,12.0,Hebron,B-,Private,2021-10-14
348,Hala Jaber,Male,13.0,Salfit,AB-,Corporate,2024-05-09
349,Sara AbuAli,Female,27.0,Gaza,B-,Self-Pay,2022-09-08
350,Adam Hassan,Male,38.0,Jericho,O-,Private,2022-12-07
351,Maya Taha,Female,49.0,Jericho,O+,Government,2022-09-07
352,Maya Mansour,Female,73.0,Hebron,B-,National Insurance,2025-10-23
353,Ali Shami,Male,61.0,Qalqilya,O+,Self-Pay,2024-02-16
354,Hala Saleh,Female,39.0,,AB+,Government,2022-11-08
355,Yousef Shami,Female,42.0,Ramallah,B-,PRIVATE,2022-07-04
356,Maya Khatib,Male,21.0,Ramallah,B-,Corporate,2025-01-23
357,Dana Othman,Female,42.0,Hebron,AB-,National Insurance,2021-02-01
358,Hassan Othman,Male,36.0,Bethlehem,B-,Corporate,2024-12-12
359,Hassan Barakat,Male,49.0,Qalqilya,AB-,National Insurance,2023-02-19
360,Aya Yasin,Female,25.0,Jenin,AB+,National Insurance,2023-11-17
361,Rania Shami,Male,53.0,,AB-,Government,2023-01-30
362,Sara Suleiman,Male,75.0,Salfit,B-,Government,2021-02-03
363,Adam Yasin,Female,40.0,Jenin,B+,Government,2022-11-07
364,Mahmoud Barakat,Male,51.0,Bethlehem,AB-,National Insurance,2025-04-13
365,Rania Najjar,Female,57.0,Gaza,AB-,Government,2021-10-14
366,Dana Najjar,Male,34.0,Qalqilya,A+,Corporate,2021-03-11
367,Yousef Hassan,Male,47.0,Jericho,B+,Government,2021-05-20
368,Ali Awwad,Male,43.0,Qalqilya,O-,National Insurance,2021-05-04
369,Salma Khatib,Female,45.0,Bethlehem,A+,Private,2023-12-26
370,Dana Suleiman,Male,26.0,Nablus,AB+,Corporate,2022-08-11
371,Ahmed Taha,Female,43.0,Gaza,A-,Private,2023-12-10
372,Ali AbuAli,Male,53.0,Salfit,AB+,National Insurance,2022-07-02
373,Maya Khalil,Female,73.0,Jericho,O-,Corporate,2022-05-14
374,Mahmoud Jaber,Male,63.0,Nablus,A-,Self-Pay,2023-02-16
375,Maya Yasin,Female,88.0,Nablus,A+,Government,2021-06-19
376,Rania Suleiman,Female,26.0,Salfit,A-,Corporate,2021-03-29
377,Mahmoud Othman,Female,61.0,Jenin,A+,Private,2024-11-02
378,Adam Yasin,Male,46.0,Gaza,AB-,Private,2022-03-01
379,Leen Saleh,Female,88.0,Ramallah,AB+,Government,2024-02-29
380,Mahmoud Hamad,Female,26.0,Qalqilya,AB-,Self-Pay,2025-03-28
381,Ali Khalil,Female,25.0,Nablus,A-,Self-Pay,2022-04-21
382,Yousef Darwish,Female,30.0,Tulkarm,A+,National Insurance,2025-05-24
383,Aya Najjar,Male,0.0,Tulkarm,O+,Self-Pay,2022-01-16
384,Leen Barakat,Male,31.0,Salfit,AB+,Government,2024-12-31
385,Yousef Khalil,M,27.0,Gaza,O+,Government,2025-02-23
386,Maya Darwish,Female,46.0,Ramallah,A-,Private,2022-09-24
387,Aya Qasem,Female,50.0,Ramallah,B+,Private,2022-01-19
388,Noor Shami,Female,82.0,Ramallah,A+,Private,2022-12-26
389,Dana Khalil,Female,62.0,Jericho,A+,National Insurance,2023-04-28
390,Maya Khalil,Male,30.0,Salfit,B+,Self-Pay,2021-12-14
391,Ali Hamdan,Female,24.0,Jenin,O-,Government,2021-05-10
392,Khaled Suleiman,Female,53.0,Jericho,AB+,Self-Pay,2025-05-22
393,Yousef Qasem,Female,15.0,Hebron,O-,Corporate,2024-06-16
394,Hassan Shami,Male,81.0,Gaza,AB+,Private,2023-03-22
395,Sara Khatib,Female,67.0,Tulkarm,O-,National Insurance,2023-06-01
396,Salma Saleh,Female,33.0,Tulkarm,B-,Self-Pay,2022-10-06
397,Khaled Barakat,Female,7.0,Jenin,O-,Corporate,2025-05-21
398,Mahmoud Darwish,Female,71.0,Jenin,O+,National Insurance,2021-08-22
399,Leen Othman,Male,40.0,Qalqilya,A+,Self-Pay,2024-12-21
400,Hassan Shami,Female,68.0,Ramallah,O+,Self-Pay,2021-10-13
401,Ibrahim AbuAli,Female,9.0,Gaza,O+,Self-Pay,2021-06-01
402,Aya Khatib,Female,30.0,Salfit,O+,Corporate,2023-11-04
403,Noor Yasin,Male,43.0,Tulkarm,A-,Private,2025-04-24
404,Mahmoud Qasem,Male,43.0,,A+,Corporate,2024-08-14
405,Maya Darwish,Female,33.0,Ramallah,A+,Private,2022-06-14
406,Mahmoud Taha,Male,56.0,Bethlehem,AB-,Self-Pay,2023-08-07
407,Leen Taha,Male,20.0,Tulkarm,A+,Self-Pay,2021-08-03
408,Ibrahim Suleiman,Male,40.0,Ramallah,B+,National Insurance,2022-10-01
409,Sara Shami,Male,45.0,Qalqilya,O-,National Insurance,2023-09-03
410,Mohammad Shami,Female,53.0,Tulkarm,A-,National Insurance,2021-04-02
411,Mohammad Awwad,Female,57.0,Ramallah,B+,Government,2023-11-23
412,Khaled Yasin,Male,19.0,Tulkarm,O+,Self-Pay,2022-04-20
413,Maya Mansour,Male,10.0,Jericho,O+,Private,2025-02-19
414,Salma Othman,Female,69.0,Salfit,O+,Self-Pay,2021-01-10
415,Hassan Othman,Female,49.0,Ramallah,A-,Corporate,2022-01-18
416,Lina Darwish,Male,27.0,Bethlehem,A-,Self Pay,2024-10-05
417,Rania Taha,Female,75.0,Salfit,O+,Corporate,2023-03-15
418,Leen Nasser,Female,45.0,Tulkarm,O-,Corporate,2021-12-20
419,Ibrahim Khatib,Male,67.0,Gaza,AB-,Private,2022-05-04
420,Ibrahim Nasser,Male,44.0,Tulkarm,B+,Corporate,2023-03-07
421,Noor Khatib,Male,86.0,Salfit,O+,Self-Pay,2022-01-16
422,Rania Yasin,Male,79.0,Qalqilya,B+,Self-Pay,2022-08-15
423,Ali Mansour,Female,37.0,Bethlehem,A+,National Insurance,2021-01-20
424,,Male,63.0,Jericho,O-,Self-Pay,2024-11-03
425,Rania Suleiman,Female,56.0,Bethlehem,B+,Private,2024-03-03
426,Ahmed AbuAli,Female,71.0,Nablus,AB+,Government,2024-01-07
427,Ibrahim Mansour,Female,22.0,Salfit,O-,Corporate,2023-11-13
428,Mohammad Hamad,Male,57.0,Jenin,AB-,Corporate,2025-08-12
429,Omar Shami,Male,65.0,Jericho,A-,Government,2022-09-02
430,Omar Shami,Female,6.0,Tulkarm,A-,Self-Pay,2025-11-08
431,Mohammad AbuAli,Male,18.0,Salfit,AB-,Corporate,2024-07-19
432,Noor Mansour,Male,0.0,Hebron,B-,Private,2024-03-13
433,Lina Yasin,Female,37.0,Salfit,B+,National Insurance,2024-12-12
434,Ibrahim Jaber,Female,58.0,Qalqilya,A-,Government,2025-03-17
435,Noor Hassan,Female,74.0,Gaza,B+,Government,2021-10-27
436,Sara AbuAli,Female,44.0,Bethlehem,B+,Corporate,2024-07-19
437,Adam Suleiman,Female,77.0,Bethlehem,A-,Private,2023-04-06
438,Hala Hamdan,Female,14.0,Bethlehem,O-,National Insurance,2024-04-06
439,Ahmed Khalil,Female,7.0,Tulkarm,A-,Corporate,2023-03-26
440,Hassan Suleiman,Male,41.0,Bethlehem,AB+,National Insurance,2025-08-24
441,Ibrahim Darwish,Male,51.0,Salfit,O-,National Insurance,2024-10-29
442,Omar Hassan,Male,42.0,Bethlehem,A+,Private,2025-10-23
443,Khaled Shami,Female,0.0,Nablus,O+,Government,2024-11-11
444,Ali Jaber,Male,41.0,Jenin,A-,National Insurance,2022-05-28
445,Yousef Qasem,Male,15.0,Nablus,O+,National Insurance,2025-01-26
446,Mahmoud Suleiman,Male,57.0,Ramallah,A+,Government,2023-09-04
447,Yousef Saleh,Male,50.0,Qalqilya,O-,Private,2021-01-17
448,Sara Nasser,Female,23.0,Gaza,O-,Private,2022-04-14
449,Maya Khalil,Male,32.0,Ramallah,AB-,National Insurance,2025-12-10
450,Ibrahim Saleh,Female,20.0,Gaza,B+,Private,2023-12-23
451,Leen Awwad,Male,41.0,Bethlehem,AB-,Government,2024-07-10
452,Ali Suleiman,Female,63.0,Hebron,A-,Private,2021-10-14
453,Mohammad Hamad,Female,22.0,Tulkarm,O+,National Insurance,2025-06-09
454,Ali AbuAli,Female,,Ramallah,B-,Corporate,2024-05-15
455,Salma Khatib,Female,31.0,Nablus,AB+,Government,2023-11-27
456,Salma Taha,Male,26.0,Jericho,AB+,Private,2025-05-25
457,Mahmoud Najjar,Female,40.0,Ramallah,B-,Self-Pay,2024-07-30
458,Salma Khalil,Male,21.0,Tulkarm,AB-,Government,2023-03-04
459,Leen Suleiman,Female,31.0,Qalqilya,B+,Self-Pay,2025-04-27
460,Yousef Awwad,Male,17.0,Nablus,AB+,Government,2021-03-23
461,Omar Barakat,Female,84.0,Qalqilya,O+,Self-Pay,2024-12-08
462,Maya Khalil,Male,43.0,Jenin,A-,National Insurance,2021-06-11
463,Hala Othman,Male,28.0,Qalqilya,AB-,Self-Pay,2024-04-16
464,Yousef Jaber,Female,47.0,Hebron,A+,Government,2021-06-26
465,Noor Nasser,Female,40.0,Salfit,A+,National Insurance,2024-09-26
466,Khaled Nasser,Male,38.0,Gaza,A+,Government,2023-10-14
467,Lina Taha,Female,55.0,Gaza,AB-,Government,2025-03-16
468,Adam Nasser,Male,58.0,Tulkarm,O+,,2023-12-09
469,Yousef Hamdan,Male,31.0,Bethlehem,O-,Corporate,2023-01-08
470,Omar Najjar,Male,30.0,Tulkarm,B+,National Insurance,2025-05-03
471,Mohammad Hamad,Male,37.0,Hebron,A+,Private,2025-10-25
472,Ahmed AbuAli,Male,0.0,Bethlehem,AB-,Self-Pay,2021-11-04
473,Khaled Hassan,Female,11.0,Hebron,AB-,Government,2023-05-03
474,Sara Hamdan,Male,71.0,Salfit,AB-,Private,2023-10-26
475,Omar Mansour,Male,77.0,Qalqilya,A+,Self-Pay,2021-05-22
476,Aya Jaber,Female,37.0,Tulkarm,A-,Corporate,2023-07-25
477,Ahmed Qasem,Male,55.0,Jenin,AB+,Corporate,2022-05-12
478,Aya Qasem,Female,49.0,Hebron,B-,Government,2021-01-14
479,Noor Awwad,Male,95.0,Qalqilya,AB-,Private,2022-11-18
480,Ahmed Barakat,Female,66.0,Ramallah,B-,Corporate,2022-05-03
481,Noor Najjar,Male,40.0,Gaza,AB+,Private,2021-03-31
482,Mahmoud Taha,Female,22.0,Tulkarm,O-,Private,2024-04-04
483,Mohammad Taha,Male,9.0,Jericho,A-,Corporate,2024-03-08
484,Omar Suleiman,Male,47.0,Hebron,AB+,National Insurance,2025-10-09
485,Sara Barakat,Female,27.0,Tulkarm,O-,National Insurance,2022-04-24
486,Yousef Othman,Male,13.0,Salfit,A-,Government,2021-08-05
487,Khaled Shami,Female,29.0,Tulkarm,O+,Private,2024-01-03
488,Lina Othman,Female,20.0,Jenin,O-,National Insurance,2025-10-12
489,Mohammad Khalil,Male,78.0,Jenin,A+,Government,2025-09-08
490,Sara Saleh,Male,61.0,Hebron,AB-,Self-Pay,2023-11-18
491,Omar Jaber,Female,42.0,Gaza,A+,Self-Pay,2025-10-17
492,Aya Yasin,Male,74.0,Ramallah,O-,Private,2025-07-05
493,Ali Nasser,Male,44.0,Nablus,B-,Government,2022-02-10
494,,Male,24.0,Salfit,AB+,Private,2021-02-14
495,Yousef Othman,Female,74.0,Gaza,A-,National Insurance,2021-09-08
496,Omar Shami,Male,54.0,Gaza,O+,Self-Pay,2023-10-14
497,Ahmed Barakat,Female,21.0,Gaza,AB-,Government,2022-01-19
498,Adam Hamdan,Female,39.0,Gaza,A+,Corporate,2024-06-22
499,Salma AbuAli,Female,24.0,,O+,Corporate,2023-09-09
500,Omar Khalil,Female,13.0,Jericho,B+,Self-Pay,2022-02-13
501,Hala AbuAli,Male,62.0,Jericho,AB-,Self-Pay,2024-01-21
502,Rania Qasem,Female,83.0,Jericho,AB+,Government,2021-02-23
503,Sara Khatib,Male,13.0,Nablus,AB+,Private,2025-07-15
504,Rania Taha,Female,54.0,Salfit,B-,Government,2021-07-25
505,Mahmoud AbuAli,Female,29.0,Qalqilya,A+,Government,2024-03-25
506,Maya Qasem,Male,32.0,Gaza,B-,Corporate,2022-10-14
507,Lina Hamad,Male,30.0,Tulkarm,B+,Corporate,2022-01-21
508,Rania Yasin,Female,24.0,Gaza,O-,Private,2021-07-04
509,Omar AbuAli,Male,44.0,Nablus,O-,Private,2022-11-11
510,Salma Othman,Male,25.0,Tulkarm,B+,National Insurance,2021-05-02
511,Ahmed Saleh,Male,48.0,Ramallah,AB-,Private,2023-02-05
512,Maya Hamad,Male,41.0,Tulkarm,AB+,National Insurance,2021-10-07
513,Khaled Suleiman,Female,37.0,Tulkarm,B+,Corporate,2024-11-21
514,Salma Qasem,Male,23.0,Salfit,B+,,2022-09-21
515,Ibrahim Saleh,Male,30.0,Nablus,O+,Corporate,2021-03-08
516,Khaled Khatib,Female,58.0,Salfit,B-,Corporate,2021-08-02
517,,Female,53.0,Ramallah,B-,National Insurance,2022-10-17
518,Khaled Khalil,Female,22.0,Bethlehem,A+,National Insurance,2022-03-06
519,Mahmoud Khalil,Female,45.0,Jenin,A-,Private,2021-04-09
520,Maya Shami,Female,58.0,Gaza,O+,Self-Pay,2025-12-11
521,Maya Qasem,Female,7.0,Ramallah,O-,Corporate,2024-08-26
522,Mahmoud Mansour,Female,54.0,Ramallah,A+,National Insurance,2021-02-11
523,Sara Hamdan,Male,29.0,Ramallah,AB-,Government,2025-12-24
524,Maya Mansour,Male,54.0,Qalqilya,A-,National Insurance,2024-05-01
525,Salma Najjar,Male,26.0,Jericho,B+,,2025-12-28
526,Noor Mansour,Male,5.0,Ramallah,AB-,Government,2022-01-25
527,Noor Yasin,Female,8.0,Jenin,AB+,Government,2021-07-16
528,Omar Barakat,Female,44.0,Gaza,A+,National Insurance,2021-01-08
529,Noor Khalil,Female,48.0,Salfit,O-,Government,2021-07-18
530,Ahmed Othman,Male,24.0,Jenin,A-,Self-Pay,2025-09-25
531,Mohammad Jaber,Female,56.0,Bethlehem,O-,National Insurance,2021-07-06
532,Dana Barakat,Male,8.0,Tulkarm,O+,National Insurance,2022-01-18
533,,Female,41.0,Bethlehem,O-,National Insurance,2022-04-09
534,Adam Hamad,Male,17.0,Gaza,A-,Private,2024-09-30
535,Lina Yasin,Female,29.0,Salfit,B-,Corporate,2021-05-05
536,Maya Taha,,43.0,Qalqilya,O-,Corporate,2025-12-11
537,Mahmoud Najjar,Female,24.0,Ramallah,O+,Private,2023-10-26
538,Leen Taha,Male,34.0,Ramallah,O-,Government,2021-12-09
539,Hassan Othman,Male,64.0,Nablus,O+,Private,2024-10-31
540,Noor Othman,Male,30.0,Salfit,AB+,National Insurance,2025-01-29
541,Yousef Khalil,Female,60.0,Qalqilya,O+,Corporate,2022-10-30
542,Adam Taha,Female,19.0,Nablus,O+,Private,2023-04-29
543,Ali Saleh,Male,54.0,Ramallah,A-,National Insurance,2025-11-12
544,Dana Qasem,Female,73.0,Jenin,O+,Self-Pay,2024-03-17
545,Salma Najjar,Male,0.0,Gaza,AB+,Self-Pay,2021-10-22
546,Salma Khatib,Female,26.0,Nablus,O+,National Insurance,2024-11-15
547,Mahmoud Hassan,Female,55.0,Jenin,AB-,Private,2022-11-23
548,Ibrahim Jaber,Female,38.0,Bethlehem,A-,Government,2021-10-03
549,Ibrahim Shami,Female,50.0,Jenin,O+,Corporate,2024-08-15
550,Yousef Othman,Female,30.0,Hebron,O+,Self-Pay,2025-04-05
551,Hala Qasem,Male,44.0,Qalqilya,B+,Private,2022-09-30
552,Hala Barakat,Male,39.0,Qalqilya,A+,Government,2022-01-30
553,Hassan Hassan,Male,67.0,Nablus,O-,Private,2023-01-09
554,Hassan Hamdan,Female,48.0,Bethlehem,O+,Private,2024-10-27
555,Ahmed AbuAli,Female,50.0,Bethlehem,O-,Government,2025-11-18
556,Rania Hamad,Female,34.0,Tulkarm,B+,National Insurance,2025-03-14
557,Yousef Jaber,Male,32.0,Jericho,A+,Government,2025-10-15
558,Leen Othman,Male,33.0,Hebron,B-,National Insurance,2024-08-27
559,Noor Taha,Male,51.0,Nablus,O-,Government,2024-08-18
560,Khaled Khatib,Male,34.0,Hebron,AB+,Corporate,2025-07-07
561,Ibrahim Hamdan,Female,49.0,Jericho,AB-,Self-Pay,2022-06-01
562,Hassan Shami,Female,86.0,Qalqilya,O+,Corporate,2021-07-29
563,Ahmed Taha,Female,61.0,Qalqilya,AB+,National Insurance,2024-11-02
564,Mohammad Najjar,Male,36.0,Tulkarm,AB+,National Insurance,2025-10-31
565,Adam Hamdan,Female,68.0,Hebron,B+,Corporate,2025-04-17
566,Mahmoud Hassan,Female,34.0,Tulkarm,B+,Private,2024-09-04
567,Rania Jaber,Female,0.0,Jericho,O+,Self-Pay,2025-02-17
568,Omar Hamad,Male,21.0,Tulkarm,B-,Corporate,2024-07-31
569,Rania Qasem,Female,3.0,Gaza,B+,National Insurance,2021-07-19
570,Rania Saleh,Female,35.0,Qalqilya,B+,National Insurance,2024-09-02
571,Yousef AbuAli,Female,43.0,Hebron,AB+,Self-Pay,2025-06-03
572,Sara Qasem,Female,78.0,Salfit,AB+,Self-Pay,2025-10-10
573,Mohammad Najjar,Male,49.0,Salfit,A-,Self-Pay,2025-12-27
574,Hassan Taha,Male,38.0,Jericho,AB+,Self-Pay,2021-04-21
575,Ali Saleh,Male,60.0,Tulkarm,O+,Corporate,2023-07-27
576,Ali Darwish,Male,0.0,Ramallah,O-,National Insurance,2024-07-16
577,Khaled Darwish,Male,47.0,Nablus,O-,National Insurance,2022-03-05
578,Khaled Hamad,Male,59.0,Bethlehem,A-,Government,2024-06-12
579,Noor Suleiman,Female,11.0,Jericho,O-,Self-Pay,2021-01-10
580,Omar Yasin,Male,67.0,Tulkarm,A+,National Insurance,2025-03-31
581,Hala Othman,Male,,Nablus,B-,Government,2024-11-21
582,Lina Jaber,Male,34.0,Ramallah,O+,Corporate,2024-04-20
583,Ibrahim Mansour,Male,56.0,Nablus,AB+,National Insurance,2023-07-23
584,Hala Khatib,Female,90.0,Jericho,B+,National Insurance,2023-10-01
585,Lina Othman,Male,46.0,Jericho,A+,Government,2022-04-05
586,Ali Othman,Male,48.0,Salfit,B+,Private,2023-01-21
587,Omar Barakat,Female,33.0,Qalqilya,A+,Corporate,2021-04-09
588,Mohammad Awwad,Male,25.0,Ramallah,O+,Self-Pay,2023-02-18
589,Mohammad Yasin,Female,60.0,Bethlehem,B+,Government,2024-11-24
590,Ahmed Jaber,Female,25.0,Ramallah,AB+,Corporate,2024-05-25
591,Ali Suleiman,Male,44.0,Qalqilya,A-,National Insurance,2021-08-22
592,Mohammad Najjar,Male,32.0,Salfit,B-,National Insurance,2025-08-30
593,Hala Othman,Female,53.0,Jericho,AB+,Government,2021-03-22
594,Dana Najjar,Male,50.0,Bethlehem,AB-,Government,2021-01-06
595,Ahmed Khalil,Male,64.0,Salfit,O-,Government,2021-07-04
596,Hala Khalil,Male,32.0,Jenin,B-,Self-Pay,2022-08-30
597,Adam Shami,Male,37.0,Ramallah,B+,Private,2025-10-12
598,Ibrahim Qasem,Female,22.0,Jericho,A-,Private,2025-10-10
599,Omar Awwad,Male,33.0,Gaza,AB-,National Insurance,2023-06-16
600,Salma Hamdan,Male,50.0,Tulkarm,AB-,Government,2021-08-22
601,Maya Barakat,Female,58.0,Jenin,O+,Self-Pay,2025-06-27
602,Noor Mansour,Male,23.0,Gaza,A+,Government,2021-08-01
603,Noor Hamad,Female,61.0,Salfit,O-,Government,2024-06-05
604,Maya Qasem,Male,71.0,Gaza,O-,Self-Pay,2021-08-20
605,Noor Shami,Male,51.0,Ramallah,AB+,National Insurance,2021-01-26
606,Hala Hamad,Male,82.0,Tulkarm,A-,Self-Pay,2024-09-17
607,Mahmoud Najjar,Female,26.0,Jericho,B+,Corporate,2024-06-09
608,Omar Awwad,Male,16.0,Qalqilya,O-,Self-Pay,2025-11-16
609,Khaled Khalil,Female,5.0,Tulkarm,B-,National Insurance,2022-07-24
610,Omar Taha,Male,74.0,Qalqilya,O+,Self-Pay,2025-08-01
611,Mahmoud Khalil,Female,56.0,Bethlehem,O-,Private,2025-10-21
612,Rania Shami,Female,41.0,Ramallah,O-,Private,2021-07-30
613,Maya Suleiman,Male,48.0,Qalqilya,A+,Private,2025-06-10
614,Salma Khatib,Female,19.0,Qalqilya,B-,Self-Pay,2022-11-30
615,Lina Hassan,Male,94.0,Bethlehem,AB-,Corporate,2025-04-21
616,Salma Khatib,Female,45.0,Tulkarm,O-,Private,2021-07-19
617,Mahmoud Awwad,Female,45.0,Tulkarm,AB+,Corporate,2023-12-06
618,Lina Nasser,Male,58.0,Gaza,O-,Government,2025-08-11
619,Noor Nasser,Female,53.0,Salfit,B-,Government,2021-09-05
620,Maya Othman,Female,47.0,Hebron,AB-,Private,2025-03-31
621,Noor Hassan,Male,26.0,Bethlehem,O-,Corporate,2023-10-30
622,Ali Najjar,Male,52.0,Qalqilya,A+,Corporate,2023-06-06
623,Leen Najjar,Male,82.0,Salfit,B+,Government,2021-08-01
624,Maya Khatib,Female,71.0,Qalqilya,O+,Self-Pay,2024-06-01
625,Mahmoud Hamdan,Female,76.0,Tulkarm,AB+,Self-Pay,2025-07-07
626,Ali Saleh,Female,32.0,Salfit,AB+,Corporate,2025-10-29
627,Sara Yasin,Male,22.0,Hebron,B-,Corporate,2025-01-03
628,Ibrahim Qasem,Male,40.0,Gaza,AB-,Private,2025-04-08
629,Lina Yasin,Female,44.0,Salfit,O+,Corporate,2022-08-09
630,Noor Awwad,Male,65.0,Nablus,O+,Government,2021-04-19
631,Omar Othman,Female,7.0,Gaza,AB+,National Insurance,2021-10-27
632,Omar Jaber,Male,75.0,Qalqilya,A+,National Insurance,2025-07-26
633,Aya Nasser,Male,39.0,Qalqilya,O+,Government,2023-11-13
634,Ibrahim Hassan,Female,34.0,Jericho,O+,National Insurance,2024-02-05
635,Omar Awwad,Female,21.0,Hebron,O-,Government,2024-07-21
636,Lina Hamad,Male,8.0,Hebron,AB+,Self-Pay,2021-12-30
637,Yousef Mansour,Male,60.0,Qalqilya,A-,Self-Pay,2021-03-25
638,Noor Hamdan,Female,44.0,Gaza,B+,Corporate,2025-09-29
639,Adam Awwad,Female,15.0,Bethlehem,B+,Private,2021-11-11
640,Sara Khatib,Male,15.0,Salfit,AB+,Self-Pay,2025-06-06
641,,Female,35.0,Ramallah,AB-,Corporate,2022-03-27
642,Khaled Taha,Male,78.0,Qalqilya,B+,Self-Pay,2024-01-18
643,Dana Barakat,Male,37.0,Tulkarm,B-,Government,2024-09-20
644,Sara Darwish,Female,11.0,Jenin,B-,,2023-12-23
645,Rania Yasin,Male,37.0,Ramallah,AB-,Self-Pay,2022-05-08
646,Salma Khatib,Male,37.0,Nablus,AB-,Self-Pay,2025-06-19
647,Mohammad Barakat,Female,0.0,Qalqilya,AB+,Private,2023-11-25
648,Lina Taha,Female,41.0,Bethlehem,A+,National Insurance,2024-08-27
649,Hassan Darwish,Male,38.0,Ramallah,B+,Corporate,2023-12-29
650,Ahmed Khalil,Male,57.0,Hebron,O+,Private,2022-02-26
651,Dana Suleiman,Male,81.0,Gaza,A+,Self-Pay,2025-01-08
652,Sara Hassan,Male,66.0,Ramallah,A+,Government,2025-06-15
653,Adam Yasin,Male,37.0,Salfit,B-,National Insurance,2023-04-15
654,Maya Shami,Female,19.0,Jericho,AB-,Private,2023-03-09
655,Mohammad Yasin,Male,95.0,Salfit,A-,Corporate,2021-04-04
656,Yousef Qasem,Male,44.0,Jenin,AB+,Corporate,2021-06-27
657,Ibrahim Shami,Female,43.0,Jericho,A+,Self-Pay,2021-11-17
658,Dana AbuAli,Male,42.0,Jericho,AB+,Government,2022-09-03
659,Lina Awwad,Male,47.0,Ramallah,A+,Private,2024-03-18
660,Salma Barakat,Male,39.0,Jenin,B-,National Insurance,2022-03-10
661,Noor Taha,Male,30.0,Gaza,B+,Government,2024-06-17
662,Adam Othman,Male,31.0,Gaza,A+,Corporate,2023-08-03
663,Dana Khalil,Female,42.0,Ramallah,AB+,Private,2022-02-09
664,Leen Najjar,Female,31.0,Tulkarm,B+,Government,2021-07-24
665,Ibrahim Khatib,Male,28.0,Hebron,AB-,Self-Pay,2023-07-12
666,Sara Khatib,Female,45.0,Salfit,B+,Corporate,2024-03-06
667,Lina Darwish,Female,37.0,Gaza,A+,National Insurance,2022-05-20
668,Mahmoud Suleiman,Female,74.0,Tulkarm,B+,National Insurance,2025-12-03
669,Rania Shami,Female,0.0,Tulkarm,AB+,Self-Pay,2024-02-04
670,Mohammad Mansour,Male,65.0,Jenin,B+,Corporate,2022-02-07
671,Adam Khalil,Male,69.0,Nablus,A+,Corporate,2024-03-31
672,Maya Hamad,Male,0.0,Nablus,AB+,Corporate,2024-01-11
673,Rania Saleh,Female,35.0,Jericho,B-,Corporate,2025-02-10
674,Ibrahim Saleh,Female,35.0,Qalqilya,A-,Self-Pay,2023-01-16
675,Hala Awwad,Male,13.0,Salfit,B+,Corporate,2021-10-15
676,Aya Mansour,Male,,Salfit,B+,Self-Pay,2023-01-05
677,Omar AbuAli,Female,19.0,Hebron,A-,National Insurance,2023-01-27
678,Mahmoud Hassan,Male,79.0,Qalqilya,AB-,Self-Pay,2023-08-20
679,Aya Hassan,Male,62.0,Tulkarm,A-,Corporate,2024-07-21
680,Adam Hamdan,Male,69.0,Jericho,O+,National Insurance,2024-04-18
681,Yousef Taha,Female,58.0,Jericho,B-,Corporate,2023-04-12
682,Lina Qasem,Female,19.0,Bethlehem,A+,Corporate,2025-12-12
683,Ali Shami,Male,31.0,Hebron,A-,Corporate,2024-08-10
684,Adam Othman,Male,53.0,Gaza,B+,National Insurance,2024-05-17
685,Mohammad AbuAli,Female,17.0,Tulkarm,A-,Self-Pay,2024-10-14
686,Rania Najjar,Male,57.0,Salfit,B+,Self-Pay,2021-02-15
687,Mahmoud Hassan,Male,37.0,Salfit,B+,Government,2024-07-13
688,Hala Hassan,Male,35.0,Nablus,B+,National Insurance,2022-01-04
689,Hala Barakat,Male,57.0,Jenin,A-,Government,2023-07-09
690,Salma Najjar,Female,52.0,Gaza,B-,Self-Pay,2024-05-15
691,Ali Hamad,Male,35.0,Salfit,AB+,Government,2025-01-23
692,Sara Shami,Male,67.0,Hebron,O+,Self-Pay,2021-09-28
693,Mohammad Awwad,Male,20.0,Qalqilya,O+,Government,2024-05-25
694,Mohammad Mansour,Female,55.0,Salfit,A+,Corporate,2023-10-28
695,Mohammad Khalil,Female,55.0,Gaza,A+,Self-Pay,2023-12-06
696,Noor Qasem,Male,36.0,Qalqilya,O+,Government,2025-07-02
697,Rania Barakat,Female,49.0,Salfit,A-,Self-Pay,2021-10-02
698,Adam Najjar,Male,16.0,Ramallah,AB+,Corporate,2025-12-01
699,Dana Suleiman,Female,62.0,Hebron,A+,Private,2024-03-29
700,Hala Nasser,Male,39.0,Jericho,B-,National Insurance,2023-04-18
701,Lina Nasser,Male,32.0,Jericho,AB+,National Insurance,2025-10-17
702,Dana Suleiman,Female,65.0,Salfit,AB+,Self-Pay,2025-03-27
703,Hassan Suleiman,Female,28.0,Gaza,AB-,Corporate,2024-02-11
704,Rania Hamdan,Female,13.0,Salfit,AB-,Self-Pay,2025-02-15
705,Ali Nasser,Male,10.0,Bethlehem,B+,Private,2022-03-16
706,Hala Barakat,Female,55.0,Qalqilya,A+,Government,2023-03-08
707,Ahmed Khalil,Male,16.0,Bethlehem,O+,Private,2021-05-12
708,Adam AbuAli,Female,79.0,Ramallah,A+,Self-Pay,2023-04-01
709,Salma Taha,Female,0.0,Salfit,A+,Government,2024-08-04
710,Rania Shami,Male,78.0,Hebron,AB+,Government,2021-03-10
711,Salma Taha,Male,47.0,Salfit,B+,Private,2023-01-07
712,Mahmoud Awwad,Male,40.0,Ramallah,AB+,Self-Pay,2022-12-25
713,Maya Barakat,Male,31.0,Qalqilya,A+,Private,2021-07-04
714,Dana Jaber,Female,51.0,Tulkarm,AB+,Government,2024-05-26
715,Hassan Shami,Female,42.0,Salfit,A+,National Insurance,2021-12-25
716,Noor Taha,Male,66.0,Qalqilya,A-,Corporate,2022-08-26
717,Sara Nasser,Female,45.0,Qalqilya,AB+,Self-Pay,2023-02-12
718,Leen Najjar,Male,46.0,Tulkarm,O-,Self-Pay,2024-04-16
719,Ahmed Najjar,Male,35.0,Jenin,A-,Self-Pay,2024-07-21
720,Mahmoud AbuAli,Female,41.0,Jericho,AB-,Corporate,2024-01-03
721,Ahmed Hamdan,Male,49.0,Jenin,A-,Self-Pay,2024-10-11
722,Sara Khalil,Male,7.0,Bethlehem,AB-,National Insurance,2022-03-24
723,Leen Hamdan,Male,14.0,Hebron,O-,Government,2022-04-26
724,Mahmoud Hamdan,Male,58.0,Hebron,B-,Government,2025-09-09
725,Salma Qasem,Male,46.0,Ramallah,A-,Private,2024-10-16
726,Rania Khatib,Male,39.0,,A+,Self-Pay,2023-01-31
727,Salma Darwish,Female,43.0,Salfit,AB+,Self-Pay,2022-01-10
728,Hala Hamdan,Female,50.0,Hebron,B+,Private,2023-12-13
729,Noor Najjar,Male,31.0,Qalqilya,AB-,Self-Pay,2025-10-29
730,Khaled Shami,Male,26.0,Qalqilya,O-,National Insurance,2024-11-12
731,Ahmed Awwad,Male,47.0,Jericho,A-,National Insurance,2023-01-11
732,Salma Hamdan,Male,22.0,Qalqilya,AB+,Government,2022-07-06
733,Rania Khatib,Female,51.0,Tulkarm,B+,Self-Pay,2023-05-19
734,Hassan Suleiman,Female,7.0,Tulkarm,O+,National Insurance,2023-07-13
735,Khaled Hamad,Male,64.0,Salfit,B-,Private,2025-01-16
736,Adam AbuAli,Female,52.0,Jericho,B-,Government,2025-06-27
737,Ali Najjar,Male,48.0,Gaza,O+,Self-Pay,2021-10-03
738,Hala Yasin,Female,63.0,Bethlehem,AB+,National Insurance,2024-02-26
739,Leen Hassan,Female,77.0,Ramallah,B+,Private,2022-03-18
740,Adam Najjar,Male,64.0,Bethlehem,AB-,National Insurance,2023-01-10
741,Lina Yasin,Female,4.0,Tulkarm,A+,Self-Pay,2021-09-06
742,Lina Khatib,Male,16.0,Salfit,B+,National Insurance,2022-12-29
743,Sara Taha,Female,29.0,Bethlehem,A-,Self-Pay,2024-06-10
744,Ibrahim Shami,Male,43.0,Gaza,AB-,Self-Pay,2024-07-16
745,Salma Hamad,Female,53.0,Ramallah,A-,Government,2022-12-05
746,Mahmoud Darwish,Female,27.0,Jenin,AB+,Corporate,2024-08-13
747,Maya Hamdan,Female,46.0,Tulkarm,O-,Self-Pay,2021-12-09
748,Khaled Awwad,Male,27.0,Hebron,AB+,Private,2022-03-08
749,Khaled Barakat,Male,30.0,Ramallah,A-,Self-Pay,2024-01-29
750,Omar Awwad,Female,13.0,Qalqilya,A-,Private,2022-06-22
751,Salma Saleh,Male,23.0,Jericho,AB+,Government,2022-05-22
752,Ibrahim Shami,Male,14.0,Gaza,B+,Private,2021-03-13
753,Lina Darwish,Female,22.0,Bethlehem,AB+,Corporate,2023-07-01
754,Ali Yasin,Male,65.0,Salfit,O-,Corporate,2023-06-10
755,Hala Yasin,Female,23.0,Tulkarm,O-,Corporate,2022-04-11
756,Yousef Shami,Female,95.0,Tulkarm,O+,National Insurance,2021-11-15
757,Ibrahim Awwad,Male,53.0,Qalqilya,B+,National Insurance,2022-08-11
758,Rania Yasin,Male,46.0,Bethlehem,O-,National Insurance,2021-01-19
759,Noor Jaber,Male,24.0,Nablus,AB-,Government,2023-04-24
760,Dana Suleiman,Female,57.0,Hebron,B+,Self-Pay,2025-08-24
761,Maya AbuAli,Female,30.0,Ramallah,O+,Government,2023-11-25
762,Salma Hamdan,Female,45.0,Qalqilya,AB+,Self-Pay,2022-01-21
763,Yousef Mansour,Male,95.0,Jenin,A-,Self-Pay,2024-06-19
764,Aya Hamdan,Female,40.0,Hebron,AB-,Private,2021-11-08
765,Omar Yasin,Male,67.0,Gaza,A-,National Insurance,2022-07-06
766,Ali Shami,Male,28.0,Hebron,A-,Government,2021-01-31
767,Rania Othman,male,42.0,Jericho,AB+,Self-Pay,2023-01-31
768,Aya Hassan,Female,80.0,Ramallah,B+,,2022-06-30
769,Maya Khalil,Female,29.0,Gaza,B-,National Insurance,2025-08-01
770,Maya Awwad,Male,81.0,Hebron,O+,Self-Pay,2022-05-22
771,Omar Othman,Female,57.0,Ramallah,B-,Self-Pay,2023-03-08
772,Ibrahim Darwish,Male,31.0,Nablus,A-,National Insurance,2023-09-13
773,Ibrahim Othman,Female,56.0,Nablus,B-,Private,2022-04-29
774,Noor Darwish,Male,63.0,Gaza,AB+,Corporate,2021-09-03
775,Maya AbuAli,Male,56.0,Nablus,O-,Corporate,2021-11-14
776,Lina Khalil,Male,10.0,Gaza,O-,Private,2024-11-05
777,Salma Darwish,Male,27.0,Nablus,AB-,,2024-12-07
778,Dana Nasser,Male,37.0,Bethlehem,B-,National Insurance,2024-02-18
779,Lina Shami,Male,41.0,Nablus,O+,National Insurance,2025-01-23
780,Ali Hamdan,Male,56.0,Bethlehem,O-,Corporate,2022-08-27
781,Dana Najjar,Male,46.0,Salfit,B+,Corporate,2022-12-14
782,Sara Shami,Female,14.0,Salfit,B+,Private,2023-12-24
783,Ali Shami,Female,50.0,Jenin,AB-,Self-Pay,2021-01-02
784,Hala Barakat,Male,55.0,Nablus,AB-,Corporate,2022-05-05
785,Sara Khalil,Female,54.0,Hebron,O-,Corporate,2021-11-12
786,Salma Jaber,Female,65.0,Jericho,AB-,Private,2021-07-17
787,Hala Khalil,Male,60.0,Gaza,B+,Private,2022-02-18
788,Mohammad Najjar,Male,52.0,Ramallah,A+,,2024-08-07
789,,Female,41.0,Nablus,AB-,Government,2024-05-25
790,Yousef Awwad,Male,8.0,Bethlehem,A-,Self-Pay,2025-06-29
791,Omar Qasem,Female,52.0,Tulkarm,A+,Corporate,2022-06-29
792,Hala Hassan,Male,47.0,Jenin,A-,Government,2023-11-30
793,Mohammad Nasser,Male,48.0,Qalqilya,O+,Government,2022-01-31
794,Hala AbuAli,Male,16.0,Qalqilya,O+,Private,2025-04-19
795,Leen Qasem,Female,20.0,Jericho,A-,Government,2025-06-11
796,Khaled Yasin,Female,65.0,Qalqilya,AB-,Government,2023-12-30
797,Salma Shami,Female,42.0,Tulkarm,AB-,National Insurance,2023-04-25
798,Noor Darwish,Male,57.0,Salfit,B-,Self-Pay,2025-04-18
799,Dana Hamdan,Female,43.0,Bethlehem,O-,Self-Pay,2021-01-01
800,Omar Jaber,Male,43.0,Qalqilya,B+,National Insurance,2021-01-14
801,Ibrahim AbuAli,Male,62.0,Tulkarm,A+,National Insurance,2024-02-08
802,Hala Yasin,Male,32.0,Ramallah,A+,Self-Pay,2022-12-30
803,Ali Saleh,Female,45.0,Tulkarm,B-,Government,2022-06-09
804,Ibrahim Khalil,Female,33.0,Salfit,B-,Private,2025-01-21
805,Sara Najjar,Male,33.0,Bethlehem,A-,Corporate,2024-08-08
806,Ibrahim Hassan,Female,36.0,Ramallah,A+,National Insurance,2022-12-14
807,Noor Suleiman,Male,47.0,Hebron,A+,Self-Pay,2021-04-21
808,Ibrahim Taha,Male,32.0,Tulkarm,B+,National Insurance,2023-10-26
809,Mahmoud Saleh,Male,69.0,Jericho,O-,Corporate,2024-03-24
810,Hala Khalil,Male,24.0,Jericho,AB+,Self-Pay,2021-10-31
811,Ali Darwish,Male,39.0,Bethlehem,A+,Corporate,2023-03-29
812,Adam Khalil,Female,33.0,Qalqilya,O+,Government,2025-04-10
813,Ali Najjar,Male,73.0,Bethlehem,O+,Corporate,2022-02-06
814,Dana Khatib,Male,47.0,Hebron,A-,National Insurance,2025-05-10
815,Noor Darwish,Male,64.0,Ramallah,O+,Self-Pay,2023-01-19
816,Lina Othman,Female,11.0,Tulkarm,A+,National Insurance,2021-12-13
817,Lina Khatib,Female,48.0,Salfit,B+,Self-Pay,2021-04-02
818,Mahmoud Othman,Female,61.0,Gaza,A-,Private,2025-02-23
819,Omar AbuAli,Male,44.0,Jenin,A+,National Insurance,2024-11-21
820,Mohammad Jaber,Female,65.0,Bethlehem,A+,National Insurance,2022-03-05
821,Dana Othman,Male,32.0,Qalqilya,AB+,Corporate,2023-09-17
822,Salma Saleh,Male,72.0,Jericho,A+,National Insurance,2021-12-15
823,Omar Jaber,Male,91.0,Salfit,AB+,Private,2023-08-11
824,Ahmed Khalil,Female,35.0,Jenin,AB-,Private,2021-02-09
825,Ibrahim Barakat,Male,33.0,Jericho,A-,National Insurance,2023-09-20
826,Salma Yasin,Male,73.0,Gaza,B-,Corporate,2023-07-27
827,Dana Awwad,Male,76.0,Hebron,AB+,National Insurance,2023-10-01
828,Maya Mansour,Male,32.0,Tulkarm,AB-,National Insurance,2024-07-04
829,Ibrahim AbuAli,Female,34.0,Nablus,AB+,Self-Pay,2025-12-29
830,Ahmed Yasin,Female,37.0,Hebron,B+,National Insurance,2023-03-16
831,Ali Khalil,male,14.0,Qalqilya,B-,Self-Pay,2022-05-08
832,Leen Saleh,Female,23.0,Jenin,AB-,Self-Pay,2024-01-16
833,Ali Othman,Male,21.0,Salfit,B-,Government,2022-09-25
834,Hala Saleh,Female,26.0,Gaza,B+,National Insurance,2021-05-19
835,Dana Yasin,Male,42.0,Gaza,AB-,Government,2025-01-29
836,Ahmed Darwish,Female,47.0,Jericho,AB+,Self-Pay,2025-03-08
837,Adam Saleh,Male,75.0,Ramallah,B+,Government,2021-02-23
838,Salma Khatib,Female,22.0,Salfit,B-,Corporate,2022-04-21
839,Mahmoud Awwad,Female,63.0,Ramallah,O-,Government,2023-10-26
840,Salma Najjar,Female,38.0,Gaza,O+,private,2023-08-29
841,Ali Mansour,Male,41.0,Hebron,A+,Self-Pay,2025-04-15
842,Ahmed Hamdan,Female,57.0,Hebron,B-,Government,2021-05-16
843,Khaled Shami,Female,19.0,Tulkarm,O-,Government,2023-05-26
844,Maya Hassan,Female,51.0,Tulkarm,O+,Corporate,2025-03-01
845,Leen Khatib,Male,46.0,,A-,Self-Pay,2023-07-25
846,Omar AbuAli,Female,53.0,Nablus,O+,Corporate,2025-04-17
847,Omar Othman,Female,49.0,Bethlehem,O+,National Insurance,2025-05-04
848,Ibrahim Shami,Male,94.0,Jericho,AB+,Corporate,2021-04-22
849,Hala Saleh,Female,29.0,Bethlehem,A-,Corporate,2021-08-20
850,Khaled Hamad,Male,31.0,Jericho,O+,National Insurance,2023-07-13
851,Ahmed Mansour,Female,29.0,Salfit,B-,Self-Pay,2021-07-04
852,Adam Darwish,Male,31.0,Ramallah,A-,Private,2024-12-17
853,Aya Qasem,Male,29.0,Qalqilya,O+,Corporate,2024-06-07
854,Khaled Barakat,Female,67.0,Nablus,B+,National Insurance,2024-03-04
855,Ali Mansour,Male,72.0,Gaza,A+,Self-Pay,2022-09-23
856,Ibrahim Shami,Female,31.0,Gaza,A-,Government,2022-02-20
857,Ahmed Khatib,Female,25.0,Nablus,O-,Self-Pay,2025-10-18
858,Rania Yasin,Male,52.0,Salfit,O-,Government,2022-03-21
859,Leen Najjar,Female,31.0,Jericho,O-,Private,2024-05-16
860,Salma Awwad,Male,56.0,Qalqilya,AB+,Corporate,2024-07-11
861,Dana Othman,Male,47.0,Gaza,B+,Private,2024-08-30
862,Lina Hassan,Male,11.0,Nablus,AB+,National Insurance,2021-06-29
863,Omar Nasser,Female,75.0,Gaza,B+,National Insurance,2024-06-05
864,Salma Hamad,Male,80.0,Bethlehem,AB-,Private,2021-07-10
865,Ibrahim Darwish,Female,30.0,Jericho,A-,Self-Pay,2025-09-24
866,Dana Khalil,Female,34.0,Bethlehem,B+,Private,2024-11-23
867,Adam Darwish,Female,49.0,Qalqilya,B-,Government,2024-06-07
868,Omar Nasser,Male,50.0,Bethlehem,AB+,Self-Pay,2024-05-31
869,Sara Hamdan,Female,56.0,Gaza,O-,Corporate,2025-02-02
870,Rania Najjar,Male,85.0,Salfit,B-,National Insurance,2022-02-01
871,Ahmed Nasser,Male,39.0,Bethlehem,A-,,2025-06-26
872,Salma Suleiman,Female,26.0,Nablus,AB-,National Insurance,2024-02-22
873,Hassan Awwad,Male,14.0,Jenin,AB+,Private,2022-09-23
874,Ibrahim Taha,Female,27.0,Nablus,A-,National Insurance,2022-12-01
875,Maya Hamad,Male,42.0,Gaza,B-,National Insurance,2025-09-04
876,Sara Najjar,Female,80.0,Nablus,B+,Self-Pay,2021-11-15
877,Aya Yasin,Female,32.0,Bethlehem,O+,Private,2025-09-07
878,Hala Jaber,Female,47.0,Qalqilya,A+,Government,2024-03-28
879,Sara Qasem,Male,42.0,Gaza,AB+,Private,2022-11-26
880,Maya Yasin,Male,67.0,Salfit,O+,Government,2024-05-03
881,Mohammad Jaber,Female,95.0,Nablus,AB+,Self-Pay,2021-06-27
882,Rania AbuAli,Female,31.0,Bethlehem,AB+,Government,2023-12-12
883,Ibrahim Mansour,Male,32.0,Tulkarm,A+,Government,2021-07-09
884,Aya Taha,Male,64.0,Bethlehem,B+,Government,2022-11-28
885,Rania Taha,Female,57.0,Tulkarm,B+,Private,2025-08-11
886,Hala Saleh,Male,81.0,Nablus,O-,Self-Pay,2025-01-01
887,Hala Nasser,Male,55.0,Jenin,A+,Corporate,2025-11-21
888,Yousef Darwish,Female,35.0,Nablus,A-,Corporate,2025-04-19
889,Ibrahim Awwad,Female,55.0,Hebron,AB-,Government,2022-01-30
890,Ibrahim Hamdan,Female,66.0,Bethlehem,A-,National Insurance,2021-11-02
891,Khaled Hamdan,Male,60.0,Nablus,A-,Government,2024-01-17
892,Lina Yasin,Female,53.0,Jenin,B+,National Insurance,2024-03-21
893,Mahmoud Mansour,Male,65.0,Jenin,AB-,Corporate,2023-06-28
894,Omar Saleh,Male,67.0,Bethlehem,A+,Private,2023-02-25
895,Omar Khalil,Female,72.0,Jericho,B+,Corporate,2025-12-31
896,Leen Shami,Female,56.0,Jenin,AB-,Government,2024-12-31
897,Dana Khalil,Female ,39.0,Salfit,B+,Private,2025-07-23
898,Aya Nasser,Female,46.0,Jenin,O-,Self-Pay,2022-04-20
899,Mahmoud Saleh,Female,68.0,Tulkarm,O+,Government,2024-12-03
900,Sara Darwish,Female,25.0,Bethlehem,A+,Private,2023-09-01
901,Mohammad Qasem,Female,50.0,Bethlehem,B+,National Insurance,2025-04-22
902,Lina Khatib,Male,34.0,Qalqilya,A-,Self-Pay,2025-08-02
903,Mohammad Darwish,Male,43.0,Jenin,O-,Self-Pay,2024-04-24
904,Noor AbuAli,Male,69.0,Qalqilya,B+,Self-Pay,2023-02-26
905,Yousef Darwish,Male,47.0,Salfit,O+,Self-Pay,2024-03-07
906,Sara Yasin,Male,43.0,Gaza,A-,Corporate,2025-09-10
907,Rania Nasser,Female,14.0,Tulkarm,A-,Self-Pay,2021-12-27
908,Ibrahim Barakat,Male,58.0,Salfit,A-,Corporate,2025-04-29
909,Maya Darwish,Female,56.0,Nablus,A-,Government,2025-08-01
910,Ali Hamad,Male,88.0,Gaza,B+,Self-Pay,2023-12-25
911,Ibrahim Barakat,Female,36.0,Hebron,B-,National Insurance,2022-09-06
912,Leen Jaber,Female,47.0,Tulkarm,A-,Corporate,2021-01-17
913,Salma Taha,Female,48.0,Gaza,AB+,Private,2023-01-27
914,Dana Hassan,Male,76.0,Qalqilya,AB-,Private,2025-10-30
915,Ibrahim Awwad,Male,40.0,Jericho,O+,National Insurance,2024-12-28
916,Maya Barakat,Female,48.0,Jericho,B-,Government,2023-08-31
917,Ali Othman,Female,55.0,Tulkarm,O+,Government,2022-08-14
918,Ali Saleh,Male,46.0,Ramallah,A+,Government,2025-01-17
919,Rania Suleiman,Male,33.0,Ramallah,B+,Self-Pay,2025-10-28
920,Aya Khatib,Female,47.0,Salfit,B+,Self-Pay,2023-11-10
921,Noor Yasin,Female,65.0,Jericho,AB-,Government,2022-01-16
922,Noor Khatib,Male,21.0,Salfit,O-,Government,2024-12-29
923,Hala Hamdan,Female,45.0,Qalqilya,AB-,Private,2021-03-19
924,Leen Najjar,Female,28.0,Ramallah,O-,Private,2021-10-18
925,Hala Hamdan,Female,68.0,Qalqilya,A-,Corporate,2025-12-28
926,Salma Khalil,Male,11.0,Bethlehem,A-,private,2025-06-23
927,Leen Jaber,Male,31.0,Tulkarm,A+,Self-Pay,2023-07-19
928,Hala Najjar,Female,50.0,Jericho,AB-,National Insurance,2022-08-16
929,Khaled Hassan,Female,75.0,Salfit,AB+,Private,2024-07-12
930,Rania Hamad,Male,41.0,Salfit,A+,National Insurance,2025-07-15
931,Salma Awwad,Female,31.0,Bethlehem,A-,Government,2023-11-02
932,Yousef Hamdan,Female,82.0,Gaza,AB+,National Insurance,2025-10-23
933,Adam Awwad,Male,12.0,Salfit,B+,Corporate,2025-02-22
934,Ali Shami,Female,0.0,Gaza,AB+,Government,2023-09-21
935,Khaled Taha,Male,52.0,Tulkarm,A-,Government,2024-05-04
936,Ali Najjar,Female,32.0,Jericho,B-,Self-Pay,2025-01-26
937,Khaled Othman,Female,21.0,Nablus,AB+,,2021-04-18
938,Khaled Shami,Female,57.0,Bethlehem,AB+,Self-Pay,2025-03-09
939,Dana AbuAli,Female,48.0,Jericho,O-,National Insurance,2021-10-25
940,Hala Suleiman,Male,31.0,Jenin,O-,Self-Pay,2024-10-21
941,Sara Taha,Male,16.0,Ramallah,AB-,Self-Pay,2024-06-04
942,Adam Darwish,Female,61.0,Jenin,A-,National Insurance,2024-09-02
943,Leen Barakat,Female,56.0,Hebron,B-,Corporate,2022-11-23
944,Khaled Darwish,Male,40.0,Nablus,A-,Private,2023-04-23
945,Mohammad Taha,Male,81.0,Bethlehem,AB-,Government,2025-01-25
946,Ibrahim Hamdan,Male,20.0,Nablus,A+,Corporate,2021-07-08
947,Omar Khatib,Male,10.0,Salfit,A-,Private,2021-06-26
948,Salma Saleh,Female,28.0,Salfit,B+,Private,2024-11-25
949,Khaled Hamdan,Female,42.0,Bethlehem,A-,Self-Pay,2022-07-21
950,Noor Darwish,Female,48.0,Gaza,A-,National Insurance,2025-05-11
951,Omar Barakat,Female,37.0,Tulkarm,A+,National Insurance,2025-07-23
952,Adam Mansour,Female,50.0,Ramallah,O-,Government,2024-06-03
953,Maya Mansour,Female,16.0,Ramallah,B+,Corporate,2025-04-24
954,Noor Othman,Male,73.0,Bethlehem,AB+,Private,2021-03-13
955,Yousef Khalil,Female,41.0,Bethlehem,A+,Self-Pay,2021-11-01
956,Ahmed Hassan,Female,66.0,Jenin,B+,National Insurance,2023-03-13
957,Leen Awwad,Female,50.0,Bethlehem,O+,Self-Pay,2025-09-25
958,Yousef Yasin,Male,52.0,Nablus,O+,Self-Pay,2021-09-06
959,,Female,54.0,Tulkarm,AB+,Self-Pay,2021-04-24
960,Yousef Qasem,Female,52.0,Ramallah,O-,National Insurance,2024-08-19
961,Hassan Mansour,Male,56.0,Jericho,B-,National Insurance,2024-11-26
962,Maya Nasser,Female,70.0,Bethlehem,A-,Self-Pay,2025-02-14
963,Hassan Saleh,Male,47.0,Hebron,A+,Corporate,2022-05-04
964,Rania Barakat,Male,57.0,Qalqilya,AB+,Self-Pay,2023-12-30
965,Aya Awwad,Male,41.0,Tulkarm,A+,National Insurance,2025-06-02
966,Omar Barakat,Male,73.0,Hebron,O-,Corporate,2021-11-02
967,Leen AbuAli,Male,28.0,Nablus,B+,Self-Pay,2024-09-01
968,Ahmed Najjar,Male,80.0,Hebron,B+,Private,2021-12-19
969,Omar Jaber,Male,42.0,Bethlehem,B+,Corporate,2021-05-11
970,Mohammad Nasser,Female,12.0,Salfit,B-,Private,2025-07-06
971,Hassan Suleiman,Female,45.0,Jericho,AB-,Private,2024-11-02
972,Leen Yasin,Male,28.0,Tulkarm,B-,Private,2024-04-29
973,Khaled Darwish,Male,60.0,Ramallah,AB+,Government,2025-04-01
974,Noor Mansour,F,29.0,Qalqilya,B+,Self-Pay,2022-05-14
975,Leen Hassan,Male,33.0,Ramallah,O+,Government,2021-02-02
976,Rania Khalil,Male,3.0,Nablus,B+,Private,2024-12-18
977,Leen Jaber,Female,33.0,Bethlehem,B+,Government,2021-10-21
978,Adam Taha,Female,0.0,Jericho,B-,Government,2024-06-04
979,Omar Khatib,Male,9.0,Bethlehem,A-,National Insurance,2022-12-14
980,Noor Awwad,Male,58.0,Hebron,A-,Corporate,2021-07-15
981,Salma Qasem,Male,59.0,Bethlehem,B-,National Insurance,2021-04-19
982,Hassan Nasser,Male,51.0,Bethlehem,O-,Government,2021-11-24
983,Omar Hassan,Female,22.0,Jenin,B-,Self-Pay,2022-05-30
984,Sara Khatib,Female,41.0,Nablus,A-,Private,2024-01-06
985,Khaled Mansour,Male,42.0,Bethlehem,A-,Private,2022-04-27
986,Aya Hamad,Female,18.0,Jericho,B-,National Insurance,2022-04-17
987,Mohammad Darwish,Male,74.0,Ramallah,B-,Self-Pay,2025-11-17
988,Hassan Barakat,Male,61.0,Ramallah,O-,Corporate,2023-09-20
989,Omar Suleiman,Male,38.0,Hebron,O-,Government,2023-03-05
990,Lina Saleh,Female,43.0,Hebron,AB-,National Insurance,2022-02-19
991,Sara Saleh,Male,47.0,Salfit,A+,National Insurance,2021-10-07
992,Mohammad Shami,Female,0.0,Jericho,B+,National Insurance,2022-03-27
993,Ibrahim Khatib,Male,37.0,Salfit,B+,Corporate,2024-02-07
994,Mahmoud Khalil,Female,28.0,Qalqilya,O-,Government,2024-04-26
995,Rania Shami,Female,21.0,Nablus,O+,Government,2022-05-23
996,Sara Suleiman,Male,37.0,Salfit,B+,Corporate,2021-01-11
997,Noor Hassan,Male,80.0,Bethlehem,A+,,2023-12-24
998,Maya Najjar,Male,56.0,Bethlehem,O-,Government,2021-06-20
999,Dana Awwad,Female,31.0,Hebron,B+,National Insurance,2022-08-29
1000,Mahmoud Khalil,Male,55.0,Bethlehem,AB+,Government,2024-12-11
1001,Aya Hamad,Male,72.0,Bethlehem,O-,Government,2025-11-26
1002,Maya Mansour,Female,62.0,Bethlehem,A+,Private,2023-02-28
1003,Sara Taha,Male,44.0,Jenin,O+,National Insurance,2024-11-30
1004,Salma Yasin,Male,29.0,Ramallah,AB-,Private,2023-11-21
1005,Lina Hassan,Male,57.0,Jericho,AB-,Self-Pay,2024-06-21
1006,Omar Qasem,Female,51.0,Gaza,A-,Corporate,2024-12-23
1007,Hassan Saleh,Female,,,A-,Self-Pay,2025-02-19
1008,Leen Othman,Male,56.0,Tulkarm,AB-,National Insurance,2023-10-29
1009,Noor Hamdan,Male,65.0,Ramallah,AB-,National Insurance,2023-07-16
1010,Rania Taha,Male,31.0,Bethlehem,AB+,Self-Pay,2024-06-25
1011,Lina Khalil,Male,70.0,Bethlehem,A-,Private,2023-03-12
1012,Khaled Jaber,Male,47.0,Ramallah,B+,National Insurance,2021-08-18
1013,Ali Najjar,Male,86.0,Hebron,A+,National Insurance,2023-05-04
1014,Dana Saleh,Female,28.0,Tulkarm,O+,Self-Pay,2025-02-19
1015,Ahmed Jaber,Male,79.0,Ramallah,A+,Government,2025-09-06
1016,Hala Darwish,Female,47.0,Salfit,AB-,National Insurance,2023-09-23
1017,Leen Taha,Female,29.0,Bethlehem,AB+,Corporate,2021-09-28
1018,Ibrahim Mansour,Female,32.0,Hebron,O-,National Insurance,2022-08-14
1019,Omar Saleh,Female,36.0,Jenin,O-,Government,2024-06-20
1020,Khaled Yasin,Female,51.0,Gaza,B+,Government,2021-11-27
1021,Mahmoud Nasser,Male,53.0,Tulkarm,B+,Self-Pay,2022-06-18
1022,Lina Mansour,Male,30.0,Qalqilya,A+,National Insurance,2022-12-06
1023,Ali Qasem,,42.0,Qalqilya,B+,Corporate,2022-09-10
1024,Mohammad Awwad,Female,87.0,Bethlehem,B+,Self-Pay,2022-10-18
1025,Ali Awwad,,79.0,Jenin,O-,National Insurance,2025-03-25
1026,Leen Saleh,Female,52.0,Tulkarm,A-,Self-Pay,2021-03-24
1027,Ali Yasin,Male,43.0,Jenin,A+,Self-Pay,2024-06-18
1028,Mahmoud Shami,Female ,45.0,Ramallah,AB-,Private,2024-05-30
1029,Hassan Hamad,Male,55.0,Jenin,B-,Private,2021-06-21
1030,Dana Shami,Male,21.0,Qalqilya,O+,Government,2023-10-02
1031,Sara Khatib,Male,37.0,Tulkarm,O+,Government,2025-01-06
1032,Noor Qasem,Female,7.0,Tulkarm,A+,National Insurance,2022-12-08
1033,Lina Jaber,Female,51.0,Qalqilya,A-,Government,2025-01-30
1034,Aya Suleiman,Female,56.0,Jenin,B+,Self-Pay,2025-02-01
1035,Noor Saleh,Male,32.0,Gaza,B-,National Insurance,2023-08-31
1036,Hala Darwish,Male,76.0,Salfit,O+,Private,2021-01-14
1037,Noor Hamdan,Female,17.0,Gaza,O-,Corporate,2025-03-27
1038,Ali Othman,Male,12.0,Jericho,AB+,Corporate,2023-10-02
1039,Omar Jaber,Female,47.0,Bethlehem,O-,Government,2021-02-24
1040,Ahmed Saleh,Female,64.0,Jenin,O-,Private,2024-09-01
1041,Ibrahim Suleiman,Male,78.0,Bethlehem,B-,Private,2021-09-02
1042,Adam Najjar,Male,33.0,Salfit,AB-,Corporate,2023-09-12
1043,Leen Suleiman,Female,65.0,Bethlehem,A-,National Insurance,2023-11-16
1044,Leen Awwad,Female,42.0,Gaza,A+,Government,2022-10-17
1045,Aya Saleh,Female,39.0,Gaza,A+,National Insurance,2023-01-10
1046,Noor Qasem,Male,61.0,Jenin,AB+,Corporate,2024-08-01
1047,Yousef Taha,Male,56.0,Gaza,A-,Corporate,2025-03-22
1048,Khaled Yasin,Female,9.0,Tulkarm,AB+,National Insurance,2024-11-04
1049,Lina Nasser,Female,74.0,Gaza,A+,Government,2023-11-28
1050,Ibrahim Qasem,Female,71.0,Jericho,AB-,Government,2021-07-29
1051,Hassan Saleh,Male,29.0,Hebron,A-,Self-Pay,2023-08-02
1052,Yousef Nasser,Male,51.0,Nablus,O-,National Insurance,2022-10-01
1053,Lina Saleh,Female,53.0,Salfit,AB-,Government,2024-12-24
1054,Ibrahim Awwad,Male,48.0,Hebron,B+,Government,2024-11-10
1055,Mahmoud Jaber,Male,31.0,Hebron,B+,Private,2023-05-21
1056,Mohammad Khalil,Male,28.0,Bethlehem,O+,Private,2022-02-07
1057,Mohammad Hassan,Male,42.0,Bethlehem,A-,National Insurance,2021-03-30
1058,Yousef Jaber,Male,67.0,Ramallah,A-,Corporate,2022-02-25
1059,Leen Othman,Male,54.0,Tulkarm,A+,Private,2021-10-26
1060,Adam Hamad,Female,35.0,Tulkarm,B+,Corporate,2025-05-19
1061,Salma AbuAli,Male,59.0,Ramallah,A+,,2022-03-21
1062,Hassan Jaber,Male,0.0,Qalqilya,A+,Private,2022-03-15
1063,Hala Najjar,Female,67.0,Salfit,B+,Self-Pay,2024-10-11
1064,Mohammad Mansour,Female,6.0,Jericho,O+,Government,2023-11-20
1065,Mahmoud Suleiman,Male,35.0,Tulkarm,A-,Self-Pay,2021-08-14
1066,Hala Saleh,Female,19.0,Tulkarm,AB+,Corporate,2025-01-18
1067,Omar Khalil,Female,15.0,Bethlehem,A-,Self-Pay,2022-08-04
1068,Aya Khatib,Female,67.0,Bethlehem,B-,Corporate,2023-04-15
1069,Ibrahim Suleiman,Male,33.0,Ramallah,O-,National Insurance,2022-01-03
1070,Ahmed Najjar,Male,50.0,Jericho,O-,Corporate,2024-09-10
1071,Yousef Nasser,Male,42.0,Jericho,O+,Corporate,2021-07-28
1072,Khaled Khalil,Female,53.0,Hebron,AB-,Government,2024-05-03
1073,Maya Nasser,Male,44.0,Jericho,O-,National Insurance,2025-04-16
1074,Leen Hamad,Female,16.0,Jericho,AB-,Self-Pay,2024-09-27
1075,Salma Barakat,Female,63.0,Qalqilya,AB+,Government,2025-04-22
1076,Aya Nasser,Male,32.0,Jenin,O-,Self-Pay,2022-04-18
1077,Ali Awwad,Male,10.0,Nablus,A-,Self-Pay,2024-10-20
1078,Ahmed Mansour,Female,34.0,Salfit,AB-,Government,2022-09-13
1079,Salma Khatib,Male,74.0,Ramallah,O-,Self-Pay,2022-02-18
1080,Ibrahim Najjar,Female,60.0,Qalqilya,AB+,Corporate,2022-12-05
1081,Dana Yasin,Male,35.0,Nablus,O+,Private,2023-02-25
1082,Aya Darwish,Female,35.0,Bethlehem,O-,Private,2021-03-09
1083,Khaled Yasin,Female,36.0,Gaza,O-,Self-Pay,2021-10-03
1084,Ibrahim Barakat,Female,86.0,Ramallah,O-,Corporate,2024-11-04
1085,Dana Hamad,Female,51.0,Bethlehem,B+,Corporate,2021-04-25
1086,Maya Hamdan,Female,52.0,Salfit,O+,Corporate,2024-10-17
1087,Lina Jaber,Female,64.0,Nablus,A+,Corporate,2021-04-03
1088,Ali Qasem,Female,48.0,Salfit,A+,National Insurance,2023-02-19
1089,Mohammad Suleiman,Female,37.0,Tulkarm,O+,National Insurance,2021-04-26
1090,Mahmoud AbuAli,Male,38.0,Jenin,A-,Private,2025-11-15
1091,Ibrahim Nasser,Female,41.0,Gaza,A+,Corporate,2022-10-30
1092,Omar Shami,Female,42.0,Salfit,O+,National Insurance,2021-02-11
1093,Rania Hamad,Male,58.0,Tulkarm,O+,Corporate,2023-03-11
1094,Sara Hamad,Male,44.0,Bethlehem,A-,Government,2022-11-20
1095,Rania Taha,Female,58.0,Gaza,AB+,National Insurance,2023-06-12
1096,Hassan Najjar,Male,41.0,Qalqilya,B-,National Insurance,2022-06-28
1097,Omar Jaber,Female,44.0,Hebron,A-,Corporate,2021-07-14
1098,Leen Darwish,Female,1.0,Ramallah,O-,Self-Pay,2022-03-06
1099,Lina Khalil,Female,62.0,Qalqilya,AB+,Self-Pay,2024-09-20
1100,Dana Darwish,Male,50.0,Jericho,O+,National Insurance,2024-07-03
1101,Hala Shami,Male,63.0,Nablus,B+,Corporate,2023-10-20
1102,Hassan Shami,Female,0.0,Qalqilya,O+,,2025-01-28
1103,Omar Taha,Male,86.0,Tulkarm,O-,Government,2022-05-08
1104,Ali Jaber,Female,40.0,Jericho,AB-,Private,2024-07-22
1105,Hassan Suleiman,Female,66.0,Jenin,B+,National Insurance,2024-11-07
1106,Salma AbuAli,Female,21.0,Hebron,A-,Government,2022-01-29
1107,Ahmed AbuAli,Female,55.0,Bethlehem,O-,Corporate,2023-06-13
1108,Noor Hassan,Male,20.0,Gaza,AB+,Government,2021-03-01
1109,Adam Hamdan,Male,29.0,Nablus,O-,Private,2021-04-24
1110,Yousef Darwish,Female,83.0,Ramallah,O+,National Insurance,2024-10-07
1111,Yousef Barakat,Male,38.0,Hebron,A-,Corporate,2025-02-13
1112,Hala Nasser,Female,-2.0,Bethlehem,A-,Government,2024-05-13
1113,Mohammad Darwish,Female,61.0,Salfit,O+,Government,2023-05-17
1114,Hassan Saleh,Male,53.0,Gaza,B-,National Insurance,2023-06-20
1115,Noor Hamdan,Male,46.0,Bethlehem,AB-,Private,2022-10-11
1116,Dana Suleiman,Female,50.0,Hebron,AB+,Government,2023-01-14
1117,Rania Qasem,Female,93.0,Nablus,A+,Private,2024-11-15
1118,Mahmoud Hamdan,Female,41.0,Jenin,AB-,Private,2024-01-01
1119,Mahmoud Shami,Female,47.0,Nablus,O+,National Insurance,2022-09-09
1120,Yousef AbuAli,Female,65.0,Hebron,B+,Self-Pay,2024-07-17
1121,Sara Suleiman,Male,66.0,Jenin,A-,Self-Pay,2023-08-23
1122,Noor Darwish,,67.0,Ramallah,B+,National Insurance,2023-11-03
1123,Yousef Qasem,Female,56.0,Salfit,AB-,Self-Pay,2024-11-24
1124,Ahmed Hassan,Male,18.0,Bethlehem,B+,Private,2023-04-01
1125,Hassan Jaber,Female,77.0,Salfit,A-,Private,2021-11-20
1126,Mahmoud Taha,Male,18.0,Salfit,O+,National Insurance,2023-07-14
1127,Rania Saleh,Female,49.0,Gaza,AB-,National Insurance,2022-02-11
1128,Yousef Suleiman,Female,27.0,Gaza,O+,Self-Pay,2025-09-06
1129,Leen AbuAli,Male,41.0,Nablus,B-,Private,2023-08-06
1130,Hassan Hamdan,Male,49.0,Nablus,O+,Corporate,2023-05-29
1131,Salma Hamdan,Male,49.0,Ramallah,AB-,Government,2024-03-07
1132,Mohammad Awwad,Female,51.0,Bethlehem,O-,Private,2022-04-05
1133,Hassan Othman,Female,76.0,Jenin,O-,Self-Pay,2021-09-24
1134,Noor Othman,Male,52.0,Jenin,B-,Self-Pay,2022-01-05
1135,Noor Saleh,Female ,37.0,Jenin,AB+,Government,2024-06-19
1136,Aya AbuAli,Female,63.0,Salfit,O-,Private,2021-01-22
1137,Rania Saleh,Female,67.0,Jericho,B-,Self-Pay,2024-12-21
1138,Noor Khatib,Female,17.0,Ramallah,A-,Corporate,2021-05-01
1139,Omar Darwish,Male,55.0,Bethlehem,AB-,Corporate,2024-10-05
1140,Salma Hassan,Male,57.0,Jenin,O+,National Insurance,2023-03-20
1141,Lina Saleh,Male,36.0,Salfit,B+,National Insurance,2021-12-14
1142,Hala Najjar,Female,71.0,Bethlehem,B+,Private,2022-10-12
1143,Hala Suleiman,Male,39.0,Jenin,A-,National Insurance,2021-04-01
1144,Ali Najjar,Female,45.0,Tulkarm,O+,National Insurance,2025-12-01
1145,Adam Khatib,Female,39.0,Qalqilya,AB-,Self-Pay,2021-12-04
1146,Sara Najjar,Male,43.0,Qalqilya,O-,Private,2022-01-22
1147,Ali Hassan,Male,19.0,Gaza,A+,Self-Pay,2022-06-17
1148,Khaled Shami,Female,12.0,Ramallah,O-,,2023-06-24
1149,Lina Yasin,Female,76.0,Bethlehem,O-,Private,2025-09-29
1150,Ali Nasser,Female,25.0,Ramallah,B-,National Insurance,2022-01-05
1151,Khaled Taha,Female,22.0,Salfit,B-,Corporate,2021-01-09
1152,Hala Hamad,Male,0.0,Jericho,A-,Government,2025-04-23
1153,Rania Nasser,Female,29.0,,AB+,Private,2023-03-19
1154,Lina Hamad,Male,15.0,Tulkarm,B+,Private,2021-06-16
1155,Aya Najjar,Female,77.0,Jenin,A+,National Insurance,2021-03-31
1156,Salma Shami,Female,64.0,Salfit,B+,Government,2025-11-03
1157,Omar Jaber,Female,121.0,Nablus,A-,Corporate,2024-05-18
1158,Maya Khalil,Female,90.0,Jenin,B+,Government,2025-04-28
1159,Maya Khalil,Male,63.0,Hebron,B+,Self-Pay,2025-05-16
1160,Maya Jaber,Male,36.0,Ramallah,AB+,Self-Pay,2025-06-29
1161,Noor Jaber,Male,0.0,Tulkarm,A-,National Insurance,2023-11-16
1162,Hassan Najjar,Female,91.0,Jericho,O-,National Insurance,2024-02-28
1163,Salma Suleiman,Male,13.0,Jericho,AB-,Corporate,2022-01-17
1164,Noor Suleiman,Male,8.0,Nablus,AB-,Self-Pay,2024-10-17
1165,Mahmoud Saleh,Female,64.0,Qalqilya,A-,National Insurance,2023-08-17
1166,Noor Khalil,Female,94.0,Jenin,B+,Government,2024-11-02
1167,Ibrahim AbuAli,Female,72.0,Jenin,A+,Corporate,2021-06-06
1168,Omar Taha,Male,54.0,Qalqilya,O+,Self-Pay,2021-07-13
1169,Aya Hamad,Female,55.0,Tulkarm,AB+,Corporate,2021-06-17
1170,Hala Awwad,Male,60.0,Bethlehem,B+,Government,2025-09-23
1171,Maya Hassan,Male,58.0,Jericho,AB+,National Insurance,2024-04-17
1172,Aya Shami,Female,48.0,Tulkarm,B+,Government,2022-01-15
1173,Yousef Khatib,Female,45.0,Ramallah,O+,Corporate,2021-02-06
1174,Ahmed Barakat,Male,41.0,Nablus,B+,Self-Pay,2023-08-01
1175,Maya Khatib,Female,27.0,Jenin,AB-,Self-Pay,2025-07-06
1176,Ibrahim Khalil,Male,37.0,,A+,Government,2021-08-18
1177,Ahmed Othman,Male,7.0,Hebron,O-,Government,2024-08-23
1178,Mahmoud Suleiman,Male,40.0,Ramallah,AB+,Self-Pay,2021-10-31
1179,Rania Suleiman,Male,22.0,Ramallah,B+,Government,2025-02-22
1180,Aya Najjar,Female,19.0,Nablus,O-,Corporate,2022-05-12
1181,Hassan Jaber,Female,46.0,Nablus,AB-,Private,2021-07-30
1182,Noor Suleiman,Female,72.0,Salfit,AB+,Private,2023-09-26
1183,Maya Najjar,,62.0,Hebron,A+,Corporate,2021-02-08
1184,Noor Hamad,Female,10.0,Qalqilya,A-,National Insurance,2024-08-20
1185,Noor Najjar,Male,22.0,Bethlehem,AB-,Self-Pay,2024-11-29
1186,Noor Awwad,Male,62.0,Jenin,B-,Self-Pay,2022-12-06
1187,Aya AbuAli,Male,22.0,Salfit,AB-,Corporate,2025-10-14
1188,Aya Saleh,Female,38.0,Jericho,O+,National Insurance,2025-06-19
1189,Rania Mansour,Male,54.0,Jenin,A-,Self-Pay,2021-09-22
1190,,Male,22.0,Salfit,O-,Private,2025-06-14
1191,Noor Najjar,Female,45.0,Hebron,B-,Corporate,2021-04-07
1192,Ahmed Qasem,Female,14.0,Tulkarm,B+,Government,2025-08-23
1193,Hala Hassan,Male,30.0,Tulkarm,O+,Private,2024-06-18
1194,Mahmoud Nasser,Male,49.0,Bethlehem,AB+,Government ,2025-05-27
1195,Lina Hassan,Female,9.0,Gaza,A-,Private,2023-06-16
1196,Aya Nasser,Male,,Salfit,A-,Corporate,2021-03-27
1197,Hala Nasser,Male,42.0,Ramallah,B-,National Insurance,2021-11-18
1198,Ibrahim Shami,Female,54.0,Ramallah,B+,National Insurance,2022-11-17
1199,Ali Nasser,Male,47.0,Bethlehem,O+,Private,2022-05-18
1200,Rania Darwish,Female,71.0,Qalqilya,B+,Private,2022-06-29
1201,Lina Suleiman,Female,45.0,Hebron,B+,Corporate,2023-05-14
1202,Mahmoud Saleh,Female,33.0,Jericho,O+,Self-Pay,2025-10-12
1203,Hala Qasem,Male,45.0,Bethlehem,B+,Private,2025-01-09
1204,Hala Khalil,Male,54.0,Tulkarm,AB-,Self-Pay,2025-05-01
1205,Khaled Suleiman,Male,44.0,Jericho,A+,Government,2024-03-22
1206,Omar Taha,Female,43.0,Jericho,O+,Corporate,2025-11-25
1207,Ibrahim Darwish,Female,28.0,Nablus,AB+,Corporate,2024-06-04
1208,Ali Barakat,Female,29.0,Hebron,O-,National Insurance,2025-12-23
1209,Maya Othman,Female,13.0,Ramallah,A+,Corporate,2022-11-17
1210,Maya Saleh,Female,79.0,Hebron,A-,Corporate,2024-02-05
1211,Ibrahim Taha,Female,16.0,Gaza,A+,Private,2025-12-29
1212,Dana Hamad,Female,28.0,Hebron,AB+,Self-Pay,2023-11-01
1213,Mohammad Hassan,Female,27.0,Jenin,AB-,Private,2021-04-08
1214,Mohammad Shami,Female,61.0,Salfit,A+,Self-Pay,2022-11-26
1215,Mahmoud Hamad,Male,36.0,Tulkarm,AB+,National Insurance,2024-09-27
1216,Leen Saleh,Female,69.0,Qalqilya,B-,Private,2022-11-03
1217,Hala Hamad,Male,28.0,Tulkarm,O-,Private,2021-10-28
1218,Noor Suleiman,Male,48.0,Ramallah,A+,Self-Pay,2025-12-25
1219,Ali Najjar,Male,25.0,Bethlehem,A-,National Insurance,2024-10-18
1220,Hala Barakat,Female,88.0,Jenin,O-,Self-Pay,2023-06-21
1221,Rania Suleiman,Male,18.0,Gaza,B+,Self-Pay,2024-12-27
1222,Aya Saleh,Male,49.0,Hebron,O-,Self-Pay,2021-03-08
1223,Khaled Yasin,Female,56.0,Ramallah,O+,Private,2021-09-05
1224,Lina Hamad,Female,51.0,Nablus,B+,Private,2023-01-31
1225,Ibrahim Qasem,Female,39.0,Jenin,O-,Private,2025-06-09
1226,Ali Saleh,Female,40.0,Nablus,AB+,National Insurance,2022-03-18
1227,Khaled Najjar,Male,43.0,Ramallah,AB-,Private,2025-11-18
1228,Omar Suleiman,Female,39.0,Salfit,AB+,Corporate,2023-07-16
1229,Sara Barakat,Female,63.0,Salfit,B+,Government,2023-10-31
1230,Aya Shami,Female,89.0,Gaza,AB-,Private,2025-06-27
1231,Salma Khatib,Female,31.0,Jericho,B-,Self-Pay,2022-11-26
1232,Dana Hassan,Female,14.0,Jenin,A-,Government,2024-12-19
1233,Ahmed Hamad,Female,41.0,Qalqilya,A-,Corporate,2021-06-24
1234,Hassan Khatib,Male,95.0,Salfit,B-,Self-Pay,2023-10-27
1235,Ahmed Nasser,Male,26.0,Nablus,AB+,Government,2022-05-18
1236,Leen Shami,Male,77.0,Qalqilya,AB-,Self-Pay,2024-04-21
1237,Omar Najjar,Male,78.0,Tulkarm,O+,Government,2023-04-30
1238,Ahmed Taha,Female,31.0,Jericho,AB+,Private,2021-08-23
1239,Mohammad Yasin,Male,54.0,Jenin,B+,Government,2022-06-08
1240,Yousef Saleh,Female,77.0,Jericho,B+,Private,2024-06-12
1241,Sara Mansour,Male,35.0,Nablus,AB+,Self-Pay,2021-07-22
1242,Sara Saleh,Female,38.0,Tulkarm,AB+,Self-Pay,2025-08-23
1243,Mohammad Hassan,Male,30.0,Hebron,B-,Self-Pay,2023-11-08
1244,Hala Barakat,,21.0,Jenin,A+,National Insurance,2023-08-10
1245,Dana Suleiman,Male,29.0,Bethlehem,A+,Self-Pay,2024-07-21
1246,Mahmoud Awwad,Female,17.0,Qalqilya,A-,Government,2025-04-12
1247,Dana Saleh,Female,43.0,Salfit,O+,Self-Pay,2021-06-21
1248,Hala Othman,Male,26.0,Tulkarm,B+,Government,2024-01-06
1249,Noor Yasin,Female,47.0,Nablus,A+,Self-Pay,2025-08-26
1250,Salma Jaber,Male,10.0,Nablus,A+,Self-Pay,2022-07-14
1251,Salma Hamdan,Female,49.0,Tulkarm,B-,Corporate,2025-09-18
1252,Hala Jaber,Male,60.0,Gaza,A-,National Insurance,2021-07-03
1253,Maya Nasser,Male,1.0,Qalqilya,AB+,Self-Pay,2022-03-08
1254,Salma Taha,Female,50.0,Tulkarm,AB+,Self-Pay,2022-07-14
1255,Mahmoud Darwish,Female,68.0,Hebron,O-,Corporate,2022-11-04
1256,Ahmed Saleh,Male,17.0,Salfit,O-,Private,2021-01-20
1257,Khaled Suleiman,Female,78.0,Jericho,A-,Private,2024-01-09
1258,Ahmed Shami,Male,51.0,Tulkarm,O+,Corporate,2023-01-04
1259,Maya Mansour,Male,28.0,Ramallah,O-,National Insurance,2022-01-31
1260,Aya Awwad,Male,41.0,Nablus,AB+,National Insurance,2022-01-28
1261,Yousef Khatib,Female,54.0,Hebron,B-,Self-Pay,2023-01-14
1262,Omar Hamdan,Female,44.0,Salfit,B-,Private,2022-02-06
1263,Maya Nasser,Female,54.0,Salfit,O-,Government,2024-02-05
1264,Hassan Hamad,Male,23.0,Ramallah,B+,Private,2021-09-18
1265,Adam Hamad,Male,46.0,Qalqilya,AB+,Government,2025-10-03
1266,Ahmed Yasin,Female,13.0,Qalqilya,O-,Private,2023-05-25
1267,Omar Darwish,Female,40.0,Jericho,AB+,Private,2024-10-24
1268,Hala Shami,Female,24.0,Tulkarm,A+,Government,2021-04-07
1269,Adam Suleiman,Female,27.0,Tulkarm,A+,Self-Pay,2022-02-03
1270,Sara Khalil,Male,68.0,Hebron,O+,Private,2022-05-27
1271,Hassan Mansour,Female,65.0,Jenin,A-,Private,2021-02-27
1272,Rania Suleiman,Male,55.0,Salfit,AB-,National Insurance,2022-05-22
1273,Mohammad Najjar,Male,20.0,Tulkarm,A+,National Insurance,2023-12-01
1274,Mahmoud Khalil,Female,36.0,Ramallah,O-,Corporate,2021-09-13
1275,Yousef Hassan,Male,68.0,Jericho,AB-,Private,2025-05-22
1276,Ali Hassan,Female,45.0,Nablus,AB+,Corporate,2024-07-06
1277,Noor Khalil,Male,91.0,Nablus,A+,National Insurance,2025-10-07
1278,Maya Barakat,Male,51.0,Salfit,O+,Government,2025-11-06
1279,Salma Khatib,Male,47.0,Bethlehem,O+,Self-Pay,2025-06-17
1280,Noor Khatib,Male,36.0,Tulkarm,A+,Self-Pay,2023-11-26
1281,Sara Hamad,Male,45.0,Ramallah,A-,Private,2024-05-03
1282,Yousef Hamad,Male,39.0,Salfit,B+,Corporate,2022-06-09
1283,Lina Suleiman,Female,57.0,Salfit,O-,Government,2022-05-13
1284,Ali Hassan,Male,63.0,Gaza,AB+,Corporate,2023-06-12
1285,Hala Qasem,Female,26.0,Salfit,B+,Government,2023-08-20
1286,Ibrahim Khatib,Female,15.0,Jenin,AB-,Private,2023-11-27
1287,Leen Saleh,Male,4.0,Hebron,A+,Self-Pay,2022-12-06
1288,Hassan Othman,Male,53.0,Ramallah,AB-,Government,2024-09-29
1289,Rania Shami,Female,19.0,Salfit,AB-,Corporate,2022-09-06
1290,Noor Darwish,Male,0.0,Ramallah,O-,Private,2023-10-13
1291,Mahmoud Awwad,Male,51.0,Hebron,O-,Corporate,2022-03-13
1292,Mahmoud Najjar,Female,95.0,Jericho,B-,Self-Pay,2022-01-13
1293,Ahmed Qasem,Male,42.0,Ramallah,AB-,Private,2024-02-11
1294,Mohammad Saleh,Female,60.0,Bethlehem,B-,Corporate,2025-04-17
1295,Lina Hassan,Male,44.0,Hebron,B-,National Insurance,2021-12-23
1296,Mahmoud Hamdan,Male,40.0,Tulkarm,B-,Government,2022-02-06
1297,Ahmed Mansour,Female,62.0,Ramallah,A+,Government,2023-02-16
1298,Mohammad Darwish,Male,36.0,Jenin,O-,Government,2023-01-28
1299,Lina Mansour,Female,48.0,Ramallah,A-,Government,2025-12-13
1300,Ali Othman,Male,49.0,Qalqilya,O+,National Insurance,2022-10-14
1301,Salma Suleiman,Male,28.0,Nablus,B-,Corporate,2022-08-26
1302,Ali Darwish,Male,63.0,Nablus,AB+,Government,2025-10-10
1303,Hala Hamad,Female,39.0,Hebron,A-,Self-Pay,2025-06-08
1304,Salma Khalil,Male,27.0,Qalqilya,O+,Corporate,2023-02-06
1305,Rania Taha,Female,54.0,Gaza,AB-,National Insurance,2023-12-13
1306,Rania Najjar,Female,24.0,Jenin,O+,Corporate,2024-08-23
1307,Omar Othman,Male,43.0,Hebron,O-,Government,2023-03-22
1308,Hassan Jaber,Female,42.0,Jericho,B+,National Insurance,2022-06-06
1309,Dana Khalil,Male,65.0,Ramallah,AB+,Self-Pay,2023-11-29
1310,Lina AbuAli,Male,52.0,Bethlehem,AB-,Self-Pay,2023-07-13
1311,Aya Suleiman,Female,42.0,Tulkarm,O-,National Insurance,2022-07-14
1312,Maya Awwad,Male,60.0,Bethlehem,B-,National Insurance,2024-08-14
1313,Yousef Qasem,Male,72.0,Jenin,A-,National Insurance,2022-04-12
1314,Mohammad Nasser,Male,54.0,Tulkarm,A+,Corporate,2022-02-15
1315,Sara Othman, MALE ,43.0,,AB+,National Insurance,2022-01-26
1316,Salma Saleh,Female,15.0,Nablus,AB+,National Insurance,2025-08-12
1317,Lina Barakat,Female,20.0,Salfit,A+,Self-Pay,2024-09-01
1318,Hala Saleh,Female,36.0,Hebron,B-,Government,2023-08-30
1319,Mahmoud Taha,Female,30.0,Bethlehem,AB-,Private,2022-10-04
1320,Hassan Suleiman,Female,39.0,Hebron,O-,Self-Pay,2025-10-13
1321,Dana Awwad,Female,44.0,Gaza,B+,National Insurance,2025-02-20
1322,Ahmed Najjar,Female,54.0,Tulkarm,B-,Self-Pay,2023-05-22
1323,Maya Yasin,Female,41.0,Tulkarm,A+,Corporate,2025-05-28
1324,Omar Saleh,Male,53.0,Tulkarm,O+,Self-Pay,2022-02-23
1325,Maya Khalil,Female,44.0,Hebron,O-,Private,2022-11-05
1326,Leen Shami,Female,1.0,Ramallah,B+,Private,2024-10-14
1327,Dana Mansour,Male,23.0,Salfit,O-,Private,2022-01-18
1328,Hassan Khalil,Female,39.0,Jenin,B-,Government,2022-08-20
1329,Hala Khalil,Female,17.0,Nablus,AB-,Corporate,2021-01-23
1330,Khaled Darwish,Female,55.0,Jericho,B+,Private,2021-09-22
1331,Dana Suleiman,Female,75.0,Ramallah,O+,Government,2021-09-24
1332,Hassan Jaber,Female,68.0,Bethlehem,B+,Corporate,2024-03-23
1333,Ibrahim Hamad,Male,38.0,Qalqilya,O-,National Insurance,2022-02-18
1334,Ahmed Saleh,Female,74.0,Ramallah,O+,Corporate,2025-07-12
1335,Mahmoud Taha,Female,46.0,Salfit,O-,Self-Pay,2023-08-06
1336,Leen Hassan,Male,35.0,Jenin,O-,National Insurance,2024-12-05
1337,Ibrahim Barakat,Male,30.0,Jericho,B-,Government,2024-06-19
1338,Noor Shami,Female,36.0,Gaza,A-,Self-Pay,2024-12-01
1339,Omar AbuAli,Male,34.0,Jenin,AB+,Private,2024-11-30
1340,Hassan Najjar,Female,46.0,Qalqilya,A-,National Insurance,2021-06-06
1341,Mohammad Taha,Female,46.0,Jericho,O-,Government,2022-06-02
1342,Hassan Taha,Male,43.0,Bethlehem,A+,Private,2024-08-01
1343,Aya Barakat,Female,52.0,Jericho,B-,Self-Pay,2021-03-19
1344,Ahmed Hamdan,Male,68.0,Gaza,AB-,Self-Pay,2023-09-20
1345,Aya Khalil,Male,62.0,Qalqilya,B-,Self-Pay,2021-10-15
1346,Rania Hamdan,Male,11.0,Gaza,A+,Corporate,2021-07-25
1347,Khaled Jaber,Male,0.0,Qalqilya,O+,Government,2021-06-08
1348,Ahmed Hamdan,Male,62.0,Bethlehem,AB-,Government,2022-03-20
1349,Omar Yasin,Male,14.0,Bethlehem,A+,Corporate,2024-08-05
1350,Mohammad Barakat,Female,38.0,Bethlehem,A+,Corporate,2021-01-10
1351,Omar Barakat,Male,18.0,,AB-,Government,2022-02-14
1352,Yousef Awwad,Female,5.0,Nablus,A+,National Insurance,2025-08-08
1353,Hassan Khalil,Male,54.0,Ramallah,B+,Government,2021-04-01
1354,Noor Taha,Male,58.0,Tulkarm,AB-,Corporate,2024-07-07
1355,Hassan Khatib,Male,30.0,Qalqilya,O+,Self-Pay,2021-09-05
1356,Mahmoud Othman,Male,0.0,Tulkarm,AB-,Government,2021-01-31
1357,Maya Darwish,Male,31.0,Jericho,B-,Self-Pay,2022-03-27
1358,Yousef Hamdan,Female,51.0,Nablus,A-,Government,2023-04-22
1359,,Female,11.0,Ramallah,B+,National Insurance,2021-07-14
1360,Salma Darwish,Female,46.0,Gaza,AB-,Government,2024-07-25
1361,Sara Najjar,Male,42.0,Tulkarm,A+,Corporate,2024-04-13
1362,Aya Barakat,Male,55.0,Qalqilya,A+,Government,2021-02-13
1363,Salma Nasser,Female,45.0,Hebron,O+,Government,2024-06-23
1364,Yousef Hassan,Male,22.0,Tulkarm,O-,National Insurance,2022-02-18
1365,Ali Barakat,Male,68.0,Nablus,B-,Corporate,2023-06-28
1366,Sara Saleh,Female,39.0,Tulkarm,A+,Corporate,2025-06-10
1367,Noor Jaber,Male,42.0,Hebron,AB-,National Insurance,2022-05-12
1368,Hassan Yasin,Male,23.0,Hebron,B-,Corporate,2025-11-23
1369,Maya Taha,Female,33.0,Gaza,O-,Private,2021-05-13
1370,Rania Khalil,Male,24.0,Nablus,B+,Government,2021-09-15
1371,Yousef Mansour,Male,39.0,Hebron,A-,Self-Pay,2025-01-24
1372,Aya Jaber,Male,78.0,Hebron,B-,Self-Pay,2021-12-28
1373,Salma AbuAli,Female,14.0,Jenin,O-,Government,2022-07-11
1374,Rania Khalil,Female,9.0,Jericho,O+,Government,2023-08-23
1375,Aya Suleiman,Female,73.0,Gaza,O-,Private,2025-04-10
1376,Maya Suleiman,Male,38.0,Jenin,B+,Corporate,2025-01-28
1377,Khaled Hamdan,Female,28.0,Bethlehem,AB+,Self-Pay,2022-08-04
1378,Maya Yasin,Female,64.0,Ramallah,AB-,Government,2025-01-04
1379,Rania Othman,Male,30.0,Hebron,A+,Private,2025-10-31
1380,Hala Qasem,Female,81.0,Jericho,O+,Self-Pay,2025-03-01
1381,Lina Barakat,Female,57.0,Jenin,A-,Self-Pay,2025-12-18
1382,Omar Nasser,Female,32.0,Salfit,B+,Government,2025-04-12
1383,Noor Hamdan,Female,88.0,Qalqilya,O-,National Insurance,2024-11-27
1384,Omar Barakat,Female,30.0,Hebron,B-,Self-Pay,2021-03-12
1385,Lina Awwad,Male,58.0,Jenin,O-,Government,2022-06-05
1386,Mahmoud Khatib,Male,49.0,Nablus,A-,Private,2024-08-12
1387,Maya Barakat,Male,70.0,Qalqilya,B-,Self-Pay,2021-12-06
1388,Noor Hamdan,Female,75.0,Qalqilya,O+,Corporate,2022-09-23
1389,Noor Khalil,Male,43.0,Salfit,AB-,Government,2022-07-05
1390,Hassan Barakat,Female,27.0,Nablus,B+,Self-Pay,2021-01-04
1391,Mohammad Khalil,Female,52.0,Qalqilya,O+,National Insurance,2025-02-10
1392,Noor Mansour,Male,28.0,Tulkarm,B+,Government,2022-02-10
1393,Rania Mansour,Male,85.0,Bethlehem,B-,Government,2022-02-16
1394,Omar Mansour,Male,45.0,Jenin,O+,Self-Pay,2024-07-07
1395,Salma Nasser,Male,35.0,Ramallah,AB+,Private,2023-02-13
1396,Mohammad Hamdan,Male,46.0,Tulkarm,A+,Corporate,2022-04-26
1397,Rania Najjar,Male,14.0,Nablus,A+,National Insurance,2025-03-20
1398,Ahmed Hamad,Male,22.0,Ramallah,B-,Corporate,2025-06-10
1399,Ahmed Barakat,Female,68.0,Bethlehem,O-,National Insurance,2024-05-22
1400,Noor Darwish,Female,29.0,Tulkarm,AB-,Government,2023-01-10
1401,Maya Barakat,Male,21.0,Tulkarm,AB-,Private,2021-01-07
1402,Aya Barakat,Male,54.0,Nablus,A-,Corporate,2022-07-27
1403,Mahmoud Qasem,Female,67.0,Salfit,O-,Corporate,2023-04-27
1404,Hassan Awwad,Female,58.0,Nablus,AB-,Private,2025-07-12
1405,Sara Shami,Male,63.0,Salfit,O-,Self-Pay,2025-02-22
1406,Salma Khalil,Female,27.0,Jericho,O-,Private,2025-02-12
1407,Maya Jaber,Male,13.0,Gaza,A+,Government,2023-10-17
1408,Yousef Jaber,Female,74.0,Gaza,O-,Private,2023-09-15
1409,Dana AbuAli,Male,36.0,Hebron,B+,Private,2021-08-05
1410,Noor Awwad,Male,37.0,Tulkarm,O+,National Insurance,2022-03-28
1411,Adam Najjar,Male,70.0,Gaza,O-,Private,2025-06-18
1412,Sara AbuAli,Male,54.0,Tulkarm,O+,Self-Pay,2024-09-01
1413,Dana Suleiman,Male,52.0,Hebron,AB+,Private,2022-08-19
1414,Yousef Nasser,Male,88.0,Tulkarm,B-,Private,2024-03-19
1415,Lina Saleh,Female,29.0,Jericho,A+,National Insurance,2021-05-07
1416,Leen Yasin,Male,62.0,Jericho,O+,National Insurance,2025-04-29
1417,Lina Saleh,Male,44.0,Ramallah,O+,Private,2024-01-08
1418,Aya Darwish,Male,48.0,Jenin,B-,Self-Pay,2024-10-24
1419,Aya Saleh,Female,75.0,Gaza,A+,Corporate,2022-10-18
1420,Ibrahim Taha,Male,53.0,Jenin,O-,Government,2023-10-11
1421,Ibrahim Barakat,Male,54.0,Tulkarm,B+,Government,2025-10-03
1422,Mahmoud Hassan,Male,65.0,Bethlehem,O+,National Insurance,2025-07-28
1423,Khaled Awwad,Female,35.0,Tulkarm,O+,Self-Pay,2022-12-15
1424,Maya Barakat,Male,25.0,Qalqilya,AB+,National Insurance,2024-11-27
1425,Hassan Yasin,Female,21.0,Ramallah,B+,National Insurance,2025-03-21
1426,Leen Hassan,Female,1.0,Bethlehem,B+,Corporate,2021-10-09
1427,Aya Najjar,Female,86.0,Gaza,B-,Government,2025-07-06
1428,Hassan Awwad,Female,19.0,Salfit,A-,Government,2023-02-11
1429,Noor Mansour,Male,38.0,Ramallah,AB-,Self-Pay,2022-01-03
1430,Omar Nasser,Female,37.0,Salfit,O+,Government,2024-07-08
1431,Maya AbuAli,Male,49.0,Ramallah,B-,Self-Pay,2023-09-28
1432,Ibrahim Khatib,Male,60.0,Jericho,A-,Self-Pay,2025-11-07
1433,Maya Hamdan,Female,61.0,Tulkarm,A+,Private,2021-08-27
1434,Yousef Nasser,Female,30.0,Qalqilya,B-,Private,2024-04-16
1435,Leen Hamad,Female,39.0,Jenin,A-,Corporate,2022-01-06
1436,Maya Najjar,Female,48.0,Jenin,B+,Private,2022-10-29
1437,Yousef Yasin,Male,37.0,Jericho,A+,Self-Pay,2024-02-13
1438,Dana Taha,Female,76.0,Ramallah,A-,Government,2024-09-10
1439,Mohammad Mansour,Male,53.0,Nablus,O-,National Insurance,2021-09-09
1440,Omar Saleh,Male,58.0,Gaza,A-,Corporate,2022-06-10
1441,Omar Khalil,Male,56.0,Qalqilya,AB+,National Insurance,2024-01-20
1442,Khaled Suleiman,Male,67.0,Hebron,AB+,Private,2023-11-30
1443,Ibrahim Yasin,Female,46.0,Gaza,O-,National Insurance,2023-12-07
1444,Lina Khatib,Male,15.0,Ramallah,A+,Government,2021-03-17
1445,Hassan Saleh,Female,51.0,Hebron,B+,Corporate,2024-02-05
1446,Hassan Hamad,Female,29.0,Jenin,B+,Corporate,2023-05-15
1447,Yousef Yasin,Female,31.0,Jenin,O+,Government,2023-03-31
1448,Aya Khalil,Female,55.0,Jericho,B+,Corporate,2022-02-22
1449,Yousef Hamdan,Male,69.0,Tulkarm,B+,Self-Pay,2025-08-10
1450,Ali Darwish,Female,43.0,Jericho,A+,Corporate,2022-05-22
1451,Yousef Hamdan,Male,49.0,Qalqilya,A-,Corporate,2023-04-14
1452,Yousef Darwish,Male,78.0,Tulkarm,AB-,National Insurance,2021-10-27
1453,Mahmoud Hamdan,Male,48.0,Ramallah,O+,Government,2023-02-15
1454,Mohammad Nasser,Male,95.0,Qalqilya,AB+,Corporate,2025-08-10
1455,Rania Nasser,Female,54.0,Salfit,AB+,Corporate,2022-07-10
1456,Salma Nasser,Male,6.0,Gaza,AB-,Self-Pay,2022-01-06
1457,Lina Yasin,Female,58.0,Bethlehem,B+,National Insurance,2021-01-20
1458,Hala Saleh,Male,51.0,Gaza,O+,Corporate,2025-02-15
1459,Adam Hassan,Female,70.0,Hebron,O+,Self-Pay,2022-01-10
1460,Aya Qasem,Female,57.0,Qalqilya,AB+,National Insurance,2023-05-27
1461,Hala AbuAli,Female,40.0,Ramallah,AB+,Self-Pay,2025-04-28
1462,Sara Khalil,Male,17.0,Ramallah,B-,Private,2021-12-05
1463,Leen Hassan,Male,38.0,Jenin,O-,Private,2023-05-19
1464,Hala Saleh,Female,25.0,Bethlehem,A-,Self-Pay,2021-01-29
1465,Salma Othman,Male,30.0,Jericho,AB-,Government,2025-02-22
1466,Hala Khatib,Male,55.0,Salfit,O-,Government,2024-10-13
1467,Hala AbuAli,Male,78.0,Ramallah,AB-,Government,2023-11-19
1468,Lina Hassan,Female,51.0,Bethlehem,O+,Government,2023-02-04
1469,Mohammad Darwish,Male,17.0,Qalqilya,A-,National Insurance,2022-09-05
1470,Rania Jaber,Female,52.0,Hebron,A+,Corporate,2023-03-18
1471,Hassan Jaber,Male,68.0,Bethlehem,O-,Private,2022-12-30
1472,Ahmed Khatib,Female,30.0,Tulkarm,AB+,National Insurance,2021-08-08
1473,Ahmed Qasem,Male,40.0,Jericho,AB-,Private,2021-07-27
1474,Noor Najjar,Male,43.0,Ramallah,B+,Self-Pay,2021-09-11
1475,Rania Awwad,Male,26.0,Jenin,B-,Self-Pay,2023-03-21
1476,Lina Jaber,Female,56.0,Jericho,B+,Corporate,2025-07-21
1477,,Female,40.0,Bethlehem,B+,Government,2022-12-26
1478,Noor Awwad,Female,51.0,Hebron,A-,Government,2022-08-07
1479,Omar Saleh,Female,24.0,Jericho,AB-,Private,2021-11-25
1480,Hassan Najjar,Female,33.0,Ramallah,O+,Self-Pay,2024-02-01
1481,Rania Saleh,Female,58.0,Jericho,O+,Government,2021-08-13
1482,Mohammad Awwad,Male,35.0,Gaza,AB-,Corporate,2021-01-28
1483,Mahmoud Hassan,Female,79.0,Jericho,A+,Self-Pay,2023-09-11
1484,Ibrahim Jaber,Female,34.0,Ramallah,O+,Government,2024-06-18
1485,Ali Taha,Male,47.0,Hebron,AB+,Private,2025-11-05
1486,Adam AbuAli,Female,62.0,Hebron,O-,Private,2024-12-06
1487,Hala Khatib,Male,13.0,Hebron,B+,Government,2021-09-04
1488,Ali Barakat,Male,6.0,Jenin,B-,Government,2023-05-24
1489,Ahmed Khatib,Male,10.0,Ramallah,A+,Self-Pay,2023-04-15
1490,Hala Jaber,Male,69.0,Hebron,AB-,Self-Pay,2023-09-09
1491,Omar Taha,Female,31.0,Nablus,AB+,Private,2022-07-06
1492,Lina Hamdan,M,95.0,Jericho,B-,National Insurance,2021-04-08
1493,Khaled Hassan,Male,31.0,Nablus,AB-,Government,2022-08-08
1494,Rania Hamdan,Male,46.0,Jericho,B+,National Insurance,2023-10-04
1495,Lina Darwish,Female,75.0,Ramallah,A-,Private,2024-10-30
1496,Dana Saleh,Female,85.0,Tulkarm,AB-,Corporate,2023-12-20
1497,Salma Qasem,Male,86.0,Jenin,B-,Corporate,2023-02-26
1498,Yousef Nasser,Male,68.0,Salfit,A-,Private,2024-04-16
1499,Hassan Othman,Female,64.0,Ramallah,A-,Corporate,2024-06-21
1500,Sara Jaber,Female,55.0,Hebron,B+,Private,2021-09-19
1501,Hassan Suleiman,Female,59.0,Qalqilya,AB-,National Insurance,2023-07-08
1502,Mohammad Suleiman,Male,31.0,Bethlehem,O+,Corporate,2023-10-29
1503,Ahmed Mansour,Female,25.0,Gaza,AB+,Private,2024-03-05
1504,Omar Othman,Female,42.0,Bethlehem,A-,Government,2023-06-16
1505,Hala Barakat,Female,39.0,Jericho,AB+,Government,2022-01-12
1506,Ahmed Mansour,Male,33.0,Salfit,A+,Corporate,2023-07-22
1507,Hala Taha,Female,57.0,Jenin,B-,National Insurance,2024-12-21
1508,Adam Yasin,Male,63.0,Gaza,B-,Private,2023-12-29
1509,Mahmoud Jaber,Male,44.0,Gaza,AB+,Government,2022-07-08
1510,Omar AbuAli,Male,74.0,Qalqilya,A-,Private,2024-08-21
1511,Lina Khatib,Female,19.0,Tulkarm,A-,Corporate,2022-06-25
1512,Ali Suleiman,Female,38.0,Tulkarm,A+,Private,2025-08-15
1513,Lina AbuAli,Female,27.0,Gaza,AB+,Private,2024-01-06
1514,Leen Nasser,Female,3.0,Jenin,B-,Self-Pay,2022-03-28
1515,Sara Hamdan,Male,41.0,Salfit,O+,Government,2023-07-03
1516,Mahmoud Suleiman,Female,40.0,Gaza,O-,Private,2023-10-13
1517,Khaled Shami,Male,74.0,Gaza,B-,Corporate,2023-10-02
1518,Khaled Jaber,Male,56.0,Jenin,B+,Government,2025-08-02
1519,Maya Khatib,Male,21.0,Ramallah,B+,Private,2023-05-24
1520,Mahmoud Shami,Female,81.0,Ramallah,B+,Private,2024-05-20
1521,Mohammad Barakat,Female,68.0,Nablus,A-,Private,2025-04-13
1522,Omar Saleh,Male,55.0,Ramallah,AB+,Government,2024-07-08
1523,Salma Awwad,Male,38.0,Ramallah,AB-,Private,2023-99-01
1524,Ali Najjar,Female,22.0,Gaza,AB+,National Insurance,2023-09-08
1525,Ali AbuAli,Male,35.0,Qalqilya,AB+,Corporate,2021-09-10
1526,Ahmed Hassan,,65.0,Qalqilya,AB+,Private,2023-11-14
1527,Noor Saleh,Male,82.0,Hebron,A+,Government,2023-05-25
1528,Maya Saleh,Female,75.0,Jenin,B-,Self-Pay,2024-11-07
1529,Mohammad Najjar,Male,32.0,Ramallah,B-,Private,2022-08-01
1530,Lina Khalil,Female,19.0,Ramallah,AB-,Private,2021-03-30
1531,Salma Saleh,Male,45.0,Jericho,AB-,Corporate,2022-01-07
1532,Noor Saleh,Female,5.0,Salfit,AB+,National Insurance,2025-11-28
1533,Mohammad Hamdan,Female,49.0,Tulkarm,AB+,Private,2025-06-04
1534,Ahmed Saleh,Male,39.0,Tulkarm,B+,Self-Pay,2023-07-04
1535,Rania Khalil,Male,33.0,Salfit,O+,National Insurance,2021-10-24
1536,Yousef Darwish,Male,9.0,Gaza,O+,National Insurance,2022-10-16
1537,Rania Suleiman,Female,53.0,Jericho,AB-,Government,2025-07-01
1538,Mahmoud Barakat,Female,31.0,Qalqilya,O-,Corporate,2023-12-30
1539,Rania Yasin,Male,18.0,Jericho,A-,Corporate,2025-01-04
1540,Noor Taha,Male,0.0,Ramallah,B-,National Insurance,2021-01-06
1541,Hassan Awwad,Female,42.0,Qalqilya,O-,Government,2021-08-14
1542,Omar Qasem,Female,80.0,Gaza,AB+,Self-Pay,2021-10-23
1543,Dana Suleiman,Male,77.0,Hebron,B-,Private,2025-03-10
1544,Ali Nasser,Male,33.0,Jericho,A+,Self-Pay,2023-02-01
1545,Omar Nasser,Male,30.0,Bethlehem,B+,Private,2021-10-28
1546,Lina Saleh,Male,52.0,Hebron,A-,Private,2024-03-11
1547,Noor Saleh,Male,22.0,Bethlehem,B+,Corporate,2024-12-01
1548,Ibrahim Najjar,Female,49.0,Tulkarm,O-,Private,2022-08-11
1549,Mohammad Saleh,Male,59.0,Nablus,B+,Corporate,2021-11-25
1550,Ahmed Barakat,Female,68.0,Bethlehem,AB+,Corporate,2023-10-25
1551,Ibrahim AbuAli,Female,40.0,Gaza,AB+,Private,2023-12-05
1552,Maya Saleh,Male,38.0,Jericho,A+,Government,2023-03-15
1553,Khaled Yasin,Male,24.0,Bethlehem,O-,National Insurance,2024-08-29
1554,Maya Barakat,Male,25.0,Nablus,AB-,Self-Pay,2022-02-03
1555,Adam Nasser,Male,38.0,Ramallah,AB-,Corporate,2025-05-14
1556,Sara Awwad,Male,50.0,Jenin,B+,Corporate,2021-08-07
1557,Yousef Othman,Male,62.0,Jenin,B-,Corporate,2022-02-18
1558,,Female,26.0,Ramallah,A+,Corporate,2025-06-07
1559,Rania Hassan,Male,74.0,Tulkarm,A-,National Insurance,2021-01-18
1560,Lina Jaber,Female,37.0,Qalqilya,B-,National Insurance,2025-03-20
1561,Maya Qasem,Male,42.0,Ramallah,AB-,Self-Pay,2025-02-27
1562,Hala Nasser,Male,27.0,Nablus,O+,Self-Pay,2024-04-15
1563,Omar Jaber,Male,0.0,Gaza,O-,Private,2025-12-18
1564,Yousef AbuAli,Male,61.0,Gaza,B+,Corporate,2023-11-24
1565,Salma Taha,Female,58.0,Bethlehem,B+,National Insurance,2022-08-19
1566,Lina Khatib,Female,37.0,,O+,Government,2022-03-04
1567,Salma Khatib,Male,44.0,Gaza,O-,Private,2025-07-07
1568,Ahmed Saleh,Female,53.0,Qalqilya,A-,Self-Pay,2021-07-12
1569,Aya Darwish,Male,10.0,Jenin,B+,Private,2022-07-28
1570,Leen Qasem,Female,31.0,Ramallah,A-,Government,2024-12-26
1571,Aya Hamdan,Female,59.0,Jenin,O-,Government,2021-09-11
1572,Leen Najjar,Male,16.0,Tulkarm,AB+,Self-Pay,2023-04-18
1573,Salma Saleh,Female,49.0,Tulkarm,AB-,National Insurance,2021-06-20
1574,Noor Taha,Female,14.0,Jenin,A+,Corporate,2024-08-11
1575,Omar AbuAli,Male,52.0,Gaza,A-,National Insurance,2023-02-09
1576,Khaled Hamad,Female,42.0,Ramallah,B-,Self-Pay,2025-11-26
1577,Aya Khalil,Female,9.0,Bethlehem,O-,Corporate,2025-08-03
1578,Aya Nasser,Male,67.0,Gaza,A-,Self-Pay,2025-04-23
1579,Noor Othman,Female,27.0,Tulkarm,A-,National Insurance,2022-12-03
1580,Salma Najjar,Male,25.0,Bethlehem,A-,National Insurance,2023-07-20
1581,Omar Yasin,Male,47.0,Bethlehem,B+,Government,2022-10-18
1582,Leen Hassan,Female,67.0,Nablus,AB-,Self-Pay,2023-08-28
1583,Hassan Hassan,Male,21.0,Nablus,O+,National Insurance,2022-06-01
1584,Khaled Khalil,Male,44.0,Ramallah,AB+,Self-Pay,2021-06-17
1585,Ibrahim Shami,Female,52.0,Qalqilya,B-,National Insurance,2022-01-12
1586,Omar Khalil,Female,57.0,Tulkarm,AB+,Government,2022-02-11
1587,Lina Suleiman,Female,46.0,Bethlehem,B+,Self-Pay,2022-12-28
1588,Leen Barakat,Male,35.0,Qalqilya,B-,Private,2025-01-20
1589,Leen Khatib,Male,25.0,Tulkarm,AB-,Private,2021-11-05
1590,Aya Saleh,Female,44.0,Tulkarm,A-,Self-Pay,2022-06-23
1591,Hala Awwad,Female,20.0,Gaza,O-,Corporate,2021-07-19
1592,Omar Othman,Male,0.0,Jericho,B+,Corporate,2023-02-13
1593,Hassan Qasem,Male,52.0,Hebron,A+,National Insurance,2025-07-25
1594,Lina Awwad,Female,61.0,Jenin,A-,Self-Pay,2024-08-21
1595,Aya Suleiman,Female,0.0,Tulkarm,AB-,Corporate,2023-05-23
1596,Hala Darwish,Male,21.0,Gaza,O-,Self-Pay,2023-02-04
1597,Khaled Yasin,Male,56.0,Qalqilya,O+,Self-Pay,2022-08-07
1598,Noor Jaber,Male,86.0,Ramallah,A-,Private,2024-08-23
1599,Ahmed Khatib,Female,43.0,Ramallah,O-,Corporate,2024-01-21
1600,Mohammad Shami,Male,27.0,Jenin,O+,Government,2022-04-02
1601,Aya Yasin,Female,39.0,Ramallah,B-,Self-Pay,2021-09-12
1602,Lina Shami,Female,71.0,Jericho,A+,National Insurance,2025-05-21
1603,Mahmoud Taha,Female,29.0,Jenin,AB+,National Insurance,2025-09-14
1604,Noor AbuAli,Male,26.0,Jericho,A+,Private,2021-02-23
1605,Ali Qasem,Female,32.0,Tulkarm,B+,Corporate,2023-05-31
1606,Mahmoud Yasin,Female,22.0,Hebron,O+,Private,2025-06-30
1607,Leen Suleiman,Male,45.0,Jericho,B+,Self-Pay,2022-10-14
1608,Hala Mansour,Female,77.0,Hebron,A-,Government,2023-10-30
1609,Mohammad Hamad,Female,49.0,Jenin,B+,National Insurance,2022-02-22
1610,,Male,37.0,Jericho,A+,Corporate,2021-11-10
1611,Ahmed Khatib,Male,36.0,Salfit,O+,Private,2025-03-01
1612,Ali Shami,Female,10.0,Gaza,B-,Government,2022-09-01
1613,Hassan Yasin,Male,61.0,Jericho,AB+,Private,2022-07-18
1614,Yousef Saleh,Male,41.0,Salfit,A-,Private,2023-07-30
1615,Salma Nasser,Male,39.0,Gaza,AB+,National Insurance,2022-01-05
1616,Yousef Khalil,Female,95.0,Tulkarm,B-,Self-Pay,2021-07-26
1617,Rania Awwad,Female,49.0,Ramallah,O-,Private,2022-03-07
1618,Noor Barakat,Female,27.0,Bethlehem,B+,Government,2022-09-04
1619,Ahmed Mansour,Male,34.0,Ramallah,AB-,National Insurance,2023-09-19
1620,Salma Khatib,Male,67.0,Gaza,AB+,Private,2022-01-30
1621,Salma Awwad,Male,45.0,Qalqilya,B+,Government,2025-11-11
1622,Lina Nasser,Male,12.0,Nablus,AB-,Government,2022-03-27
1623,Yousef Saleh,Female ,62.0,,O-,Government,2021-07-08
1624,Lina Yasin,Female,28.0,Bethlehem,O-,Self-Pay,2023-11-16
1625,Maya Othman,Female,82.0,Gaza,B-,National Insurance,2023-03-16
1626,Mohammad Hamad,Female,65.0,Gaza,B-,Self-Pay,2023-06-07
1627,Aya Suleiman,Female,33.0,Tulkarm,A-,Corporate,2023-02-24
1628,Noor Othman,Female,69.0,Tulkarm,A-,Self-Pay,2021-12-09
1629,Omar Taha,Female,44.0,Salfit,O+,National Insurance,2024-05-21
1630,Hala Qasem,Female,60.0,Nablus,A-,Government,2025-07-15
1631,Sara Suleiman,Male,53.0,Tulkarm,B-,Private,2022-03-17
1632,Lina Qasem,Male,25.0,Tulkarm,A-,Private,2022-10-15
1633,Ahmed Darwish,Male,29.0,Bethlehem,AB-,Government,2024-02-25
1634,Yousef Barakat,Female,64.0,Salfit,B-,Corporate,2022-03-22
1635,Mohammad Yasin,Female,35.0,Salfit,A-,Corporate,2024-08-16
1636,Noor Suleiman,Female,34.0,Tulkarm,B-,Government,2021-04-12
1637,Rania Najjar,Male,22.0,Jenin,O+,Private,2021-09-12
1638,Aya Mansour,Female,51.0,Salfit,O+,Government,2024-03-26
1639,Ahmed Jaber,Male,86.0,Salfit,A+,Self-Pay,2022-08-06
1640,Ali Barakat,Male,20.0,Qalqilya,A+,National Insurance,2024-08-13
1641,Ahmed Khalil,Female,43.0,Ramallah,O+,National Insurance,2022-07-17
1642,Sara Qasem,Female,72.0,Ramallah,AB-,Self-Pay,2024-06-08
1643,Omar Barakat,Female,41.0,Bethlehem,O-,Private,2025-09-23
1644,Lina Khatib,Male,52.0,Nablus,B-,Private,2025-08-18
1645,Ahmed Saleh,Male,20.0,Tulkarm,O+,Government,2021-12-15
1646,Yousef Othman,Female,51.0,Qalqilya,A+,Private,2022-06-16
1647,Omar Nasser,Male,39.0,Jenin,A-,National Insurance,2022-11-06
1648,Salma Barakat,Female,63.0,Gaza,B+,Corporate,2023-08-02
1649,Mohammad Saleh,Female,67.0,Gaza,O+,Self-Pay,2024-09-30
1650,Mohammad Taha,Male,95.0,Salfit,O-,Self-Pay,2022-07-29
1651,Sara Najjar,Male,55.0,Ramallah,AB+,National Insurance,2024-12-27
1652,Yousef Qasem,Male,49.0,Hebron,A-,Private,2023-10-10
1653,Omar Othman,Male,47.0,Hebron,O-,Self-Pay,2022-01-20
1654,Rania Nasser,Female,35.0,Hebron,AB-,National Insurance,2024-12-22
1655,Aya Saleh,Male,50.0,Gaza,B-,National Insurance,2023-03-01
1656,Aya Khatib,Male,36.0,Jericho,B-,Private,2022-07-24
1657,Noor Mansour,Female,46.0,Salfit,A-,Government,2023-08-03
1658,Mohammad Nasser,Male,70.0,Nablus,O-,Government,2022-07-01
1659,Ahmed Najjar,Female,21.0,Tulkarm,AB+,Private,2024-02-02
1660,Yousef Qasem,Female,66.0,Hebron,B+,Self-Pay,2023-10-26
1661,Noor Taha,Female,70.0,Nablus,O-,National Insurance,2023-01-28
1662,Mohammad Hassan,Female,40.0,Jericho,B-,National Insurance,2022-01-23
1663,Maya Mansour,Female,0.0,Qalqilya,O-,Corporate,2023-06-07
1664,Mohammad Hassan,Male,30.0,Ramallah,B-,Private,2021-04-19
1665,Omar Hamad,Female,70.0,Hebron,A-,Corporate,2021-07-26
1666,Adam AbuAli,Female,42.0,Jericho,O+,Private,2022-03-27
1667,Adam Najjar,Male,22.0,Gaza,B-,National Insurance,2024-07-28
1668,Ibrahim Khatib,Female,32.0,Nablus,A-,Government,2023-10-28
1669,Salma Najjar,Female,60.0,Hebron,B+,National Insurance,2024-10-27
1670,Yousef Mansour,Male,54.0,Tulkarm,O-,Government,2021-01-27
1671,Rania Suleiman,,37.0,Nablus,B+,National Insurance,2025-12-10
1672,Yousef Mansour,Male,35.0,Salfit,AB-,Self-Pay,2024-04-09
1673,Ahmed Najjar,Male,34.0,Bethlehem,A-,Private,2025-08-05
1674,Ahmed Hamad,Female,23.0,Hebron,B+,Government,2025-05-07
1675,Mohammad Nasser,Female,76.0,Tulkarm,O-,Self-Pay,2025-02-13
1676,Lina Yasin,Female,36.0,Bethlehem,AB+,National Insurance,2023-07-29
1677,Ahmed Qasem,Female,68.0,Tulkarm,O-,Private,2022-07-07
1678,Hala Awwad,Male,74.0,Jericho,B-,Government,2023-01-02
1679,Rania Awwad,Male,63.0,Salfit,O+,National Insurance,2022-02-27
1680,Yousef Othman,Female,33.0,Ramallah,AB+,Corporate,2023-07-10
1681,Hala Mansour,Female,51.0,Tulkarm,AB-,Self-Pay,2024-04-21
1682,Noor Hamdan,Female,42.0,Hebron,A+,Corporate,2023-12-02
1683,Sara Khatib,Male,24.0,Jericho,O-,Corporate,2025-06-12
1684,Lina Jaber,Male,49.0,Nablus,O-,Government,2023-08-14
1685,Ali Taha,Female,18.0,Salfit,B+,National Insurance,2023-09-25
1686,Ibrahim Khalil,Female,67.0,Nablus,O-,Private,2022-03-22
1687,Ibrahim Hamad,Male,33.0,Nablus,O-,National Insurance,2021-01-11
1688,Noor Qasem,Male,47.0,Nablus,AB+,Government,2022-12-19
1689,Ibrahim Taha,Male,48.0,Ramallah,AB+,Government,2025-02-10
1690,Hassan Suleiman,Male,37.0,Jenin,B-,Private,2023-08-28
1691,Lina AbuAli,Female,55.0,Jericho,O+,Private,2022-06-20
1692,Ibrahim Khatib,Female,33.0,Gaza,O+,National Insurance,2025-07-06
1693,Leen Saleh,Male,61.0,Jenin,B+,Self-Pay,2024-02-10
1694,Hassan Jaber,Female,14.0,Ramallah,AB+,Corporate,2024-07-10
1695,Aya Yasin,Male,45.0,Jericho,O+,Private,2021-10-11
1696,Hala Shami,Female,83.0,Qalqilya,AB-,Self-Pay,2022-12-27
1697,Noor Shami,Female,21.0,Jericho,O-,Private,2024-02-19
1698,Ahmed Suleiman,Male,28.0,Gaza,AB+,Government,2024-04-03
1699,Hala Qasem,Male,53.0,Salfit,AB+,Private,2025-03-27
1700,Maya Saleh,Female,46.0,Nablus,O-,Corporate,2023-08-01
1701,Omar Khalil,Male,50.0,Jenin,A-,National Insurance,2024-05-02
1702,Mohammad Jaber,Female,53.0,Tulkarm,A+,Private,2025-02-25
1703,Leen Taha,Male,56.0,Hebron,B+,Corporate,2025-02-25
1704,Rania Saleh,Male,66.0,Gaza,AB+,National Insurance,2025-01-12
1705,Ahmed Najjar,Male,51.0,Ramallah,A-,Private,2021-11-10
1706,Salma Nasser,Male,37.0,Hebron,B-,Private,2023-08-29
1707,Ahmed Taha,Female,57.0,Jericho,A+,Private,2022-09-07
1708,Maya Najjar,Male,82.0,Hebron,AB+,Corporate,2024-10-27
1709,Aya Khatib,Male,40.0,Jericho,B+,Private,2022-01-14
1710,Ali AbuAli,Male,22.0,Qalqilya,B-,Self-Pay,2023-09-11
1711,Ibrahim Jaber,Male,66.0,Salfit,O-,National Insurance,2024-09-29
1712,Adam Barakat,Female,40.0,Ramallah,O-,Self-Pay,2025-07-25
1713,Noor Saleh,Male,0.0,Jenin,O-,Private,2024-03-01
1714,Maya Awwad,Female,60.0,Nablus,O-,Private,2022-12-28
1715,Ali Shami,Female,31.0,Jenin,A+,Government,2023-01-03
1716,Hala Taha,Male,41.0,Tulkarm,O+,Corporate,2021-05-09
1717,Khaled Saleh,Female,49.0,Salfit,AB-,Self-Pay,2025-01-04
1718,Ali Hamdan,Female,47.0,Jericho,A-,Self-Pay,2023-02-11
1719,Rania Khatib,Male,57.0,Salfit,AB+,Government,2024-11-30
1720,Sara Hamad,Female,33.0,Salfit,O+,Private,2021-04-03
1721,Ahmed Mansour,Male,53.0,Ramallah,A-,Self-Pay,2024-10-23
1722,Rania Darwish,Male,37.0,Hebron,A-,Government,2025-01-31
1723,Maya Suleiman,Male,,Nablus,AB+,Private,2021-03-18
1724,Yousef Shami,Female,55.0,Salfit,A+,Government,2022-10-20
1725,Mohammad Shami,Female,23.0,Gaza,B-,Government,2022-06-02
1726,Rania Shami,Female,65.0,Hebron,B-,Government,2023-06-08
1727,Hala Othman,Male,31.0,Salfit,A+,Private,2022-02-21
1728,Omar Saleh,Male,59.0,Tulkarm,O+,Corporate,2024-01-25
1729,Yousef Darwish,Male,50.0,Qalqilya,O-,Government,2025-09-01
1730,Hassan Hamad,Female,81.0,Qalqilya,AB-,National Insurance,2024-06-20
1731,Dana Saleh,Male,38.0,Bethlehem,O+,Self-Pay,2025-11-25
1732,Yousef Hamad,Male,35.0,Gaza,AB+,Private,2021-08-30
1733,Rania AbuAli,Male,42.0,Salfit,AB-,Private,2022-04-04
1734,Ibrahim Hamdan,Female,36.0,Tulkarm,A-,Government,2022-08-13
1735,Yousef Yasin,Male,59.0,Qalqilya,AB+,Self-Pay,2024-06-20
1736,Omar Yasin,Male,9.0,Salfit,O-,,2024-08-30
1737,Ahmed Hassan,Female,20.0,Jericho,AB+,Government,2022-11-17
1738,Omar Saleh,Male,20.0,Qalqilya,AB-,Private,2022-04-28
1739,Rania Khalil,Male,62.0,Tulkarm,A-,Government ,2024-05-10
1740,Salma Khalil,Female,78.0,Gaza,AB+,Private,2021-08-02
1741,Omar Najjar,Male,40.0,Tulkarm,O+,Self-Pay,2022-09-14
1742,Mahmoud Awwad,Male,39.0,Nablus,B-,Corporate,2024-05-30
1743,Maya Awwad,Female,44.0,,O+,Self-Pay,2024-11-25
1744,Ali Suleiman,Female,67.0,Qalqilya,B+,Private,2023-06-16
1745,Mohammad Khatib,Female,23.0,Tulkarm,B-,National Insurance,2023-06-14
1746,Omar AbuAli,Male,48.0,Ramallah,A+,Government,2023-04-26
1747,Dana Hamad,Male,63.0,Nablus,B-,Private,2021-06-06
1748,Omar Saleh,Female,53.0,Gaza,AB+,Private,2022-10-06
1749,Lina Khatib,Male,46.0,Jenin,B+,Corporate,2023-03-26
1750,Rania Nasser,Male,64.0,Ramallah,AB+,Corporate,2025-13-40
1751,Rania Qasem,Male,0.0,Bethlehem,AB+,National Insurance,2025-05-17
1752,Dana Jaber,Male,57.0,Qalqilya,AB+,National Insurance,2024-11-30
1753,Dana Taha,Male,29.0,Nablus,AB-,Self-Pay,2024-12-15
1754,Salma Najjar,Female,4.0,Ramallah,B-,Government,2025-09-20
1755,Hala AbuAli,Female,53.0,Qalqilya,B-,Private,2023-02-02
1756,Ali Hassan,Male,71.0,Bethlehem,O-,Private,2021-02-13
1757,Rania Hassan,Female,40.0,Jenin,O+,National Insurance,2025-08-22
1758,Yousef Hassan,Female,63.0,Salfit,O+,Self-Pay,2021-02-08
1759,Maya Barakat,Female,76.0,Nablus,B-,Government,2023-02-16
1760,Khaled Suleiman,Male,70.0,Jenin,A+,Corporate,2025-04-12
1761,Lina Awwad,Female,77.0,Jenin,B-,Private,2022-11-30
1762,Salma Suleiman,Female,58.0,Nablus,A-,Corporate,2023-03-06
1763,Ibrahim Yasin,Female,44.0,Jericho,AB+,Government,2023-02-20
1764,Aya AbuAli,Male,9.0,Nablus,AB+,National Insurance,2021-06-25
1765,Mahmoud Yasin,Female,37.0,Tulkarm,O+,Private,2024-06-14
1766,Adam Qasem,Female,25.0,Jenin,A+,Private,2022-09-21
1767,Leen Darwish,Female,88.0,Gaza,O-,Self-Pay,2021-02-05
1768,Aya Awwad,Female,39.0,,AB-,Self-Pay,2024-07-30
1769,Dana Othman,Female,45.0,,A-,National Insurance,2024-06-03
1770,Dana Darwish,Male,54.0,Bethlehem,B+,National Insurance,2025-04-18
1771,Adam Hamdan,Female,43.0,Gaza,B-,Government,2021-10-28
1772,Salma Hassan,Male,78.0,Ramallah,A+,Government,2024-11-02
1773,Hala Shami,Female,29.0,Nablus,B-,Private,2025-01-03
1774,Adam Hamdan,Male,47.0,Tulkarm,A+,Corporate,2022-04-26
1775,Lina Nasser,Male,27.0,Qalqilya,O-,Private,2023-11-13
1776,Yousef AbuAli,Male,15.0,Tulkarm,AB-,Self-Pay,2021-05-27
1777,,Male,30.0,Nablus,AB-,Corporate,2025-06-03
1778,Lina Darwish,Female,42.0,Tulkarm,O-,National Insurance,2024-06-27
1779,Ahmed Mansour,Female,150.0,Nablus,AB+,Government,2024-04-25
1780,Ahmed Nasser,Male,28.0,Tulkarm,AB-,Government,2023-02-15
1781,Leen Hassan,Male,13.0,Jericho,A-,Private,2022-04-05
1782,Leen Taha,Female,41.0,Qalqilya,A-,Corporate,2025-06-23
1783,Omar Khatib,Female,11.0,Qalqilya,O-,National Insurance,2022-07-06
1784,Hassan Hamad,Female,58.0,Hebron,AB-,Government,2025-06-25
1785,Lina AbuAli,Female,44.0,Tulkarm,A-,Government,2023-07-01
1786,Noor Qasem,Male,12.0,Tulkarm,A-,National Insurance,2024-08-31
1787,Rania Khatib,Male,36.0,Bethlehem,O+,Government,2024-03-12
1788,Ali Yasin,Male,27.0,Jericho,B+,Corporate,2022-06-18
1789,Ibrahim Darwish,Female,49.0,Ramallah,A-,Self-Pay,2023-05-13
1790,Hala Saleh,Female,71.0,Hebron,B+,Self-Pay,2021-02-01
1791,Khaled Nasser,Female,3.0,Jenin,O-,Private,2021-09-16
1792,Omar Suleiman,Male,45.0,Gaza,A-,Government,2023-11-21
1793,Hala Barakat,Female,39.0,Tulkarm,B+,Self-Pay,2024-11-28
1794,Dana AbuAli,Female,57.0,Ramallah,AB-,National Insurance,2024-04-26
1795,Salma Khatib,,47.0,Nablus,A-,National Insurance,2023-07-09
1796,Noor Shami,Female,27.0,Jenin,O-,Government,2025-02-11
1797,Khaled Hamad,Male,36.0,Gaza,A+,Corporate,2024-04-29
1798,Lina Shami,Female,26.0,Tulkarm,O-,Government,2023-11-08
1799,Leen Hamdan,Male,65.0,Hebron,AB+,Self-Pay,2022-11-30
1800,Omar Hamad,Female,43.0,Jenin,AB-,Self-Pay,2022-10-15
1801,Khaled Saleh,Male,82.0,Hebron,O+,Corporate,2022-07-24
1802,Leen Khatib,Female,41.0,Ramallah,AB-,National Insurance,2021-12-06
1803,Mohammad Jaber,Female,28.0,Bethlehem,O-,Government,2025-12-19
1804,Khaled Jaber,Female,11.0,Salfit,A-,Government,2024-09-26
1805,Adam Saleh,Male,5.0,Hebron,B+,Private,2024-05-10
1806,Omar Yasin,Male,9.0,Nablus,O-,Private,2023-01-27
1807,Hassan Jaber,Female,48.0,Bethlehem,B+,Self-Pay,2022-08-28
1808,Mohammad Nasser,Female,53.0,Jericho,O-,National Insurance,2021-06-27
1809,Ali Hamdan,Male,9.0,Tulkarm,A-,Government,2025-01-29
1810,Yousef Darwish,Male,61.0,Qalqilya,AB-,National Insurance,2023-07-18
1811,Hala Khalil,Female,32.0,Nablus,O+,Private,2024-12-15
1812,Hala Darwish,Male,46.0,Qalqilya,A+,Private,2022-05-19
1813,Ali Hamad,Female,76.0,Hebron,B-,National Insurance,2023-08-21
1814,Ali Najjar,Male,61.0,Bethlehem,AB+,Government,2022-02-11
1815,Yousef Taha,Male,37.0,Nablus,O+,Private,2023-10-02
1816,Dana Khatib,Male,,Gaza,A+,Self-Pay,2024-11-09
1817,Adam Khatib,Female,0.0,Salfit,B-,National Insurance,2023-09-19
1818,Hala Mansour,Female,27.0,Hebron,AB+,Self-Pay,2023-10-01
1819,Maya Khatib,Female,38.0,Qalqilya,O-,National Insurance,2021-07-17
1820,Mahmoud Nasser,Female,22.0,Jericho,O-,National Insurance,2022-05-22
1821,Noor Nasser,Male,40.0,Bethlehem,AB-,Private,2022-12-13
1822,Maya Saleh,Female,44.0,Bethlehem,O+,Government,2021-03-01
1823,Ibrahim Hamdan,Male,38.0,Jericho,A+,Corporate,2025-04-30
1824,Sara Hamdan,Female,29.0,Jericho,O+,Self-Pay,2023-05-21
1825,Maya Hamdan,Male,46.0,Jenin,O-,Government,2022-11-27
1826,Omar Jaber,Female,52.0,Jericho,B-,Corporate,2025-11-29
1827,Khaled Yasin,Male,20.0,Ramallah,AB-,Government,2024-05-23
1828,Dana Awwad,Male,72.0,,A-,National Insurance,2022-12-24
1829,Dana Khalil,Male,40.0,Qalqilya,B-,National Insurance,2024-01-02
1830,Hassan Mansour,Female,43.0,Hebron,AB+,Government,2023-02-05
1831,Sara Suleiman,Male,57.0,Qalqilya,B-,Private,2021-03-15
1832,Ahmed Taha,Male,47.0,Qalqilya,O+,Self-Pay,2021-03-28
1833,Khaled Jaber,Female,63.0,Nablus,B-,Government,2021-03-11
1834,Adam Nasser,Female,49.0,Jericho,B+,National Insurance,2025-11-01
1835,Yousef Khalil,Male,30.0,Qalqilya,O+,Private,2021-01-31
1836,Dana Khatib,Male,50.0,Ramallah,O+,Government,2025-08-30
1837,Salma Jaber,Female,18.0,Jericho,A+,National Insurance,2022-07-16
1838,Aya Othman,Male,45.0,Jenin,O-,Self-Pay,2022-08-20
1839,,Male,42.0,Jericho,AB+,Self-Pay,2022-08-06
1840,Dana Taha,Male,38.0,Jericho,A+,Self-Pay,2025-01-30
1841,Maya Qasem,Male,40.0,Bethlehem,B-,Corporate,2021-02-20
1842,Maya AbuAli,Female,3.0,Tulkarm,O-,Corporate,2021-08-12
1843,Ibrahim Darwish,Male,31.0,Ramallah,A-,Corporate,2021-12-13
1844,Hassan Najjar,Male,44.0,Ramallah,B+,Self-Pay,2024-06-16
1845,Rania Taha,Male,46.0,Nablus,O-,National Insurance,2023-04-24
1846,Ibrahim Darwish,Male,21.0,Nablus,AB-,Corporate,2024-05-11
1847,Noor Awwad,Female,69.0,Hebron,O-,Corporate,2023-10-21
1848,Sara AbuAli,Female,24.0,Bethlehem,O-,Corporate,2024-02-11
1849,Yousef Nasser,Female,63.0,Ramallah,O+,Government,2025-03-31
1850,Ahmed Mansour,Male,51.0,Gaza,B-,Self-Pay,2025-11-17
1851,Mohammad Hassan,Female,29.0,Bethlehem,B+,Corporate,2023-09-25
1852,Ali Yasin,Female,80.0,Jericho,A+,National Insurance,2021-08-29
1853,Noor Jaber,Female,17.0,Qalqilya,AB-,Corporate,2025-12-27
1854,Lina Hamad,Male,62.0,Gaza,AB+,Corporate,2024-11-03
1855,Hassan Khatib,Female,64.0,Qalqilya,AB+,Self-Pay,2023-08-06
1856,Hassan Darwish,Male,28.0,Gaza,O-,Private,2022-10-13
1857,Noor Mansour,Male,72.0,Bethlehem,A-,Private,2022-10-01
1858,Hassan Othman,Male,37.0,Qalqilya,O-,National Insurance,2021-07-13
1859,Omar Khatib,Female,49.0,Salfit,B+,Private,2022-12-19
1860,Dana AbuAli,Female,48.0,Nablus,B-,National Insurance,2022-08-06
1861,Noor Hamad,Female,40.0,Tulkarm,O+,National Insurance,2024-02-24
1862,Dana Othman,Male,60.0,Salfit,B+,Private,2025-02-05
1863,Hassan Hamdan,Male,59.0,Jenin,A-,Government,2025-06-21
1864,Hala Hamad,Female,6.0,Tulkarm,AB+,Corporate,2024-10-01
1865,Rania Othman,Male,70.0,Nablus,B-,Government,2021-07-07
1866,Salma Saleh,Male,8.0,Gaza,O-,Private,2022-10-25
1867,Yousef Hassan,Male,64.0,Qalqilya,O-,Self-Pay,2024-09-23
1868,Rania Darwish,Female,66.0,Qalqilya,A-,Government,2024-02-22
1869,Maya Barakat,Female,20.0,Bethlehem,AB-,National Insurance,2025-09-14
1870,Hala Darwish,Male,34.0,Salfit,B-,Government,2024-07-21
1871,Adam Saleh,Female,19.0,Qalqilya,O-,Self-Pay,2024-11-24
1872,Adam Nasser,Female,38.0,Tulkarm,B+,Private,2025-11-09
1873,Lina Shami,Female,36.0,Jericho,B-,Corporate,2024-02-21
1874,Hassan Barakat,Female,59.0,Gaza,A+,Government,2023-06-25
1875,Lina Taha,Male,70.0,Nablus,AB+,National Insurance,2021-07-12
1876,Lina Hamdan,Male,72.0,Salfit,AB+,Private,2024-08-18
1877,Adam Najjar,Female,31.0,Nablus,AB+,PRIVATE,2024-07-04
1878,Omar Hamad,Male,38.0,Bethlehem,O-,Self-Pay,2021-12-22
1879,Rania Yasin,Male,7.0,Nablus,AB-,Private,2024-06-09
1880,Ali Mansour,Male,26.0,Ramallah,O+,Private,2021-04-25
1881,Aya Hassan,Female,63.0,Ramallah,AB+,Government,2024-09-03
1882,Salma Awwad,Female,76.0,Tulkarm,B+,Corporate,2025-01-18
1883,Lina Taha,Male,17.0,Jericho,O+,Private,2021-05-14
1884,Hassan Taha,Male,30.0,Jenin,A-,Government,2023-06-28
1885,Omar Hamdan,Male,42.0,Qalqilya,O+,Government,2024-07-25
1886,Ahmed Jaber,Female,48.0,Qalqilya,AB-,Private,2022-12-01
1887,Aya Hamad,Male,25.0,Salfit,O-,Private,2021-08-27
1888,Yousef Mansour,Male,51.0,Gaza,AB-,Corporate,2024-07-07
1889,Ahmed Mansour,Male,33.0,Hebron,AB-,Self-Pay,2021-06-16
1890,Mahmoud Jaber,Male,42.0,Gaza,AB+,Private,2023-02-16
1891,Ibrahim Mansour,Female,54.0,Gaza,AB-,Self-Pay,2022-04-08
1892,Hassan Hamdan,Male,43.0,Gaza,AB+,National Insurance,2024-11-29
1893,Aya Hamdan,Male,33.0,Bethlehem,AB-,Corporate,2023-01-15
1894,Lina Taha,Female,40.0,Gaza,A+,Corporate,2023-03-01
1895,Ali Yasin,Male,41.0,Jericho,AB-,National Insurance,2022-03-01
1896,Sara Taha,Female,35.0,Ramallah,B-,National Insurance,2022-03-23
1897,Aya Hamdan,Male,,Ramallah,B+,Self-Pay,2021-10-14
1898,Aya Hamad,Female,76.0,Tulkarm,O+,Corporate,2021-03-11
1899,Sara Nasser,Female,54.0,Nablus,B+,Self-Pay,2023-09-01
1900,Sara Darwish,Male,36.0,Gaza,AB-,National Insurance,2021-11-30
1901,Aya Yasin,Male,57.0,Nablus,O-,Corporate,2023-07-24
1902,Leen Hamad,Female,35.0,Jericho,O-,Government,2022-06-02
1903,Lina Khatib,Female,67.0,Bethlehem,O+,National Insurance,2021-03-24
1904,Mahmoud Taha,Male,50.0,Jericho,O+,National Insurance,2024-03-28
1905,Maya Hamad,Male,40.0,Gaza,B+,National Insurance,2025-12-21
1906,Salma Taha,Male,52.0,Salfit,B+,Government,2024-09-20
1907,Sara Hassan,Male,10.0,Jenin,B+,National Insurance,2023-07-29
1908,Maya Mansour,Female,19.0,Nablus,B+,Government,2025-12-14
1909,Khaled Jaber,Female,17.0,Ramallah,B+,Government,2025-10-23
1910,Hassan Suleiman,Male,46.0,Hebron,B+,Corporate,2025-09-28
1911,Lina Awwad,Female,79.0,Gaza,AB-,Private,2023-08-23
1912,Dana Barakat,Male,89.0,Bethlehem,O+,Self-Pay,2024-12-17
1913,Mahmoud Nasser,Female,56.0,Gaza,AB-,Government,2023-03-30
1914,Sara Jaber,Female,53.0,Salfit,O+,Self Pay,2021-05-27
1915,Lina Najjar,Male,5.0,Hebron,B+,,2023-01-26
1916,Lina Darwish,Male,31.0,Salfit,O+,Private,2024-08-15
1917,Mahmoud Saleh,Female,26.0,Hebron,A+,Government,2022-09-11
1918,Noor Khalil,Female,29.0,Jericho,B+,Self-Pay,2021-11-05
1919,Ibrahim Jaber,Female,39.0,Bethlehem,A+,National Insurance,2023-05-14
1920,Khaled Mansour,Female,33.0,Qalqilya,A-,Self-Pay,2025-07-10
1921,Yousef Qasem,Male,1.0,Jericho,A+,Government,2022-10-16
1922,Ali Hamad,Female,58.0,Bethlehem,A+,Self-Pay,2024-09-01
1923,Maya Suleiman,Male,20.0,Jenin,O+,National Insurance,2025-02-28
1924,Mohammad Khatib,Female,48.0,Qalqilya,AB-,Self-Pay,2024-12-29
1925,Sara Yasin,Female,86.0,Ramallah,B+,Self-Pay,2023-12-25
1926,Maya Khalil,Male,23.0,Nablus,AB-,Corporate,2022-06-13
1927,Hassan Taha,Female,0.0,Jericho,A+,Self-Pay,2022-07-31
1928,Omar Nasser,Female,36.0,Bethlehem,AB-,Private,2025-12-27
1929,Salma Qasem,Female,66.0,Jericho,AB-,National Insurance,2025-04-20
1930,Ahmed Yasin,Female,84.0,Gaza,AB+,National Insurance,2023-05-05
1931,Ahmed Shami,Female,17.0,Jenin,A+,Corporate,2021-08-17
1932,Lina Hassan,Female,53.0,Hebron,B+,Private,2024-01-01
1933,Mohammad Saleh,Male,33.0,Bethlehem,O+,National Insurance,2022-12-09
1934,Aya Khatib,Male,40.0,Qalqilya,O-,Private,2021-06-06
1935,Sara Qasem,Male,95.0,Gaza,A-,Self-Pay,2023-11-16
1936,Yousef Darwish,Female,11.0,Jericho,O+,Private,2022-01-12
1937,Adam Khalil,Female,48.0,Ramallah,B-,,2022-06-19
1938,Ibrahim Khatib,Male,52.0,Nablus,AB-,Corporate,2023-08-27
1939,Hassan Suleiman,Female,65.0,Gaza,AB+,Corporate,2024-10-07
1940,Omar Khatib,Female,45.0,Gaza,AB+,National Insurance,2021-01-11
1941,Noor Othman,Male,49.0,Jericho,B+,National Insurance,2022-07-01
1942,Aya Khatib,Female,34.0,Ramallah,B-,Government,2021-02-07
1943,Sara AbuAli,Male,48.0,Salfit,AB+,Corporate,2025-08-21
1944,Aya Hamad,Female,35.0,Salfit,AB-,Corporate,2023-03-08
1945,Rania Yasin,Male,56.0,Tulkarm,AB-,National Insurance,2022-12-11
1946,Aya Saleh,Female,35.0,Bethlehem,B-,Corporate,2024-11-29
1947,Khaled Barakat,Female,50.0,Jericho,A+,Corporate,2021-06-10
1948,Rania Yasin,Female,42.0,Ramallah,B-,Corporate,2023-01-27
1949,Ibrahim Jaber,Female,66.0,Bethlehem,O-,Private,2021-11-16
1950,Salma Hamad,Male,41.0,Salfit,AB-,Corporate,2023-06-03
1951,Noor Awwad,Female,5.0,Qalqilya,O-,Government,2023-02-08
1952,Dana Saleh,Female,69.0,Salfit,A-,Private,2023-03-22
1953,Hassan Othman,Male,23.0,Salfit,AB+,Government,2025-11-07
1954,Khaled Barakat,Female,29.0,Tulkarm,B-,Self-Pay,2024-05-12
1955,Adam Darwish,Female,30.0,Ramallah,AB-,Corporate,2024-01-02
1956,Dana Barakat,Male,71.0,Jericho,O-,Self-Pay,2022-08-10
1957,Aya Mansour,Male,0.0,Jericho,AB+,Private,2023-12-27
1958,Sara Shami,Male,95.0,Ramallah,O+,Corporate,2024-08-30
1959,Noor Suleiman,Female,65.0,Hebron,A+,Corporate,2022-04-05
1960,Ali Khatib,Male,47.0,Salfit,O+,Private,2022-10-28
1961,Salma AbuAli,Male,41.0,Salfit,O-,Private,2023-01-29
1962,Ahmed Khatib,Female,48.0,Qalqilya,B-,Government,2023-07-27
1963,Lina AbuAli,Male,53.0,Bethlehem,B-,National Insurance,2021-09-29
1964,Ibrahim Khalil,Male,56.0,Hebron,O-,Self-Pay,2022-05-17
1965,Salma Shami,Male,54.0,Gaza,O-,Corporate,2024-08-06
1966,Mohammad Khatib,Female,44.0,Gaza,B-,Self-Pay,2025-01-18
1967,Yousef Awwad,Male,38.0,Jericho,O-,Self-Pay,2021-05-25
1968,Noor Hamdan,Male,39.0,Salfit,A+,Self-Pay,2023-09-12
1969,Omar Jaber,Female,38.0,Nablus,AB-,Self-Pay,2025-01-07
1970,Hala Shami,Female,66.0,Ramallah,A-,Government,2025-10-01
1971,Adam Hamad,Male,55.0,Gaza,AB-,Self-Pay,2024-09-06
1972,Sara Saleh,Male,0.0,Bethlehem,B-,National Insurance,2021-07-18
1973,Sara Khalil,Female,56.0,Bethlehem,B-,PRIVATE,2022-12-03
1974,Ibrahim Shami,Female,47.0,Bethlehem,AB+,Corporate,2022-07-18
1975,Salma Hassan,Male,42.0,Gaza,AB+,Private,2022-03-29
1976,Lina Hamad,Female,34.0,Jenin,AB+,Government,2024-03-08
1977,Ibrahim Najjar,Female,66.0,Jenin,B+,Government,2021-10-28
1978,Salma Jaber,Female,62.0,Jenin,B-,Private,2025-10-09
1979,Hassan Hamad,Female,26.0,Gaza,A+,National Insurance,2023-01-16
1980,Hala Taha,Female,51.0,Bethlehem,B+,National Insurance,2024-08-11
1981,Ali Hamad,Female,22.0,Qalqilya,AB-,Self-Pay,2025-11-08
1982,Rania Mansour,Female,14.0,Gaza,O-,Self-Pay,2021-01-30
1983,Yousef Darwish,Male,29.0,Jenin,B-,Government,2021-11-04
1984,Adam Khatib,Male,61.0,Hebron,AB-,Self-Pay,2023-07-30
1985,Leen Awwad,Male,63.0,Hebron,AB-,Private,2023-03-28
1986,Mohammad Darwish,Male,53.0,Jenin,A-,Private,2023-07-04
1987,Leen Taha,Male,58.0,Hebron,AB+,Government,2024-11-13
1988,Mahmoud AbuAli,Female,53.0,Gaza,A+,Corporate,2022-06-29
1989,Dana Hamdan,Male,29.0,Hebron,A-,Government,2023-12-07
1990,Ibrahim Hassan,Male,52.0,Hebron,B-,Corporate,2025-04-09
1991,Leen Najjar,Female,59.0,Ramallah,A+,National Insurance,2025-06-06
1992,Yousef Othman,Female,58.0,Ramallah,O-,Private,2023-09-02
1993,Hassan Nasser,Male,67.0,Salfit,O-,National Insurance,2024-03-11
1994,Ahmed Hamad,Female,57.0,Ramallah,O-,Government,2024-04-21
1995,Salma Shami,Male,50.0,Jenin,O+,Corporate,2022-07-09
1996,Rania Mansour,Female,65.0,Qalqilya,O-,Corporate,2022-08-05
1997,Ibrahim Hamdan,Male,42.0,Tulkarm,AB+,Corporate,2023-10-28
1998,Ibrahim Shami,Male,24.0,Gaza,O-,Private,2022-10-16
1999,Hala Najjar,male,39.0,Gaza,B+,Private,2025-04-07
2000,Noor Jaber,Male,27.0,Bethlehem,AB-,Corporate,2025-08-12
2001,Khaled Othman,Male,28.0,Hebron,B-,National Insurance,2023-10-25
2002,Ibrahim Darwish,Female,39.0,Ramallah,AB+,Corporate,2022-03-07
2003,Leen Saleh,Female,26.0,Gaza,B-,Self-Pay,2025-05-29
2004,Khaled Mansour,Male,36.0,Tulkarm,O-,Corporate,2025-06-04
2005,Noor Hamdan,Male,3.0,Jenin,O-,National Insurance,2023-01-30
2006,Ali Jaber,Female,47.0,Tulkarm,AB-,Self-Pay,2022-09-23
2007,Noor Hamad,Female,43.0,Jericho,A+,Self-Pay,2021-04-24
2008,Noor Qasem,Male,25.0,Bethlehem,AB+,Private,2025-08-04
2009,Hassan Othman,Female,56.0,Jenin,AB-,Private,2022-10-22
2010,Noor Barakat,Female,62.0,Qalqilya,B-,Government,2024-06-18
2011,Hala Shami,Female,9.0,Ramallah,A-,Government,2021-11-25
2012,Sara Najjar,Female,26.0,Nablus,O+,Self-Pay,2022-05-27
2013,Adam Khatib,Female,26.0,Nablus,A-,Private,2024-08-02
2014,Sara Hamdan,Female,23.0,Bethlehem,AB+,Private,2023-08-25
2015,Ali Khalil,Female,60.0,Jericho,B+,Government,2024-04-22
2016,Ibrahim Hamad,Male,38.0,Qalqilya,A-,Self-Pay,2022-05-18
2017,Sara Hamad,Female,37.0,Qalqilya,AB+,Private,2021-10-15
2018,Yousef Darwish,Female,0.0,Bethlehem,B-,Government,2022-10-20
2019,Aya AbuAli,Female,56.0,Tulkarm,AB-,Government,2024-10-19
2020,Adam Hamdan,Male,16.0,Gaza,A-,Self-Pay,2023-05-26
2021,Maya Najjar,Male,44.0,Qalqilya,A+,Corporate,2023-02-04
2022,Ahmed Hamad,Female,48.0,Nablus,AB-,Corporate,2023-10-05
2023,Ibrahim Hamad,Female,71.0,Ramallah,A-,Corporate,2021-07-08
2024,Dana Nasser,Male,15.0,Qalqilya,A-,Corporate,2023-08-18
2025,Salma Othman,Male,0.0,Jericho,AB+,Self-Pay,2023-07-14
2026,Ali Darwish,Male,46.0,Gaza,AB-,Self-Pay,2023-12-17
2027,Noor Awwad,Female,80.0,Salfit,AB+,Private,2024-07-01
2028,Maya Awwad,Male,69.0,Hebron,AB-,Self-Pay,2021-11-05
2029,Adam AbuAli,Female,47.0,Qalqilya,O-,Government,2025-04-26
2030,Leen Qasem,Male,32.0,Hebron,B+,Government,2022-09-24
2031,Khaled Nasser,Male,59.0,Qalqilya,A+,Government,2024-01-12
2032,Lina Khalil,Female,22.0,Tulkarm,B-,Government,2022-02-18
2033,Ibrahim Mansour,Female,53.0,Jenin,B-,Self Pay,2025-05-01
2034,Lina Awwad,Male,53.0,Bethlehem,A-,Self-Pay,2021-02-22
2035,Aya Othman,Female,65.0,Nablus,O-,Self-Pay,2023-03-29
2036,Hassan Othman,Female,95.0,Salfit,A-,Private,2021-12-25
2037,Hala Hamad,Male,51.0,Gaza,B-,Private,2023-09-29
2038,Salma Qasem,Female,32.0,Jericho,B-,Government,2021-07-05
2039,Hala Qasem,Female,42.0,Jenin,A-,Self-Pay,2021-02-03
2040,Ahmed Barakat,Female,5.0,Jericho,A-,National Insurance,2023-01-09
2041,Ibrahim Khalil,Female,28.0,Jenin,B-,Private,2024-08-25
2042,Maya Najjar,Male,34.0,Jenin,AB-,Private,2021-10-16
2043,Mahmoud Mansour,Male,31.0,Gaza,B+,Government,2024-11-24
2044,Rania Hassan,Male,46.0,Salfit,B-,National Insurance,2023-02-01
2045,Salma Suleiman,Male,25.0,Jericho,B+,Government,2023-11-29
2046,Ali Mansour,Female,66.0,Ramallah,B+,Private,2023-10-16
2047,Hassan Jaber,Female,43.0,Tulkarm,AB+,,2022-10-20
2048,Ahmed Awwad,Female,42.0,Nablus,O-,Private,2025-02-14
2049,Ali Suleiman,Male,36.0,Qalqilya,O+,Corporate,2025-01-19
2050,Hala Mansour,,46.0,Ramallah,A+,National Insurance,2022-04-02
2051,Yousef Suleiman,Male,60.0,Ramallah,O-,Self-Pay,2023-05-01
2052,Dana Shami,Male,24.0,Salfit,A+,National Insurance,2023-09-03
2053,Rania Hamdan,Male,29.0,Tulkarm,AB-,Corporate,2024-09-30
2054,Mohammad Najjar,Female,36.0,Salfit,B-,Government,2022-03-26
2055,Hala Saleh,Male,14.0,Hebron,A-,Private,2025-01-08
2056,,Male,25.0,Hebron,B-,National Insurance,2022-01-14
2057,Ibrahim Darwish,Female,32.0,Salfit,AB+,Government,2022-11-03
2058,Noor Qasem,Male,61.0,Salfit,A+,Self-Pay,2024-07-18
2059,Omar Othman,Male,48.0,Nablus,B+,Private,2025-09-07
2060,Mahmoud Mansour,Female,47.0,Tulkarm,A+,Corporate,2023-09-12
2061,Rania Qasem,Male,60.0,Salfit,O+,Self-Pay,2022-03-16
2062,Aya Khatib,Female,40.0,Qalqilya,O-,Private,2025-03-06
2063,Adam Taha,Female,51.0,Tulkarm,B+,National Insurance,2022-11-30
2064,Rania Yasin,Female,40.0,Ramallah,AB-,Corporate,2022-06-23
2065,Yousef Qasem,Female,48.0,Nablus,B+,Private,2022-04-11
2066,Aya Nasser,Male,30.0,Qalqilya,AB+,Government,2025-11-24
2067,Lina Jaber,Female,0.0,Jericho,A-,Corporate,2022-01-09
2068,Maya Taha,Male,40.0,Gaza,B-,Private,2022-02-11
2069,Lina Taha,Male,72.0,Salfit,A+,Corporate,2023-01-13
2070,Dana AbuAli,Male,62.0,Tulkarm,B+,Private,2024-10-25
2071,Khaled Khatib,Male,,Gaza,O+,Government,2022-07-25
2072,Omar Barakat,Female,68.0,Jericho,O+,Self-Pay,2023-08-17
2073,Sara Saleh,Female,44.0,Nablus,A-,National Insurance,2024-12-21
2074,Dana Jaber,Male,47.0,Salfit,A-,Private,2025-03-27
2075,Noor Saleh,Male,30.0,Bethlehem,B+,Government,2023-03-13
2076,Khaled Suleiman,Female,36.0,Salfit,B-,Government,2025-09-05
2077,Lina Khalil,Male,55.0,Jenin,B+,Self-Pay,2021-09-10
2078,Leen Saleh,Male,68.0,,B+,National Insurance,2025-04-07
2079,Sara Awwad,Male,40.0,Qalqilya,AB+,Corporate,2021-07-30
2080,Salma Najjar,Male,33.0,Bethlehem,AB+,Private,2024-01-14
2081,Salma Shami,Male,43.0,Ramallah,AB-,National Insurance,2021-03-25
2082,Maya Hamdan,Male,55.0,Bethlehem,O+,Corporate,2021-12-11
2083,Rania Jaber,Male,12.0,Qalqilya,A-,Private,2025-02-07
2084,Salma Khatib,,0.0,Hebron,O-,Self-Pay,2023-05-14
2085,Omar Nasser,Female,31.0,Jenin,AB+,Corporate,2022-11-05
2086,Noor Hamdan,Female,17.0,Ramallah,A+,Private,2024-12-31
2087,Rania AbuAli,Female,32.0,Hebron,O+,National Insurance,2021-08-01
2088,Rania Yasin,Female,39.0,Salfit,O+,Private,2024-05-17
2089,Mohammad Hamad,Male,33.0,Salfit,A-,Private,2025-04-14
2090,Mahmoud Qasem,Female,73.0,Jericho,A+,National Insurance,2024-08-18
2091,Aya Shami,Male,49.0,Jericho,O+,Private,2022-03-19
2092,Leen Mansour,Male,49.0,Tulkarm,A-,National Insurance,2023-04-25
2093,Ahmed Shami,Female,56.0,Tulkarm,AB-,National Insurance,2022-05-25
2094,Adam Shami,Male,19.0,Tulkarm,O-,National Insurance,2025-04-24
2095,Khaled Othman,Female,64.0,Jericho,AB-,Government,2025-09-26
2096,Rania Khalil,Female,41.0,Tulkarm,B-,private,2025-08-25
2097,Ibrahim Nasser,Male,57.0,Jericho,AB-,Corporate,2023-10-16
2098,Khaled Barakat,Male,20.0,Jenin,O-,National Insurance,2022-11-22
2099,Aya Qasem,Male,10.0,Gaza,AB-,Private,2021-08-17
2100,Hassan Hamad,Female,60.0,Qalqilya,AB+,Corporate,2024-01-08
2101,Khaled Barakat,Male,50.0,Hebron,A-,Private,2024-12-28
2102,Salma Barakat,Female,24.0,Gaza,AB-,Corporate,2022-12-26
2103,Maya Saleh,Female,24.0,Ramallah,AB+,Corporate,2024-03-13
2104,Yousef Darwish,Male,66.0,Bethlehem,A+,Government,2024-01-28
2105,Ali Hamdan,Male,18.0,Bethlehem,B-,Government,2022-05-18
2106,Mahmoud Shami,Male,77.0,Gaza,A+,National Insurance,2022-05-15
2107,Ahmed Khatib,Female,24.0,Bethlehem,O+,Corporate,2024-02-03
2108,Leen Othman,Female,56.0,Gaza,O+,Corporate,2025-12-25
2109,Maya Hamdan,Female,36.0,Jenin,O+,National Insurance,2023-01-17
2110,Mahmoud Darwish,Female,55.0,Ramallah,B+,National Insurance,2025-10-28
2111,Mahmoud Yasin,Male,31.0,Ramallah,O-,Corporate,2022-10-05
2112,Mohammad Khatib,Male,39.0,Tulkarm,B-,Self-Pay,2022-07-06
2113,Leen Hassan,Female,43.0,Salfit,O-,Self-Pay,2024-04-25
2114,Noor Khalil,Male,21.0,Nablus,O-,Corporate,2024-08-24
2115,Omar Qasem,Female,58.0,Gaza,A-,National Insurance,2021-05-14
2116,Adam Hamad,Female,32.0,Nablus,O-,Self-Pay,2024-12-13
2117,Ali Barakat,Male,38.0,Bethlehem,AB+,Corporate,2024-11-28
2118,Ibrahim Darwish,Male,22.0,Salfit,O+,Government,2025-04-19
2119,Dana Hamad,Female,0.0,Nablus,A+,National Insurance,2024-04-18
2120,Mohammad Khalil,Male,38.0,Qalqilya,O+,Government,2025-02-09
2121,Hassan AbuAli,Male,93.0,Gaza,A+,Self-Pay,2025-02-01
2122,Mohammad Darwish,Male,59.0,Ramallah,O+,Corporate,2024-12-06
2123,Maya Suleiman,Female,42.0,Bethlehem,B+,National Insurance,2022-01-10
2124,Mohammad Jaber,Female,37.0,Gaza,O+,National Insurance,2023-10-21
2125,Yousef Mansour,Female,43.0,Jericho,B-,Government,2022-12-21
2126,Yousef Darwish,Female,54.0,Ramallah,AB+,Private,2025-12-06
2127,Salma Hassan,Male,18.0,Tulkarm,A-,Government,2021-01-04
2128,Hala Awwad,Male,66.0,Tulkarm,O+,National Insurance,2021-02-26
2129,Leen Hamad,Female,58.0,Ramallah,B+,Government,2024-07-27
2130,Salma Najjar,Male,58.0,Qalqilya,B-,National Insurance,2021-07-18
2131,Ali Khatib,Female,52.0,Salfit,B+,Self-Pay,2024-12-17
2132,Khaled Taha,Male,43.0,Bethlehem,A+,Corporate,2021-03-21
2133,Dana Nasser,Female,57.0,Jenin,A-,National Insurance,2024-10-30
2134,Khaled Hamad,Male,55.0,Ramallah,O-,Government,2024-05-20
2135,Ali Khatib,Female,35.0,Bethlehem,O+,Self-Pay,2021-08-27
2136,Dana Khalil,Female,30.0,Hebron,AB-,Government,2022-05-06
2137,Rania Othman,Female,45.0,Nablus,AB-,Private,2023-09-11
2138,Leen Nasser,Male,75.0,,O+,Corporate,2024-08-10
2139,Hassan Jaber,Female,16.0,Gaza,O-,Government,2022-08-23
2140,Noor Barakat,Female,12.0,Jericho,A-,Self-Pay,2021-02-18
2141,Rania Nasser,Female,46.0,Qalqilya,O-,Corporate,2023-03-08
2142,Ibrahim Najjar,Female,44.0,Nablus,A+,Government,2021-07-02
2143,Ibrahim Hamad,Male,46.0,Tulkarm,A+,Corporate,2021-02-27
2144,Omar Jaber,Female,48.0,Hebron,AB-,Corporate,2021-04-18
2145,Noor Taha,Male,38.0,Qalqilya,AB-,Private,2022-03-16
2146,Mohammad Shami,Male,74.0,Hebron,AB-,Private,2025-01-02
2147,Hassan Najjar,Male,9.0,Salfit,A+,Private,2023-02-21
2148,Hassan Nasser,Female,25.0,Nablus,B-,National Insurance,2021-12-29
2149,Maya AbuAli,Female,40.0,Jericho,A+,Government,2021-10-18
2150,Salma AbuAli,Female,8.0,Jericho,AB+,Government,2025-12-05
2151,Adam Suleiman,Male,39.0,Jericho,O+,Self-Pay,2022-07-24
2152,Hassan Najjar,Female,77.0,Salfit,A+,Self-Pay,2021-03-27
2153,Aya Saleh,Male,43.0,Ramallah,A-,Private,2021-11-22
2154,Rania Khalil,Male,47.0,Qalqilya,AB-,Government,2025-02-24
2155,Adam Barakat,Female,16.0,Qalqilya,AB+,National Insurance,2025-10-19
2156,Leen Hamdan,Male,30.0,Ramallah,O+,Government,2021-06-27
2157,Dana Najjar,Male,35.0,Gaza,A+,Self-Pay,2023-09-08
2158,Mohammad Nasser,Male,36.0,Nablus,O+,Government,2021-06-21
2159,Yousef AbuAli,Female,69.0,Salfit,AB-,Self-Pay,2025-02-21
2160,Ali Shami,Male,54.0,Qalqilya,B-,Government,2025-01-24
2161,Sara Hassan,Male,19.0,Gaza,AB-,National Insurance,2021-12-26
2162,Lina Shami,Male,48.0,Nablus,O+,Self-Pay,2021-11-10
2163,Ibrahim Taha,Male,53.0,Hebron,B+,Government,2022-11-19
2164,Aya Awwad,Female,66.0,Ramallah,B-,Corporate,2023-12-19
2165,Ibrahim Yasin,Male,76.0,Gaza,AB-,Private,2021-08-17
2166,Yousef Suleiman,Male,21.0,Salfit,B+,National Insurance,2023-01-29
2167,Omar Saleh,Male,25.0,Hebron,A+,Self-Pay,2021-01-08
2168,Leen Hassan,Female,16.0,Salfit,A-,Government,2025-04-10
2169,Omar Hamad,Male,38.0,Nablus,O-,Corporate,2024-08-13
2170,Maya Jaber,Female,52.0,Bethlehem,B-,Self-Pay,2024-06-08
2171,Adam Qasem,Female,63.0,Bethlehem,B+,Self-Pay,2024-01-04
2172,Lina AbuAli,Male,41.0,Jenin,B+,Self-Pay,2022-06-11
2173,Khaled Qasem,Male,36.0,Jericho,AB+,Government,2021-03-29
2174,Aya Suleiman,Male,46.0,Jericho,B+,National Insurance,2022-03-03
2175,Maya Suleiman,Female,25.0,Bethlehem,O-,Self-Pay,2023-03-07
2176,Aya Qasem,Female,86.0,Tulkarm,O+,Government,2025-01-21
2177,Hala Othman,Male,9.0,Hebron,B-,Corporate,2022-02-03
2178,Salma Qasem,Female,46.0,Qalqilya,O+,National Insurance,2024-08-11
2179,Ibrahim Othman,Female,85.0,Gaza,O-,Private,2024-01-17
2180,Aya Jaber,Female,43.0,Nablus,B-,Government,2022-11-23
2181,Dana Mansour,Female,39.0,Qalqilya,O+,Government,2023-06-27
2182,Ahmed Othman,Female,35.0,Salfit,B+,National Insurance,2025-03-08
2183,Leen Saleh,,39.0,Salfit,B-,Government,2023-04-23
2184,Sara Shami,Male,71.0,Gaza,O-,National Insurance,2024-06-04
2185,Salma Taha,Male,0.0,Ramallah,A-,Private,2021-02-13
2186,Ahmed Hassan,Female,75.0,Ramallah,AB-,National Insurance,2022-02-20
2187,Ali Othman,Female,13.0,Ramallah,AB-,Corporate,2022-10-09
2188,Leen Shami,Female,37.0,Tulkarm,B+,National Insurance,2022-09-14
2189,Mohammad Yasin,Male,33.0,Gaza,B+,Self-Pay,2021-08-31
2190,Dana Khatib,Female,55.0,Gaza,O-,National Insurance,2024-11-14
2191,Mahmoud Nasser,Male,9.0,Bethlehem,A-,Private,2021-10-05
2192,Maya Najjar,Female,52.0,Bethlehem,B+,Private,2024-04-15
2193,Lina Shami,Male,85.0,Bethlehem,A+,Self-Pay,2024-10-07
2194,Leen Qasem,Female,14.0,Ramallah,AB-,Private,2021-12-29
2195,Ali Khatib,Female,46.0,Jericho,B+,Private,2025-06-08
2196,Hassan Darwish,Female,29.0,Ramallah,AB-,Corporate,2025-06-26
2197,Rania Awwad,Female,51.0,Gaza,AB-,National Insurance,2022-01-29
2198,Hala Hamdan,Male,43.0,Bethlehem,AB-,Government,2021-04-17
2199,Mahmoud Jaber,Female,29.0,Bethlehem,O+,National Insurance,2021-03-24
2200,Adam Shami,Male,53.0,Tulkarm,A+,Government,2025-11-21
2201,Salma Awwad,Male,80.0,Jenin,O+,Government,2023-08-21
2202,Maya Barakat,Male,38.0,Jenin,O+,National Insurance,2023-01-22
2203,Hala Suleiman,Female,58.0,Tulkarm,B+,National Insurance,2025-01-12
2204,Adam Yasin,Male,15.0,Bethlehem,AB+,National Insurance,2021-06-20
2205,Aya Khalil,Female,22.0,Qalqilya,A-,Private,2025-07-19
2206,Ali Nasser,Male,52.0,Ramallah,B+,National Insurance,2021-05-14
2207,Ali Hamad,Male,74.0,Ramallah,A-,Private,2025-01-20
2208,Ahmed Darwish,Male,50.0,Gaza,O-,National Insurance,2025-05-29
2209,Mohammad Khatib,Male,36.0,Nablus,B+,Government,2025-03-08
2210,Yousef Mansour,Male,42.0,Ramallah,A+,Self-Pay,2025-06-10
2211,Mahmoud Othman,Male,16.0,Ramallah,O+,National Insurance,2024-07-04
2212,Hala Othman,Female,55.0,Hebron,O-,Corporate,2024-12-17
2213,Khaled Najjar,Female,61.0,Salfit,A+,Self-Pay,2022-01-14
2214,Hala Awwad,Male,33.0,Gaza,B-,National Insurance,2021-10-22
2215,Dana Hamad,Male,33.0,Ramallah,A-,Government,2022-01-19
2216,Sara AbuAli,Male,48.0,Jericho,AB+,Corporate,2023-04-25
2217,Hala Jaber,Male,33.0,Jericho,AB+,National Insurance,2025-02-15
2218,Mahmoud Taha,Male,,Jenin,AB+,Government,2021-05-13
2219,Omar Khalil,Female,87.0,Tulkarm,A+,Corporate,2025-03-28
2220,Noor Khalil,Female,37.0,Nablus,A-,National Insurance,2024-04-19
2221,Lina Khatib,Male,35.0,Salfit,AB+,National Insurance,2023-07-13
2222,Lina Najjar,Female,29.0,Bethlehem,AB+,Self-Pay,2022-10-04
2223,Dana Othman,Male,58.0,Salfit,B+,Private,2024-11-15
2224,Lina Suleiman,Female,39.0,Bethlehem,AB-,Self-Pay,2023-08-08
2225,Aya Shami,Male,29.0,Gaza,O+,Self-Pay,2021-02-20
2226,Ali Darwish,Female,70.0,Gaza,O+,National Insurance,2021-01-29
2227,Noor Mansour,Male,72.0,Salfit,B+,Government,2021-07-14
2228,Ahmed Barakat,Female,30.0,Gaza,AB+,National Insurance,2022-02-10
2229,Ahmed Najjar,Female,3.0,Gaza,AB+,Corporate,2022-07-23
2230,Mahmoud Othman,Female,64.0,Salfit,O-,Self-Pay,2023-06-11
2231,Khaled Najjar,Male,28.0,,A-,Private,2022-10-25
2232,Rania Khatib,Female,59.0,Gaza,B-,Corporate,2023-10-10
2233,Hassan Suleiman,Female,1.0,Nablus,AB+,Government,2022-11-25
2234,Ibrahim Khatib,Female,61.0,Salfit,A-,Corporate,2021-09-23
2235,Hala Jaber,Female,17.0,Tulkarm,B+,National Insurance,2024-03-03
2236,Rania Khalil,Male,58.0,Bethlehem,AB-,Self-Pay,2022-05-20
2237,Hassan Darwish,Male,43.0,Tulkarm,O-,National Insurance,2024-02-11
2238,Sara Hamad,Female,22.0,Hebron,B+,National Insurance,2025-05-20
2239,Leen AbuAli,Male,34.0,Hebron,O-,Corporate,2023-08-21
2240,Ahmed Darwish,Male,57.0,Jericho,B+,Corporate,2022-10-21
2241,Yousef Taha,Female,45.0,Bethlehem,AB+,Private,2023-07-10
2242,Maya Othman,Female,55.0,Gaza,AB-,Private,2023-08-29
2243,Mahmoud AbuAli,Male,84.0,Tulkarm,AB-,Corporate,2023-09-16
2244,Dana Saleh,Female,10.0,Tulkarm,O-,National Insurance,2024-05-23
2245,Dana Othman,Male,76.0,Salfit,A-,National Insurance,2025-02-11
2246,Omar Othman,Female,45.0,Hebron,O+,Self-Pay,2024-12-05
2247,Ahmed Jaber,Female,24.0,Hebron,B+,National Insurance,2021-02-21
2248,Ahmed Suleiman,Male,15.0,Tulkarm,O-,Government,2023-07-04
2249,Maya Yasin,Male,39.0,Salfit,O-,National Insurance,2021-08-09
2250,Adam Shami,Female,62.0,Hebron,O-,National Insurance,2021-11-30
2251,Leen Saleh,Female,40.0,Nablus,A-,Private,2025-11-13
2252,Sara Yasin,Female,74.0,Tulkarm,B+,National Insurance,2025-08-31
2253,Maya Yasin,male,12.0,Jericho,AB-,Self-Pay,2021-12-31
2254,Sara Khatib,Male,42.0,Jenin,AB-,Corporate,2025-03-30
2255,Leen Hassan,Male,16.0,Gaza,O-,Private,2021-05-20
2256,Ali Saleh,Male,50.0,Qalqilya,B+,Government,2021-07-08
2257,Lina Qasem,Female,61.0,Ramallah,O+,National Insurance,2025-03-18
2258,Yousef Najjar,Female,34.0,Qalqilya,A+,Corporate,2023-05-03
2259,Maya Saleh,Male,0.0,Hebron,O-,Government,2021-08-25
2260,Adam AbuAli,Male,47.0,Nablus,A+,Private,2024-08-09
2261,Mahmoud Najjar,Male,52.0,Nablus,B-,Government,2021-11-09
2262,Ali Taha,Female,51.0,Tulkarm,O+,Self-Pay,2021-02-09
2263,Hala Jaber,Female,68.0,Nablus,O+,Corporate,2021-05-20
2264,Omar Othman,Male,20.0,Hebron,B-,Corporate,2023-10-04
2265,Ahmed Qasem,Male,57.0,Salfit,AB-,Corporate,2025-08-25
2266,Khaled Barakat,Male,68.0,Gaza,A+,Corporate,2022-07-31
2267,Adam Yasin,Female,5.0,Qalqilya,O+,Government,2025-09-06
2268,Hassan Khatib,Female,49.0,Tulkarm,B-,National Insurance,2022-06-18
2269,Maya Nasser,Female,32.0,Bethlehem,A+,Self-Pay,2024-05-20
2270,Hala Barakat,Male,41.0,Gaza,A-,Private,2023-03-05
2271,Mohammad Othman,Male,50.0,Salfit,AB+,Government,2025-12-21
2272,Leen Jaber,Female,32.0,Bethlehem,A+,Government,2024-03-06
2273,Adam Othman,Male,28.0,Jenin,A+,Government,2025-08-26
2274,Khaled Darwish,Male,43.0,Bethlehem,O+,National Insurance,2023-07-27
2275,Maya Khatib,Male,20.0,Bethlehem,O-,Corporate,2024-05-07
2276,Ibrahim AbuAli,Male,20.0,Salfit,A-,Private,2025-10-13
2277,Ahmed Khatib,Male,57.0,Nablus,AB+,Private,2022-09-14
2278,Aya Barakat,Male,18.0,Ramallah,A+,National Insurance,2022-03-17
2279,Hassan Suleiman,Female,56.0,Ramallah,AB+,Self-Pay,2024-08-31
2280,Ahmed Jaber,Male,52.0,Ramallah,AB+,Government,2022-06-23
2281,Aya Othman,Male,6.0,Nablus,O-,Government,2021-01-30
2282,Mohammad Khalil,Male,28.0,Bethlehem,AB+,National Insurance,2021-02-16
2283,Leen Najjar,Male,68.0,Gaza,B-,Private,2023-03-26
2284,Maya Awwad,Male,22.0,Bethlehem,O+,Self-Pay,2023-04-25
2285,Khaled Awwad,Male,33.0,Ramallah,AB+,National Insurance,2025-01-12
2286,Rania Othman,Female,52.0,Nablus,AB+,Government,2022-04-26
2287,Aya Awwad,Male,59.0,Salfit,O+,Corporate,2024-12-10
2288,Rania AbuAli,Male,37.0,Jenin,AB-,Private,2024-05-09
2289,Lina Shami,Female,30.0,Qalqilya,B+,National Insurance,2024-09-10
2290,Lina Yasin,Male,72.0,Tulkarm,AB-,Self-Pay,2021-12-23
2291,Leen Barakat,Female,79.0,Bethlehem,AB-,National Insurance,2021-10-30
2292,Rania Yasin,Female,63.0,Tulkarm,O+,Private,2024-05-18
2293,Adam Saleh,Female,44.0,,O-,Self-Pay,2025-03-24
2294,Dana Mansour,Male,26.0,Tulkarm,B+,Corporate,2022-12-01
2295,Dana Mansour,Male,25.0,Hebron,O+,Private,2025-08-14
2296,Noor Nasser,Male,53.0,Qalqilya,A-,Corporate,2021-01-09
2297,Adam Yasin,Male,51.0,Hebron,AB-,Self-Pay,2021-08-28
2298,Sara Qasem,Female,72.0,Qalqilya,O+,Government,2024-03-27
2299,Lina Suleiman,Male,56.0,Hebron,O-,Government,2025-09-05
2300,Hassan Awwad,Male,11.0,Bethlehem,B+,Private,2024-11-24
2301,Ibrahim AbuAli,Female,65.0,Jenin,B-,Corporate,2024-07-31
2302,Mohammad Othman,Male,22.0,Nablus,A+,National Insurance,2021-09-05
2303,Hassan Mansour,M,34.0,Ramallah,AB+,Self-Pay,2021-09-01
2304,Noor Qasem,Female,48.0,Nablus,AB+,National Insurance,2023-03-06
2305,Lina Othman,Female,84.0,Jericho,O-,Corporate,2024-04-30
2306,Omar Najjar,Male,95.0,Bethlehem,AB-,National Insurance,2021-03-05
2307,Adam Najjar,Female,55.0,Qalqilya,A-,Self-Pay,2024-11-11
2308,Leen Khatib,Female,39.0,Bethlehem,A+,Self-Pay,2021-03-21
2309,,Female,54.0,Jenin,A-,Private,2022-05-18
2310,Mohammad Shami,Female,61.0,Tulkarm,B-,Corporate,2023-08-20
2311,Omar Darwish,Female,36.0,Qalqilya,O-,Government,2024-06-10
2312,Noor Nasser,Male,80.0,Gaza,A+,Corporate,2023-06-30
2313,Yousef Taha,Male,47.0,Bethlehem,AB+,Corporate,2023-03-06
2314,Dana Hassan,Female,53.0,Salfit,A-,Corporate,2023-10-03
2315,Khaled Shami,Female,56.0,Gaza,A+,National Insurance,2024-05-16
2316,Sara Suleiman,Male,51.0,Gaza,A-,Government,2023-09-15
2317,Rania AbuAli,Male,60.0,Jericho,B+,Self-Pay,2021-03-31
2318,Ibrahim Mansour,Male,30.0,Tulkarm,O-,Government,2025-01-01
2319,Aya Nasser,Male,31.0,Gaza,B+,Government,2025-02-25
2320,Salma Hamad,Male,19.0,Bethlehem,O-,National Insurance,2025-06-15
2321,Noor Awwad,Female,52.0,Qalqilya,A-,Self-Pay,2023-08-29
2322,Omar Hamdan,Female,59.0,Qalqilya,O+,Private,2021-05-14
2323,Yousef Hamdan,Female,52.0,Bethlehem,O+,Corporate,2022-05-14
2324,Ali Nasser,Male,78.0,Gaza,A-,Corporate,2022-01-18
2325,Hassan Shami,Female,42.0,Qalqilya,AB+,Self-Pay,2021-05-17
2326,Khaled Hamad,Female,57.0,Ramallah,A+,Government,2022-02-19
2327,Ali Jaber,Male,20.0,Jericho,A+,National Insurance,2021-05-03
2328,Hala Awwad,Male,34.0,Qalqilya,AB+,Corporate,2023-12-23
2329,Ahmed Jaber,Male,57.0,Tulkarm,B-,Self-Pay,2025-06-29
2330,Hassan Othman,Female,60.0,Bethlehem,O-,Government,2021-07-22
2331,Khaled Barakat,Male,36.0,Gaza,B+,Corporate,2021-10-25
2332,Yousef Najjar,Male,41.0,Salfit,B+,Government,2024-07-07
2333,Noor Qasem,Male,11.0,Jenin,O+,Private,2025-03-21
2334,Noor Hassan,Female,35.0,Jericho,A+,Government,2024-10-07
2335,Lina Barakat,Female,61.0,Salfit,B-,Government,2023-09-09
2336,Salma Taha,Female,55.0,Gaza,B-,Corporate,2023-12-04
2337,Ibrahim Najjar,Male,53.0,Jericho,A+,Self-Pay,2021-05-16
2338,Dana Khalil,Male,44.0,Nablus,AB-,National Insurance,2023-03-17
2339,Adam Shami,Female,43.0,Jenin,AB-,National Insurance,2025-10-18
2340,Rania Taha,Female,29.0,Jericho,B+,Self-Pay,2022-11-22
2341,Yousef Najjar,Female,57.0,Qalqilya,A-,National Insurance,2024-07-12
2342,Adam Hamdan,Female,51.0,Salfit,B-,National Insurance,2022-10-26
2343,Mahmoud Hamad,Male,53.0,Tulkarm,AB+,Government,2025-08-19
2344,Sara Taha,Female,31.0,Jenin,AB+,Corporate,2023-05-19
2345,Hassan Khatib,Male,0.0,Jenin,B-,National Insurance,2024-12-30
2346,Dana Yasin,Female,66.0,Hebron,O-,Corporate,2023-12-02
2347,Khaled Nasser,Female,32.0,Hebron,B-,Corporate,2025-06-06
2348,Sara Mansour,Female,24.0,Tulkarm,B-,Self-Pay,2023-09-19
2349,Adam Hamad,Female,57.0,Qalqilya,AB-,Government,2022-06-06
2350,Salma Khalil,Female,34.0,Ramallah,O+,Corporate,2023-03-17
2351,Ahmed Khalil,Male,65.0,Jenin,O-,Self-Pay,2024-02-02
2352,Leen Hamdan,Female,55.0,,AB+,Private,2023-05-26
2353,Rania Khatib,Male,57.0,Bethlehem,O+,Self-Pay,2022-10-04
2354,Mohammad Saleh,Male,14.0,Ramallah,AB-,Private,2021-03-26
2355,Yousef Hamdan,Male,68.0,Qalqilya,AB+,Government,2025-05-25
2356,Mohammad Suleiman,Male,48.0,Nablus,A+,Private,2021-08-17
2357,Sara Khatib,Female,35.0,Jenin,O+,Government,2022-04-18
2358,Mahmoud Khatib,Female,46.0,Qalqilya,AB-,Government,2021-11-07
2359,Ahmed Yasin,Female,5.0,Hebron,B+,Self-Pay,2022-02-21
2360,Dana Khatib,Male,51.0,Gaza,A-,Corporate,2025-02-25
2361,Salma Hamdan,Female,21.0,Ramallah,A-,Government,2025-09-28
2362,Noor AbuAli,Male,14.0,Bethlehem,B+,Government,2022-03-28
2363,Adam Nasser,Male,11.0,Hebron,AB+,Self-Pay,2024-04-02
2364,Salma Barakat,Female,66.0,Hebron,B-,Private,2025-10-02
2365,Yousef Suleiman,Female,29.0,Bethlehem,B+,Self-Pay,2025-10-09
2366,Salma Barakat,Male,75.0,Qalqilya,AB+,Government,2025-12-11
2367,Rania Suleiman,Female,31.0,Tulkarm,A+,Self-Pay,2023-11-06
2368,Salma Barakat,Female,7.0,Salfit,B-,National Insurance,2021-10-23
2369,Yousef Khatib,Female,19.0,Gaza,O+,Government,2022-03-23
2370,Sara Qasem,Female,68.0,Jenin,B-,National Insurance,2022-04-18
2371,Maya Khatib,Female,39.0,Nablus,B-,Private,2023-07-16
2372,Ahmed Barakat,Female,31.0,Tulkarm,O+,Private,2023-10-03
2373,Noor Shami,Female,46.0,Ramallah,O+,National Insurance,2022-12-15
2374,Mahmoud Hamdan,Female,53.0,Jenin,O-,Government,2021-12-12
2375,Mahmoud Hamad,Male,66.0,Nablus,O+,National Insurance,2021-04-09
2376,Mahmoud Khalil,Male,73.0,Ramallah,A+,National Insurance,2021-06-12
2377,Hala Hamdan,Female,35.0,Gaza,AB+,Government,2025-10-25
2378,Noor Hamdan,Male,15.0,Hebron,O+,National Insurance,2021-12-08
2379,Hala Khalil,Male,34.0,Ramallah,A+,Corporate,2024-09-02
2380,Khaled Jaber,Female,48.0,Jericho,B+,Government,2021-02-05
2381,Hassan Khatib,Male,22.0,Ramallah,A-,National Insurance,2025-08-01
2382,Khaled Yasin,Male,22.0,Bethlehem,AB-,Government,2021-11-09
2383,Dana Mansour,Male,50.0,Nablus,AB-,Government,2025-04-19
2384,Adam Taha,Male,41.0,Qalqilya,A+,Self-Pay,2021-10-04
2385,Khaled Hassan,Female,43.0,Gaza,B+,Government,2025-10-31
2386,Salma Qasem,Female,27.0,Bethlehem,B-,Self-Pay,2021-12-25
2387,Mohammad AbuAli,Male,38.0,Salfit,A+,Private,2023-02-12
2388,Ali Awwad,Female,23.0,Bethlehem,O-,Self-Pay,2024-02-02
2389,Dana Barakat,Female,61.0,Qalqilya,AB-,Corporate,2024-03-28
2390,Maya Hamdan,Female,64.0,Gaza,O-,Government,2025-07-07
2391,Omar Othman,Male,4.0,Salfit,AB-,National Insurance,2021-08-25
2392,Salma Suleiman,Female,23.0,Jericho,AB+,National Insurance,2021-02-18
2393,Sara Najjar,Male,11.0,Nablus,B-,Self-Pay,2025-05-07
2394,Ali Shami,Male,29.0,Jenin,O+,Government,2021-10-19
2395,Ahmed AbuAli,Female,41.0,Jenin,O-,Self-Pay,2023-08-14
2396,Aya Qasem,Male,12.0,Bethlehem,B+,Self-Pay,2021-04-16
2397,Mahmoud Saleh,Male,23.0,Jenin,AB-,Private,2022-12-19
2398,Aya Barakat,Female,21.0,Ramallah,AB+,National Insurance,2025-08-09
2399,Hala Yasin,Female,47.0,Nablus,O-,Private,2022-12-23
2400,Sara Othman,Female,44.0,Qalqilya,B+,Private,2021-07-27
2401,Ali Yasin,Female,27.0,Nablus,A+,Corporate,2022-03-24
2402,Hala Qasem,Male,46.0,Bethlehem,O+,National Insurance,2025-06-24
2403,Salma Shami,Female,31.0,Salfit,AB-,National Insurance,2023-01-24
2404,Omar Taha,Male,37.0,Bethlehem,O-,Self-Pay,2025-04-13
2405,Hala Hassan,Male,78.0,Gaza,O+,National Insurance,2024-09-14
2406,Aya Hamdan,Male,71.0,Gaza,B-,Private,2024-06-17
2407,Maya Hamdan,Female,15.0,Hebron,A+,Private,2022-09-13
2408,Ahmed Saleh,Male,60.0,Jericho,B-,Self-Pay,2025-06-26
2409,Ali Suleiman,Female,60.0,Hebron,A+,Private,2021-12-01
2410,Omar Hamdan,Female,18.0,Ramallah,B-,Self-Pay,2021-12-06
2411,Rania Nasser,Male,60.0,Bethlehem,AB-,Corporate,2025-01-30
2412,Lina Najjar,Female,75.0,Salfit,AB-,National Insurance,2023-12-15
2413,Ali Hamad,Female,19.0,Salfit,B-,Government,2025-07-27
2414,Ahmed Suleiman,Female,23.0,Jenin,AB-,Corporate,2022-09-08
2415,Rania Barakat,Male,64.0,Salfit,AB+,National Insurance,2021-08-07
2416,Ali Yasin,Male,48.0,Hebron,B-,Self-Pay,2021-11-10
2417,Mohammad Yasin,Female,54.0,Jericho,O+,Self-Pay,2024-03-06
2418,Sara Jaber,Male,50.0,Hebron,B+,Corporate,2023-09-13
2419,Yousef Darwish,Male,51.0,Jericho,O+,Self-Pay,2021-11-12
2420,Noor Najjar,Male,15.0,Tulkarm,AB-,Private,2022-09-23
2421,Mahmoud Najjar,Female,64.0,Jericho,B-,Self-Pay,2023-05-31
2422,Mahmoud Jaber,Male,67.0,Salfit,B+,National Insurance,2021-11-23
2423,Salma Darwish,Female,38.0,Ramallah,A-,Private,2021-06-18
2424,Ahmed Saleh,Female,42.0,Bethlehem,A-,Government,2021-04-16
2425,Ahmed Najjar,Male,10.0,Nablus,B+,National Insurance,2025-09-24
2426,Lina Qasem,Male,53.0,Nablus,B+,National Insurance,2022-11-08
2427,Mohammad Hassan,Male,55.0,Nablus,A+,Government,2025-06-05
2428,Khaled Barakat,Female,41.0,Ramallah,AB+,Corporate,2022-08-20
2429,Salma Taha,Male,66.0,Salfit,AB+,Government,2021-05-14
2430,Aya Khatib,Female,35.0,Gaza,A-,Self-Pay,2024-05-27
2431,Mahmoud Jaber,Male,54.0,Jericho,AB-,Government,2024-11-24
2432,Rania Shami,Female,21.0,Qalqilya,AB+,National Insurance,2024-08-31
2433,Maya Suleiman,Male,42.0,Jenin,AB-,Government,2022-05-08
2434,Aya Saleh,Male,39.0,Nablus,A-,Private,2024-04-18
2435,Mohammad Saleh,Male,47.0,Bethlehem,B+,Government,2025-01-20
2436,Yousef Jaber,Female,35.0,Tulkarm,B-,Self-Pay,2023-06-11
2437,Noor Nasser,Female,40.0,Hebron,O-,Private,2023-01-16
2438,Khaled Barakat,Male,60.0,Tulkarm,A-,Private,2021-03-06
2439,Adam Barakat,Male,33.0,Bethlehem,O-,Self-Pay,2025-05-25
2440,Sara Shami,female,9.0,Tulkarm,O+,National Insurance,2025-03-20
2441,Leen Mansour,Male,79.0,Gaza,AB+,Self-Pay,2021-07-10
2442,Rania Darwish,Male,72.0,Nablus,B+,Government,2023-11-17
2443,Salma Najjar,Female,15.0,Hebron,B+,Self-Pay,2021-03-20
2444,Ahmed Qasem,Female,57.0,Salfit,AB-,National Insurance,2021-01-06
2445,Mohammad Najjar,Male,32.0,Hebron,B+,National Insurance,2024-10-25
2446,Hala Hamdan,Female,48.0,Qalqilya,B-,Self-Pay,2025-04-26
2447,Omar Shami,Female,49.0,Qalqilya,O-,Private,2022-08-06
2448,Sara Awwad,Female,38.0,Salfit,A-,Self-Pay,2025-08-26
2449,Noor Shami,Male,26.0,Tulkarm,B-,Self-Pay,2022-06-27
2450,Ibrahim Hassan,Male,28.0,Salfit,AB+,Self-Pay,2022-06-28
2451,Ahmed Taha,Male,23.0,Nablus,B-,Self-Pay,2022-05-05
2452,Maya Awwad,Female,25.0,Nablus,A-,National Insurance,2024-01-02
2453,Dana Suleiman,Male,41.0,Qalqilya,AB+,Corporate,2024-09-20
2454,Omar Najjar,Male,27.0,Qalqilya,AB+,Private,2025-10-18
2455,Mahmoud Barakat,Female,57.0,Gaza,B-,Private,2024-11-04
2456,Noor Khalil,Female,74.0,Hebron,O-,Private,2021-07-23
2457,Ali Hamdan,Male,30.0,Jenin,AB+,Self-Pay,2021-11-28
2458,Noor Othman,Male,48.0,Tulkarm,A-,National Insurance,2022-09-26
2459,Dana Yasin,Male,53.0,Ramallah,B+,Private,2025-10-14
2460,Ahmed AbuAli,Male,52.0,Jenin,B+,Private,2025-04-16
2461,Aya Darwish,Male,44.0,Qalqilya,O-,Corporate,2021-09-08
2462,Rania Khatib,Female,58.0,Ramallah,AB-,Private,2022-12-25
2463,Khaled Barakat,Male,53.0,Qalqilya,AB+,Private,2024-06-24
2464,Yousef Khalil,Male,17.0,Gaza,AB-,Government,2023-12-06
2465,Dana Othman,Female,61.0,Tulkarm,A+,National Insurance,2025-10-14
2466,Maya Suleiman,Male,61.0,Qalqilya,O+,Government,2021-12-10
2467,Hassan Khatib,Female,26.0,Salfit,A-,Government,2025-09-06
2468,Rania Yasin,Female,43.0,Jericho,AB-,National Insurance,2022-02-12
2469,Omar Hassan,Female,57.0,Hebron,A+,Corporate,2022-12-29
2470,Ahmed Qasem,Female,38.0,Jericho,A+,National Insurance,2025-11-01
2471,Aya Khalil,Male,65.0,Ramallah,A-,Corporate,2021-10-06
2472,Rania Najjar,Female,92.0,Ramallah,A+,National Insurance,2022-05-19
2473,Ibrahim Yasin,Female,26.0,Jenin,A+,Private,2021-04-23
2474,Ibrahim Saleh,Female,13.0,Jericho,B+,National Insurance,2022-11-28
2475,Noor Khalil,Female,49.0,Ramallah,O-,National Insurance,2025-02-21
2476,Ibrahim Suleiman,Male,58.0,Nablus,AB+,National Insurance,2022-01-14
2477,Yousef Saleh,Male,38.0,Tulkarm,A-,Private,2022-06-26
2478,Sara Darwish,Male,73.0,Gaza,B-,Corporate,2025-06-28
2479,Yousef AbuAli,Male,14.0,Jenin,AB+,Corporate,2025-03-26
2480,Dana Khalil,Female,57.0,,AB+,Private,2023-04-07
2481,Omar Jaber,Female,30.0,Ramallah,AB-,National Insurance,2025-02-26
2482,Omar Saleh,Male,79.0,Ramallah,A+,Private,2025-12-31
2483,Rania Hassan,Female,84.0,Tulkarm,O+,Corporate,2021-08-07
2484,Adam Mansour,Male,26.0,Ramallah,AB-,Government,2022-01-15
2485,Leen Nasser,Male,31.0,Bethlehem,B-,private,2021-12-13
2486,Hala AbuAli,Female,61.0,Nablus,AB+,Corporate,2025-06-16
2487,Hassan Najjar,Male,34.0,Nablus,O+,Government,2024-06-09
2488,Maya Othman,Female,42.0,Tulkarm,B+,Self-Pay,2024-04-24
2489,Noor Hamad,Female,43.0,Jenin,B-,Corporate,2025-10-20
2490,Mohammad Suleiman,Female,2.0,Salfit,O-,Private,2021-08-23
2491,Maya Hamad,Male,42.0,Jenin,B+,Corporate,2022-01-13
2492,Leen Nasser,Male,28.0,Gaza,A+,Government,2022-05-27
2493,Omar Khalil,Female,32.0,Gaza,B-,National Insurance,2021-08-19
2494,Leen Awwad,Male,73.0,Ramallah,A+,Self-Pay,2021-08-08
2495,Sara Othman,Female,16.0,Gaza,B+,Private,2025-11-15
2496,Lina Darwish,Female,60.0,Jericho,AB+,Self-Pay,2024-09-20
2497,Hassan Saleh,Male,37.0,Jericho,AB-,Government,2025-11-17
2498,Mahmoud Najjar,Female,37.0,Jenin,O+,Private,2022-06-01
2499,Ahmed Suleiman,Female,59.0,Gaza,A+,Private,2025-03-13
2500,Aya Taha,Female,50.0,Hebron,O+,Private,2025-12-10
2501,Ibrahim Saleh,Female,54.0,Jenin,B+,Self-Pay,2025-04-25
2502,Ahmed Najjar,Male,63.0,Salfit,O-,National Insurance,2022-09-13
2503,Mahmoud Shami,Male,36.0,Jenin,O-,Self-Pay,2022-07-07
2504,Khaled Najjar,Male,30.0,Bethlehem,B+,Private,2025-05-19
2505,Mahmoud Najjar,Female,20.0,Hebron,B+,Private,2022-07-03
2506,Lina Taha,Female,25.0,Ramallah,AB+,Corporate,2025-06-26
2507,Ibrahim Barakat,Male,95.0,Ramallah,A-,Government,2022-08-03
2508,Adam AbuAli,Male,69.0,Bethlehem,A+,Government,2021-02-10
2509,Sara Yasin,Female,14.0,Salfit,AB-,Private,2023-09-13
2510,Hassan Mansour,Male,15.0,Jenin,O+,National Insurance,2024-11-26
2511,Adam Hamad,Male,53.0,Jericho,AB-,Private,2023-02-18
2512,Rania Khatib,Male,54.0,Hebron,AB-,Private,2025-10-23
2513,Sara Qasem,Female,54.0,Hebron,AB-,Self-Pay,2022-04-12
2514,Noor Yasin,Male,37.0,Ramallah,A-,Corporate,2021-10-08
2515,Mahmoud Suleiman,Male,40.0,Hebron,O-,Self-Pay,2024-01-01
2516,Yousef Nasser,Female,49.0,Gaza,B-,Government,2022-03-24
2517,Lina Nasser,Male,44.0,Jenin,A+,Corporate,2023-04-18
2518,Mohammad Hamdan,Female,0.0,Hebron,A-,National Insurance,2022-04-30
2519,Salma Nasser,Male,38.0,Jenin,B-,Private,2023-09-02
2520,Adam Yasin,Male,25.0,Nablus,O-,Government,2025-06-18
2521,Noor Darwish,Male,46.0,Ramallah,B-,Corporate,2022-07-23
2522,Ahmed Suleiman,Female,95.0,Tulkarm,O-,Corporate,2024-11-26
2523,Khaled Awwad,female,50.0,Salfit,A+,National Insurance,2022-01-30
2524,Khaled Mansour,Male,36.0,Nablus,B+,Government,2025-08-22
2525,Hassan Othman,Male,62.0,Jenin,O-,Private,2024-09-17
2526,Aya AbuAli,Male,53.0,Nablus,A-,Government,2023-01-21
2527,Ibrahim Suleiman,Male,51.0,Ramallah,B+,Self-Pay,2023-02-14
2528,Ahmed Mansour,Female,55.0,Nablus,B+,Self-Pay,2021-08-11
2529,Yousef Mansour,Male,86.0,Ramallah,B+,Self-Pay,2021-08-11
2530,Noor AbuAli,Male,19.0,Jenin,AB-,Self-Pay,2021-11-19
2531,Salma Yasin,Male,52.0,Bethlehem,O+,Government,2024-06-05
2532,Aya Hamdan,Female,23.0,Jenin,B-,Private,2022-02-06
2533,Maya Jaber,Female,54.0,Qalqilya,O-,Private,2025-11-27
2534,Leen Nasser,Male,23.0,Nablus,B-,Corporate,2025-10-22
2535,Mohammad Yasin,Female,34.0,Jericho,B+,Private,2023-11-27
2536,Khaled Yasin,Male,36.0,Gaza,B-,Private,2023-11-08
2537,Salma Yasin,Male,63.0,Hebron,A-,National Insurance,2023-12-12
2538,Dana Khalil,Female,62.0,Jenin,AB-,Corporate,2021-10-06
2539,Khaled Hassan,Female,16.0,Bethlehem,B-,Government,2025-07-03
2540,Mahmoud Khalil,Male,44.0,Salfit,O-,Private,2023-05-15
2541,Dana Khalil,Female,28.0,Bethlehem,B+,,2025-10-02
2542,Sara Awwad,Male,16.0,Nablus,A+,Private,2025-11-03
2543,Ahmed Khalil,Female,38.0,Gaza,A-,Private,2024-11-09
2544,Hassan Najjar,Male,36.0,Bethlehem,AB-,Private,2025-06-01
2545,Salma Awwad,Male,93.0,Tulkarm,AB-,Self-Pay,2024-10-08
2546,Mohammad Taha,Female,52.0,Jenin,AB+,Government,2021-06-24
2547,Dana Saleh,Female,14.0,Jenin,O-,Corporate,2025-04-22
2548,Yousef Saleh,Male,31.0,Jenin,A+,National Insurance,2023-02-17
2549,Rania Hassan,Female,64.0,Bethlehem,A+,Private,2024-05-12
2550,Omar Awwad,Female,86.0,Hebron,O+,National Insurance,2024-07-27
2551,Sara Khalil,Female,9.0,Qalqilya,AB+,Corporate,2021-11-04
2552,Maya Barakat,Male,3.0,Hebron,O+,Government,2025-06-22
2553,Adam Taha,Male,82.0,Tulkarm,AB-,Private,2023-01-20
2554,Ibrahim Mansour,Female,51.0,Nablus,A+,Self-Pay,2021-04-19
2555,Noor Othman,Male,24.0,Jericho,O-,Corporate,2022-12-29
2556,Ahmed Khatib,Male,54.0,Gaza,A-,Private,2022-07-03
2557,Omar Nasser,Female,0.0,Jenin,A-,Corporate,2023-12-20
2558,Ahmed Hamdan,Female,43.0,Gaza,O-,Self-Pay,2025-12-09
2559,Mahmoud Taha,Male,49.0,Jericho,B-,Corporate,2024-08-19
2560,Yousef Barakat,Female,62.0,Hebron,B+,Private,2021-10-17
2561,Maya Khatib,Female,21.0,Gaza,AB+,,2022-09-02
2562,Khaled Awwad,Male,44.0,Jericho,B+,National Insurance,2025-01-19
2563,Hala Suleiman,Male,23.0,Ramallah,AB+,National Insurance,2021-06-18
2564,Aya Hassan,Female,48.0,Jenin,O+,Government,2022-12-28
2565,Lina Jaber,Male,24.0,Gaza,O+,Government,2025-01-16
2566,Lina Darwish,Male,34.0,Jenin,B-,Private,2024-10-01
2567,Yousef Najjar,Female,22.0,Jenin,O+,National Insurance,2025-11-03
2568,Ibrahim Taha,Male,56.0,Hebron,A-,National Insurance,2022-05-10
2569,Dana Taha,Male,61.0,Jenin,AB-,Government,2023-08-12
2570,Salma Hassan,Female,38.0,Nablus,AB+,Private,2025-10-13
2571,Ibrahim AbuAli,Male,43.0,Hebron,B-,National Insurance,2022-02-02
2572,Hala Hamdan,Female,12.0,Ramallah,O+,Government,2025-07-11
2573,Ali Nasser,Male,36.0,Ramallah,O-,Corporate,2023-08-14
2574,Mohammad Yasin,Male,41.0,Salfit,B-,Government,2024-04-30
2575,Yousef Othman,Female,95.0,Hebron,B+,Self-Pay,2024-08-11
2576,Sara AbuAli,Male,19.0,Jericho,A+,Private,2021-06-21
2577,Salma Taha,Female,73.0,Tulkarm,O+,Private,2023-08-04
2578,Hala Suleiman,Male,63.0,Nablus,B+,Government,2025-08-08
2579,Ahmed Awwad,Male,48.0,Tulkarm,O+,Private,2024-01-31
2580,Ali Khatib,Male,79.0,Hebron,O+,National Insurance,2023-08-26
2581,Rania Hamdan,Female,50.0,Salfit,A-,Self-Pay,2021-01-07
2582,Salma Othman,Female,51.0,Tulkarm,AB-,Government,2025-12-20
2583,Omar Khalil,Female,41.0,Salfit,A-,Private,2025-11-19
2584,Hala Hamad,Female,68.0,Ramallah,AB+,Government,2022-04-19
2585,Maya Taha,Female,66.0,Tulkarm,A+,Corporate,2021-10-13
2586,Noor Othman,Male,29.0,Gaza,B-,Corporate,2024-05-17
2587,Hala Saleh,Male,15.0,Hebron,O-,National Insurance,2022-11-18
2588,Sara Suleiman,Male,38.0,Ramallah,AB+,Private,2024-11-25
2589,Ibrahim Saleh,Female,26.0,Nablus,AB-,Private,2025-05-13
2590,Sara AbuAli,Female,41.0,Jericho,O+,Self-Pay,2025-06-08
2591,Omar Taha,Male,68.0,Ramallah,B+,Self-Pay,2025-05-18
2592,Ahmed Hassan,Male,33.0,Nablus,B-,National Insurance,2023-03-11
2593,Maya Khatib,Male,42.0,Nablus,O+,Government,2024-11-03
2594,Aya Khalil,Female,44.0,Hebron,A-,Government,2025-04-22
2595,Hassan Hamdan,Female,60.0,Tulkarm,A+,Self-Pay,2023-11-09
2596,Dana Mansour,male,0.0,Salfit,A-,Self-Pay,2024-07-06
2597,Rania Suleiman,Male,30.0,Salfit,B-,Corporate,2025-08-30
2598,Adam Jaber,Male,47.0,Ramallah,B-,National Insurance,2024-02-10
2599,Ahmed Taha,Female,68.0,Hebron,AB-,National Insurance,2022-05-02
2600,Rania Yasin,Male,32.0,Jericho,A+,Government,2022-04-24
2601,Lina Khatib,Male,3.0,Nablus,A-,National Insurance,2023-07-14
2602,Ahmed Khatib,Male,56.0,Qalqilya,AB-,Corporate,2024-04-04
2603,Yousef Jaber,Female,29.0,Salfit,B+,Private,2025-01-03
2604,Aya Hamdan,Male,18.0,Jericho,O+,Corporate,2024-03-18
2605,Maya Jaber,Female,29.0,Ramallah,AB+,Government,2024-01-02
2606,Lina Hamad,Female,39.0,Salfit,B-,Government,2022-11-08
2607,Leen Nasser,Female,30.0,Nablus,AB+,Corporate,2024-06-21
2608,Hassan Mansour,Male,0.0,Ramallah,B+,Government,2022-08-26
2609,Ali Suleiman,Female,61.0,Salfit,A+,Self-Pay,2024-06-28
2610,Ahmed Yasin,Female,69.0,Gaza,O+,Private,2023-07-26
2611,Noor Awwad,Female,56.0,Gaza,B-,National Insurance,2024-02-25
2612,Mahmoud Taha,Male,19.0,Tulkarm,AB-,Government,2023-12-02
2613,Ali Yasin,Male,38.0,Jenin,A+,Government ,2023-04-15
2614,Mohammad Saleh,Female,42.0,Tulkarm,A+,Corporate,2025-07-06
2615,Ali Barakat,Female,55.0,Qalqilya,B+,Self-Pay,2024-09-15
2616,Adam Khalil,Female,57.0,Salfit,O+,National Insurance,2023-04-14
2617,Yousef Othman,Male,27.0,Qalqilya,O-,Self-Pay,2021-07-21
2618,Ali Othman,Female,44.0,Salfit,AB-,Private,2022-05-31
2619,Hassan Hamdan,Female,52.0,Qalqilya,B+,Government,2024-04-18
2620,Ibrahim Taha,Female,73.0,Nablus,A+,Government,2023-09-07
2621,Mahmoud Awwad,Male,57.0,Qalqilya,O+,Corporate,2023-03-12
2622,Maya Khalil,Male,59.0,Ramallah,O+,,2022-02-18
2623,Yousef Khalil,Male,44.0,Salfit,AB-,Private,2021-04-09
2624,Yousef Barakat,Male,72.0,Salfit,AB+,Private,2022-08-24
2625,Salma Khalil,Female,51.0,Nablus,O-,Self-Pay,2025-05-04
2626,Khaled Taha,Male,24.0,Salfit,O-,Self-Pay,2024-07-08
2627,Ali Hassan,Female,72.0,Hebron,AB+,National Insurance,2021-02-04
2628,Rania Shami,Female,57.0,Salfit,AB+,Self-Pay,2021-11-29
2629,Omar Shami,Male,33.0,Jericho,O+,Government,2024-05-06
2630,Ali Qasem,Male,32.0,Qalqilya,A-,Self-Pay,2025-01-24
2631,Rania Barakat,Male,49.0,Gaza,A-,National Insurance,2021-02-16
2632,Maya Taha,Female,52.0,Ramallah,B-,Government,2022-02-20
2633,Aya AbuAli,Male,47.0,Gaza,AB-,National Insurance,2025-01-04
2634,Khaled Othman,Female,49.0,Jericho,A-,Self-Pay,2024-01-21
2635,Yousef Shami,Male,78.0,Hebron,B+,Private,2021-06-10
2636,Salma Mansour,Male,65.0,Jericho,A-,Government,2025-03-17
2637,Noor AbuAli,Female,47.0,Gaza,O-,Self-Pay,2024-01-24
2638,Leen Qasem,Female,62.0,Ramallah,B-,Government,2023-07-06
2639,Yousef Yasin,Female,21.0,Jenin,AB+,Corporate,2021-04-11
2640,Khaled Hamad,Female,51.0,Nablus,B+,Self-Pay,2022-08-26
2641,Hala Hassan,Male,80.0,Jericho,AB+,National Insurance,2021-04-19
2642,Mahmoud Shami,Male,38.0,Jenin,A-,Self-Pay,2023-08-22
2643,Dana Nasser,Male,25.0,Bethlehem,O-,Corporate,2021-12-15
2644,Khaled Khalil,Male,29.0,Gaza,A-,Self-Pay,2025-08-08
2645,Leen Yasin,Male,20.0,Ramallah,B-,National Insurance,2023-11-30
2646,Noor Mansour,Female,26.0,Bethlehem,O-,Government,2025-04-02
2647,Noor AbuAli,Male,35.0,Ramallah,B+,Corporate,2024-10-27
2648,Sara Suleiman,Male,13.0,Tulkarm,B-,Corporate,2025-03-17
2649,Aya Awwad,Female,43.0,Salfit,O+,Self-Pay,2024-10-26
2650,Mohammad Shami,Female,61.0,Nablus,O+,,2022-04-29
2651,Maya Taha,Male,23.0,Nablus,AB-,Private,2023-02-10
2652,Dana Saleh,Male,74.0,Gaza,B+,Government,2024-07-12
2653,Lina Darwish,,53.0,Ramallah,O+,National Insurance,2021-01-31
2654,Sara Yasin,Female,64.0,Ramallah,AB+,Self-Pay,2024-03-12
2655,Ali Khalil,Male,29.0,Ramallah,B+,National Insurance,2024-03-08
2656,Maya Shami,Male,60.0,Qalqilya,AB+,Government,2023-05-31
2657,Salma Khatib,Female,20.0,Qalqilya,A+,Government,2021-09-17
2658,Omar Darwish,Male,61.0,Salfit,B-,,2023-06-07
2659,Salma Hamdan,Female,46.0,Gaza,AB+,Corporate,2022-11-23
2660,Salma Taha,Male,54.0,Ramallah,AB+,,2023-07-15
2661,Dana Taha,Female,18.0,Nablus,O-,Private,2023-01-02
2662,Khaled AbuAli,Female,24.0,Bethlehem,O+,Self-Pay,2022-02-06
2663,Dana Mansour,Male,55.0,Salfit,O-,National Insurance,2023-02-19
2664,Yousef Khatib,Male,23.0,Bethlehem,O-,Corporate,2023-12-26
2665,Rania Barakat,Male,52.0,Salfit,O+,Corporate,2023-10-16
2666,Ali Saleh,Female,14.0,Qalqilya,B-,Self-Pay,2025-03-16
2667,Omar Yasin,Female,60.0,Qalqilya,A+,Self-Pay,2024-08-10
2668,Khaled AbuAli,Female,17.0,Nablus,AB+,Private,2024-09-20
2669,Lina Barakat,Female,54.0,Salfit,AB-,Self-Pay,2024-03-11
2670,Omar Awwad,Male,56.0,Gaza,AB+,Corporate,2021-12-27
2671,Sara Qasem,Female,28.0,Jenin,B+,Corporate,2023-03-17
2672,Aya Hamad,Female,55.0,Hebron,B+,National Insurance,2025-08-20
2673,Salma Jaber,Male,48.0,Hebron,B+,Corporate,2025-02-23
2674,Leen Hamdan,Female,31.0,Hebron,B-,Corporate,2024-03-18
2675,Mohammad Darwish,Female,21.0,Gaza,AB+,Private,2024-11-02
2676,Sara Mansour,Female,1.0,Bethlehem,B+,National Insurance,2023-03-08
2677,Khaled Hamad,Male,50.0,Jericho,B-,Government,2022-12-05
2678,Hala Khatib,Female,10.0,Ramallah,B-,Corporate,2021-08-06
2679,Dana Barakat,Female,45.0,Tulkarm,A+,Self-Pay,2023-11-29
2680,Adam Barakat,Female,37.0,Nablus,AB-,Self-Pay,2025-05-03
2681,Ibrahim Hamdan,Male,57.0,Nablus,B-,National Insurance,2024-07-10
2682,Salma Nasser,Male,36.0,Ramallah,O-,Corporate,2023-09-19
2683,Khaled Hassan,Male,36.0,Qalqilya,AB-,Corporate,2022-04-29
2684,Adam Hassan,Male,58.0,Tulkarm,B-,Self-Pay,2022-09-22
2685,Yousef Darwish,Female,50.0,Bethlehem,A-,National Insurance,2025-08-22
2686,Sara Othman,Male,49.0,Hebron,B+,National Insurance,2024-06-22
2687,Hassan Suleiman,Female,52.0,Qalqilya,A-,Government,2025-06-24
2688,Noor Shami,Female,10.0,Nablus,A+,Corporate,2022-06-29
2689,Ali Nasser,Female,58.0,Ramallah,A+,National Insurance,2021-12-30
2690,Aya Barakat,Male,55.0,Salfit,O-,Corporate,2021-05-04
2691,Salma Saleh,Female,21.0,Nablus,AB+,National Insurance,2021-09-23
2692,Mahmoud Taha,Female,37.0,Jericho,B+,Government,2022-11-09
2693,Dana Suleiman,Female,42.0,Nablus,AB-,Corporate,2023-11-04
2694,Noor Shami,Female,40.0,Jenin,AB+,Government,2021-10-11
2695,Rania Darwish,Female,50.0,Jenin,AB-,Corporate,2023-05-15
2696,Lina Darwish,Female,73.0,Gaza,B+,National Insurance,2024-06-12
2697,Mohammad Khalil,Female,65.0,Tulkarm,A+,Government,2025-10-09
2698,Ahmed Hassan,Male,15.0,Gaza,AB+,National Insurance,2024-08-02
2699,Mahmoud Hamad,Male,56.0,Ramallah,B-,Government,2024-08-09
2700,Mohammad Darwish,Female,70.0,Ramallah,B-,Private,2022-10-26
2701,Sara Najjar,Male,51.0,Qalqilya,B-,Self-Pay,2024-02-12
2702,Khaled Nasser,Female,65.0,Jenin,AB+,Corporate,2023-12-11
2703,Salma Barakat,Female,85.0,Salfit,O-,Government,2023-10-21
2704,Mahmoud Suleiman,Female,64.0,Bethlehem,AB+,Self-Pay,2021-11-03
2705,Ahmed Saleh,Female,48.0,Qalqilya,B+,National Insurance,2022-08-13
2706,Hassan Khalil,Male,64.0,Gaza,A-,Government,2022-01-25
2707,Yousef Saleh,Male,46.0,Salfit,B+,Private,2024-07-07
2708,Ibrahim Khatib,Male,43.0,Nablus,O+,Private,2025-12-19
2709,Yousef Taha,Male,35.0,Jericho,AB+,Self-Pay,2021-11-24
2710,Hassan Yasin,Female,75.0,Tulkarm,A+,Corporate,2021-12-05
2711,Rania Barakat,Male,25.0,Bethlehem,B+,Government,2022-12-18
2712,Rania Shami,Female,75.0,Jenin,AB-,Corporate,2024-07-09
2713,Adam Najjar,Male,53.0,Jericho,B+,Corporate,2021-03-08
2714,Sara Saleh,Male,13.0,Qalqilya,O-,Self-Pay,2024-09-08
2715,Dana AbuAli,Male,50.0,Jericho,A+,Corporate,2025-11-15
2716,Khaled Shami,Male,0.0,Bethlehem,B+,Private,2023-07-26
2717,Hassan Othman,Female,56.0,Hebron,B+,Private,2022-10-30
2718,Khaled Mansour,Male,61.0,Salfit,B-,Self-Pay,2025-12-11
2719,Khaled Nasser,Female,30.0,Tulkarm,A-,National Insurance,2022-04-29
2720,Dana Yasin,Male,45.0,Hebron,B+,National Insurance,2024-08-30
2721,Lina AbuAli,Male,84.0,Tulkarm,AB+,National Insurance,2023-05-06
2722,Mohammad Najjar,Female,32.0,Bethlehem,B-,Government,2025-07-14
2723,Maya Jaber,Male,20.0,Nablus,AB-,National Insurance,2025-11-08
2724,Adam Hamad,Female,74.0,Salfit,A-,Government,2023-07-05
2725,Salma Hamad,Female,84.0,Nablus,B+,Corporate,2021-12-24
2726,Aya Khalil,Male,43.0,Nablus,AB-,Government,2024-09-27
2727,Salma Shami,Female,64.0,Ramallah,B-,Self-Pay,2024-12-20
2728,Sara Saleh,Male,71.0,Gaza,B+,Private,2025-07-22
2729,Mohammad Saleh,Female,27.0,Jericho,A+,Corporate,2022-01-21
2730,Khaled Hassan,Male,32.0,,O-,Corporate,2025-07-19
2731,Aya Taha,Female,68.0,Tulkarm,B-,National Insurance,2024-09-28
2732,Hala Qasem,Male,78.0,Hebron,O+,Private,2025-06-24
2733,Omar Othman,Male,54.0,Jenin,AB+,Government,2023-03-06
2734,Yousef Hamad,Female,24.0,Ramallah,O-,Private,2022-12-12
2735,Khaled Othman,Male,84.0,Nablus,B+,Corporate,2021-12-09
2736,Leen Qasem,Male,31.0,Ramallah,AB+,Government,2023-09-06
2737,Adam Taha,Male,35.0,Nablus,B-,Private,2024-03-26
2738,Noor Najjar,Male,50.0,Hebron,O-,Private,2024-05-31
2739,Mohammad Saleh,Female,75.0,Nablus,B+,Government,2021-08-25
2740,Hassan Mansour,Male,60.0,Bethlehem,O+,Self-Pay,2025-03-22
2741,Ali Hassan,Male,51.0,Salfit,A-,Private,2021-08-19
2742,Maya Barakat,Male,52.0,Gaza,B+,Private,2021-09-05
2743,Salma Hassan,Female,43.0,Gaza,AB-,Corporate,2025-04-06
2744,Aya AbuAli,Male,54.0,Salfit,B-,Private,2022-08-25
2745,Leen Othman,Female,0.0,Jericho,AB-,Government,2024-01-04
2746,Ahmed Mansour,Female,36.0,Jenin,A-,Government,2025-04-15
2747,Ibrahim Mansour,Male,48.0,Ramallah,AB+,Private,2025-06-06
2748,Dana Barakat,Male,18.0,Tulkarm,A+,Corporate,2024-09-23
2749,Sara Saleh,Male,51.0,Salfit,AB+,Self-Pay,2021-09-21
2750,Ahmed Hamad,Male,38.0,Tulkarm,AB-,Self-Pay,2025-09-16
2751,Yousef Awwad,Male,79.0,Salfit,AB-,Government,2025-05-15
2752,Leen Najjar,Male,76.0,Ramallah,B-,Self-Pay,2021-08-31
2753,Ali Hamdan,Male,33.0,Jericho,AB-,Corporate,2022-10-31
2754,Dana Qasem,Female,39.0,Jenin,B+,Government,2025-09-30
2755,Ahmed Hamdan,Male,41.0,Gaza,A+,Government,2023-09-14
2756,Omar Suleiman,Male,33.0,Tulkarm,B+,Self-Pay,2022-04-18
2757,Dana Najjar,Female,47.0,Nablus,B+,Corporate,2024-06-22
2758,Omar Shami,Male,27.0,Jericho,O+,Corporate,2021-02-15
2759,Noor AbuAli,Male,19.0,Gaza,AB+,Corporate,2024-08-24
2760,Mohammad Darwish,Female,56.0,Jenin,B+,Private,2022-03-31
2761,Ibrahim Hassan,Male,56.0,Nablus,A-,Private,2024-06-15
2762,Lina Barakat,Female,26.0,Salfit,O-,National Insurance,2023-05-17
2763,Ibrahim Khatib,Male,61.0,Tulkarm,O-,Corporate,2024-10-18
2764,Lina Qasem,Female,29.0,Jericho,B+,Government,2022-05-30
2765,Rania Nasser,Male,48.0,Jenin,O-,Self-Pay,2021-01-06
2766,Mohammad Hassan,Male,60.0,Ramallah,A-,Self Pay,2022-03-01
2767,Ahmed Suleiman,Male,42.0,Ramallah,O-,Self-Pay,2022-07-20
2768,Yousef Najjar,Male,52.0,Jericho,A+,Corporate,2021-01-27
2769,Hala Nasser,Female,32.0,Bethlehem,A-,Government,2024-04-28
2770,Ahmed Nasser,Female,38.0,Nablus,O-,Private,2022-02-05
2771,Hala Hassan,Female,38.0,Bethlehem,A-,Government,2021-04-21
2772,Aya AbuAli,Female,27.0,Ramallah,A+,National Insurance,2023-01-10
2773,Hala Hamdan,Female,39.0,Jenin,B-,Self-Pay,2021-12-25
2774,Mohammad Othman,Male,10.0,Nablus,O+,Government,2022-12-16
2775,Dana Taha,Female,32.0,Bethlehem,O+,Self-Pay,2024-05-05
2776,Adam Najjar,Male,37.0,Hebron,A-,Corporate,2021-01-12
2777,Sara Othman,Male,37.0,Salfit,O+,Government,2025-08-12
2778,Aya Hamdan,Female,37.0,Jericho,O+,Government,2021-06-11
2779,Lina Hamad,Male,41.0,Qalqilya,B-,Government,2024-12-03
2780,Rania Awwad,Male,53.0,Nablus,AB+,Self-Pay,2023-04-30
2781,Noor Nasser,Female,61.0,Tulkarm,A+,Private,2025-06-17
2782,Mohammad Hassan,Female,29.0,Salfit,O-,Self-Pay,2021-09-12
2783,Adam Hassan,Male,17.0,Jenin,B-,Corporate,2025-04-23
2784,Dana Khalil,Female,21.0,Salfit,A+,National Insurance,2022-05-26
2785,Yousef Darwish,Male,32.0,Nablus,AB+,Corporate,2024-05-31
2786,Hala Hassan,Female,35.0,Salfit,O-,Self-Pay,2025-05-24
2787,Salma Taha,Female,26.0,Hebron,A-,Government,2023-08-07
2788,Leen Shami,Male,15.0,Jericho,O+,Corporate,2024-02-14
2789,Ibrahim Nasser,Female,33.0,Jericho,A-,Government,2022-03-19
2790,Rania Jaber,Male,46.0,Bethlehem,O-,Corporate,2022-06-30
2791,Mahmoud AbuAli,Male,55.0,Tulkarm,O+,Government,2022-03-08
2792,Hala Hamad,Female,31.0,Salfit,A-,Corporate,2023-07-03
2793,Ahmed Khalil,Female,34.0,Gaza,O+,Government,2021-02-23
2794,Hassan Shami,Male,23.0,Qalqilya,O-,Corporate,2025-09-26
2795,Khaled Nasser,Male,42.0,Jericho,A+,Government,2024-09-15
2796,Ahmed Hamdan,Male,25.0,Qalqilya,A-,Government,2023-01-27
2797,Salma Hamad,Female,55.0,Gaza,A-,Private,2023-06-30
2798,Ahmed Yasin,Female,5.0,Qalqilya,A+,Private,2024-01-25
2799,Maya Hamdan,Female,35.0,Qalqilya,B+,Government,2025-04-02
2800,Mohammad Shami,Female,49.0,Qalqilya,B-,Corporate,2023-06-21
2801,Hala Qasem,Female,46.0,Nablus,B+,Private,2025-07-21
2802,Ahmed Hamdan,Male,95.0,Jericho,O-,National Insurance,2023-08-28
2803,Yousef Mansour,male,50.0,Jericho,A-,National Insurance,2024-05-04
2804,Maya Khalil,Male,21.0,Gaza,O-,Corporate,2022-07-08
2805,Khaled Khatib,Female,40.0,Qalqilya,B+,Self-Pay,2025-01-27
2806,Maya Hamad,Female,5.0,Nablus,AB+,Private,2024-04-20
2807,Lina AbuAli,Male,41.0,Jenin,A-,Corporate,2023-05-18
2808,Mohammad Qasem,Female,25.0,Nablus,O-,Corporate,2024-08-08
2809,Mahmoud Mansour,Female,62.0,Jenin,B-,National Insurance,2025-01-20
2810,Maya Qasem,Male,31.0,Bethlehem,O+,Government,2022-08-23
2811,Omar Khatib,Female,40.0,Jenin,O+,Self-Pay,2024-01-25
2812,Mahmoud Hamdan,Female,29.0,Nablus,AB+,Self-Pay,2023-11-14
2813,Ibrahim Saleh,Male,79.0,Bethlehem,A+,Government,2024-02-23
2814,Sara Nasser,Female,36.0,Gaza,B+,,2024-04-02
2815,Mahmoud Suleiman,Female,81.0,Qalqilya,B+,Private,2023-10-27
2816,Leen AbuAli,Female,60.0,Qalqilya,O+,Corporate,2024-11-27
2817,Hala AbuAli,Male,53.0,Jericho,B+,National Insurance,2023-03-21
2818,Rania Saleh,Female,50.0,Salfit,A-,Self-Pay,2021-02-15
2819,Salma Khalil,Male,51.0,Jenin,A-,Government,2025-08-27
2820,Mohammad Hamad,Male,2.0,Tulkarm,B+,Government,2025-01-03
2821,Noor Nasser,Male,37.0,Hebron,O-,Self-Pay,2021-01-01
2822,Sara Mansour,Male,60.0,Nablus,AB+,National Insurance,2024-02-14
2823,Hala Nasser,Female,41.0,Tulkarm,A+,Government,2023-01-08
2824,Adam Jaber,Female,13.0,Gaza,AB+,Private,2024-06-16
2825,Mohammad Suleiman,Female,41.0,Nablus,B-,National Insurance,2022-07-15
2826,Ahmed Hamad,Female,,Jericho,A-,Self-Pay,2025-03-28
2827,Rania Khalil,Male,69.0,Jenin,A+,Corporate,2024-01-14
2828,Ahmed Barakat,Female,41.0,Qalqilya,B+,Private,2022-07-11
2829,Yousef Shami,Female,62.0,Jericho,A-,Government,2025-09-16
2830,Sara Khatib,Male,35.0,Jericho,O+,National Insurance,2024-01-24
2831,Noor Khatib,Male,7.0,Salfit,O+,Corporate,2024-01-31
2832,Aya Jaber,Female,23.0,Salfit,AB+,Private,2022-11-02
2833,Sara Hamad,Female,75.0,Tulkarm,A+,Private,2021-09-12
2834,Salma Saleh,Male,37.0,Nablus,O-,National Insurance,2022-05-20
2835,Maya Hassan,Female,37.0,Ramallah,A-,Self-Pay,2021-06-10
2836,Noor Hassan,Male,36.0,Salfit,O+,Government,2023-05-13
2837,Sara AbuAli,Female,82.0,Gaza,A-,Corporate,2024-04-01
2838,Adam Darwish,Female,77.0,Salfit,A+,Self-Pay,2023-09-22
2839,Ahmed Hassan,Male,89.0,Salfit,AB+,Government,2022-09-04
2840,Hala Hamad,male,39.0,Gaza,A+,National Insurance,2023-02-10
2841,Maya Hamdan,Female,49.0,Jericho,O-,Self-Pay,2021-04-13
2842,Sara Suleiman,Female,11.0,Gaza,A+,National Insurance,2022-10-07
2843,Noor Qasem,Female,74.0,Bethlehem,AB-,Corporate,2021-03-01
2844,Leen Shami,Female,18.0,Tulkarm,B-,Government,2025-05-20
2845,Hala Khatib,Male,47.0,Jericho,B+,Government,2025-10-22
2846,Lina Hamdan,Female,19.0,Jericho,B+,Government,2025-04-27
2847,Noor Darwish,Female,30.0,Nablus,A-,Self-Pay,2024-07-19
2848,Sara Khatib,Female,25.0,Hebron,A+,Private,2024-11-23
2849,Noor Mansour,Male,30.0,Ramallah,B+,Government,2022-08-26
2850,Khaled Shami,Female,31.0,Bethlehem,O-,National Insurance,2023-04-02
2851,Ali Darwish,Male,31.0,Jericho,A+,Private,2021-06-11
2852,Khaled Hamdan,Male,60.0,Ramallah,AB-,Corporate,2025-07-28
2853,Adam Yasin,Female,19.0,,A+,Corporate,2021-01-31
2854,Mohammad Najjar,Female,47.0,Bethlehem,O-,Corporate,2021-09-19
2855,Hassan Khalil,Male,68.0,Salfit,AB-,Self-Pay,2025-05-28
2856,Ahmed Hamdan,Female,32.0,Gaza,O+,National Insurance,2025-10-13
2857,Khaled Suleiman,Male,27.0,Gaza,A-,Government,2021-04-20
2858,Hassan Taha,Female,38.0,Hebron,O-,National Insurance,2022-04-12
2859,Noor Qasem,Female,67.0,Qalqilya,A+,Self-Pay,2024-02-09
2860,Lina Mansour,Female,47.0,Jenin,B+,National Insurance,2021-09-19
2861,Mohammad Yasin,Male,31.0,Qalqilya,AB-,National Insurance,2023-01-12
2862,Adam Hassan,Male,53.0,Jericho,AB+,National Insurance,2024-08-29
2863,Lina Jaber,Female,19.0,Tulkarm,B+,Government,2025-09-28
2864,Yousef Nasser,Male,57.0,Hebron,B+,Self-Pay,2022-08-08
2865,Dana Khatib,Female,51.0,Salfit,A-,Self-Pay,2023-06-17
2866,Maya Othman,Male,36.0,Jenin,B+,Self-Pay,2021-12-14
2867,Ahmed Othman,Female,25.0,Gaza,A-,Self-Pay,2022-12-26
2868,Ahmed Yasin,Male,24.0,Ramallah,O+,Government,2025-08-21
2869,Omar Hamdan,Female,54.0,Hebron,A+,Self-Pay,2024-05-31
2870,Mahmoud Darwish,Male,68.0,Jenin,B-,National Insurance,2025-10-03
2871,Mahmoud Jaber,Male,29.0,Nablus,A-,Corporate,2021-05-22
2872,Maya Shami,Female,52.0,Qalqilya,AB+,Corporate,2021-05-18
2873,Noor Qasem,Male,,Jenin,AB+,National Insurance,2024-10-04
2874,Lina Hamdan,Female,30.0,Jericho,A+,Corporate,2022-03-07
2875,Dana Qasem,Male,42.0,Bethlehem,B-,Self-Pay,2024-12-13
2876,Dana Nasser,Male,23.0,Tulkarm,B-,Corporate,2021-09-10
2877,Ali Yasin,Female,23.0,Qalqilya,AB+,Corporate,2025-02-14
2878,Maya Khatib,Female,28.0,Salfit,B+,Corporate,2021-05-05
2879,Ibrahim Darwish,Female,49.0,Salfit,B+,Self-Pay,2021-08-03
2880,Adam Shami,Male,39.0,Jenin,O+,Government,2021-03-16
2881,Yousef Khatib,Female,0.0,Jenin,B+,National Insurance,2021-09-28
2882,Hassan Yasin,Male,0.0,Salfit,O-,Government,2023-12-04
2883,Mahmoud AbuAli,Male,30.0,Gaza,A-,Corporate,2023-10-21
2884,Ahmed Barakat,Male,52.0,Salfit,B-,Government,2023-11-25
2885,Hala Hassan,Male,0.0,Gaza,B+,Private,2021-04-02
2886,Mohammad Awwad,Male,32.0,Hebron,B+,Private,2021-02-03
2887,Yousef Taha,Female,31.0,Bethlehem,O+,Self-Pay,2021-08-23
2888,Omar Awwad,Female,72.0,Jericho,A-,Private,2024-01-27
2889,Yousef Jaber,Male,34.0,Tulkarm,O+,Private,2022-08-15
2890,Omar AbuAli,Female,51.0,Tulkarm,B-,Private,2024-04-22
2891,Hala Hassan,Female,45.0,Jenin,O+,Corporate,2024-08-06
2892,Ali Othman,Female,0.0,Jenin,O+,Corporate,2022-10-10
2893,Mohammad Hassan,Male,59.0,Hebron,A+,Self-Pay,2025-09-07
2894,Maya Mansour,Male,47.0,Tulkarm,AB+,National Insurance,2025-03-01
2895,Leen Barakat,Female,53.0,Ramallah,AB-,Private,2024-11-12
2896,Omar Suleiman,Female,95.0,Jericho,O+,National Insurance,2021-07-08
2897,Yousef Awwad,Female,0.0,Tulkarm,AB+,Private,2024-12-22
2898,Yousef AbuAli,Female,79.0,Nablus,O-,Corporate,2022-10-26
2899,Mohammad Barakat,Female,36.0,Salfit,O-,Private,2023-12-07
2900,Salma Awwad,Female,49.0,Qalqilya,B-,Self-Pay,2023-05-10
2901,Dana Othman,Female,42.0,Qalqilya,B+,Self-Pay,2023-12-31
2902,Leen Hamad,Female,34.0,Gaza,O+,Corporate,2023-07-30
2903,Ahmed Taha,Male,31.0,Qalqilya,O+,Corporate,2024-02-12
2904,Hala Hamad,Male,49.0,Bethlehem,O-,Corporate,2021-05-29
2905,Lina Awwad,Female,11.0,Salfit,O+,Government,2023-01-14
2906,Aya Khalil,Female,58.0,Jericho,A+,Corporate,2022-04-30
2907,Ali Awwad,Male,34.0,Gaza,O+,National Insurance,2023-07-20
2908,Hala Hamad,Male,19.0,Jericho,A+,National Insurance,2021-06-11
2909,Dana Awwad,Female,33.0,Gaza,A-,Self-Pay,2023-01-10
2910,Sara Taha, MALE ,69.0,Ramallah,O-,Self-Pay,2023-07-25
2911,Ibrahim Khalil,Male,31.0,Bethlehem,AB+,Self-Pay,2024-05-18
2912,Khaled Khalil,Male,50.0,Qalqilya,B+,National Insurance,2021-07-08
2913,Salma Hamad,Female,27.0,Gaza,O+,National Insurance,2021-12-29
2914,Khaled Saleh,Female,58.0,Tulkarm,A-,Self-Pay,2021-04-20
2915,Adam Qasem,Female,57.0,Gaza,A-,Corporate,2022-12-11
2916,Ibrahim Qasem,Female,81.0,Nablus,AB-,Self-Pay,2025-05-16
2917,Hala Saleh,Male,39.0,Salfit,B+,Government,2025-09-26
2918,Lina Najjar,Male,57.0,Salfit,A+,Private,2021-05-10
2919,Maya AbuAli,Female,45.0,Jericho,AB+,Private,2023-07-30
2920,Khaled Othman,Male,70.0,,O-,Government,2023-10-28
2921,Khaled Yasin,Female,27.0,Jenin,A+,Private,2021-07-02
2922,Rania Taha,Male,58.0,Gaza,AB+,Self-Pay,2022-05-08
2923,Yousef Saleh,Female,38.0,Ramallah,O+,Corporate,2025-06-16
2924,Lina Awwad,Female,41.0,Ramallah,A+,National Insurance,2024-02-26
2925,Omar Khalil,Male,44.0,Salfit,AB-,Private,2024-06-04
2926,Khaled Shami,Male,48.0,Ramallah,AB-,Government,2023-05-26
2927,Yousef Hassan,Female,40.0,Hebron,O-,Private,2025-08-09
2928,Leen Saleh,Male,47.0,Nablus,A+,Self-Pay,2021-05-26
2929,Noor Hamad,Female,76.0,Nablus,A+,Self-Pay,2022-06-10
2930,Yousef Taha,Female,63.0,Qalqilya,AB-,National Insurance,2022-04-10
2931,Ali Hamad,Female,61.0,Jericho,B-,Self-Pay,2022-12-07
2932,Ali Khatib,Female,33.0,,O-,Private,2023-04-27
2933,Yousef Khatib,Male,24.0,Bethlehem,B-,National Insurance,2025-07-19
2934,Dana Khalil,Male,63.0,Ramallah,A+,National Insurance,2022-11-12
2935,Omar Saleh,Female,61.0,Qalqilya,O+,Government,2024-11-03
2936,Khaled Khalil,Female,73.0,Jenin,B-,National Insurance,2023-06-16
2937,Adam Taha,Male,30.0,Tulkarm,B+,Self-Pay,2023-12-22
2938,Omar Barakat,Female,38.0,Qalqilya,O+,Private,2025-03-07
2939,Noor Shami,Male,8.0,Salfit,B-,National Insurance,2025-12-30
2940,Ibrahim Yasin,Male,34.0,Qalqilya,AB+,Government,2022-10-14
2941,Mahmoud Barakat,Female,63.0,Jericho,B+,Corporate,2021-04-08
2942,Sara Darwish,Male,33.0,Bethlehem,O-,National Insurance,2024-12-14
2943,Omar Barakat,Female,56.0,Bethlehem,AB-,National Insurance,2021-06-13
2944,Lina Barakat,Male,38.0,Hebron,B+,Private,2024-05-01
2945,Omar Yasin,Female,49.0,Tulkarm,A-,Private,2023-10-08
2946,Ibrahim Awwad,Male,18.0,Hebron,A-,Private,2021-07-25
2947,Aya Taha,Female,44.0,Ramallah,A+,Government,2022-11-04
2948,Ibrahim Shami,Female,0.0,Nablus,B+,Government,2024-07-22
2949,Ahmed Barakat,Female,39.0,Hebron,AB-,National Insurance,2024-12-01
2950,Yousef Mansour,Male,8.0,Ramallah,B+,Government,2023-06-16
2951,Sara Hamad,Female,68.0,Nablus,A+,Government,2025-10-28
2952,Noor Hassan,Male,59.0,Tulkarm,A-,National Insurance,2022-03-16
2953,Khaled Qasem,Female,52.0,Bethlehem,AB-,Private,2023-06-17
2954,Ibrahim Hassan,Female,74.0,Ramallah,O-,Government,2025-09-26
2955,Ali Shami,Male,23.0,Tulkarm,AB-,Private,2022-04-18
2956,Yousef Hassan,Male,79.0,Jericho,AB+,Corporate,2022-03-19
2957,Ibrahim Awwad,Male,62.0,Salfit,A-,Private,2022-07-23
2958,Lina Saleh,Male,38.0,Hebron,O+,Private,2023-11-04
2959,Salma Jaber,Male,66.0,Ramallah,AB+,Corporate,2021-07-12
2960,Mahmoud Darwish,Male,19.0,Qalqilya,AB-,National Insurance,2025-04-06
2961,Mahmoud Qasem,Female,25.0,Gaza,A+,National Insurance,2023-03-06
2962,Yousef Hassan,Male,30.0,Jericho,O-,Corporate,2024-03-28
2963,Ahmed Awwad,Female,31.0,Salfit,O+,Corporate,2021-05-01
2964,Yousef Yasin,Female,20.0,Bethlehem,O-,National Insurance,2021-04-01
2965,Mahmoud Najjar,Female,68.0,Gaza,B-,Government,2024-03-13
2966,Ibrahim Jaber,Female,37.0,Hebron,A+,Private,2023-03-16
2967,Rania Shami,Female,50.0,Gaza,AB-,National Insurance,2021-01-17
2968,Hassan Mansour,Female,31.0,Nablus,A-,Self-Pay,2022-03-12
2969,Maya Darwish,Female,4.0,Gaza,O+,Government,2022-08-09
2970,Mohammad Shami,Female,48.0,Gaza,A+,Government,2024-09-16
2971,Leen Saleh,Male,2.0,Hebron,AB+,National Insurance,2025-10-20
2972,Mohammad Khalil,Male,41.0,Nablus,A+,Self-Pay,2025-09-15
2973,Omar Qasem,Male,14.0,Nablus,O+,Corporate,2022-06-03
2974,Mahmoud Awwad,Male,84.0,Ramallah,A-,Self-Pay,2023-03-16
2975,Aya AbuAli,Male,62.0,Salfit,A+,National Insurance,2024-10-21
2976,Sara Shami,Female,45.0,Salfit,O-,National Insurance,2025-10-22
2977,Leen Mansour,Male,69.0,Gaza,O+,National Insurance,2021-12-10
2978,Maya Hassan,Male,25.0,Hebron,O+,Government,2025-06-21
2979,Ahmed Saleh,Female,54.0,Tulkarm,AB-,Corporate,2022-01-18
2980,Yousef Hamdan,Female,47.0,Bethlehem,A+,Corporate,2021-09-16
2981,Ahmed Shami,Male,48.0,Ramallah,AB-,Government,2022-04-08
2982,Dana Awwad,,69.0,Hebron,O+,Self Pay,2021-07-22
2983,Salma Mansour,Male,58.0,Tulkarm,A-,Corporate,2024-03-19
2984,Rania Awwad,Female,49.0,Salfit,A-,Self-Pay,2021-08-06
2985,Mohammad Taha,Female,8.0,Hebron,AB-,National Insurance,2024-02-01
2986,Dana Khalil,Female,22.0,Salfit,O-,,2021-12-09
2987,Mohammad Barakat,Male,40.0,Nablus,AB-,Government,2023-09-08
2988,Dana Khatib,Male,44.0,Ramallah,O+,Corporate,2021-11-13
2989,Hala Hamad,Female,19.0,Gaza,AB+,National Insurance,2025-12-12
2990,Ibrahim Hassan,Male,93.0,Qalqilya,B+,Government,2025-01-19
2991,Rania Mansour,Male,74.0,Nablus,B+,Corporate,2022-03-14
2992,Salma Jaber,Male,55.0,Hebron,B+,Government,2021-05-02
2993,Adam Khalil,Female,44.0,Jenin,O-,National Insurance,2024-09-03
2994,Hassan Saleh,Male,38.0,Ramallah,O+,National Insurance,2024-03-28
2995,Salma Othman,Male,23.0,Gaza,A+,Government,2021-03-15
2996,Hassan Hassan,Female,44.0,Gaza,B-,Government,2021-09-25
2997,Aya Najjar,Female,48.0,Gaza,A-,Government,2023-02-03
2998,Hassan Hassan,Male,16.0,Qalqilya,A-,Self-Pay,2022-11-19
2999,Omar Suleiman,Female,50.0,Jericho,B-,Private,2024-10-29
3000,Omar Qasem,Male,39.0,Bethlehem,O-,Self-Pay,2022-12-30
3001,Maya Hamad,Male,2.0,Salfit,B-,Government,2025-04-22
3002,Yousef Awwad,Male,24.0,Salfit,A-,Self-Pay,2024-10-30
3003,Yousef Najjar,Female,34.0,Jericho,A+,Government,2024-04-07
3004,Hala Othman,Male,82.0,Nablus,AB+,Government,2025-09-21
3005,Dana Hamdan,Male,54.0,Salfit,O+,private,2021-11-29
3006,Ali Hamad,Male,14.0,Hebron,A-,Self-Pay,2023-09-25
3007,Ahmed Taha,Male,53.0,Tulkarm,O+,Corporate,2025-12-18
3008,Lina Suleiman,Female,10.0,Bethlehem,A+,Self-Pay,2022-04-24
3009,Maya Saleh,Male,65.0,Salfit,O+,National Insurance,2023-01-11
3010,Omar Jaber,Female,33.0,Jenin,AB+,Private,2023-06-23
3011,Noor Barakat,Male,41.0,Jenin,B-,Government,2024-03-08
3012,Noor Qasem,Male,70.0,Jenin,O+,Government,2023-07-19
3013,Hassan Saleh,Male,15.0,Jericho,B+,Self-Pay,2025-12-12
3014,Mohammad Khalil,Female,13.0,Gaza,AB+,Government,2025-05-29
3015,Noor Saleh,Female,30.0,Qalqilya,AB-,National Insurance,2024-10-11
3016,Ali Nasser,Male,64.0,Qalqilya,O-,Corporate,2024-11-08
3017,Salma Nasser,Female,11.0,Gaza,B-,National Insurance,2025-08-08
3018,Yousef Khatib,Female,0.0,Jenin,B-,Government,2024-02-21
3019,Sara AbuAli,Male,33.0,Jenin,O-,Government,2025-12-26
3020,Lina Hassan,Female,54.0,Qalqilya,B-,Government,not_a_date
3021,Adam Othman,Male,68.0,Hebron,A-,Private,2024-12-17
3022,Lina Taha,Female,33.0,Jericho,A+,National Insurance,2025-01-12
3023,Adam Qasem,Female,34.0,Jericho,AB+,Self-Pay,2022-11-09
3024,Aya Barakat,Female,67.0,Tulkarm,B-,National Insurance,2022-05-07
3025,Noor Qasem,Female,3.0,Jenin,O+,Self-Pay,2025-01-31
3026,Salma Taha,Female,34.0,Ramallah,O+,Government,2022-07-29
3027,Ali Khalil,Male,46.0,Tulkarm,AB+,National Insurance,2021-02-15
3028,Dana Awwad,Female,52.0,Salfit,AB+,Corporate,2021-06-29
3029,Sara Mansour,Female,32.0,Salfit,B+,National Insurance,2025-05-30
3030,Lina Hamad,Female,43.0,Jericho,AB+,Self-Pay,2022-01-08
3031,Mohammad AbuAli,Male,0.0,Bethlehem,AB+,Government ,2022-05-06
3032,Lina Hamad,Male,29.0,Jenin,B+,Self-Pay,2021-09-08
3033,Ibrahim Hassan,Female,52.0,Qalqilya,B-,Government,2025-06-12
3034,Khaled Suleiman,Male,22.0,Jenin,AB-,National Insurance,2022-03-14
3035,Omar Shami,Female,44.0,Hebron,O-,Government,2021-08-02
3036,Ahmed Awwad,Male,52.0,Bethlehem,AB-,Government,2021-10-18
3037,Mohammad Khalil,Female,35.0,Qalqilya,O-,Private,2024-02-15
3038,Adam Darwish,Male,46.0,Hebron,AB-,National Insurance,2025-02-22
3039,Khaled Suleiman,Female,22.0,Jenin,AB+,Self-Pay,2021-04-10
3040,Mohammad Najjar,Male,38.0,Gaza,A+,Corporate,2023-04-22
3041,Sara Saleh,Male,55.0,Bethlehem,O-,Self-Pay,2021-09-28
3042,Leen Suleiman,Female,46.0,Tulkarm,O+,Government,2022-02-04
3043,Aya Awwad,Male,30.0,Jenin,A+,Private,2025-04-13
3044,Lina Saleh,Female,47.0,Qalqilya,A-,Private,2023-01-23
3045,Sara Taha,Male,58.0,Nablus,A+,Government,2023-09-18
3046,Khaled Saleh,Male,0.0,Jenin,B+,National Insurance,2023-08-07
3047,Hassan Nasser,Female,67.0,Nablus,AB+,Government,2024-03-20
3048,Mohammad Othman,Female,35.0,Qalqilya,A-,Self-Pay,2021-12-03
3049,Omar Othman,Male,51.0,Hebron,O+,Corporate,2022-12-10
3050,Lina Saleh,Female,68.0,Gaza,A+,Corporate,2024-08-13
3051,Khaled Hamad,Female,14.0,Hebron,AB-,Government,2025-01-12
3052,Lina Khatib,Female,28.0,Hebron,B-,Government,2021-12-13
3053,Ali Shami,Male,36.0,Salfit,B-,Corporate,2024-05-20
3054,Salma Mansour,Male,26.0,Jenin,AB-,Self-Pay,2024-11-16
3055,Mahmoud Qasem,Male,79.0,Gaza,B-,Self-Pay,2023-05-25
3056,Yousef Taha,Female,25.0,Nablus,O-,Self-Pay,2021-07-07
3057,Omar Yasin,Female,31.0,Nablus,B+,Self-Pay,2024-05-28
3058,Rania Nasser,Male,47.0,Hebron,O+,Private,2021-07-22
3059,Ahmed Najjar,Male,17.0,Gaza,O+,Private,2022-12-27
3060,Dana AbuAli,Male,34.0,Ramallah,O-,Self-Pay,2024-12-19
3061,Adam Yasin,Female,49.0,Jericho,O-,Government,2022-10-27
3062,Aya Hamdan,Male,36.0,Gaza,B-,Government,2024-11-15
3063,Ali Saleh,Male,41.0,Qalqilya,A+,Private,2025-03-25
3064,Salma Jaber,Female,31.0,Gaza,AB-,Corporate,2024-10-04
3065,Leen Saleh,Male,11.0,Gaza,AB-,Self-Pay,2021-04-28
3066,Maya Mansour,Female,49.0,Hebron,AB-,,2023-03-09
3067,Mahmoud Najjar,Male,79.0,Ramallah,A-,Corporate,2021-04-24
3068,Adam Barakat,Female,43.0,Jenin,A-,Government,2021-01-13
3069,Rania Darwish,Male,47.0,Qalqilya,AB+,Private,2024-08-30
3070,Dana Darwish,Male,57.0,Nablus,A-,Government,2025-05-06
3071,Maya Mansour,Female,16.0,Nablus,AB+,Self-Pay,2022-04-15
3072,Leen Najjar,Female,78.0,Jericho,A-,National Insurance,2025-02-05
3073,Adam Najjar,Male,47.0,Tulkarm,AB-,National Insurance,2024-03-10
3074,Yousef Mansour,Male,77.0,Tulkarm,A-,Self-Pay,2025-01-15
3075,Adam Khalil,Male,27.0,Salfit,AB-,National Insurance,2023-05-28
3076,Adam Awwad,Male,81.0,Salfit,O+,Corporate,2022-03-10
3077,Leen Darwish,Female,59.0,Qalqilya,O-,National Insurance,2025-07-07
3078,Khaled Hassan,Female,54.0,Nablus,B+,Private,2022-06-04
3079,Khaled Suleiman,Male,47.0,Nablus,A-,Corporate,2025-11-11
3080,Rania Nasser,Male,37.0,Ramallah,B+,National Insurance,2021-05-31
3081,Hassan Hamad,Male,68.0,Jericho,O+,Self-Pay,2023-12-26
3082,Leen Shami,Female,45.0,Nablus,O-,Government,2021-06-01
3083,Khaled Suleiman,Female,1.0,Bethlehem,B-,Private,2025-06-23
3084,Salma Mansour,Male,19.0,Bethlehem,O+,Private,2023-08-01
3085,Sara Hamad,Female,39.0,Qalqilya,O+,National Insurance,2022-05-01
3086,Hassan Hamad,Female,49.0,Hebron,A-,Corporate,2021-07-07
3087,Maya Darwish,Female,41.0,Hebron,A+,Corporate,2024-10-08
3088,Leen Darwish,Male,68.0,Hebron,A-,Government,2021-04-04
3089,Khaled Nasser,Male,2.0,Tulkarm,A+,National Insurance,2023-09-23
3090,Maya Hamdan,Female,46.0,Salfit,O-,National Insurance,2023-09-10
3091,Ahmed Hassan,Male,4.0,Gaza,O+,Corporate,2023-08-09
3092,Maya Jaber,Female,58.0,Qalqilya,O+,Self-Pay,2023-04-02
3093,Ibrahim Hamad,Female,41.0,Salfit,O-,National Insurance,2025-12-18
3094,Yousef Suleiman,Male,51.0,Jericho,AB-,Self-Pay,2024-11-15
3095,Omar Hamdan,Female,24.0,Nablus,A+,Self-Pay,2022-05-16
3096,Lina Darwish,Male,69.0,Bethlehem,B-,Private,2024-04-20
3097,Maya Hamdan,Female,64.0,Salfit,B+,Self-Pay,2023-06-23
3098,Yousef Nasser,Female,55.0,Gaza,O+,Government,2022-10-20
3099,Hassan Hassan,Female,40.0,Salfit,O-,Private,2022-01-03
3100,Lina Qasem,Male,55.0,Gaza,B+,Self-Pay,2023-04-27
3101,Hassan Suleiman,Female,28.0,Hebron,A-,National Insurance,2024-06-11
3102,Ibrahim Taha,Female,60.0,Salfit,O+,National Insurance,2022-07-31
3103,Noor Suleiman,Male,77.0,Jenin,AB-,National Insurance,2025-11-27
3104,Ibrahim AbuAli,Female,,Jenin,A-,National Insurance,2024-06-07
3105,Mohammad Barakat,Male,27.0,Salfit,B-,National Insurance,2022-07-19
3106,Leen Shami,Female,50.0,Hebron,AB+,Self-Pay,2022-06-25
3107,Ahmed Taha,Male,15.0,Gaza,B-,Private,2024-04-30
3108,Sara Taha,Female,55.0,Gaza,O-,Government,2024-03-24
3109,Dana Taha,Female,52.0,Ramallah,B-,Government,2021-08-01
3110,Ahmed Hamad,Female,3.0,Gaza,A+,Government,2021-08-24
3111,Rania Hassan,Female,18.0,Tulkarm,AB+,Corporate,2022-12-14
3112,Hassan Jaber,Female,37.0,Tulkarm,AB-,Self-Pay,2025-06-28
3113,Leen Saleh,Male,36.0,Nablus,B-,Private,2021-03-29
3114,Ibrahim Hamdan,Female,17.0,Jenin,O+,Private,2021-10-31
3115,Salma AbuAli,Male,51.0,Nablus,B+,National Insurance,2021-08-07
3116,Ali Nasser,Male,48.0,Bethlehem,AB-,Self-Pay,2025-11-06
3117,Lina Taha,Female,38.0,Hebron,AB-,Corporate,2022-11-22
3118,Rania Awwad,Female,27.0,Ramallah,B-,Private,2022-06-19
3119,Lina Yasin,Female,65.0,Hebron,AB+,National Insurance,2023-03-24
3120,Maya AbuAli,Male,77.0,Ramallah,B-,Corporate,2024-02-02
3121,Lina Hassan,Male,32.0,Jenin,B+,Government,2025-08-25
3122,Noor Mansour,Male,30.0,Nablus,B-,Government,2022-09-27
3123,Aya Jaber,Male,53.0,Jenin,O+,Government,2024-09-05
3124,Mohammad Awwad,Female,35.0,Hebron,O-,Corporate,2023-05-02
3125,Hala Barakat,Male,40.0,Nablus,AB-,Government,2024-03-11
3126,Adam Barakat,Male,58.0,Gaza,A-,Self-Pay,2023-06-17
3127,Ibrahim Khalil,Female,2.0,Jenin,B-,Private,2022-09-11
3128,Hassan Darwish,Male,70.0,Gaza,B-,Corporate,2025-06-14
3129,Lina Hassan,Male,44.0,Gaza,AB+,Self-Pay,2023-03-12
3130,Sara Mansour,Female,34.0,Tulkarm,B+,Government,2022-02-16
3131,Ali Taha,Male,41.0,Salfit,B-,Private,2021-10-07
3132,Ahmed Saleh,Female,42.0,,A-,Government,2022-02-23
3133,Ahmed AbuAli,Male,6.0,Hebron,B-,National Insurance,2023-04-17
3134,Aya Shami,Male,74.0,Ramallah,O+,Self-Pay,2023-01-18
3135,Ahmed Shami,Female,43.0,Gaza,O-,Corporate,2024-06-03
3136,Lina Darwish,Male,52.0,Nablus,B+,National Insurance,2024-08-07
3137,Lina Othman,Male,62.0,Ramallah,B+,Government,2025-02-13
3138,Leen Yasin,Female,21.0,Bethlehem,B+,Government,2021-03-01
3139,Hassan Hamdan,Male,52.0,Nablus,B+,Corporate,2022-08-30
3140,Aya Khalil,Male,37.0,Ramallah,O-,Government,2021-12-01
3141,Ali Jaber,Male,60.0,Tulkarm,A+,Self-Pay,2025-07-26
3142,Noor Hamdan,Female,0.0,Ramallah,O-,Self-Pay,2022-10-20
3143,Adam Suleiman,Male,40.0,Salfit,B+,National Insurance,2021-04-13
3144,Maya Qasem,Male,30.0,Qalqilya,O-,Government,2025-06-04
3145,Rania Saleh,Female,52.0,Qalqilya,A-,Government,2021-11-15
3146,Sara Khatib,Male,52.0,Salfit,AB-,Self-Pay,2023-03-19
3147,Dana Jaber,Female,28.0,Qalqilya,B+,Government,2023-09-22
3148,Mahmoud Othman,Female,28.0,Salfit,A-,Government,2021-07-24
3149,Ali Khalil,Male,40.0,Nablus,A-,Corporate,2023-07-27
3150,Hala Hassan,Male,24.0,Tulkarm,O+,Corporate,2021-04-13
3151,Yousef Shami,Male,60.0,Bethlehem,AB+,Private,2025-06-23
3152,Mahmoud Khatib,Male,35.0,Tulkarm,A-,Corporate,2024-06-22
3153,Salma Hamdan,Female,0.0,Gaza,AB-,Private,2023-10-09
3154,Mohammad Mansour,Male,35.0,Gaza,O-,Self-Pay,2025-03-13
3155,Adam AbuAli,Male,21.0,Qalqilya,O-,Government,2021-12-01
3156,Ahmed Qasem,Female,8.0,Gaza,B+,Private,2023-02-09
3157,Khaled Barakat,Female,17.0,Jenin,O+,Government,2022-02-04
3158,Ahmed Yasin,Male,45.0,Hebron,AB+,National Insurance,2022-09-11
3159,Aya Awwad,Female,,Qalqilya,O-,Corporate,2024-05-12
3160,Leen Darwish,Male,49.0,Jenin,O-,Private,2025-07-06
3161,Khaled Awwad,Female,30.0,Salfit,O+,Corporate,2024-11-02
3162,Lina Khalil,Female,52.0,Hebron,O-,Self-Pay,2022-06-12
3163,Salma Mansour,Female,33.0,Jericho,B-,Government,2025-12-03
3164,Salma Darwish,Female,28.0,Hebron,AB+,Government,2023-07-16
3165,Rania Najjar,Female,18.0,Gaza,B+,National Insurance,2024-03-07
3166,Ali Awwad,Female,6.0,Ramallah,O+,National Insurance,2024-01-17
3167,Yousef Saleh,Male,34.0,Nablus,AB-,Corporate,2025-01-25
3168,Khaled Saleh,Female,46.0,Ramallah,A-,National Insurance,2025-11-06
3169,Noor Othman,Male,40.0,Gaza,AB-,National Insurance,2025-04-01
3170,Leen Barakat,Male,34.0,Jericho,B-,Self-Pay,2024-09-30
3171,Ali Suleiman,Male,23.0,Salfit,AB+,Government,2021-03-29
3172,Noor Barakat,Male,55.0,Tulkarm,AB+,Corporate,2023-11-20
3173,Ahmed Yasin,Female,15.0,,B-,Government,2025-01-22
3174,Mohammad AbuAli,Male,59.0,Nablus,AB+,Corporate,2023-12-31
3175,Mahmoud Mansour,Male,21.0,Ramallah,B+,Government,2021-07-13
3176,Khaled Khalil,Female,27.0,Jenin,A-,National Insurance,2024-01-08
3177,Ali Suleiman,Female,12.0,Qalqilya,O-,Self-Pay,2022-09-03
3178,Ahmed Nasser,Male,32.0,Qalqilya,AB-,National Insurance,2024-02-14
3179,Dana Hassan,Female,63.0,Jenin,AB+,Government,2025-09-11
3180,Ahmed Hassan,Female,53.0,Gaza,O-,Self-Pay,2024-07-31
3181,Hala Najjar,Male,63.0,Tulkarm,AB-,Self-Pay,2024-07-30
3182,Maya Jaber,Female,53.0,Jenin,A-,Corporate,2023-06-11
3183,Ali Othman,Female,19.0,Gaza,A-,Corporate,2021-10-16
3184,Noor Saleh,Male,36.0,Ramallah,B-,Government,2021-02-05
3185,Ibrahim Khalil,Male,26.0,Jenin,B+,Corporate,2022-06-03
3186,Dana Othman,Male,70.0,Jenin,O-,Corporate,2025-12-08
3187,Leen Nasser,Male,17.0,Bethlehem,O-,Government,2025-08-18
3188,Noor Hamad,Female,61.0,Salfit,A-,Government,2023-11-19
3189,Hassan Nasser,Male,61.0,Nablus,B-,Self-Pay,2023-05-15
3190,Noor Awwad,Male,81.0,Nablus,A+,Private,2022-12-14
3191,Hassan Mansour,Female,34.0,Hebron,O+,Government,2025-11-23
3192,Mohammad Awwad,Female,57.0,Nablus,AB-,Government,2022-07-08
3193,Mahmoud Taha,Male,90.0,Qalqilya,A+,National Insurance,2024-02-07
3194,Khaled Suleiman,Male,30.0,Salfit,A+,Private,2023-07-13
3195,Maya Yasin,Female,10.0,Gaza,O-,Self-Pay,2022-05-15
3196,Mahmoud Mansour,Male,3.0,Qalqilya,O+,Government,2022-03-16
3197,Rania Suleiman,Male,57.0,Qalqilya,AB-,Private,2025-12-14
3198,Dana Barakat,Male,3.0,Jericho,O-,Private,2022-05-23
3199,Noor Yasin,Female,35.0,Ramallah,A+,Private,2022-01-24
3200,Ali Taha,Male,52.0,Hebron,B-,Corporate,2021-11-09
3201,Mohammad Yasin,Male,46.0,Tulkarm,B+,Self-Pay,2025-02-18
3202,Salma Khalil,Female,51.0,Tulkarm,A+,Self-Pay,2023-09-15
3203,Rania Barakat,Male,47.0,Nablus,O+,National Insurance,2025-08-18
3204,Leen Mansour,Male,69.0,Qalqilya,A-,National Insurance,2022-05-22
3205,Yousef Khatib,Male,23.0,Bethlehem,O-,Self-Pay,2021-08-28
3206,Aya Taha,Male,28.0,Tulkarm,O+,Corporate,2025-10-14
3207,Dana AbuAli,Female,26.0,Tulkarm,O-,Government,2025-02-13
3208,Ahmed Saleh,Female,60.0,Jericho,AB-,,2023-12-30
3209,Maya Mansour,Female,61.0,Salfit,A-,Government,2022-10-25
3210,Aya Othman,Female,52.0,Salfit,B+,National Insurance,2022-10-30
3211,Mahmoud Khatib,Female,67.0,Jericho,A+,Self-Pay,2025-02-20
3212,Ibrahim Saleh,Male,18.0,Bethlehem,AB+,,2021-10-20
3213,Salma Suleiman,Female,78.0,Salfit,AB+,Private,2025-04-15
3214,Aya Hamad,Female,74.0,Bethlehem,A+,Corporate,2021-01-08
3215,Dana Khatib,Female,58.0,Jenin,O-,National Insurance,2024-02-20
3216,Lina Khatib,Female,80.0,Jericho,AB+,Private,2023-11-09
3217,Hassan Khatib,Female,8.0,Ramallah,O+,Self-Pay,2022-05-12
3218,Ibrahim Shami,Female,31.0,Hebron,O+,Corporate,2024-01-04
3219,Dana Nasser,Female,27.0,Jenin,A+,National Insurance,2022-08-17
3220,Sara Awwad,Male,58.0,Qalqilya,O+,Private,2022-11-01
3221,Khaled Nasser,Male,20.0,Gaza,O+,Government,2023-07-29
3222,Omar Barakat,Female,58.0,Jenin,A+,Private,2025-09-17
3223,Dana Mansour,Female,71.0,Qalqilya,AB+,National Insurance,2023-12-02
3224,Mohammad AbuAli,Male,57.0,Qalqilya,B-,Private,2022-11-07
3225,Rania Jaber,Male,48.0,Salfit,O-,National Insurance,2025-09-03
3226,Mohammad Yasin,Female,22.0,Jericho,B-,Private,2021-11-02
3227,Aya Qasem,Male,25.0,Nablus,A+,Government,2021-04-05
3228,Lina Barakat,Female,69.0,Ramallah,AB-,Government,2021-02-05
3229,Lina Barakat,Female,59.0,Ramallah,AB+,Corporate,2022-01-28
3230,Aya Yasin,Female,42.0,Jericho,O-,Corporate,2021-04-17
3231,Hala Najjar,Male,34.0,Ramallah,O-,Government,2023-04-29
3232,Omar Awwad,Male,0.0,Hebron,O+,National Insurance,2025-12-25
3233,Mohammad Hassan,Male,20.0,Jenin,AB+,National Insurance,2022-06-01
3234,Ali Khatib,Male,83.0,Jericho,O-,National Insurance,2024-09-24
3235,,Female,16.0,Tulkarm,B+,National Insurance,2021-03-21
3236,Maya Saleh,Male,46.0,Ramallah,AB-,National Insurance,2024-06-05
3237,Salma Suleiman,Female,64.0,Gaza,AB-,Self-Pay,2025-04-23
3238,Khaled Mansour,Male,16.0,Ramallah,A+,National Insurance,2022-04-29
3239,Hassan Jaber,Female,46.0,Nablus,AB+,Self-Pay,2022-09-22
3240,Rania Barakat,Female,62.0,Qalqilya,AB+,National Insurance,2023-02-02
3241,Salma AbuAli,Female,43.0,Tulkarm,B+,Private,2025-10-03
3242,Mahmoud Yasin,Male,95.0,Tulkarm,A+,Self-Pay,2025-08-28
3243,Yousef Saleh,Female,7.0,Tulkarm,AB-,Government,2021-07-28
3244,Khaled Khatib,Male,65.0,Nablus,B-,Self-Pay,2021-09-19
3245,Khaled Khalil,Male,39.0,Bethlehem,B-,Government,2024-07-21
3246,Aya Najjar,Male,59.0,Jericho,AB+,Corporate,2024-08-08
3247,Dana AbuAli,Female,52.0,Qalqilya,AB-,National Insurance,2024-02-09
3248,Sara Mansour,Male,27.0,Salfit,AB+,Government,2024-10-27
3249,Lina Saleh,Female,47.0,Ramallah,O+,Private,2023-10-26
3250,Sara Najjar,Female,3.0,Salfit,A-,Self-Pay,2021-05-17
3251,Omar Darwish,Male,55.0,Qalqilya,A+,National Insurance,2022-09-24
3252,Salma Khalil,Female,49.0,Bethlehem,O-,National Insurance,2022-07-06
3253,Rania AbuAli,Female,56.0,Hebron,AB-,Government,2022-09-02
3254,Aya Taha,Female,65.0,Ramallah,O-,Private,2022-12-31
3255,Leen Jaber,Female,50.0,Hebron,AB+,National Insurance,2025-10-02
3256,Salma Othman,Male,46.0,Tulkarm,B-,Self-Pay,2023-11-12
3257,Dana Awwad,Male,24.0,Hebron,A-,Corporate,2022-03-22
3258,Noor Khalil,Male,28.0,Hebron,B-,Corporate,2024-05-15
3259,Khaled Suleiman,Male,67.0,Qalqilya,O-,Corporate,2024-01-01
3260,Khaled Yasin,Male,73.0,Tulkarm,B+,Self-Pay,2024-01-18
3261,Rania Othman,Male,37.0,Jenin,O+,Government,2022-10-10
3262,Yousef Darwish,Male,43.0,Ramallah,O-,National Insurance,2023-04-17
3263,Sara Othman,Female,24.0,Hebron,O-,Corporate,2021-04-13
3264,Mohammad Taha,Male,67.0,Tulkarm,O+,,2022-01-21
3265,Ibrahim Hamdan,Female,56.0,Bethlehem,A-,Self-Pay,2023-06-26
3266,Maya Mansour,Female,83.0,Salfit,A-,National Insurance,2022-04-05
3267,Hassan Barakat,Male,24.0,Salfit,AB+,Self-Pay,2024-07-12
3268,Noor Hamdan,Female,35.0,Nablus,A+,Private,2021-08-18
3269,Omar Yasin,Female,47.0,Bethlehem,B-,,2021-02-04
3270,Dana AbuAli,Female,56.0,Gaza,A-,Private,2024-01-12
3271,Salma Suleiman,Female,38.0,Jenin,B+,National Insurance,2023-03-10
3272,Adam Taha,Female,24.0,Salfit,O-,Corporate,2023-01-30
3273,Aya Mansour,Female,61.0,Bethlehem,AB-,Corporate,2022-12-15
3274,Hala Saleh,Male,58.0,Salfit,A+,Government,2021-10-21
3275,Yousef Shami,Female,23.0,Qalqilya,A-,Government,2022-09-05
3276,Hala Yasin,Male,71.0,Salfit,O-,Private,2023-08-05
3277,Ahmed Darwish,Female,67.0,Jenin,AB-,Private,2025-06-06
3278,Adam Othman,Female,45.0,Bethlehem,B+,Corporate,2023-03-13
3279,Hala Nasser,Male,44.0,Gaza,B-,Private,2022-03-06
3280,Hala Taha,Female,54.0,Jericho,A-,Private,2024-03-29
3281,,Female,24.0,Qalqilya,A-,National Insurance,2022-11-21
3282,Leen Awwad,Male,43.0,Salfit,B+,Private,2023-07-01
3283,Aya Hamad,Male,0.0,Tulkarm,AB-,Government,2024-02-22
3284,Noor Suleiman,Male,61.0,Hebron,AB-,Private,2024-07-10
3285,Sara Taha,Male,10.0,Bethlehem,A+,National Insurance,2022-02-04
3286,Ali Barakat,Male,74.0,Ramallah,A-,Corporate,2022-05-09
3287,Leen Khalil,Male,36.0,Hebron,B+,Corporate,2023-08-30
3288,Ibrahim Saleh,Female,38.0,Tulkarm,A-,Government,2025-01-21
3289,Noor Hassan,Male,29.0,Qalqilya,AB-,Corporate,2025-06-22
3290,,Male,36.0,Nablus,AB+,National Insurance,2021-05-05
3291,Ali Jaber,Male,72.0,Bethlehem,B-,Self-Pay,2021-05-23
3292,Sara Taha,Female,0.0,Hebron,O+,Self-Pay,2021-10-14
3293,Aya Khalil,Male,69.0,Tulkarm,O+,Corporate,2022-05-18
3294,Hassan Qasem,Male,50.0,Salfit,A+,Private,2024-07-07
3295,Sara Yasin,Female,17.0,Jericho,A-,National Insurance,2024-07-20
3296,Ibrahim Shami,Male,20.0,Ramallah,AB-,Self-Pay,2025-08-08
3297,Maya AbuAli,Female,78.0,Salfit,B+,National Insurance,2022-12-12
3298,Mohammad Nasser,Female,23.0,Jenin,B-,Self-Pay,2024-10-22
3299,Salma Hassan,Male,18.0,Qalqilya,B-,Self-Pay,2023-09-23
3300,Khaled Shami,Male,66.0,Gaza,O+,Self-Pay,2023-04-20
3301,Ahmed Darwish,Male,50.0,Jenin,B+,Corporate,2021-06-18
3302,Maya Hamdan,Female,23.0,Ramallah,O+,Private,2021-03-13
3303,Mohammad Khatib,Female,47.0,Tulkarm,B-,National Insurance,2024-01-02
3304,Ibrahim Suleiman,Female,21.0,Nablus,AB-,Private,2021-03-18
3305,Hassan Yasin,Male,66.0,Gaza,O-,Government,2021-01-17
3306,Adam Saleh,Female,65.0,Jericho,B-,Self-Pay,2021-10-03
3307,Hala Nasser,Female,54.0,Jenin,AB+,Self-Pay,2021-08-26
3308,Hala Hamad,Male,50.0,Salfit,AB-,Government,2021-02-14
3309,Leen Suleiman,Male,79.0,Jericho,O-,Self-Pay,2022-06-17
3310,Salma Awwad,Male,42.0,Gaza,AB+,Corporate,2023-11-09
3311,Aya Hamdan,Female,18.0,Tulkarm,A-,Government,2025-08-30
3312,Sara Yasin,Female,52.0,Gaza,O-,Private,2023-07-18
3313,Adam Othman,Male,86.0,Jericho,A-,Private,2025-04-01
3314,Maya Hamdan,Male,21.0,Hebron,AB+,Government,2024-04-24
3315,Hala Taha,Male,35.0,Qalqilya,O-,Government,2024-01-29
3316,Rania Shami,Female,51.0,Qalqilya,B-,Government,2022-03-16
3317,Maya Jaber,Female,41.0,Bethlehem,A+,National Insurance,2021-07-13
3318,Mahmoud Awwad,Male,22.0,Salfit,A-,National Insurance,2022-01-31
3319,Hala Suleiman,Male,66.0,Gaza,B+,Self-Pay,2021-09-30
3320,Lina Hamdan,Male,91.0,Nablus,AB+,Private,2024-09-03
3321,Khaled AbuAli,Male,47.0,Salfit,A+,National Insurance,2023-07-12
3322,Aya Saleh,Male,24.0,Jenin,AB+,Private,2021-02-10
3323,Omar Najjar,Female,10.0,Ramallah,B-,Government,2022-07-09
3324,Lina AbuAli,Male,48.0,Nablus,O-,Corporate,2022-09-26
3325,Mohammad Saleh,Male,66.0,Jenin,O-,Private,2024-04-17
3326,Dana Najjar,Male,52.0,Jericho,AB+,Corporate,2023-04-14
3327,Hassan Mansour,Male,42.0,Tulkarm,A-,Self-Pay,2025-09-21
3328,Ibrahim Saleh,Male,30.0,Jenin,A+,National Insurance,2025-09-01
3329,Hassan Mansour,Female,20.0,Ramallah,A-,Corporate,2025-08-24
3330,Salma Hassan,Male,60.0,Hebron,AB+,Self-Pay,2023-12-13
3331,Noor Nasser,Female,62.0,Hebron,A+,Self-Pay,2021-01-25
3332,Ali Yasin,Female,10.0,Bethlehem,B+,Private,2021-11-07
3333,Omar Hassan,Female,76.0,Hebron,O+,Self-Pay,2025-01-17
3334,Ali Khalil,Female,55.0,Hebron,O+,Corporate,2024-04-09
3335,Ahmed Awwad,Female,72.0,Bethlehem,O-,Corporate,2022-10-04
3336,Ahmed Hassan,Male,14.0,Bethlehem,B-,Government,2022-11-15
3337,Leen Awwad,Male,14.0,Bethlehem,B-,Corporate,2023-08-04
3338,Yousef Othman,Male,39.0,Bethlehem,B+,Government,2021-07-11
3339,Mohammad Othman,Female,53.0,Salfit,A+,Corporate,2023-08-26
3340,Yousef Barakat,Female,80.0,Gaza,B+,Private,2021-02-21
3341,Adam Darwish,Female,57.0,Jericho,A-,Self-Pay,2021-08-16
3342,Leen Mansour,Male,37.0,Bethlehem,A+,Self-Pay,2022-06-10
3343,Ibrahim AbuAli,Female,21.0,Nablus,B+,Government,2025-04-05
3344,Ibrahim Jaber,Male,68.0,Gaza,AB-,Government,2021-07-10
3345,Maya Awwad,Male,22.0,Tulkarm,B+,Government,2024-04-18
3346,Adam Khalil,Male,77.0,Nablus,AB+,National Insurance,2025-02-28
3347,Aya Najjar,Male,37.0,Jericho,A+,Government,2024-10-13
3348,Khaled Suleiman,Female,76.0,Tulkarm,A-,Government,2021-09-25
3349,Rania Suleiman,Male,57.0,Bethlehem,AB+,Corporate,2021-02-19
3350,,Female,40.0,Tulkarm,AB-,Private,2023-02-22
3351,Omar Saleh,Male,32.0,Ramallah,A-,National Insurance,2024-01-05
3352,Leen Khalil,Male,35.0,Jericho,O+,National Insurance,2025-02-09
3353,Salma Yasin,Female,51.0,Jenin,O-,Corporate,2023-05-27
3354,,Male,44.0,Hebron,O-,Self-Pay,2021-05-01
3355,Ahmed Taha,Female,30.0,Jenin,O-,National Insurance,2021-02-18
3356,Hala AbuAli,Female,39.0,Qalqilya,A-,Corporate,2021-08-13
3357,Leen Hassan,Female,44.0,Jenin,B+,Private,2023-06-15
3358,Ibrahim Hassan,Male,0.0,Jericho,B-,Self-Pay,2024-05-30
3359,Ali Othman,Female,52.0,Hebron,AB+,Corporate,2022-07-05
3360,Hala Suleiman,Female,22.0,Bethlehem,A+,Corporate,2021-11-20
3361,Mohammad AbuAli,Female,18.0,Tulkarm,AB+,Self-Pay,2022-01-19
3362,Ali Awwad,Male,7.0,Ramallah,B+,Government,2025-03-03
3363,Rania Saleh,Male,5.0,Tulkarm,AB-,Private,2025-12-05
3364,Hassan Othman,Male,14.0,Nablus,A+,Private,2024-01-29
3365,Hala Barakat,Male,28.0,Jenin,O+,Self-Pay,2022-05-06
3366,Leen Nasser,Male,84.0,Nablus,A-,Private,2022-06-01
3367,Mohammad Barakat,Male,31.0,Nablus,A-,Self-Pay,2024-03-08
3368,Ali AbuAli,Male,46.0,,B-,Self-Pay,2025-02-28
3369,Leen Yasin,Female,51.0,Salfit,A+,Self-Pay,2021-01-19
3370,Dana Darwish,Female,45.0,Qalqilya,A-,Corporate,2023-05-21
3371,Rania Hamdan,Female,41.0,Hebron,A+,Private,2021-02-17
3372,Salma Hamad,Female,17.0,Hebron,B-,Self-Pay,2021-09-01
3373,Mohammad AbuAli,Female,73.0,Ramallah,A-,Corporate,2025-12-13
3374,Yousef Darwish,Male,80.0,Salfit,AB-,National Insurance,2022-11-07
3375,Hala Saleh,Female,7.0,Gaza,A+,Government,2024-07-26
3376,Adam Awwad,Male,21.0,Tulkarm,B-,National Insurance,2025-04-11
3377,Mahmoud Hamdan,Female,37.0,Jericho,A+,Self-Pay,2022-10-21
3378,Maya Hamad,Female,22.0,Jenin,AB+,Self-Pay,2023-06-04
3379,Aya Saleh,Male,53.0,Ramallah,A+,Corporate,2021-10-10
3380,Adam Awwad,Male,27.0,Qalqilya,A-,Corporate,2021-11-08
3381,Ali AbuAli,Female,88.0,Salfit,AB+,Private,2021-11-02
3382,Maya Saleh,Male,68.0,Qalqilya,AB-,Corporate,2025-12-23
3383,Yousef Najjar,Female,47.0,Tulkarm,B+,Self-Pay,2022-04-11
3384,Lina Othman,Female,64.0,Jenin,B+,Government,2022-12-07
3385,Aya Awwad,Male,66.0,Jenin,A-,Government,2024-06-23
3386,Mohammad Yasin,Male,31.0,Qalqilya,AB-,Private,2024-01-30
3387,Mohammad Suleiman,Male,25.0,Gaza,AB-,National Insurance,2024-03-02
3388,Ahmed Jaber,Female,44.0,Ramallah,A+,Private,2023-08-10
3389,Salma Mansour,Male,61.0,Nablus,AB+,Self-Pay,2023-04-17
3390,Ahmed Hassan,Male,45.0,Gaza,B-,Corporate,2021-10-21
3391,Aya Khalil,Male,9.0,Ramallah,B+,Government,2021-09-18
3392,Leen Suleiman,Male,26.0,Tulkarm,A-,Government,2021-03-02
3393,Adam Yasin,Female,41.0,Nablus,O-,Self-Pay,2023-06-11
3394,Sara AbuAli,Female,41.0,Jenin,O+,Private,2025-11-28
3395,Ibrahim Mansour,Male,84.0,Bethlehem,O+,Government,2025-10-12
3396,Ibrahim Barakat,Male,13.0,Ramallah,A-,National Insurance,2022-04-30
3397,Ahmed Qasem,Female,53.0,Hebron,AB+,Self-Pay,2025-09-28
3398,Ali Hamdan,Male,74.0,Tulkarm,O+,Private,2023-10-03
3399,Noor Yasin,Male,90.0,Gaza,AB-,Private,2025-03-15
3400,Ali Shami,Male,34.0,Jericho,O-,Private,2023-11-10
3401,Maya Suleiman,Female,53.0,Tulkarm,O+,Government,2025-10-19
3402,Ali Hamdan,Male,54.0,Salfit,O-,Self-Pay,2025-10-12
3403,Dana Shami,Female,47.0,Salfit,AB+,Self-Pay,2023-08-15
3404,Yousef Mansour,Male,40.0,Hebron,AB-,Private,2021-03-16
3405,Noor Nasser,Female,52.0,Qalqilya,O-,National Insurance,2021-10-26
3406,Ali AbuAli,Female,0.0,Jenin,B-,National Insurance,2021-04-20
3407,Ibrahim Suleiman,Female,57.0,Qalqilya,B+,Private,2021-11-05
3408,Yousef Darwish,Female,45.0,Jenin,AB-,Government,2023-01-01
3409,Adam Hamad,Male,38.0,Nablus,O+,National Insurance,2025-06-29
3410,Ibrahim Khalil,Male,85.0,Ramallah,O-,Government,2024-01-25
3411,Dana Khalil,Male,28.0,Bethlehem,B-,Private,2025-10-22
3412,Noor AbuAli,Female,34.0,Hebron,AB-,private,2025-06-04
3413,Ibrahim Taha,Male,84.0,Ramallah,AB+,Corporate,2025-06-30
3414,Noor Yasin,Male,25.0,Jericho,O+,National Insurance,2025-11-09
3415,Ahmed Qasem,Male,31.0,Ramallah,A+,Government,2021-07-06
3416,Khaled Qasem,Female,39.0,Hebron,AB+,Private,2025-07-01
3417,Khaled AbuAli,Male,60.0,Ramallah,O+,Private,2022-09-29
3418,Salma Taha,Female,47.0,Nablus,B-,Self-Pay,2021-10-19
3419,Mohammad Taha,Female,15.0,Nablus,A+,Government,2021-12-01
3420,Omar Othman,Male,31.0,Salfit,O-,Corporate,2025-08-23
3421,Leen Khatib,Male,30.0,Ramallah,A-,National Insurance,2021-03-08
3422,Ahmed Othman,Female,41.0,Bethlehem,A-,Government,2021-08-08
3423,Rania Nasser,Female,51.0,Qalqilya,O+,Private,2025-05-18
3424,Mohammad Barakat,Male,51.0,Tulkarm,A+,Corporate,2022-06-14
3425,Mohammad Hamad,Female,5.0,Bethlehem,AB-,National Insurance,2021-01-20
3426,Mohammad Khalil,Male,65.0,Bethlehem,AB-,Government,2022-11-23
3427,Hala Mansour,Male,48.0,Nablus,O-,Government,2024-02-18
3428,Hala Shami,Male,72.0,Bethlehem,B+,Self-Pay,2024-05-11
3429,Omar AbuAli,Female,52.0,Ramallah,O+,Private,2023-05-24
3430,Ahmed Yasin,Male,66.0,Salfit,O-,Government,2021-09-23
3431,Hassan Khatib,Female,52.0,Jenin,O-,Self-Pay,2025-05-06
3432,Mohammad Yasin,Male,71.0,Bethlehem,AB-,Government,2021-03-24
3433,Aya Suleiman,Male,53.0,Nablus,B+,National Insurance,2024-01-26
3434,Ahmed Yasin,Female,40.0,Tulkarm,O-,Corporate,2021-03-06
3435,Ahmed Mansour,Female,90.0,Jenin,B-,Government,2022-03-13
3436,Maya Mansour,Male,61.0,Ramallah,O+,Corporate,2021-03-19
3437,Maya Khatib,Female,55.0,Qalqilya,AB-,Self-Pay,2022-06-16
3438,Maya Najjar,Male,16.0,Jericho,O-,National Insurance,2021-05-16
3439,Noor Khatib,Male,15.0,Hebron,AB-,Government,2021-07-03
3440,Sara Hassan,Male,49.0,Jericho,AB+,Government,2023-03-07
3441,Yousef Awwad,Female,46.0,Nablus,B-,Government,2023-01-16
3442,Omar Taha,Female,30.0,Gaza,AB+,Government,2024-12-10
3443,Mohammad Khatib,Male,45.0,Salfit,B+,National Insurance,2024-01-15
3444,Ibrahim Taha,Male,76.0,Hebron,A+,Private,2022-09-10
3445,Mohammad Suleiman,Male,57.0,Nablus,AB-,Government,2021-04-06
3446,Ali Nasser,Female,19.0,Ramallah,O+,Self-Pay,2025-01-13
3447,Lina Yasin,Female,40.0,Jenin,O+,Government,2022-04-19
3448,Salma Darwish,Male,26.0,Jenin,A-,Private,2021-01-07
3449,Sara Awwad,Male,34.0,Jenin,O-,Self-Pay,2022-06-16
3450,Ali Najjar,Female,34.0,Ramallah,AB-,Self-Pay,2022-05-21
3451,Dana Darwish,Female,32.0,Ramallah,B+,Corporate,2025-04-27
3452,Yousef Shami,Female,16.0,Tulkarm,A-,Government,2022-04-25
3453,Leen Qasem,Female,40.0,Qalqilya,A-,National Insurance,2023-01-12
3454,Adam Saleh,Female,31.0,Nablus,O-,Government,2022-04-11
3455,Maya Awwad,Male,0.0,Jenin,AB+,Self-Pay,2025-04-03
3456,Lina Hamdan,Female,86.0,Bethlehem,O-,Government,2021-03-17
3457,Lina Khalil,Female,65.0,Ramallah,A+,Self-Pay,2022-02-21
3458,Omar Taha,Female,35.0,Ramallah,AB-,Self-Pay,2025-07-08
3459,Adam Najjar,Male,43.0,Bethlehem,A+,Government,2021-07-20
3460,Rania Darwish,Female,18.0,Hebron,A+,Government,2025-12-25
3461,Aya Jaber,Male,78.0,Jenin,AB-,Self-Pay,2024-10-07
3462,Khaled Barakat,Male,82.0,Gaza,B+,National Insurance,2022-06-16
3463,Maya Taha,Female,46.0,Gaza,O-,Government,2024-02-11
3464,Hala Jaber,Male,64.0,,O+,Self-Pay,2022-05-29
3465,Ali Awwad,Female,46.0,Jericho,B-,Government,2023-09-07
3466,Yousef Othman,Female,14.0,Hebron,O+,Self-Pay,2023-05-06
3467,Ali Qasem,Male,34.0,Hebron,O+,Corporate,2025-09-08
3468,Rania Khatib,Male,45.0,Jericho,A+,,2023-11-25
3469,Hala Barakat,Male,33.0,Gaza,A+,National Insurance,2025-05-17
3470,Lina AbuAli,Female,38.0,Nablus,AB-,Private,2024-11-08
3471,Hala Khatib,Male,41.0,Bethlehem,B-,Corporate,2023-05-07
3472,Yousef Darwish,Female,41.0,Jericho,AB+,Private,2022-10-06
3473,Hassan Darwish,Female,44.0,Bethlehem,A+,Self-Pay,2023-10-22
3474,Salma Shami,Female,20.0,Tulkarm,AB-,National Insurance,2021-11-22
3475,Noor Khalil,Male,27.0,Hebron,AB+,Government,2025-09-27
3476,Khaled Najjar,Male,16.0,Jericho,B+,Self-Pay,2025-02-01
3477,Hassan Mansour,Male,63.0,Gaza,B+,Government,2023-09-15
3478,Mohammad Nasser,M,0.0,Bethlehem,AB-,Self-Pay,2023-05-23
3479,Salma Nasser,Female,67.0,Ramallah,O+,Government,2021-04-28
3480,Ibrahim Mansour,Female,72.0,Ramallah,AB+,National Insurance,2025-09-11
3481,Dana Barakat,Male,36.0,Nablus,AB-,Government,2021-08-01
3482,Noor Hamad,Male,0.0,Hebron,B+,Government,2021-03-02
3483,Khaled Suleiman,Male,35.0,Ramallah,AB+,Government,2024-10-21
3484,Maya Hamdan,Female,41.0,Ramallah,A+,Self-Pay,2024-01-24
3485,Ahmed Khalil,Female,21.0,Bethlehem,A+,Government,2025-07-10
3486,Yousef Barakat,Male,32.0,Bethlehem,A+,National Insurance,2024-11-04
3487,Ahmed Hassan,Female,75.0,Salfit,B-,Government,2022-01-14
3488,Noor Shami,Male,56.0,Jenin,AB+,Self-Pay,2024-03-28
3489,Mahmoud Nasser,Female,23.0,Gaza,AB+,Self-Pay,2023-06-07
3490,Mahmoud Yasin,Male,9.0,Qalqilya,B-,Corporate,2021-03-08
3491,Maya Darwish,Female,36.0,Nablus,B+,National Insurance,2024-06-15
3492,Salma Yasin,Female,38.0,Ramallah,B-,Corporate,2022-04-06
3493,Ali Shami,Male,53.0,Bethlehem,B+,Corporate,2025-10-30
3494,Yousef Mansour,Male,31.0,Jericho,B-,National Insurance,2024-08-28
3495,Omar Jaber,Female,53.0,Nablus,B+,Self-Pay,2025-01-11
3496,Noor Shami,Female,83.0,Tulkarm,B+,Self-Pay,2025-11-03
3497,Khaled Yasin,Female,60.0,Tulkarm,B-,Corporate,2023-09-29
3498,Adam Khatib,Female,41.0,Nablus,O-,Private,2023-11-02
3499,Dana Suleiman,Female,39.0,Nablus,O+,Self-Pay,2023-01-15
3500,Noor Awwad,Male,35.0,Nablus,A+,Private,2024-03-03
3501,Khaled Khatib,Male,67.0,Gaza,B+,Private,2023-01-31
3502,Ibrahim AbuAli,Male,29.0,Jenin,AB+,Corporate,2024-03-18
3503,Omar Hamad,Male,43.0,Gaza,B+,National Insurance,2022-01-30
3504,Mahmoud Othman,Male,44.0,Nablus,B+,Government,2023-01-03
3505,Yousef Hassan,Male,32.0,Tulkarm,AB-,National Insurance,2025-10-14
3506,Omar Nasser,Male,14.0,Tulkarm,AB+,National Insurance,2025-06-19
3507,Omar AbuAli,Female,49.0,Salfit,AB+,Government,2024-07-01
3508,Hassan AbuAli,Male,41.0,Gaza,AB+,Government,2023-03-19
3509,Khaled Hamad,Female,53.0,Gaza,A+,Corporate,2021-02-24
3510,Lina Hamad,Male,31.0,Ramallah,B+,National Insurance,2025-03-22
3511,Adam Khalil,Male,68.0,Salfit,A+,Self-Pay,2025-05-17
3512,Sara Khatib,Female,24.0,Tulkarm,B+,Private,2021-08-30
3513,Ali AbuAli,Female,78.0,Jericho,B-,Private,2023-09-13
3514,Aya Jaber,Female,6.0,Jenin,B+,Private,2021-01-31
3515,Maya Mansour,Female,52.0,Ramallah,B-,Self-Pay,2022-12-02
3516,Salma Nasser,Male,52.0,Gaza,O+,Self-Pay,2021-06-05
3517,Mahmoud Nasser,Female,26.0,Tulkarm,B-,Self-Pay,2021-09-20
3518,Noor Hamdan,Female,51.0,Tulkarm,B+,Corporate,2024-07-13
3519,Maya Hamdan,Female,69.0,Ramallah,B+,Private,2025-12-29
3520,Salma Suleiman,Male,0.0,Bethlehem,B-,Private,2021-01-10
3521,Leen Hamad,Male,53.0,Qalqilya,AB+,National Insurance,2025-11-27
3522,Ali Hamdan,Male,0.0,Hebron,B+,PRIVATE,2021-05-09
3523,Lina AbuAli,Female,22.0,Tulkarm,A+,National Insurance,2021-07-12
3524,Adam Othman,Male,77.0,Ramallah,A-,National Insurance,2022-05-02
3525,Omar Taha,Female,30.0,Bethlehem,O-,Government,2022-06-19
3526,Aya Khatib,Male,18.0,Tulkarm,AB+,Government,2021-11-11
3527,Yousef Taha,Male,38.0,Jenin,AB-,Corporate,2025-06-09
3528,Mohammad Hamad,Male,86.0,Nablus,AB+,Corporate,2023-09-17
3529,Rania Hassan,Female,4.0,Bethlehem,O+,Corporate,2022-02-11
3530,Hassan AbuAli,Male,20.0,Salfit,O+,National Insurance,2021-07-15
3531,Lina Khatib,Male,74.0,Gaza,AB-,Self-Pay,2025-01-07
3532,Dana Jaber,Female,82.0,Jenin,A+,Corporate,2022-11-15
3533,Hala Qasem,Male,40.0,Qalqilya,B+,National Insurance,2024-12-03
3534,Noor Najjar,Male,16.0,,B+,Private,2025-02-23
3535,Hala Hamdan,Female,87.0,Bethlehem,B+,Corporate,2025-05-15
3536,Khaled Qasem,Female,76.0,,AB-,National Insurance,2021-06-14
3537,Leen Barakat,Male,57.0,Qalqilya,B+,Government,2022-01-11
3538,Lina Awwad,Male,25.0,Qalqilya,B+,National Insurance,2025-02-02
3539,Maya Mansour,Female,41.0,Bethlehem,B+,Corporate,2023-04-23
3540,Hassan Hamad,Female,39.0,Gaza,A+,Private,2025-10-10
3541,Khaled Mansour,Male,49.0,Jenin,A-,National Insurance,2024-03-12
3542,Leen Mansour,Male,73.0,Nablus,O+,Self-Pay,2021-12-15
3543,Aya Hassan,Male,61.0,Jericho,O+,Private,2022-06-22
3544,Sara Hassan,Female,20.0,Jericho,B-,Government,2021-05-17
3545,Rania Jaber,Male,71.0,Nablus,B-,Corporate,2021-06-03
3546,Omar Khalil,Male,49.0,Hebron,AB-,Government,2024-01-09
3547,Salma Mansour,Male,57.0,Gaza,AB+,Self-Pay,2021-07-11
3548,Yousef Hamad,Male,73.0,Jericho,A+,Private,2023-05-10
3549,Ahmed Taha,Male,19.0,Bethlehem,O-,Private,2022-10-19
3550,Maya Hamdan,Female,42.0,Ramallah,O+,Private,2023-08-29
3551,Noor Saleh,Female,31.0,Jenin,B-,Corporate,2024-12-31
3552,Lina Awwad,Male,10.0,Salfit,AB-,Government,2023-08-07
3553,Khaled Othman,Female,50.0,Jericho,A-,Self-Pay,2025-08-19
3554,Noor Saleh,Male,95.0,Ramallah,B-,Government,2025-05-30
3555,Noor Nasser,Male,4.0,Salfit,AB+,National Insurance,2024-12-30
3556,Yousef Suleiman,Female,42.0,Gaza,B-,Private,2023-03-08
3557,Lina Hamdan,Female,56.0,Ramallah,B-,Self-Pay,2022-01-01
3558,Aya Najjar,Female,,Qalqilya,AB-,Self-Pay,2023-05-11
3559,Omar Suleiman,Male,40.0,Jenin,AB+,Government,2024-07-01
3560,Omar Hamdan,Female,15.0,Ramallah,O-,National Insurance,2025-10-24
3561,Sara Nasser,Female,47.0,Nablus,A-,Self-Pay,2024-06-23
3562,Salma Hamad,Male,27.0,Gaza,AB+,Government,2021-03-26
3563,Khaled Jaber,Male,0.0,Bethlehem,AB+,National Insurance,2025-04-30
3564,Adam Khalil,Female,68.0,Gaza,B-,National Insurance,2022-12-09
3565,Noor Darwish,Male,63.0,Qalqilya,O+,Corporate,2022-06-08
3566,Aya Hamad,Male,44.0,Gaza,AB-,National Insurance,2025-05-02
3567,Dana Qasem,Male,47.0,Jericho,B+,Self-Pay,2024-02-20
3568,Leen Hassan,Female,65.0,Bethlehem,B+,Government,2023-11-23
3569,,Male,47.0,Nablus,A+,Corporate,2022-11-26
3570,Mahmoud Taha,Female,61.0,Tulkarm,O-,National Insurance,2021-12-24
3571,Yousef Barakat,Female,36.0,Hebron,AB-,Corporate,2024-05-20
3572,Ahmed Hassan,Male,70.0,Bethlehem,A-,National Insurance,2024-10-08
3573,Noor Hassan,Female,49.0,Bethlehem,O+,Private,2022-08-25
3574,Mahmoud Shami,Female,47.0,Jenin,B-,Self-Pay,2021-04-15
3575,Maya Barakat,Male,16.0,Qalqilya,O-,National Insurance,2025-12-05
3576,Noor Hamdan,Female,49.0,Bethlehem,B+,Self-Pay,2025-03-27
3577,Mahmoud Barakat,Male,25.0,Tulkarm,AB+,Private,2023-11-30
3578,Lina Taha,Male,29.0,Nablus,B+,Self-Pay,2023-09-01
3579,Khaled Hamad,Male,25.0,Nablus,AB+,National Insurance,2021-03-25
3580,Aya Yasin,Female,20.0,Nablus,AB+,Government,2023-01-15
3581,Noor Suleiman,Male,87.0,Tulkarm,A+,Government,2024-12-16
3582,Mahmoud Shami,Female,70.0,Jericho,B-,Government,2021-02-25
3583,Maya Najjar,Female,83.0,Hebron,A+,Self-Pay,2023-08-23
3584,Mohammad Yasin,Male,17.0,Gaza,B+,Self-Pay,2023-04-21
3585,Rania Hamad,Female,44.0,Ramallah,A+,Corporate,2023-07-15
3586,Hala Taha,Female,15.0,Tulkarm,B-,Corporate,2025-04-06
3587,Sara Khatib,Male,28.0,Jericho,O-,Government,2024-03-18
3588,Noor Othman,Female,23.0,Gaza,O-,Self-Pay,2021-02-19
3589,Sara Darwish,Male,69.0,Jenin,B+,Government,2025-08-24
3590,Mohammad Shami,Male,34.0,Jenin,O+,Private,2024-01-22
3591,Maya Shami,Male,65.0,Jericho,O+,Government,2022-01-18
3592,Omar Khalil,Female,55.0,Gaza,A+,Self-Pay,2022-01-28
3593,Leen Hamad,Male,91.0,Qalqilya,A-,Corporate,2025-07-30
3594,Dana Mansour,Female,11.0,Ramallah,B+,Self-Pay,2024-12-09
3595,Sara Othman,Male,69.0,Bethlehem,A-,Self-Pay,2025-02-19
3596,Ahmed Yasin,Female,67.0,Jenin,AB+,Government,2023-04-10
3597,Leen Jaber,Male,22.0,Nablus,B-,Corporate,2024-01-02
3598,Mahmoud Khalil,Male,64.0,Tulkarm,AB+,Corporate,2024-11-18
3599,Ahmed Nasser,Female,50.0,Tulkarm,O+,Self-Pay,2021-02-24
3600,Maya Khatib,Male,38.0,Ramallah,AB-,Corporate,2023-06-19
3601,,Female,25.0,Jenin,B+,National Insurance,2022-04-21
3602,Dana Taha,Female,27.0,Hebron,A+,Government,2025-05-23
3603,Yousef Shami,Male,86.0,Jericho,O-,Corporate,2025-10-28
3604,Ahmed Barakat,Female,43.0,Jenin,B-,Private,2022-12-05
3605,Hala Hamad,Male,59.0,Ramallah,O+,National Insurance,2025-12-13
3606,Leen Saleh,Male,26.0,Tulkarm,A+,Government,2023-07-09
3607,Omar Nasser,Female,26.0,Nablus,B+,Self-Pay,2024-07-15
3608,Ibrahim Hassan,Female,65.0,Nablus,B-,Private,2023-11-17
3609,Dana Hassan,Male,14.0,Bethlehem,B+,Self-Pay,2021-11-04
3610,Hala Mansour,Female,34.0,Qalqilya,B+,National Insurance,2025-09-02
3611,Ibrahim Taha,Female,43.0,Nablus,A+,Self-Pay,2021-10-29
3612,Hala Taha,Female,45.0,,B+,Self-Pay,2024-07-16
3613,Adam Khalil,Male,39.0,Jericho,A+,Self-Pay,2024-04-28
3614,Mohammad Khatib,Female,51.0,Ramallah,B+,Self-Pay,2023-04-12
3615,Maya Saleh,Male,57.0,Qalqilya,A+,Corporate,2021-10-01
3616,Ahmed AbuAli,Male,58.0,Bethlehem,A+,Government,2023-05-13
3617,Hassan Hamdan,Female,22.0,Jenin,B-,National Insurance,2025-07-03
3618,Salma Barakat,Male,37.0,Jenin,AB-,Corporate,2024-10-25
3619,Rania Awwad,Male,68.0,Gaza,A+,National Insurance,2025-07-18
3620,Ali Jaber,Male,61.0,Tulkarm,B-,Self-Pay,2024-05-06
3621,Ahmed Hamad,Male,14.0,Gaza,B-,Self-Pay,2023-01-16
3622,Mahmoud Awwad,Male,50.0,Qalqilya,AB+,Corporate,2023-07-14
3623,Maya Hassan,Male,1.0,,O+,Self-Pay,2021-01-02
3624,Ali Jaber,Male,43.0,Jericho,AB-,Government,2025-09-26
3625,Ibrahim Hassan,Female,82.0,Tulkarm,B-,Self-Pay,2022-06-08
3626,Hala Khalil,Female,23.0,Tulkarm,AB+,Private,2022-05-13
3627,Maya Hamdan,Male,25.0,Ramallah,AB-,Corporate,2023-07-15
3628,Rania AbuAli,Female,59.0,Jenin,O+,Self-Pay,2021-11-08
3629,Hassan Saleh,Male,10.0,Jericho,A+,Self-Pay,2023-04-06
3630,Aya Khatib,Female,29.0,Jenin,A-,Government,2023-02-03
3631,Leen Jaber,Female,55.0,Gaza,B+,Private,2022-06-10
3632,Khaled Khatib,Female,29.0,Gaza,B+,Self-Pay,2024-02-29
3633,Salma Saleh,Male,38.0,Jericho,O+,Self-Pay,2021-05-29
3634,Aya Hamad,Female,58.0,Gaza,B-,National Insurance,2023-02-12
3635,Salma Hamad,Male,51.0,Salfit,B-,Government,2022-10-19
3636,Dana Najjar,Female,48.0,Qalqilya,O-,Self-Pay,2023-07-13
3637,Salma Mansour,Female,35.0,Jericho,A+,National Insurance,2021-09-06
3638,Mahmoud Hamdan,Male,50.0,Nablus,AB+,Corporate,2025-07-24
3639,Mahmoud Nasser,Female,40.0,Hebron,B-,Corporate,2021-06-23
3640,Ali Saleh,Female,52.0,Nablus,A+,Private,2021-05-17
3641,Ibrahim Jaber,Male,32.0,,O+,Government,2025-09-17
3642,Salma Khalil,Female,39.0,Hebron,A+,National Insurance,2025-02-06
3643,Leen Khalil,Male,22.0,Jenin,A-,Private,2022-02-23
3644,Hala Hamad,Female,42.0,Tulkarm,B+,Corporate,2023-08-21
3645,Ali Hassan,Female,25.0,Tulkarm,O+,National Insurance,2021-11-24
3646,Ali Jaber,Male,19.0,Tulkarm,B+,Private,2023-11-29
3647,Khaled AbuAli,Female,48.0,Hebron,A+,Corporate,2023-09-20
3648,Noor Suleiman,Male,47.0,Salfit,AB+,Corporate,2024-06-24
3649,Maya Saleh,Male,999.0,Tulkarm,O+,Corporate,2021-09-27
3650,Ahmed Khalil,Female,33.0,Tulkarm,B-,Private,2023-07-08
3651,Salma Suleiman,Female,51.0,Ramallah,O+,Corporate,2022-11-14
3652,Rania Saleh,Female,54.0,Nablus,AB+,Government,2025-06-17
3653,Ibrahim Najjar,Female,52.0,Ramallah,B+,National Insurance,2022-04-07
3654,Yousef Othman,Female,25.0,Salfit,AB-,Self-Pay,2021-07-18
3655,Ahmed Hassan,Female,46.0,Bethlehem,O-,Government,2024-08-08
3656,Khaled Khalil,Female,50.0,Tulkarm,A+,Government,2023-05-09
3657,Yousef Hamad,Male,43.0,Nablus,B+,National Insurance,2025-09-03
3658,Salma Hamad,Male,0.0,Salfit,B-,Corporate,2023-09-19
3659,Hassan Othman,Female,46.0,Nablus,B-,National Insurance,2025-02-07
3660,Khaled Jaber,Female,89.0,Jenin,O-,National Insurance,2024-02-01
3661,Salma Awwad,Female,35.0,Bethlehem,O+,Private,2023-06-29
3662,Dana Suleiman,Male,27.0,Hebron,AB-,Private,2025-12-18
3663,Ahmed Najjar,Female,50.0,Tulkarm,A-,Corporate,2021-05-27
3664,Rania Hassan,Female,49.0,Ramallah,O-,Government,2024-09-08
3665,Khaled Yasin,Female,68.0,Ramallah,AB+,National Insurance,2023-02-25
3666,Hassan Hamdan,Male,-5.0,Salfit,A-,Corporate,2025-06-16
3667,Lina Taha,Male,58.0,Tulkarm,AB-,Corporate,2025-02-28
3668,Yousef Nasser,Female,55.0,Bethlehem,AB+,National Insurance,2025-01-11
3669,Salma Barakat,Female,40.0,Hebron,A-,Self-Pay,2021-04-07
3670,Rania Najjar,Male,50.0,Nablus,AB+,Private,2024-04-18
3671,Mahmoud Awwad,Female,64.0,Tulkarm,AB+,Private,2024-01-11
3672,Adam Awwad,Male,61.0,Salfit,B+,Government,2021-06-16
3673,Dana Awwad,Male,18.0,Salfit,O+,Self-Pay,2025-04-24
3674,Khaled Hassan,Male,60.0,Qalqilya,AB-,Corporate,2024-02-10
3675,Maya Hamdan,Male,41.0,Bethlehem,A+,Government,2023-03-14
3676,Sara Mansour,Female,44.0,Ramallah,O+,National Insurance,2024-11-18
3677,Noor Khatib,Male,44.0,Hebron,B-,National Insurance,2025-01-16
3678,Noor Saleh,Male,39.0,Nablus,B-,Corporate,2023-08-18
3679,Ibrahim Hamdan,Male,68.0,Qalqilya,A+,Self-Pay,2023-09-26
3680,Omar Taha,Female,41.0,Nablus,B+,Private,2024-10-23
3681,Mohammad Khatib,Male,19.0,Qalqilya,AB+,Government,2021-06-11
3682,Yousef Othman,Male,34.0,Jericho,O+,Private,2021-07-17
3683,Sara Yasin,Female,46.0,Qalqilya,AB-,Corporate,2021-04-07
3684,Sara Mansour,Female,68.0,Hebron,B+,Private,2021-08-17
3685,Salma Barakat,Male,55.0,Jenin,O-,Government,2021-10-28
3686,Ahmed Darwish,Male,25.0,Salfit,O-,Private,2023-09-02
3687,Rania Hamdan,Female,95.0,Jenin,AB+,Self-Pay,2025-01-27
3688,Omar Yasin,Male,48.0,Hebron,A-,Self-Pay,2025-03-18
3689,Yousef Jaber,Female,69.0,Ramallah,AB-,Government,2024-03-26
3690,Adam Suleiman,Female,39.0,Jericho,O+,Government,2025-11-23
3691,Noor Mansour,Male,54.0,Tulkarm,O+,Private,2023-01-15
3692,Mahmoud Awwad,Male,60.0,Jericho,A-,Corporate,2022-09-09
3693,Ahmed Saleh,Female,68.0,Bethlehem,O-,Private,2022-03-19
3694,Maya Taha,Female,65.0,Nablus,AB-,Private,2023-03-17
3695,Mahmoud Hassan,Female,61.0,Jericho,B-,Self-Pay,2025-08-26
3696,Ahmed Qasem,Male,36.0,Gaza,A-,Self-Pay,2022-06-29
3697,Ahmed Khatib,Male,30.0,Nablus,B-,Corporate,2021-03-31
3698,Leen Nasser,Male,49.0,Nablus,B-,Private,2021-10-21
3699,Lina Saleh,Male,62.0,Salfit,AB+,National Insurance,2021-11-20
3700,Hassan Shami,Female,38.0,Salfit,O-,Corporate,2023-01-21
3701,Mahmoud Nasser,Male,65.0,Jericho,A+,Private,2024-06-30
3702,Dana Suleiman,Male,73.0,Gaza,O-,National Insurance,2025-07-27
3703,Rania Jaber,Female,23.0,Jenin,AB+,Corporate,2021-10-08
3704,Omar Darwish,Female,25.0,Qalqilya,AB+,National Insurance,2022-11-06
3705,Mahmoud Taha,Male,40.0,,A+,Corporate,2021-09-05
3706,Dana Khatib,Female,49.0,Tulkarm,AB-,Corporate,2022-03-09
3707,Ibrahim Jaber,Female,31.0,Jericho,O+,Government,2025-11-11
3708,Khaled Khatib,Female,71.0,Gaza,A-,Self-Pay,2024-06-16
3709,Rania Hassan,Female,51.0,Jericho,O+,Private,2022-04-26
3710,Noor Nasser,Female,43.0,Gaza,AB+,Corporate,2023-05-17
3711,Ahmed Shami,Male,12.0,Jenin,O-,Government,2025-04-01
3712,Noor Barakat,Male,15.0,Gaza,B-,National Insurance,2025-06-26
3713,Yousef Qasem,Female,48.0,Nablus,A-,National Insurance,2022-02-12
3714,Ahmed Khalil,Female,0.0,Hebron,A-,Self-Pay,2023-10-15
3715,Mohammad Darwish,Female,64.0,Nablus,AB-,Corporate,2023-06-21
3716,Leen Hassan,Female,39.0,Gaza,B+,National Insurance,2022-09-11
3717,Yousef Othman,Male,95.0,Salfit,AB-,,2023-06-25
3718,Leen Hamdan, MALE ,91.0,Jericho,AB+,National Insurance,2022-03-14
3719,Mohammad Darwish,Female,39.0,Salfit,A+,National Insurance,2025-01-20
3720,Aya Nasser,Male,40.0,Qalqilya,O+,Self-Pay,2025-03-03
3721,Ibrahim Barakat,Male,63.0,Jericho,AB-,Self-Pay,2025-12-18
3722,Mohammad Yasin,Male,78.0,Hebron,AB-,Corporate,2023-10-11
3723,Adam Yasin,Female,8.0,Jericho,A+,National Insurance,2024-11-07
3724,Aya Hassan,Male,5.0,Hebron,O-,Self-Pay,2025-06-30
3725,Yousef Yasin,Female,29.0,Hebron,A+,Private,2024-02-29
3726,Khaled Mansour,Male,55.0,Salfit,AB-,Self-Pay,2023-09-29
3727,Mahmoud Othman,Male,53.0,Gaza,O-,Government,2025-05-30
3728,Ali Othman,Female,65.0,Jenin,AB+,Private,2022-01-17
3729,Dana Saleh,Female,17.0,Hebron,B+,Self-Pay,2025-07-05
3730,Aya Barakat,Male,0.0,Jenin,B+,Self-Pay,2023-08-28
3731,Mahmoud Khatib,Male,61.0,Hebron,AB-,Government,2021-04-06
3732,Ali AbuAli,Male,25.0,Nablus,A-,National Insurance,2024-11-11
3733,Ahmed Khalil,Female,0.0,Salfit,B-,Government,2025-04-08
3734,Khaled Taha,Female,46.0,Jenin,B+,Government,2022-09-01
3735,Rania Khalil,Male,59.0,Salfit,A+,Self-Pay,2022-11-10
3736,Sara Khalil,Female,40.0,Jenin,AB-,Government,2023-03-08
3737,Omar Shami,Female,33.0,Jericho,A-,Government,2024-02-03
3738,Mahmoud Nasser,Male,39.0,Nablus,O+,National Insurance,2022-05-19
3739,Hassan Saleh,Male,35.0,Jericho,B+,Government,2023-10-07
3740,,Female,14.0,Hebron,B-,Private,2023-04-29
3741,Hala Hassan,Female,27.0,Jericho,AB+,Self-Pay,2021-02-27
3742,Aya Awwad,Male,53.0,Qalqilya,AB-,Private,2022-05-03
3743,Maya Hassan,Female,49.0,Salfit,AB-,Government,2024-07-01
3744,Hala Jaber,Male,46.0,Jenin,A-,Private,2024-08-04
3745,Rania Jaber,Male,22.0,Gaza,O-,National Insurance,2021-02-07
3746,Noor Najjar,Female,39.0,Qalqilya,B+,Self-Pay,2023-07-18
3747,Noor Saleh,Female,0.0,Salfit,A+,Self-Pay,2025-08-28
3748,Khaled Awwad,Male,46.0,Hebron,O+,self-pay,2025-07-07
3749,Hala Qasem,Female,73.0,Jenin,O+,Private,2022-08-03
3750,Leen Shami,Female,12.0,Tulkarm,O-,Corporate,2022-03-04
3751,Mohammad Taha,Male,30.0,Salfit,O-,Corporate,2025-09-14
3752,Dana Hamdan,Male,49.0,Jenin,O+,Private,2024-04-21
3753,Salma Darwish,Female,69.0,Nablus,AB+,Corporate,2024-12-09
3754,Hassan Saleh,Female,33.0,Jericho,AB+,Government,2021-09-19
3755,Ali AbuAli,Female,28.0,Jericho,A-,Government,2021-07-26
3756,Khaled Yasin,Male,1.0,Ramallah,AB-,Corporate,2022-08-14
3757,Dana Darwish,Male,,Jenin,A+,Private,2024-12-04
3758,Yousef Mansour,Female,85.0,Jericho,B+,Government,2022-01-31
3759,Leen Taha,Female,48.0,Bethlehem,AB+,Government,2025-08-21
3760,Khaled Darwish,Female,42.0,Bethlehem,O-,Private,2025-10-02
3761,Hala Taha,Male,49.0,Gaza,B-,Self-Pay,2023-12-13
3762,Dana Najjar,Male,42.0,Tulkarm,AB+,Private,2023-03-06
3763,Hala Hassan,Female,25.0,Ramallah,B-,National Insurance,2024-03-24
3764,Lina Barakat,Female,60.0,Bethlehem,AB+,Self-Pay,2021-02-20
3765,Sara Taha,Female,47.0,Bethlehem,AB+,Corporate,2025-05-07
3766,Maya Othman,Male,43.0,Nablus,O-,Government,2022-02-17
3767,Maya Nasser,Male,22.0,Qalqilya,A+,Corporate,2025-12-08
3768,Ali Suleiman,Male,70.0,Jericho,O+,Government,2021-01-16
3769,Mohammad Suleiman,Female,56.0,Tulkarm,AB-,Self-Pay,2024-11-02
3770,Hala Suleiman,Female,31.0,Tulkarm,O-,Corporate,2023-03-28
3771,Sara Darwish,Female,64.0,Bethlehem,AB-,Private,2021-12-19
3772,Adam Najjar,Female,32.0,Jenin,A+,Private,2021-04-18
3773,Maya Taha,Female,26.0,Tulkarm,O+,Corporate,2025-10-19
3774,Ali Jaber,Male,27.0,,A-,Self-Pay,2023-02-23
3775,Lina Hamdan,Female,5.0,Ramallah,B+,Government,2022-06-10
3776,Ibrahim Hamdan,Male,52.0,Qalqilya,O-,National Insurance,2021-01-11
3777,Ali Othman,Male,4.0,Qalqilya,O+,Corporate,2023-05-23
3778,Ahmed Taha,Male,17.0,Tulkarm,O-,Private,2025-02-04
3779,Yousef Shami,Male,0.0,Hebron,O+,Government,2021-04-04
3780,Salma Jaber,Female,41.0,Gaza,B-,Corporate,2024-08-09
3781,Noor Hassan,Male,39.0,Nablus,AB-,Private,2024-01-13
3782,Salma Yasin,Male,36.0,Nablus,AB+,Private,2022-03-12
3783,Adam Hamad,Male,21.0,Salfit,O+,Private,2025-08-14
3784,Salma Najjar,Female,18.0,Salfit,O-,Government,2025-09-18
3785,Adam Darwish,Male,52.0,,AB+,Private,2022-03-06
3786,Lina Barakat,Female,31.0,Qalqilya,A+,National Insurance,2022-10-13
3787,Omar Shami,Male,49.0,Tulkarm,O+,Self-Pay,2022-09-05
3788,Hala Awwad,Female,24.0,Bethlehem,B-,Corporate,2022-05-30
3789,Ahmed Darwish,Male,46.0,Gaza,O+,Private,2021-12-12
3790,Salma Hamdan,Female,70.0,Gaza,A+,Government,2021-07-04
3791,Lina Taha,Male,55.0,Tulkarm,AB+,Corporate,2025-09-20
3792,Ahmed Shami,Male,34.0,Jenin,B+,Private,2022-04-11
3793,Mohammad Hamad,Female,48.0,Bethlehem,O-,National Insurance,2023-12-27
3794,Noor Shami,Female,37.0,Salfit,AB-,Private,2024-09-06
3795,Ibrahim Khalil,Female,43.0,Jenin,B+,Government,2021-01-08
3796,Hala Taha,Male,36.0,Salfit,AB-,Corporate,2025-11-25
3797,Maya Taha,Female,39.0,Ramallah,O+,Government,2022-05-17
3798,Mahmoud Mansour,Female,47.0,Nablus,AB-,Corporate,2023-02-11
3799,Salma Hamdan,Male,22.0,Bethlehem,O+,Self-Pay,2022-08-23
3800,Hala Othman,Male,21.0,Bethlehem,B-,Private,2023-02-26
3801,Maya Mansour,Male,13.0,Ramallah,AB-,Private,2025-07-21
3802,Hala Khalil,Female,9.0,Qalqilya,B+,National Insurance,2025-05-15
3803,Ali Barakat,Female,17.0,Tulkarm,AB+,Self-Pay,2024-06-29
3804,Dana Hamad,Male,46.0,Jericho,B+,Government,2021-10-01
3805,Aya Saleh,Male,24.0,Bethlehem,A-,Self-Pay,2024-07-03
3806,Hala Hamad,Male,53.0,Gaza,B+,Government,2023-08-24
3807,Leen Hassan,Male,43.0,Jericho,AB-,National Insurance,2025-11-23
3808,Dana Shami,Male,1.0,Qalqilya,AB+,Self-Pay,2023-07-04
3809,Leen Darwish,Female,56.0,Ramallah,O-,Self-Pay,2023-10-14
3810,Sara Darwish,Male,60.0,Salfit,A-,Corporate,2024-01-13
3811,Salma Hassan,Female,22.0,Hebron,O-,Corporate,2021-05-16
3812,Lina Hamad,Male,51.0,Tulkarm,O-,Corporate,2021-04-29
3813,Dana Hamad,Female,25.0,Tulkarm,O+,Government,2023-04-10
3814,Dana Othman,Female,45.0,Qalqilya,O-,Self-Pay,2022-02-25
3815,Hala Awwad,Male,16.0,Nablus,O-,Self-Pay,2021-06-12
3816,Ali AbuAli,Female,5.0,Ramallah,B+,Private,2024-07-17
3817,Salma Awwad,Female,34.0,Ramallah,A-,Government,2024-03-07
3818,Dana Taha,Female,40.0,Ramallah,B+,Private,2024-08-21
3819,Rania Awwad,Female,34.0,Jericho,A+,Private,2021-04-07
3820,Aya Hamad,Male,18.0,Hebron,O-,Government,2024-04-22
3821,Dana Saleh,Female,34.0,Qalqilya,B-,Government,2022-07-17
3822,Hala Suleiman,Female,48.0,Salfit,O-,Private,2022-05-12
3823,Sara Hassan,Female,42.0,Bethlehem,AB-,Self-Pay,2023-11-13
3824,Salma Suleiman,Male,46.0,Hebron,AB-,National Insurance,2024-11-15
3825,Aya Awwad,Female,28.0,Bethlehem,B-,Private,2025-04-18
3826,Khaled Othman,Male,67.0,Tulkarm,AB-,National Insurance,2024-07-18
3827,Omar Darwish,Female,18.0,Nablus,AB-,Government,2024-08-11
3828,Yousef Taha,Female,53.0,Salfit,B-,Corporate,2022-07-15
3829,Adam Hamdan,Male,67.0,Jenin,AB-,Corporate,2024-01-06
3830,Hassan Nasser,Male,53.0,Jenin,A-,National Insurance,2025-12-24
3831,Rania Hassan,Male,38.0,Gaza,B-,National Insurance,2025-10-09
3832,Omar Othman,Female,31.0,Qalqilya,O-,Private,2022-10-27
3833,Maya Yasin,Male,64.0,Nablus,O-,Self-Pay,2024-06-19
3834,Aya Yasin,Male,13.0,Gaza,B-,National Insurance,2025-07-06
3835,Adam Qasem,Female,22.0,Qalqilya,AB+,National Insurance,2023-04-24
3836,Rania Hamad,Female,34.0,Nablus,B-,Self-Pay,2025-01-26
3837,Noor Jaber,Male,68.0,Ramallah,O+,Government,2021-10-03
3838,Salma Darwish,Female,50.0,Hebron,O-,Corporate,2024-09-17
3839,Hassan Nasser,Female,22.0,Salfit,O-,National Insurance,2023-07-17
3840,Khaled Khatib,Male,36.0,Bethlehem,B-,Private,2023-11-09
3841,Maya Yasin,Male,30.0,Nablus,B+,Corporate,2025-08-27
3842,Yousef Darwish,Female,28.0,Jenin,B+,Government,2022-04-10
3843,Khaled Jaber,Male,63.0,Jericho,AB-,Private,2024-02-01
3844,Lina Hamdan,Male,14.0,Salfit,O+,Self-Pay,2021-02-19
3845,Aya Othman,Female,76.0,Jenin,O+,Self-Pay,2024-12-23
3846,Adam Barakat,Male,60.0,Ramallah,AB-,Corporate,2023-01-01
3847,Dana Jaber,Male,65.0,Bethlehem,AB+,Corporate,2021-08-24
3848,Noor Khalil,Female,33.0,Nablus,AB-,Private,2021-11-27
3849,Khaled Khalil,Male,39.0,Jericho,A-,National Insurance,2025-12-31
3850,Mohammad AbuAli,Female,12.0,Jenin,O-,Self-Pay,2024-12-02
3851,Omar Hamad,Female,31.0,Qalqilya,B-,Self-Pay,2025-07-19
3852,Aya Jaber,Male,53.0,Gaza,B+,Corporate,2023-04-10
3853,Ibrahim AbuAli,Male,70.0,Nablus,B+,Self-Pay,2025-10-13
3854,Lina Awwad,Female,19.0,Gaza,A-,Corporate,2025-12-30
3855,Hassan Suleiman,Female,35.0,Bethlehem,O-,Private,2024-05-13
3856,Maya Suleiman,Female,39.0,Jericho,A-,Private,2021-10-13
3857,Sara Barakat,Male,13.0,Jenin,B+,Private,2021-10-03
3858,Ali Saleh,Male,55.0,Jenin,A+,Private,2022-03-04
3859,Aya Suleiman,Male,27.0,Jericho,O-,National Insurance,2024-06-18
3860,Ahmed Nasser,Female,38.0,Bethlehem,A-,National Insurance,2021-11-03
3861,Ibrahim Hamdan,Female,33.0,Ramallah,AB+,National Insurance,2021-02-25
3862,Salma Mansour,Male,26.0,Hebron,AB-,Private,2023-07-27
3863,Ibrahim Barakat,Female,42.0,Jericho,AB+,Government,2025-11-14
3864,Maya Hassan,Male,38.0,Qalqilya,O+,Government,2023-09-30
3865,Ali Barakat,Male,35.0,Ramallah,AB-,Self-Pay,2024-06-08
3866,Sara Qasem,Male,27.0,Gaza,O-,Self-Pay,2023-02-09
3867,Adam Khalil,Female,49.0,Salfit,A+,Private,2022-03-20
3868,Dana Darwish,Male,77.0,Gaza,AB-,National Insurance,2021-05-11
3869,Hassan Hamdan,Female,45.0,Jenin,O+,Self-Pay,2021-10-16
3870,Khaled Yasin,Male,63.0,Salfit,A+,National Insurance,2023-08-19
3871,Mahmoud AbuAli,Male,13.0,Jenin,AB-,National Insurance,2023-02-14
3872,Yousef Qasem,Female,46.0,Jenin,B-,Government,2023-01-03
3873,Yousef Nasser,Female,19.0,Salfit,O-,Corporate,2023-11-25
3874,Aya Hamad,Female,11.0,Hebron,A-,Government,2025-11-27
3875,Ahmed Jaber,Male,27.0,Salfit,AB-,National Insurance,2022-05-15
3876,Aya Najjar,Female,68.0,Jericho,A-,Corporate,2022-02-02
3877,Omar Taha,Female,62.0,Qalqilya,A+,Private,2021-07-24
3878,Dana Najjar,Male,48.0,Ramallah,AB+,Government,2024-04-07
3879,Yousef Darwish,Male,10.0,Ramallah,AB+,Government,2023-06-07
3880,Rania Yasin,Female,38.0,Gaza,A-,Private,2023-09-23
3881,Dana Khalil,Female,49.0,Ramallah,A+,Corporate,2024-10-07
3882,Maya Taha,Female,46.0,Jericho,AB+,Government,2022-11-09
3883,Aya Hassan,Female,4.0,Qalqilya,A+,Government,2025-11-04
3884,Noor Hamad,Male,24.0,Hebron,A-,National Insurance,2022-06-24
3885,Khaled Othman,Male,41.0,Jericho,A+,Private,2022-01-14
3886,Hassan Hassan,Male,54.0,Qalqilya,O+,National Insurance,2024-08-18
3887,Sara Awwad,Female,0.0,Gaza,B+,National Insurance,2025-02-26
3888,Mohammad Nasser,Female,39.0,Gaza,A+,Self-Pay,2023-04-18
3889,Rania Hassan,Male,46.0,Tulkarm,A-,National Insurance,2022-10-17
3890,Leen Hamad,Male,60.0,,A-,Self-Pay,2023-05-20
3891,Mahmoud Othman,Male,57.0,Gaza,B+,Government,2022-07-24
3892,Omar Hassan,Female,55.0,Hebron,B+,Government,2024-09-23
3893,Khaled Hassan,Female,26.0,Jericho,B+,Private,2021-07-15
3894,Salma Hassan,Male,2.0,Ramallah,B-,National Insurance,2023-12-31
3895,Ibrahim Othman,Male,34.0,Salfit,A-,Government,2022-04-12
3896,Khaled Qasem,Male,64.0,Qalqilya,O+,private,2025-06-20
3897,Hassan Mansour,Male,72.0,Salfit,AB+,National Insurance,2025-09-01
3898,Noor Jaber,Female,57.0,Gaza,B-,National Insurance,2022-01-16
3899,Hala Barakat,Female,52.0,Jenin,O-,Self-Pay,2025-06-13
3900,Ahmed Mansour,Female,50.0,Salfit,O+,Self-Pay,2022-01-31
3901,Adam Mansour,Male,31.0,Salfit,AB-,Government,2023-06-15
3902,Aya Najjar,Male,40.0,Jenin,AB-,Government,2024-06-27
3903,Rania AbuAli,Female,78.0,Jericho,A-,National Insurance,2024-11-10
3904,Khaled Barakat,Female,23.0,Tulkarm,AB-,Corporate,2025-10-01
3905,Yousef Hamdan,Female,76.0,,B+,National Insurance,2025-06-01
3906,Mahmoud Taha,Male,36.0,Salfit,O+,Self-Pay,2022-09-07
3907,Mohammad Hamdan,Female,70.0,Tulkarm,B-,Government,2023-04-09
3908,Leen Qasem,Male,13.0,Jenin,O-,National Insurance,2025-04-16
3909,Maya Suleiman,Female,55.0,Hebron,AB-,Government,2024-02-24
3910,Leen Suleiman,Male,27.0,Salfit,AB-,Government,2021-11-12
3911,Ibrahim Othman,Female,13.0,Bethlehem,B+,National Insurance,2021-07-31
3912,Sara Najjar,Male,,Gaza,O-,Self-Pay,2022-02-07
3913,Dana AbuAli,Female,64.0,Jenin,B-,National Insurance,2023-04-22
3914,Dana Darwish,Female,25.0,Hebron,A+,Self-Pay,2025-05-27
3915,Mohammad Barakat,Male,11.0,Jenin,O-,Corporate,2024-08-01
3916,Mahmoud Khatib,Male,41.0,Jericho,A-,National Insurance,2025-10-29
3917,Mahmoud Taha,Male,41.0,Ramallah,O+,Corporate,2024-09-05
3918,Hassan Shami,Male,54.0,Nablus,B-,Private,2023-10-16
3919,Hassan Najjar,Male,62.0,Jericho,A+,Self-Pay,2024-11-16
3920,Khaled Awwad,Male,41.0,Jenin,O+,Self-Pay,2024-02-09
3921,Ahmed Yasin,Male,81.0,Jericho,AB+,Corporate,2022-03-02
3922,Mohammad Saleh,Male,47.0,Jenin,O+,Government,2024-04-27
3923,Ibrahim Shami,Female,35.0,Gaza,AB-,National Insurance,2025-09-13
3924,Ali Hamad,Male,9.0,Jericho,AB+,National Insurance,2025-03-18
3925,Maya Othman,Male,37.0,Salfit,A-,Self-Pay,2021-10-12
3926,Leen Hamad,Female,35.0,Nablus,B-,Self-Pay,2025-08-08
3927,Leen Hamdan,Male,63.0,Ramallah,B+,Self-Pay,2024-12-09
3928,Maya Jaber,Female,52.0,Ramallah,O+,Self-Pay,2024-10-08
3929,Ahmed Suleiman,Male,,Hebron,AB-,Government,2024-05-13
3930,Mohammad Hassan,Male,46.0,Jericho,A-,Government,2022-12-18
3931,Leen Awwad,Male,57.0,Jericho,B-,Corporate,2024-05-17
3932,Adam Hamad,Male,75.0,Ramallah,B-,Government,2022-04-20
3933,,Male,61.0,Bethlehem,O+,Self-Pay,2024-09-07
3934,Hassan Hamdan,Male,58.0,Jenin,A+,Corporate,2024-01-23
3935,Adam Khalil,Male,44.0,Ramallah,O+,Self-Pay,2024-05-14
3936,Hassan Hassan,Male,51.0,Jenin,A-,Private,2023-04-01
3937,Ahmed Jaber,Male,69.0,Nablus,A+,National Insurance,2024-09-05
3938,Khaled Hassan,Male,15.0,Qalqilya,O+,Self-Pay,2021-09-01
3939,Maya Yasin,Male,35.0,Ramallah,A+,Government,2022-08-21
3940,Ali Nasser,Male,26.0,Jenin,AB-,National Insurance,2024-02-08
3941,Adam Saleh,Male,50.0,Hebron,AB-,Government,2021-06-02
3942,Noor Hassan,Female,68.0,Salfit,A-,Self-Pay,2025-09-11
3943,Leen Nasser,Male,30.0,Qalqilya,O+,Private,2021-06-13
3944,Sara Najjar,Male,0.0,Ramallah,O-,Private,2022-02-21
3945,Ali Nasser,Female,34.0,Nablus,B+,National Insurance,2023-08-09
3946,Ahmed Mansour,Male,62.0,Jenin,A-,Private,2021-09-29
3947,Dana Shami,Female,54.0,Tulkarm,B+,Self-Pay,2024-11-28
3948,Yousef Khatib,Male,51.0,Jericho,O-,Corporate,2023-01-25
3949,Rania Barakat,Female,37.0,Jericho,B-,Corporate,2021-05-27
3950,Mahmoud Yasin,Male,16.0,Nablus,O-,National Insurance,2024-06-12
3951,Mohammad Barakat,Male,53.0,Salfit,AB+,Government,2022-05-26
3952,Ali Nasser,Female,25.0,Jenin,A+,Private,2024-12-25
3953,Mahmoud Khalil,Female,88.0,Hebron,AB-,Private,2023-04-22
3954,Salma Suleiman,Male,54.0,Jericho,A-,Self-Pay,2024-01-28
3955,Adam Qasem,Female,30.0,Gaza,AB-,Government,2025-04-01
3956,Rania Jaber,Male,30.0,Nablus,B+,National Insurance,2022-08-03
3957,Rania Khalil,Female,41.0,Salfit,AB+,Corporate,2023-12-13
3958,Lina Suleiman,Female,37.0,Salfit,AB+,Corporate,2024-03-13
3959,Salma AbuAli,F,66.0,Nablus,AB-,Private,2024-04-25
3960,Sara Suleiman,Female,46.0,Tulkarm,O+,Government,2023-01-19
3961,Lina Taha,Female,27.0,Gaza,B+,Self-Pay,2024-07-30
3962,Yousef Shami,Male,82.0,Jericho,O+,Government,2025-04-07
3963,Lina Barakat,Female,44.0,Nablus,AB+,Self-Pay,2025-11-25
3964,Ahmed Najjar,Male,59.0,Nablus,A-,National Insurance,2025-10-26
3965,Adam Nasser,Male,30.0,Nablus,O+,Corporate,2024-08-20
3966,Noor Mansour,Female,50.0,Nablus,O-,Private,2025-12-01
3967,Ahmed Awwad,Female,49.0,Jericho,A+,National Insurance,2025-07-06
3968,Mohammad Najjar,Male,3.0,Qalqilya,B+,Private,2023-08-25
3969,Noor Mansour,Male,85.0,Qalqilya,A-,Private,2022-12-21
3970,Khaled Saleh,Male,70.0,Gaza,B+,Government,2021-12-25
3971,Dana Saleh,Female,34.0,Nablus,AB+,Self-Pay,2022-11-01
3972,Ali Taha,Male,19.0,Tulkarm,AB+,Private,2021-01-03
3973,Adam Khalil,Male,50.0,Qalqilya,AB+,Self-Pay,2024-05-24
3974,Mohammad AbuAli,Female,44.0,Ramallah,A-,Government,2022-12-12
3975,,Male,50.0,Tulkarm,O-,Government,2021-12-04
3976,Hala Hamad,Male,47.0,Nablus,O+,National Insurance,2021-08-29
3977,Lina Najjar,Male,53.0,Salfit,O-,Corporate,2022-05-08
3978,Ahmed Saleh,Male,73.0,Ramallah,A+,National Insurance,2021-07-29
3979,Salma Jaber,Female,54.0,Hebron,AB+,Private,2024-06-09
3980,Sara Saleh,Male,20.0,Jenin,AB+,Self-Pay,2024-02-13
3981,Noor Shami,Female,71.0,Gaza,A+,Government,2021-06-24
3982,Hala Yasin,Male,77.0,Nablus,O+,Government,2025-03-29
3983,Lina Najjar,Male,95.0,Hebron,O-,Corporate,2024-04-13
3984,Mohammad Saleh,Male,19.0,Hebron,O-,National Insurance,2022-05-06
3985,Maya Khatib,Male,48.0,Tulkarm,AB-,Corporate,2022-10-24
3986,Lina Najjar,Female,0.0,Salfit,AB+,Private,2024-01-21
3987,Adam Mansour,Male,54.0,Jericho,O+,Corporate,2024-07-29
3988,Omar Jaber,Female,31.0,Gaza,O+,Private,2023-02-12
3989,Yousef Hassan,Female,83.0,Tulkarm,O+,Self-Pay,2022-05-08
3990,Mahmoud Shami,Female,26.0,Tulkarm,O-,Private,2021-06-19
3991,Maya Darwish,Male,7.0,Bethlehem,O+,Private,2022-04-02
3992,Noor Yasin,Male,33.0,Jenin,A+,Government,2023-01-03
3993,Mahmoud Awwad,Female,1.0,Hebron,O-,Self-Pay,2024-06-15
3994,Salma Mansour,Female,58.0,Jenin,AB+,National Insurance,2023-07-31
3995,Rania Mansour,Female,0.0,Nablus,AB+,Government,2022-05-08
3996,Ali Hamdan,Male,43.0,Hebron,AB+,Corporate,2021-01-10
3997,Omar Hamdan,Male,0.0,Bethlehem,B+,National Insurance,2021-08-15
3998,Sara Darwish,Male,36.0,Jericho,A-,National Insurance,2023-12-31
3999,Sara Darwish,Female,77.0,Jenin,A+,Self-Pay,2021-12-23
4000,Rania Hamad,Female,50.0,Nablus,B+,National Insurance,2021-12-03
4001,Lina Shami,Male,24.0,Hebron,B-,Government,2024-09-07
4002,Ali Khatib,Female,42.0,Salfit,AB+,National Insurance,2022-01-07
4003,Mahmoud Khalil,Female,43.0,Qalqilya,B+,Corporate,2023-03-04
4004,Mahmoud Hassan,Female,52.0,Nablus,B+,Corporate,2023-06-11
4005,Maya Mansour,Male,14.0,Bethlehem,B+,Private,2023-09-22
4006,Ibrahim Mansour,Male,55.0,Gaza,A+,National Insurance,2021-06-28
4007,Noor Shami,Male,0.0,Ramallah,AB-,Government,2024-04-24
4008,Khaled Barakat,Female,29.0,Salfit,B-,Self-Pay,2025-10-25
4009,Ahmed Barakat,Male,32.0,Gaza,AB-,Private,2022-03-18
4010,Mohammad AbuAli,Male,56.0,Qalqilya,A+,National Insurance,2023-12-25
4011,Lina Awwad,Male,43.0,Gaza,A+,Self-Pay,2021-07-15
4012,Leen Hassan,Male,13.0,Salfit,B-,Government,2022-03-10
4013,Lina Khatib,Male,22.0,Bethlehem,O-,Private,2024-05-21
4014,Omar Awwad,Male,47.0,Nablus,B+,Corporate,2024-08-20
4015,Sara Suleiman,Male,41.0,Jericho,B+,Government,2025-09-20
4016,Sara Barakat,Female,30.0,Bethlehem,A-,Corporate,2025-02-24
4017,Lina Qasem,Female,32.0,Nablus,O-,Corporate,2024-06-27
4018,Ali AbuAli,Male,57.0,Jenin,AB-,,2021-10-07
4019,Mahmoud Khalil,Female,32.0,Bethlehem,O-,Corporate,2025-04-23
4020,Yousef Jaber,Female,41.0,Jericho,AB+,Self-Pay,2025-02-12
4021,Ibrahim AbuAli,Female,88.0,Nablus,A-,Corporate,2022-08-29
4022,Lina Othman,Male,13.0,Ramallah,O-,Self-Pay,2023-05-27
4023,Noor Suleiman,Female,4.0,Nablus,AB-,Government,2024-09-11
4024,Rania Suleiman,Male,59.0,Gaza,A+,Corporate,2021-11-24
4025,Dana Khalil,Female,28.0,Bethlehem,A+,Self-Pay,2024-09-18
4026,Yousef Khatib,Male,36.0,Gaza,B+,Government,2021-05-22
4027,Mohammad Barakat,Female,26.0,Qalqilya,O-,Private,2023-03-03
4028,Rania Suleiman,Male,37.0,Tulkarm,B-,Government,2021-11-06
4029,Hassan Najjar,Male,76.0,Qalqilya,AB-,Corporate,2021-11-15
4030,Yousef Saleh,Female,59.0,Qalqilya,AB+,Corporate,2023-01-23
4031,Noor AbuAli,Female,61.0,Ramallah,A-,National Insurance,2025-09-29
4032,Ali Khatib,Female,13.0,Hebron,A+,Private,2021-03-01
4033,Mahmoud Shami,Female,18.0,Hebron,B+,Government,2024-12-10
4034,Yousef Othman,Male,0.0,Jenin,O+,National Insurance,2024-05-12
4035,Hala Barakat,Female,26.0,Salfit,B-,Government,2023-09-08
4036,Dana Hamdan,Male,63.0,Bethlehem,B-,Self-Pay,2023-04-26
4037,Sara Hamad,Male,53.0,Tulkarm,B-,Corporate,2021-10-13
4038,Omar Nasser,Male,38.0,Jenin,A+,Self-Pay,2025-07-05
4039,Lina Mansour,Female,42.0,Jericho,AB+,Government,2023-06-02
4040,Aya AbuAli,Female,28.0,Ramallah,B+,Self-Pay,2022-01-10
4041,Adam Darwish,Female,47.0,Hebron,B-,Self-Pay,2025-09-05
4042,Lina Barakat,Female,59.0,Jericho,O-,Self-Pay,2022-06-17
4043,Hala Shami,Female,9.0,Salfit,O+,Government,2021-12-04
4044,Adam Hamad,Female,49.0,Tulkarm,A-,Private,2022-09-21
4045,Noor Saleh,Female,62.0,Nablus,O+,Corporate,2021-09-23
4046,Leen Suleiman,Female,34.0,Jericho,AB-,Private,2021-10-20
4047,Omar Suleiman,Male,57.0,Bethlehem,O+,Self-Pay,2022-01-03
4048,Salma AbuAli,Female,95.0,Nablus,O-,Corporate,2025-05-12
4049,Hassan Hamdan,Female,40.0,Gaza,A-,Government,2024-03-24
4050,Mohammad Jaber,Female,51.0,Tulkarm,A+,Government,2021-10-29
4051,Hassan Jaber,Female,27.0,Bethlehem,A+,National Insurance,2022-12-08
4052,Rania Hamad,Female,46.0,Gaza,AB-,Private,2025-11-05
4053,Hala Jaber,Male,52.0,Bethlehem,A+,Government,2022-04-17
4054,Salma Taha,Male,47.0,Ramallah,AB+,Self-Pay,2024-02-12
4055,Ali AbuAli,Male,21.0,Bethlehem,B+,Private,2024-03-08
4056,Adam Darwish,Male,47.0,Jericho,O-,Self-Pay,2025-04-18
4057,Aya Awwad,Female,73.0,Hebron,O+,Government,2024-10-06
4058,Ali Taha,Female,52.0,Hebron,A+,Private,2021-05-18
4059,Ali Saleh,Male,63.0,Nablus,AB+,Corporate,2022-07-04
4060,Ali Barakat,Female,38.0,,B-,Government,2025-03-22
4061,Hassan Suleiman,Female,58.0,Salfit,O+,Private,2025-06-06
4062,Hala Mansour,Female,48.0,Bethlehem,A-,Government,2023-02-20
4063,Ahmed Darwish,Female,23.0,Salfit,AB+,Self-Pay,2025-12-01
4064,Salma Saleh,Male,49.0,Qalqilya,AB-,Self-Pay,2022-07-28
4065,Leen Hassan,Male,22.0,Hebron,B+,National Insurance,2024-06-27
4066,Lina Khalil,Male,29.0,Tulkarm,A+,Private,2021-06-08
4067,Mohammad Darwish,Female,46.0,Jericho,A-,Self-Pay,2022-12-08
4068,Hala Hassan,Male,49.0,Hebron,A+,National Insurance,2022-06-07
4069,Yousef Hassan,Female,18.0,Nablus,AB+,Government,2021-05-11
4070,Lina Barakat,Female,65.0,Qalqilya,AB-,Private,2024-11-08
4071,Hassan Darwish,Male,55.0,Qalqilya,A-,National Insurance,2023-11-21
4072,Hassan Najjar,Female,28.0,,AB-,National Insurance,2023-11-02
4073,Omar Othman,Male,10.0,Salfit,A+,Private,2023-04-06
4074,Hala Darwish,Female,39.0,Jenin,O-,Private,2023-09-25
4075,Aya Yasin,Female,33.0,Nablus,A-,Corporate,2021-03-18
4076,Ali Shami,Male,45.0,Jericho,B-,Self-Pay,2024-12-08
4077,Mohammad Suleiman,Male,35.0,Ramallah,AB-,Corporate,2023-03-09
4078,Noor Taha,Female,0.0,Ramallah,A-,Corporate,2024-03-15
4079,Rania Barakat,Female,34.0,Tulkarm,B-,Government,2021-11-24
4080,Noor Khalil,Female,36.0,Nablus,AB-,Private,2022-11-13
4081,Dana Othman,Female,56.0,Hebron,AB+,National Insurance,2024-08-11
4082,Dana Khalil,Female,28.0,Jericho,AB-,Self-Pay,2024-12-16
4083,Ali Yasin,Female,78.0,Hebron,AB-,Government,2022-05-22
4084,Leen Hamad,Male,2.0,Jenin,B+,Self-Pay,2023-03-31
4085,Ali Nasser,Female,70.0,Bethlehem,AB-,Corporate,2021-03-30
4086,Yousef Darwish,Female,38.0,Jericho,O+,Corporate,2023-09-21
4087,Salma Othman,Male,61.0,Hebron,A+,Government,2025-06-04
4088,Hala Darwish,Male,44.0,Gaza,O-,Government,2023-09-08
4089,Maya Suleiman,Male,66.0,Jenin,AB-,Private,2024-07-30
4090,Lina Hassan,Male,34.0,Tulkarm,B+,Corporate,2023-01-30
4091,Ibrahim Suleiman,Male,19.0,Hebron,A+,Corporate,2023-08-15
4092,Hassan Awwad,Female,72.0,Gaza,A+,Self-Pay,2025-04-17
4093,Mahmoud Yasin,Male,40.0,Bethlehem,O-,Self-Pay,2023-07-23
4094,Mohammad Nasser,Female,47.0,Gaza,AB-,Government,2024-11-20
4095,Rania Taha,Female,68.0,Hebron,A+,Corporate,2021-05-06
4096,Ahmed Shami,Male,21.0,Gaza,A-,Private,2025-08-22
4097,Ali Hamdan,Male,55.0,Hebron,AB+,National Insurance,2023-09-29
4098,Hassan Hassan,Female,30.0,Bethlehem,O-,Self-Pay,2021-07-12
4099,Salma Suleiman,Male,40.0,Salfit,O-,Private,2023-02-10
4100,Lina Khatib,Female,44.0,Tulkarm,O+,Self-Pay,2025-04-26
4101,Aya Suleiman,Female,11.0,Nablus,O+,Corporate,2025-10-17
4102,Mahmoud Othman,Female,26.0,Jenin,A+,Private,2024-06-13
4103,Lina Saleh,Male,71.0,Jenin,B+,Self-Pay,2024-10-29
4104,Lina Othman,Female,61.0,Salfit,B-,Government,2021-09-18
4105,Yousef Hamad,Male,41.0,Jenin,B-,Corporate,2024-12-11
4106,Ahmed Shami,Male,48.0,,AB+,Self-Pay,2024-10-07
4107,Mahmoud Suleiman,Male,36.0,Ramallah,AB-,Self-Pay,2025-06-04
4108,Leen Nasser,Male,71.0,Tulkarm,A+,Private,2021-03-31
4109,Yousef Barakat,Male,38.0,Jericho,A+,Private,2023-10-30
4110,Omar Saleh,Female,47.0,Tulkarm,B-,National Insurance,2025-09-26
4111,Aya Darwish,Female,67.0,Qalqilya,B-,Government,2022-10-15
4112,Ibrahim Taha,Male,26.0,Tulkarm,O-,Private,2024-05-14
4113,Khaled Nasser,Female,75.0,Salfit,O+,Self-Pay,2024-03-13
4114,Yousef Hamdan,Female,10.0,Hebron,O+,Self-Pay,2025-10-14
4115,Ibrahim AbuAli,Male,77.0,Nablus,B-,Private,2023-10-11
4116,Ali Suleiman,Female,35.0,Tulkarm,B+,Corporate,2021-10-18
4117,Ibrahim Barakat,Female,37.0,Jenin,B+,Self-Pay,2024-10-03
4118,Ali Jaber,Male,3.0,Nablus,A+,Government,2021-02-12
4119,Dana Barakat,Male,33.0,Ramallah,AB+,Self-Pay,2025-06-06
4120,Ahmed Darwish,Male,21.0,Salfit,A+,Corporate,2025-04-18
4121,Sara Hamdan,Male,30.0,Gaza,O-,Private,2023-04-01
4122,Hassan Hassan,Male,40.0,Hebron,AB-,Self-Pay,2025-09-27
4123,Hassan Barakat,Male,63.0,Nablus,A-,Private,2021-04-27
4124,Omar Hamad,Male,47.0,Qalqilya,B-,Private,2024-02-07
4125,Aya Taha,Male,49.0,Nablus,AB+,Corporate,2021-04-02
4126,Khaled Taha,Male,19.0,Tulkarm,AB+,Private,2022-11-18
4127,Dana Khatib,Male,24.0,Salfit,A+,Corporate,2025-02-23
4128,Mahmoud Hassan,Female,80.0,Hebron,O-,Self-Pay,2023-05-20
4129,Yousef AbuAli,Female,27.0,Jericho,B+,Corporate,2024-08-09
4130,Ahmed Taha,Male,77.0,Gaza,B+,Self-Pay,2023-12-01
4131,Yousef Qasem,Female,37.0,Bethlehem,AB+,Self-Pay,2025-10-01
4132,Ahmed Qasem,Male,43.0,Ramallah,A-,Private,2022-12-16
4133,Dana Othman,Male,65.0,Nablus,O+,Self-Pay,2022-02-20
4134,Salma Shami,Female,69.0,Gaza,A-,Corporate,2024-04-12
4135,Mohammad Jaber,Male,40.0,Jericho,B-,Self-Pay,2023-04-16
4136,Lina Awwad,Male,34.0,Jericho,O-,Self-Pay,2023-09-08
4137,Mohammad Taha,Female,41.0,Bethlehem,O+,Government,2024-09-09
4138,Hala Yasin,Male,50.0,Jericho,B-,Self-Pay,2024-01-21
4139,Hala Qasem,Male,61.0,Ramallah,O+,Government,2023-07-31
4140,Maya Mansour,Male,43.0,Gaza,O+,Self-Pay,2023-06-10
4141,Aya Taha,Male,55.0,Salfit,B-,Self-Pay,2024-08-11
4142,Maya Khalil,Female,77.0,Tulkarm,B+,Government,2024-02-02
4143,Salma Yasin,Male,51.0,Bethlehem,AB+,Corporate,2024-04-10
4144,Mahmoud Darwish,Male,49.0,Gaza,AB-,National Insurance,2024-06-28
4145,Rania Najjar,Female,11.0,Gaza,O+,National Insurance,2024-05-20
4146,Rania Barakat,F,0.0,Nablus,B-,Corporate,2023-01-27
4147,Dana Awwad,Female,51.0,Nablus,A-,National Insurance,2021-09-13
4148,Aya Nasser,Female,41.0,Tulkarm,O-,Corporate,2024-04-08
4149,Hassan Hamad,Male,32.0,Gaza,AB-,Self-Pay,2022-12-20
4150,Yousef Yasin,Female,48.0,Ramallah,A-,National Insurance,2023-12-13
4151,Noor Hassan,Male,41.0,Tulkarm,A+,Private,2025-01-11
4152,Salma Mansour,Female,66.0,Jenin,B+,Corporate,2023-07-05
4153,Dana Najjar,Female,44.0,Bethlehem,A+,Government,2024-08-08
4154,Ahmed Saleh,Male,27.0,Nablus,A-,Private,2025-02-06
4155,Ali Darwish,Male,63.0,Ramallah,O+,Private,2023-10-08
4156,Adam Mansour,Male,38.0,Jericho,AB-,Government,2022-01-07
4157,Khaled AbuAli,Male,54.0,Jericho,B-,Private,2024-07-22
4158,Dana Awwad,Female,32.0,Gaza,A+,Private,2025-05-22
4159,Rania Othman,Male,29.0,Gaza,AB+,Government,2023-02-28
4160,Noor Saleh,Female,44.0,Salfit,O-,National Insurance,2022-05-05
4161,Rania Jaber,Male,43.0,Tulkarm,O-,Private,2025-07-11
4162,Adam Jaber,Female,53.0,Salfit,AB-,Self-Pay,2024-10-21
4163,Rania Hamdan,Male,37.0,Jericho,O-,Government,2023-01-12
4164,Ibrahim Hamdan,Female,4.0,Hebron,AB+,National Insurance,2025-01-23
4165,Yousef Hamdan,Female,33.0,Jericho,O+,National Insurance,2025-11-25
4166,Hala Othman,Female,59.0,Qalqilya,B-,National Insurance,2024-02-25
4167,Mahmoud Qasem,Female,36.0,Gaza,O+,Self-Pay,2022-03-19
4168,Noor Barakat,Female,37.0,Qalqilya,AB-,Government,2021-11-12
4169,Ahmed Shami,Female,63.0,Tulkarm,O-,Private,2023-11-07
4170,Salma Jaber,Male,28.0,Gaza,O+,Corporate,2024-02-23
4171,Hassan Hamdan,Female,10.0,Hebron,O+,Corporate,2024-11-15
4172,Sara Yasin,Male,39.0,Tulkarm,A+,National Insurance,2022-10-16
4173,Omar Qasem,Male,32.0,Salfit,B+,Corporate,2022-07-06
4174,Maya Shami,Male,22.0,Nablus,A+,Self-Pay,2022-02-08
4175,Adam Mansour,Male,39.0,Salfit,A+,Self-Pay,2023-07-05
4176,Mahmoud Najjar,Male,53.0,Salfit,AB-,National Insurance,2024-07-24
4177,Lina Awwad,Female ,42.0,,A+,Private,2023-05-14
4178,Ali Darwish,Female,49.0,Ramallah,AB-,Private,2024-10-17
4179,Ali Awwad,Female,81.0,Tulkarm,A+,Government,2024-02-26
4180,Mohammad Jaber,Male,35.0,Tulkarm,B-,Private,2021-10-13
4181,Aya Khatib,Female,48.0,Hebron,B-,Self-Pay,2024-06-24
4182,Sara Othman,Male,32.0,Ramallah,A-,Government,2022-05-05
4183,Lina Hamad,Male,25.0,Jenin,B+,Self-Pay,2023-01-04
4184,Khaled Shami,Female,30.0,Gaza,O+,Self-Pay,2022-01-11
4185,Lina Nasser,Male,32.0,Qalqilya,AB-,Self-Pay,2022-04-03
4186,Hala Othman,Female,50.0,Tulkarm,AB+,National Insurance,2021-06-14
4187,Adam Suleiman,Male,92.0,Salfit,A-,Corporate,2022-04-21
4188,Sara Nasser,Male,27.0,Bethlehem,AB+,National Insurance,2025-08-25
4189,Lina Darwish,Male,34.0,Bethlehem,A+,Self-Pay,2021-10-05
4190,Rania Mansour,Male,41.0,Jericho,O-,Government,2022-05-22
4191,Aya Hamdan,Female,51.0,Ramallah,B+,Private,2024-09-29
4192,Sara Najjar,Female,48.0,Jericho,B+,Self-Pay,2022-06-12
4193,Mohammad Mansour,Female,69.0,Nablus,AB+,Corporate,2021-08-31
4194,Hala Shami,Female,0.0,Gaza,A+,Corporate,2024-06-26
4195,Omar Suleiman,Male,0.0,Ramallah,O+,Government,2021-02-11
4196,Mahmoud Khatib,Female,32.0,Ramallah,O+,Self-Pay,2021-05-02
4197,Ibrahim Darwish,Male,66.0,Tulkarm,B+,Government,2024-10-18
4198,Noor Shami,Male,10.0,Ramallah,B+,Government,2022-07-29
4199,Mahmoud Taha,Male,0.0,Jenin,AB-,Private,2024-09-08
4200,Ibrahim Saleh,Male,,Gaza,AB-,Corporate,2025-07-29
4201,Mahmoud Barakat,Female,48.0,Tulkarm,A+,Government,2024-02-07
4202,Khaled AbuAli,Male,20.0,Hebron,AB+,Government,2023-08-24
4203,Lina Qasem,Female,22.0,Jericho,O-,Government,2024-05-26
4204,Salma Khalil,Male,22.0,Tulkarm,AB+,Corporate,2021-02-19
4205,Ibrahim Hamdan,Male,45.0,Ramallah,B-,National Insurance,2022-05-25
4206,Noor Khatib,Female,29.0,Hebron,A-,Private,2024-11-05
4207,Khaled Hamad,Female,53.0,Bethlehem,A-,Private,2022-10-19
4208,Ahmed Suleiman,Male,0.0,Salfit,A-,Self-Pay,2024-05-23
4209,Ali Barakat,Female,25.0,Ramallah,O-,Government,2025-10-22
4210,Khaled Taha,Male,19.0,Jericho,B+,Corporate,2021-06-20
4211,Omar Taha,Female,37.0,Hebron,B+,Government,2021-07-20
4212,Leen Yasin,Male,31.0,Jericho,A-,National Insurance,2023-06-26
4213,Hassan Shami,Female,59.0,Bethlehem,A-,Private,2023-01-06
4214,Ali Hamad,Female,3.0,Bethlehem,A+,Self-Pay,2024-08-10
4215,Ibrahim Qasem,Male,43.0,Tulkarm,B-,Private,2022-06-05
4216,Adam Darwish,Male,54.0,Nablus,B+,Private,2021-09-26
4217,Maya Taha,Male,81.0,Qalqilya,O-,Corporate,2024-06-09
4218,Omar Othman,Female,32.0,Tulkarm,A+,Government,2024-05-02
4219,Sara Taha,Female,49.0,Bethlehem,O+,Private,2022-05-02
4220,Omar Hamdan,Male,5.0,Salfit,B-,National Insurance,2023-04-16
4221,Aya Qasem,Female,0.0,Ramallah,B+,Government,2025-06-04
4222,Noor Yasin,Male,60.0,Nablus,A-,Government,2025-08-28
4223,Dana Saleh,Female,42.0,Gaza,A-,Private,2025-11-20
4224,Sara Nasser,Male,67.0,Hebron,AB+,Self-Pay,2021-05-04
4225,Mohammad Yasin,Female,14.0,Gaza,B+,Private,2021-07-21
4226,Mahmoud Yasin,Male,53.0,Tulkarm,B-,Government,2021-03-06
4227,Dana Othman,Male,82.0,Jericho,A-,Self-Pay,2022-04-01
4228,Noor Awwad,Male,51.0,Qalqilya,A-,Self-Pay,2022-05-18
4229,Maya Khatib,Male,48.0,Bethlehem,AB+,Self-Pay,2023-05-28
4230,Rania Mansour,Male,43.0,Nablus,A+,National Insurance,2021-09-23
4231,Yousef Hamdan,Male,10.0,Nablus,O-,,2023-07-25
4232,Mohammad Suleiman,Male,71.0,Jenin,AB-,Private,2025-06-16
4233,Dana Khatib,Female,30.0,Ramallah,B+,Government,2023-07-29
4234,Ahmed Taha,Female,53.0,Ramallah,A-,Corporate,2025-03-24
4235,Yousef Khatib,Female,10.0,Jenin,AB-,National Insurance,2023-01-15
4236,Noor Khatib,Female,18.0,Gaza,O+,PRIVATE,2022-11-25
4237,Maya Nasser,Male,73.0,Bethlehem,O+,Self-Pay,2021-06-10
4238,Mahmoud Shami,Female,35.0,Ramallah,O+,Government,2025-09-30
4239,Noor AbuAli,Female,73.0,Jericho,A-,Government,2025-02-28
4240,Maya Barakat,Female,41.0,Qalqilya,B-,Private,2023-02-02
4241,Lina Najjar,Male,4.0,Bethlehem,A-,Government,2024-01-21
4242,Hala Najjar,Female,61.0,Nablus,B+,,2022-03-22
4243,Ibrahim Barakat,Male,30.0,Jenin,AB+,Self-Pay,2025-12-20
4244,Maya Mansour,Female,57.0,Jericho,B-,Government,2021-01-02
4245,Ibrahim Nasser,Male,43.0,Bethlehem,O+,Private,2024-11-02
4246,Ibrahim Mansour,Male,10.0,Tulkarm,B+,National Insurance,2023-11-14
4247,Mahmoud Nasser,Female,46.0,Qalqilya,O+,Government,2025-12-22
4248,Noor Hamdan,Female,89.0,Nablus,AB+,Self-Pay,2022-10-04
4249,Maya Yasin,Female,53.0,Salfit,O-,Private,2022-03-20
4250,Maya Yasin,Male,41.0,,A+,National Insurance,2024-01-14
4251,Mahmoud Najjar,Male,65.0,Jericho,B-,Private,2025-04-17
4252,Lina Hamad,Male,47.0,Gaza,A-,Government,2023-09-16
4253,Omar Barakat,Female,47.0,Salfit,B-,National Insurance,2021-05-12
4254,Omar Hamdan,Male,20.0,Jericho,B+,Corporate,2021-07-12
4255,Yousef Yasin,Female,47.0,Gaza,B+,Corporate,2021-11-18
4256,Adam Najjar,Male,64.0,Qalqilya,B-,Private,2021-06-29
4257,Dana Nasser,Female,25.0,Salfit,O+,Private,2025-10-03
4258,Rania Darwish,Female,72.0,Qalqilya,AB+,Corporate,2023-09-05
4259,Ibrahim Hamad,Female,41.0,Salfit,A+,National Insurance,2021-11-27
4260,Ali Nasser,Female,24.0,Ramallah,A-,National Insurance,2024-01-24
4261,Noor Darwish,Female,63.0,Tulkarm,A-,Corporate,2024-06-23
4262,Dana Nasser, MALE ,36.0,Jericho,A-,Self-Pay,2022-03-09
4263,Sara Suleiman,Male,58.0,Ramallah,O+,Government,2025-08-25
4264,Mohammad Mansour,Female,36.0,Tulkarm,AB-,Self-Pay,2025-08-03
4265,Khaled Suleiman,Male,41.0,Jericho,AB+,Corporate,2023-04-21
4266,Hassan Najjar,Male,53.0,Ramallah,B-,Corporate,2025-10-13
4267,Leen Hamad,Male,49.0,Jericho,B+,Private,2021-08-22
4268,Hassan Awwad,Female,1.0,Ramallah,O+,Self-Pay,2022-12-14
4269,Hassan Mansour,Male,19.0,Jericho,B-,Government,2023-05-14
4270,Mohammad AbuAli,Male,62.0,Bethlehem,AB-,National Insurance,2024-03-30
4271,Omar Hassan,Female,40.0,Salfit,A+,Government,2023-09-03
4272,Khaled Khatib,Female,32.0,Jenin,AB-,Corporate,2025-05-10
4273,Sara Taha,Male,14.0,Tulkarm,O+,Government,2024-10-24
4274,Salma Hamad,Male,20.0,Gaza,O-,National Insurance,2025-02-09
4275,Hassan Khatib,Male,0.0,Gaza,AB-,National Insurance,2021-08-05
4276,Aya Hamdan,Male,40.0,Salfit,B+,National Insurance,2024-02-17
4277,Yousef Hamdan,Female,30.0,Jericho,B+,Private,2025-08-05
4278,Khaled Othman,Female,22.0,Nablus,A-,Corporate,2023-03-21
4279,Mahmoud Hamad,Female,41.0,,AB+,Private,2025-08-17
4280,Hassan Yasin,Female,50.0,Tulkarm,B-,Private,2022-10-05
4281,Maya Othman,Male,86.0,Salfit,B-,Private,2025-04-30
4282,Rania Khatib,Female,11.0,Qalqilya,AB-,Corporate,2021-04-05
4283,Leen Suleiman,Female,67.0,Tulkarm,O-,Government,2024-07-13
4284,Adam Hassan,Male,63.0,Ramallah,O-,Self-Pay,2024-07-26
4285,Hassan Darwish,Male,26.0,Jericho,O+,Corporate,2021-05-12
4286,Yousef Othman,Male,47.0,Salfit,O-,Government,2023-05-29
4287,Aya Awwad,Female,33.0,Gaza,A-,Self-Pay,2024-09-07
4288,Mahmoud Jaber,Male,46.0,Gaza,AB+,Government,2024-08-25
4289,Khaled Mansour,Female,,Ramallah,B-,Private,2023-04-24
4290,Mahmoud Mansour,Male,55.0,Jericho,AB-,National Insurance,2021-01-30
4291,Mohammad Yasin,Male,53.0,Jenin,AB+,National Insurance,2021-12-11
4292,Ibrahim Yasin,Female,33.0,Gaza,A+,Government,2024-11-20
4293,Adam AbuAli,Female,11.0,Nablus,AB+,Self-Pay,2023-04-23
4294,Lina Khalil,Male,38.0,Qalqilya,O+,Private,2022-11-20
4295,Noor Hamdan,Male,68.0,Salfit,AB+,Private,2022-09-25
4296,Rania Qasem,Male,10.0,Salfit,A-,Government,2023-08-16
4297,Omar Darwish,Female,20.0,Gaza,AB+,National Insurance,2021-07-11
4298,Salma Hassan,Male,45.0,Jericho,A-,Private,2021-02-25
4299,Hassan Darwish,Female,22.0,Tulkarm,AB+,Government,2025-03-15
4300,Leen Hamad,Male,26.0,Nablus,B+,Government,2023-09-11
4301,Maya Barakat,Female,34.0,Salfit,O+,Corporate,2021-12-21
4302,Khaled Hamad,Female,14.0,Hebron,B-,Corporate,2023-02-25
4303,Yousef Hamad,M,22.0,Ramallah,A-,Corporate,2025-05-22
4304,Hassan Khatib,Male,57.0,Salfit,B-,National Insurance,2021-09-17
4305,Adam Saleh,Female,15.0,Nablus,O+,Self-Pay,2024-10-11
4306,Khaled Taha,Male,9.0,Jenin,O+,Government,2022-02-17
4307,Ibrahim Taha,Male,29.0,Hebron,AB+,Government,2023-08-26
4308,Lina Nasser,Female,58.0,Jericho,AB+,Private,2023-11-06
4309,Noor Qasem,Female,38.0,Gaza,AB+,Government,2025-01-29
4310,Dana Mansour,Female,33.0,Salfit,B+,Corporate,2022-11-07
4311,Sara Awwad,Female,43.0,Jenin,B-,National Insurance,2025-08-09
4312,Ahmed Hamad,Female,6.0,Gaza,AB-,Corporate,2022-07-12
4313,Rania Awwad,Male,53.0,Salfit,O+,Corporate,2025-11-25
4314,Noor Jaber,Female,51.0,Hebron,AB-,Corporate,2021-07-16
4315,Rania Barakat,Female,34.0,Nablus,AB+,Self-Pay,2021-09-13
4316,Dana Taha,Male,64.0,Nablus,A+,Corporate,2025-06-23
4317,Leen Darwish,Female,19.0,Gaza,O-,Government,2022-07-17
4318,Ibrahim Khatib,Female,66.0,Jericho,O+,Self-Pay,2023-07-11
4319,Leen Yasin,Female,46.0,Bethlehem,A+,Self-Pay,2024-12-06
4320,Mohammad Shami,Male,35.0,Jericho,A+,Private,2025-09-30
4321,Adam Khatib,Female,42.0,Ramallah,A-,Private,2025-04-03
4322,Hassan Taha,Female,40.0,Bethlehem,A-,National Insurance,2023-03-15
4323,Rania Qasem,Female,68.0,Jericho,AB-,Private,2024-08-29
4324,Sara Khalil,Female,20.0,Nablus,A-,Self-Pay,2023-10-04
4325,Ibrahim Hamdan,Male,26.0,Hebron,AB+,Government,2023-01-24
4326,Salma Suleiman,Female,64.0,Nablus,AB+,National Insurance,2025-04-05
4327,Ahmed Darwish,Female ,30.0,Jericho,B-,Self-Pay,2022-12-04
4328,Ibrahim Hassan,Male,61.0,Jenin,B+,Corporate,2023-06-10
4329,Yousef Najjar,Male,78.0,Tulkarm,O-,Private,2022-09-08
4330,Omar Saleh,Female,34.0,Nablus,B-,Corporate,2022-10-25
4331,Rania Suleiman,Male,57.0,Jericho,AB+,Corporate,2025-06-06
4332,Yousef Suleiman,Male,18.0,Qalqilya,AB+,Corporate,2022-05-16
4333,Noor Yasin,Male,58.0,Jericho,B-,National Insurance,2023-11-15
4334,Lina AbuAli,Male,47.0,Ramallah,A+,Private,2025-10-08
4335,Ali Shami,Female,52.0,Salfit,AB-,Private,2025-07-10
4336,Salma Othman,Male,29.0,Jenin,AB-,Government,2025-11-14
4337,Rania Shami,Female,8.0,Qalqilya,O+,Self-Pay,2021-04-10
4338,Hassan Barakat,Female,53.0,Jericho,B+,Private,2022-02-02
4339,Noor Othman,Female,0.0,Jenin,AB+,Government,2024-07-11
4340,Salma Hamdan,Female,36.0,Qalqilya,O+,Government,2022-04-22
4341,Mohammad Yasin,Male,,Gaza,B-,Government,2023-01-30
4342,Aya Suleiman,Male,47.0,Bethlehem,A+,Self-Pay,2025-12-13
4343,Mahmoud Nasser,Female,83.0,Jenin,AB+,National Insurance,2023-08-03
4344,Aya Suleiman,Male,64.0,Jericho,B+,Self-Pay,2022-05-17
4345,Maya Shami,Female,29.0,Nablus,O-,Self-Pay,2022-06-27
4346,Rania Qasem,Female,43.0,Jenin,B-,National Insurance,2025-09-15
4347,Hala Darwish,Male,42.0,Salfit,AB-,Government,2023-07-03
4348,Aya Hamdan,Male,9.0,Hebron,O-,Self-Pay,2023-08-12
4349,Noor Yasin,Female,23.0,Jenin,A+,National Insurance,2025-11-22
4350,Ali Awwad,Female,31.0,Jericho,O-,National Insurance,2021-06-14
4351,Ibrahim Khatib,Female,0.0,Tulkarm,B-,National Insurance,2021-06-30
4352,Yousef Darwish,Female,43.0,Hebron,B-,Private,2024-06-27
4353,Leen Hassan,Male,37.0,Nablus,AB+,,2025-06-19
4354,Noor Qasem,Female,7.0,Tulkarm,B+,Government,2025-03-06
4355,Ibrahim Hamdan,Female,51.0,Hebron,AB-,Self-Pay,2023-01-19
4356,Mahmoud Darwish,Male,58.0,Hebron,B+,Self-Pay,2023-05-31
4357,Omar Awwad,Male,47.0,Jenin,O-,Private,2025-10-18
4358,Leen Khalil,Male,36.0,Nablus,B-,National Insurance,2024-04-12
4359,Lina Suleiman,Male,55.0,Ramallah,O+,National Insurance,2021-06-14
4360,Yousef Yasin,Male,57.0,Tulkarm,B-,Self-Pay,2025-06-01
4361,Adam Barakat,Female,49.0,Ramallah,AB+,National Insurance,2023-08-22
4362,Aya Suleiman,Male,25.0,Qalqilya,O+,Corporate,2023-09-25
4363,Ahmed Hamdan,Female,48.0,Salfit,O+,Self-Pay,2024-10-06
4364,Maya Yasin,Male,68.0,Salfit,A+,National Insurance,2024-12-29
4365,Ali Qasem,Female,30.0,Tulkarm,AB-,Private,2023-12-15
4366,Salma Khalil,Female,87.0,Gaza,B-,Government,2021-01-08
4367,Khaled Hamad,Male,31.0,Bethlehem,O+,National Insurance,2025-10-18
4368,Ahmed Darwish,Female,43.0,Bethlehem,B-,Corporate,2024-01-01
4369,Noor Mansour,Male,28.0,Ramallah,AB+,Private,2022-12-28
4370,Yousef Othman,Male,47.0,Qalqilya,O+,Self-Pay,2021-03-08
4371,Ibrahim Najjar,Female,6.0,Bethlehem,B-,Government,2024-02-05
4372,Leen Khalil,Female,31.0,Bethlehem,AB-,Government,2022-06-19
4373,Aya Jaber,Female,20.0,Gaza,A+,Government,2022-11-02
4374,Salma Hamdan,Female,45.0,Ramallah,A+,Government,2025-01-18
4375,Mahmoud Taha,Female,63.0,Hebron,AB-,Private,2024-01-06
4376,Noor Suleiman,Female,56.0,Bethlehem,O-,National Insurance,2021-07-15
4377,Hassan Khalil,Male,0.0,Tulkarm,A-,Corporate,2024-10-12
4378,Hassan Awwad,Male,85.0,Tulkarm,AB-,Government,2022-07-02
4379,Noor Darwish,Male,49.0,Tulkarm,B-,Corporate,2023-12-16
4380,Dana Qasem,Male,26.0,Ramallah,O-,Corporate,2024-05-18
4381,Sara Darwish,Male,46.0,Salfit,AB+,Private,2021-12-16
4382,Dana Barakat,Female,46.0,Tulkarm,A-,Self-Pay,2023-08-02
4383,Lina Khatib,,28.0,Hebron,B-,Private,2024-04-18
4384,Mahmoud Jaber,Male,47.0,Qalqilya,A+,Private,2022-02-06
4385,Dana Khalil,Female,30.0,Jericho,B-,National Insurance,2021-09-18
4386,Salma Mansour,Female,34.0,Gaza,A-,Corporate,2025-11-30
4387,Lina Hamad,Female,28.0,Hebron,A+,Corporate,2025-02-15
4388,Mohammad Mansour,Male,12.0,Qalqilya,AB-,Government,2023-08-26
4389,Hassan Jaber,Male,46.0,Ramallah,AB+,Self-Pay,2021-06-30
4390,Hassan AbuAli,Male,55.0,Tulkarm,AB-,National Insurance,2022-02-05
4391,Omar Khalil,Female,53.0,Hebron,A+,Government,2021-05-01
4392,Ibrahim Jaber,Male,60.0,Bethlehem,O-,Corporate,2021-06-30
4393,Mohammad Hassan,Female,49.0,Tulkarm,AB+,National Insurance,2022-10-17
4394,Aya Suleiman,Female,31.0,Hebron,AB+,National Insurance,2025-12-21
4395,Ibrahim Nasser,Male,60.0,Salfit,A-,Government,2023-04-13
4396,Salma Khatib,Female,14.0,Tulkarm,B+,Private,2023-05-04
4397,Ibrahim Khalil,Male,24.0,Nablus,O+,Private,2024-11-23
4398,Maya Barakat,Male,22.0,Nablus,A+,Corporate,2024-07-27
4399,Ali Mansour,Female,65.0,Gaza,A-,Self-Pay,2024-01-02
4400,Ali Suleiman,Male,62.0,Gaza,A-,,2022-12-30
4401,Maya Mansour,Female,53.0,Salfit,O+,Government,2021-03-04
4402,Hala Othman,Female,65.0,Bethlehem,A-,Private,2021-01-23
4403,Lina Hamad,Male,24.0,Gaza,AB-,Self-Pay,2021-09-23
4404,Ali Yasin,Female,50.0,Nablus,B-,Government,2021-10-26
4405,Ahmed Hassan,Female,40.0,Jenin,AB-,Corporate,2023-10-08
4406,Ali Hamdan,Male,60.0,Qalqilya,O-,Private,2021-10-24
4407,Salma Qasem,Male,40.0,Jenin,AB-,Government,2025-01-08
4408,Omar Darwish,Male,34.0,Gaza,O+,Private,2025-07-09
4409,Maya Hassan,Female,54.0,Qalqilya,A+,Government,2025-06-09
4410,Khaled Hamdan,Male,61.0,Jericho,AB-,National Insurance,2025-12-21
4411,Rania Hamdan,Female,28.0,Jericho,AB-,Private,2025-01-10
4412,Leen Awwad,Female,41.0,Ramallah,AB-,Self-Pay,2023-03-15
4413,Adam Othman,Male,20.0,Ramallah,O+,National Insurance,2024-07-08
4414,Lina Suleiman,Male,0.0,Hebron,O-,Corporate,2023-11-08
4415,Hala Shami,Female,47.0,Tulkarm,O+,Corporate,2024-06-30
4416,Mahmoud Khalil,Male,55.0,Jericho,A+,Self-Pay,2024-08-18
4417,Ali Saleh,Male,48.0,Ramallah,A-,Government,2024-02-13
4418,Maya Awwad,Female,2.0,Bethlehem,AB+,Self-Pay,2025-12-12
4419,Yousef Hamad,Male,35.0,Hebron,A+,Government,2022-11-06
4420,Mohammad Hamdan,Female,0.0,Hebron,B+,Corporate,2022-08-17
4421,Ibrahim Khalil,Male,71.0,Jenin,O-,Corporate,2025-02-06
4422,Omar Qasem,Male,20.0,Jenin,O-,Government,2024-02-23
4423,Mahmoud Hamad,Female,69.0,Ramallah,O+,Self-Pay,2022-03-17
4424,Omar Hamad,Female,62.0,Hebron,B+,Self-Pay,2023-10-08
4425,Ahmed Yasin,Female,24.0,Qalqilya,O+,Corporate,2025-03-13
4426,Noor Darwish,Female,19.0,Gaza,B+,National Insurance,2025-05-05
4427,Dana Mansour,Male,50.0,Qalqilya,B+,Corporate,2021-01-04
4428,Mohammad Taha,Male,25.0,Gaza,B-,National Insurance,2022-03-06
4429,Omar Suleiman,Female,45.0,Jericho,AB+,Self-Pay,2023-09-21
4430,Noor Najjar,Male,32.0,Salfit,O+,National Insurance,2022-10-26
4431,Dana AbuAli,Female,5.0,Jenin,AB+,Corporate,2022-10-29
4432,Leen Najjar,Female,0.0,Gaza,A-,Government,2023-01-02
4433,Hassan Khalil,Female,47.0,Tulkarm,AB-,National Insurance,2024-05-13
4434,Khaled Taha,Female,31.0,Jenin,O-,National Insurance,2021-06-28
4435,Yousef Jaber,Female,31.0,Gaza,O+,Self-Pay,2022-10-24
4436,Mohammad Nasser,Female,57.0,Jericho,AB+,National Insurance,2022-04-04
4437,Adam Khatib,Female,67.0,Tulkarm,AB-,Private,2025-04-21
4438,Lina Suleiman,Female,37.0,Ramallah,O+,Self-Pay,2023-12-21
4439,Salma Suleiman,Male,35.0,Nablus,A+,Corporate,2022-02-28
4440,Lina Taha,Male,53.0,Nablus,A-,Self-Pay,2025-05-26
4441,Hassan Hassan,Male,14.0,Tulkarm,O-,Government,2021-12-20
4442,Adam Saleh,Male,47.0,Qalqilya,AB+,Corporate,2025-06-10
4443,Hassan Jaber,Male,54.0,Bethlehem,O+,Self-Pay,2024-02-08
4444,Omar Hamad,Female,57.0,Jericho,A+,Private,2025-07-06
4445,Hala Hassan,Female,2.0,Nablus,B-,Government,2022-09-07
4446,Dana Awwad,Male,27.0,Tulkarm,B-,Self-Pay,2025-03-12
4447,Mahmoud Qasem,Female,24.0,Jericho,O-,Private,2022-12-10
4448,Sara Hamdan,Female,45.0,Jericho,A+,National Insurance,2022-05-17
4449,Leen Saleh,Female,53.0,,O+,Self-Pay,2025-10-19
4450,Adam Barakat,Male,74.0,Bethlehem,B+,Private,2024-07-12
4451,Sara Othman,Female,32.0,Jenin,A-,Private,2024-05-12
4452,Ali Taha,Female,32.0,Jericho,O-,Government,2025-07-03
4453,Hala Qasem,Male,67.0,Gaza,A-,National Insurance,2022-10-20
4454,Hassan Yasin,Male,49.0,Nablus,O-,Self-Pay,2022-11-28
4455,Sara Yasin,Male,69.0,Ramallah,B+,Self-Pay,2022-01-09
4456,Noor Hamdan,Male,49.0,Salfit,AB-,Self-Pay,2023-09-06
4457,Hala Hamdan,Female,18.0,Jericho,A+,Self-Pay,2024-02-24
4458,Salma Awwad,Female,15.0,Tulkarm,A-,Corporate,2024-11-28
4459,Leen Nasser,Male,10.0,Bethlehem,O-,National Insurance,2023-01-29
4460,Yousef Saleh,Female,56.0,Jenin,A-,National Insurance,2024-05-22
4461,Khaled Darwish,Male,67.0,Ramallah,O+,National Insurance,2024-06-23
4462,Dana Mansour,Male,81.0,Qalqilya,AB-,Corporate,2023-09-02
4463,Adam Shami,Female,60.0,Jericho,AB-,Self-Pay,2025-05-17
4464,Sara Hamad,Male,67.0,Bethlehem,A+,National Insurance,2022-10-30
4465,Ibrahim Khatib,Female,30.0,Hebron,AB+,Government,2025-04-18
4466,Noor Yasin,Female,18.0,Bethlehem,A-,National Insurance,2025-10-27
4467,Noor Hamad,Male,60.0,Gaza,A+,Corporate,2022-06-29
4468,Salma Hassan,Female,,Jericho,B-,National Insurance,2025-11-07
4469,Mohammad Qasem,Male,45.0,Tulkarm,O-,Self-Pay,2021-09-13
4470,Omar Hassan,Male,51.0,Ramallah,AB-,National Insurance,2023-08-05
4471,Aya AbuAli,Female,49.0,Salfit,AB+,Government,2024-09-20
4472,Yousef Hamdan,Female,69.0,Gaza,B+,National Insurance,2023-01-19
4473,Aya Taha,Female,70.0,Jericho,AB+,Private,2022-04-03
4474,Sara Hamdan,Female,54.0,Jenin,A-,Self-Pay,2023-12-30
4475,Sara Qasem,Female,60.0,Hebron,AB-,Government,2022-05-02
4476,Ali Yasin,Female,53.0,Tulkarm,AB-,Corporate,2021-02-06
4477,Leen Qasem,Female,33.0,Salfit,AB+,Self-Pay,2023-01-12
4478,Hala Nasser,Female,58.0,Jericho,A+,Government,2025-06-01
4479,Hala Hamdan,Male,13.0,Hebron,O+,Government,2022-05-04
4480,Hassan Jaber,Female,65.0,Nablus,AB+,Private,2023-08-11
4481,Mohammad Hamdan,Female,17.0,Salfit,O-,Private,2022-06-06
4482,Rania Hamad,Female,49.0,Hebron,AB+,Private,2024-02-13
4483,,Female,25.0,Nablus,B-,Self-Pay,2022-08-04
4484,Lina Barakat,Male,54.0,Ramallah,O-,Private,2022-01-27
4485,Salma Barakat,Male,42.0,Nablus,A-,Self-Pay,2022-12-14
4486,Salma Awwad,Male,9.0,Ramallah,O-,Private,2023-02-24
4487,Aya Hamad,Female,51.0,Salfit,A+,Self-Pay,2024-01-18
4488,Noor Khatib,Male,30.0,Qalqilya,AB-,National Insurance,2024-10-24
4489,Mohammad Barakat,Male,61.0,Ramallah,AB-,Corporate,2025-07-18
4490,Mahmoud Yasin,Female,43.0,Bethlehem,O+,Government,2022-12-24
4491,Hassan Suleiman,Female,51.0,Hebron,AB-,National Insurance,2024-12-11
4492,Hala Khatib,Female,22.0,Nablus,O-,Private,2023-07-20
4493,Ali Saleh,Male,30.0,Jenin,A-,Government,2022-04-18
4494,Lina Nasser,Male,33.0,Salfit,A+,Private,2022-07-12
4495,Hassan Hassan,Female,60.0,Jenin,B+,Self-Pay,2024-07-24
4496,Ibrahim Khatib,Male,78.0,Jericho,O+,Government,2022-10-05
4497,Rania Hamad,Female,26.0,Bethlehem,A-,National Insurance,2023-12-02
4498,Ahmed Othman,Male,65.0,Nablus,O-,Government,2025-07-06
4499,Lina Suleiman,Female,0.0,Qalqilya,B+,Self-Pay,2025-08-16
4500,Ahmed Taha,Male,17.0,Tulkarm,B+,Self-Pay,2022-05-01
4501,Rania Hamad,Female,22.0,Ramallah,B+,Corporate,2025-11-05
4502,Hala Barakat,Female,14.0,,A-,Private,2025-07-18
4503,Ali Saleh,Male,9.0,Gaza,A-,National Insurance,2024-07-07
4504,Khaled Darwish,Male,51.0,Jericho,A-,Private,2024-04-14
4505,Rania Yasin,Male,38.0,Tulkarm,AB+,Self-Pay,2025-04-02
4506,Sara Shami,Female,50.0,Jenin,O+,National Insurance,2024-12-04
4507,Hassan Mansour,Female,57.0,Tulkarm,AB+,National Insurance,2021-06-06
4508,Mohammad Taha,Male,48.0,Qalqilya,AB-,Private,2022-03-14
4509,Maya Shami,Male,56.0,Qalqilya,A+,National Insurance,2021-10-23
4510,Omar Othman,Male,41.0,Salfit,B-,Self-Pay,2025-09-12
4511,Noor Taha,Female,18.0,Ramallah,AB+,Self-Pay,2021-06-14
4512,Adam Barakat,Male,65.0,Gaza,A+,Private,2022-06-19
4513,Hala AbuAli,Male,30.0,Hebron,AB-,National Insurance,2021-05-03
4514,Mohammad Nasser,Male,23.0,Bethlehem,B+,Corporate,2022-03-01
4515,Maya Awwad,Male,39.0,Nablus,O-,Self-Pay,2022-08-20
4516,Aya Najjar,Male,23.0,Salfit,A+,Self-Pay,2024-09-16
4517,Rania Suleiman,Male,34.0,Qalqilya,B-,Self-Pay,2023-02-12
4518,Ali Khatib,Female,50.0,Nablus,O-,Self-Pay,2024-09-01
4519,Rania Khalil,Female,50.0,Gaza,A-,Self-Pay,2021-10-29
4520,Omar Jaber,Female,24.0,Qalqilya,A+,National Insurance,2021-07-30
4521,Hala Barakat,Male,32.0,Nablus,B-,Government,2023-03-04
4522,Ibrahim Darwish,Female,65.0,Jenin,O+,Self-Pay,2022-09-04
4523,Mohammad Hamad,Male,53.0,Jericho,A+,National Insurance,2025-01-10
4524,Mahmoud Khatib,Male,86.0,Jericho,AB+,Corporate,2021-03-09
4525,Leen Najjar,Male,67.0,Hebron,AB+,Government,2022-11-20
4526,Mohammad Khatib,Female,67.0,Nablus,A-,Corporate,2021-05-22
4527,Lina Yasin,Male,13.0,Hebron,O+,Corporate,2021-10-19
4528,Leen Barakat,Female,59.0,Nablus,O-,National Insurance,2021-12-25
4529,Mohammad Darwish,Male,41.0,Ramallah,B-,Self-Pay,2025-02-01
4530,Ali Darwish,Male,31.0,Jericho,A+,Government,2021-12-23
4531,Mohammad Suleiman,Male,46.0,Qalqilya,O-,National Insurance,2025-06-12
4532,Adam Taha,Male,62.0,Gaza,B-,Government,2025-05-02
4533,Lina Yasin,Male,53.0,Qalqilya,AB+,Government,2024-10-29
4534,Salma Khalil,Male,24.0,Jericho,AB-,Self-Pay,2022-05-06
4535,Sara Khalil,Female,58.0,Jenin,AB-,National Insurance,2023-02-12
4536,Leen Othman,Female,29.0,Ramallah,A+,Government,2025-02-13
4537,Yousef Jaber,Male,47.0,Ramallah,B+,Corporate,2022-05-16
4538,Hassan Khalil,Female,36.0,Tulkarm,O-,Corporate,2024-03-30
4539,Ahmed AbuAli,Female,38.0,Salfit,O-,Private,2023-10-07
4540,Rania Khalil,Female,59.0,Nablus,B-,Private,2022-12-09
4541,Noor Taha,Female,21.0,Nablus,AB+,Private,2021-09-23
4542,Adam Barakat,Male,83.0,Tulkarm,A-,Self-Pay,2022-06-03
4543,Dana AbuAli,Female,4.0,Hebron,B-,Self-Pay,2023-02-28
4544,Dana Hamdan,Male,30.0,Qalqilya,O-,Self-Pay,2023-07-26
4545,Aya Suleiman,Male,50.0,Nablus,O+,National Insurance,2022-04-05
4546,Ibrahim Darwish,Female,55.0,Hebron,A-,Self-Pay,2025-04-07
4547,Mahmoud Hassan,Male,40.0,Hebron,B+,National Insurance,2024-04-03
4548,Noor Shami,Female,41.0,Bethlehem,AB+,National Insurance,2021-08-27
4549,Ahmed Jaber,Female,51.0,Qalqilya,A+,Corporate,2022-09-14
4550,Aya Othman,Male,38.0,Qalqilya,A-,National Insurance,2023-03-04
4551,Ahmed Darwish,Female,72.0,Gaza,O-,Private,2023-07-21
4552,Salma Hamad,Female,60.0,Salfit,AB+,Self-Pay,2023-04-27
4553,Mohammad Nasser,Male,61.0,Nablus,O-,Corporate,2023-08-27
4554,Maya Jaber,Female,22.0,Tulkarm,AB+,self-pay,2023-05-07
4555,Sara Shami,Male,41.0,Qalqilya,O-,Government,2021-12-07
4556,Maya Hamad,Male,36.0,Jenin,AB-,National Insurance,2024-10-25
4557,Ahmed Othman,Male,21.0,Salfit,AB+,Self-Pay,2023-12-19
4558,Lina Suleiman,Male,50.0,Jericho,O+,Corporate,2025-02-01
4559,Salma Mansour,Female,31.0,Ramallah,B-,Corporate,2021-09-28
4560,Noor Yasin,Female,56.0,Nablus,O-,Self-Pay,2025-12-29
4561,Aya Shami,Female,20.0,Bethlehem,A+,Government,2024-03-12
4562,Leen Suleiman,Male,79.0,Jericho,B-,Self-Pay,2023-08-18
4563,Leen Mansour,Female,24.0,Ramallah,A-,Private,2023-06-16
4564,Mahmoud Qasem,Male,47.0,Gaza,O+,Government,2022-01-19
4565,Omar Suleiman,Male,59.0,Jenin,B-,Government,2022-04-20
4566,Hassan AbuAli,Male,31.0,Gaza,B-,Corporate,2024-04-22
4567,Mahmoud Hamdan,Female,60.0,Jericho,A+,Self-Pay,2025-07-26
4568,Ahmed Barakat,Female,17.0,Hebron,A+,Self-Pay,2024-06-07
4569,Lina Saleh,Male,73.0,Tulkarm,O-,Corporate,2025-12-08
4570,Maya Darwish,Male,43.0,Salfit,AB+,Private,2021-10-07
4571,Hala Darwish,Male,30.0,Bethlehem,A+,Private,2025-05-28
4572,Maya Hamdan,Female,36.0,Qalqilya,AB-,National Insurance,2023-12-25
4573,Rania Darwish,Male,59.0,Ramallah,A-,Corporate,2024-07-17
4574,Hala Awwad,Female,30.0,Gaza,AB-,National Insurance,2022-09-29
4575,Ali Taha,Male,27.0,Tulkarm,B-,Self-Pay,2023-04-21
4576,Ibrahim Saleh,Female,38.0,Tulkarm,A+,Self-Pay,2024-02-16
4577,Noor Yasin,Female,18.0,Qalqilya,O+,Private,2024-10-22
4578,Khaled Hassan,Male,81.0,Salfit,B+,Government,2021-09-08
4579,Mahmoud Khalil,Female,31.0,Nablus,A-,Corporate,2025-01-08
4580,Sara Yasin,Female,60.0,Jericho,B-,Corporate,2025-05-08
4581,Leen Saleh,Female,47.0,Salfit,O-,Government,2025-12-19
4582,Hala Najjar,Male,22.0,Ramallah,AB+,Government,2025-07-08
4583,Ibrahim Hamad,Female,42.0,Jericho,B+,Corporate,2025-08-02
4584,Mohammad Najjar,Female,59.0,Jenin,AB+,Private,2023-05-25
4585,Ahmed AbuAli,Male,39.0,Gaza,A+,Self-Pay,2021-01-10
4586,Ahmed Darwish,Male,68.0,Nablus,B+,Corporate,2023-09-26
4587,Ibrahim Darwish,Male,64.0,Gaza,A+,Government,2024-10-26
4588,Khaled Awwad,Male,62.0,Bethlehem,AB-,National Insurance,2023-01-21
4589,Adam Khalil,Female,33.0,Jenin,O-,Corporate,2021-10-09
4590,Yousef Hassan,Female,20.0,Jericho,O+,Government,2025-11-26
4591,Aya Darwish,Male,30.0,Ramallah,AB-,Government,2023-04-11
4592,Leen Shami,Female,47.0,Jenin,B+,Private,2022-04-16
4593,Maya Hassan,Female,54.0,Qalqilya,AB-,National Insurance,2025-02-14
4594,Dana Othman,Male,0.0,Nablus,AB-,Corporate,2023-10-08
4595,Ali AbuAli,Male,42.0,Jericho,A+,Self-Pay,2021-04-11
4596,Yousef Hamdan,Female,46.0,Bethlehem,B+,Government,2021-10-03
4597,Maya Najjar,Male,37.0,Jenin,AB-,Corporate,2024-12-12
4598,Mohammad Khatib,Female,70.0,Nablus,A-,National Insurance,2021-04-01
4599,Mohammad Hamad,Female,51.0,Bethlehem,O-,Government,2021-02-26
4600,Salma Saleh,Female,70.0,Ramallah,B+,Private,2021-09-02
4601,Dana Saleh,Female,38.0,Gaza,B-,Government,2024-12-14
4602,Ali Hamad,Female,62.0,Nablus,AB+,Corporate,2024-08-18
4603,Hassan Najjar,Female,77.0,Qalqilya,B+,Corporate,2021-07-31
4604,Sara Yasin,Female,70.0,Tulkarm,A-,Private,2023-05-30
4605,Hassan Khatib,Female,20.0,Ramallah,AB+,Corporate,2021-12-04
4606,Ahmed Shami,Female,37.0,Bethlehem,AB+,Private,2025-06-10
4607,Ibrahim Mansour,Female,35.0,Qalqilya,O-,Government,2024-04-08
4608,Noor Mansour,Female,53.0,Gaza,AB-,Corporate,2021-06-13
4609,Hala Yasin,Male,57.0,Ramallah,B+,National Insurance,2024-08-30
4610,Leen Najjar,Female,25.0,Hebron,O+,Self-Pay,2023-09-11
4611,Khaled Hamdan,Female,44.0,Hebron,AB+,Government,2024-07-13
4612,Sara Jaber,Female,0.0,Qalqilya,O-,Government,2024-05-21
4613,Maya Qasem,Female,73.0,Ramallah,AB-,Self-Pay,2025-03-22
4614,Ibrahim AbuAli,Male,32.0,Gaza,A+,Government,2022-07-08
4615,Dana Awwad,Female,44.0,Gaza,AB+,Self-Pay,2024-04-05
4616,Noor Hassan,Male,36.0,Nablus,AB+,,2024-05-16
4617,Yousef Suleiman,Female,67.0,Bethlehem,B-,Self-Pay,2023-05-01
4618,Ali Jaber,Male,0.0,Jericho,O+,Government,2021-09-15
4619,Lina Hamdan,Male,42.0,Nablus,B-,Self-Pay,2025-05-21
4620,Salma AbuAli,Male,40.0,Salfit,A-,National Insurance,2025-08-28
4621,Omar Nasser,Female,33.0,Gaza,O-,Government,2021-08-11
4622,Mohammad Shami,Male,79.0,Gaza,O+,National Insurance,2021-05-15
4623,Adam Najjar,Female,24.0,Jericho,A+,Private,2024-07-22
4624,Yousef Taha,Female,59.0,Gaza,B-,Government,2022-11-07
4625,Salma Taha,Female,50.0,Bethlehem,AB+,Government,2021-11-20
4626,Leen Yasin,Male,69.0,Tulkarm,O+,Self-Pay,2024-11-21
4627,Rania Najjar,Male,28.0,Tulkarm,B-,Corporate,2021-02-10
4628,Khaled Mansour,Female,27.0,Gaza,AB+,Self-Pay,2025-02-01
4629,Mahmoud Barakat,Female,66.0,Nablus,A+,Government,2021-10-21
4630,Salma Hamad,Male,51.0,Salfit,A+,Private,2023-06-05
4631,Ibrahim Shami,Female,10.0,Ramallah,AB+,National Insurance,2021-10-26
4632,Aya Taha,Female,31.0,Hebron,AB-,National Insurance,2022-06-17
4633,Omar Jaber,Male,51.0,Hebron,A-,Self-Pay,2024-06-22
4634,Rania Khatib,Male,60.0,Nablus,O+,Self-Pay,2023-01-15
4635,Adam Hamad,Male,28.0,Salfit,B-,National Insurance,2022-04-19
4636,Leen Barakat,Male,0.0,Jenin,AB-,Government,2025-02-23
4637,Leen Mansour,Female,53.0,Gaza,O-,Corporate,2024-11-22
4638,Mahmoud Darwish,Female,17.0,Hebron,B-,Corporate,2021-07-21
4639,Mahmoud AbuAli,Male,0.0,Bethlehem,B-,National Insurance,2022-11-29
4640,Mahmoud Othman,Male,0.0,Gaza,B-,Self-Pay,2022-09-28
4641,Mohammad Mansour,Male,60.0,Jenin,O-,National Insurance,2021-02-14
4642,Leen Yasin,Female,45.0,Hebron,O-,Government,2021-04-23
4643,Mahmoud AbuAli,Female,38.0,Nablus,AB-,Private,2023-03-30
4644,Omar Saleh,Male,72.0,Gaza,AB-,Private,2025-08-05
4645,Ahmed Najjar,Male,56.0,Tulkarm,AB-,National Insurance,2023-12-31
4646,Rania Hassan,Female,76.0,Nablus,AB+,Government,2021-11-08
4647,Ibrahim Darwish,Female,13.0,Jenin,A-,Private,2024-04-30
4648,Salma Mansour,Female,42.0,Tulkarm,A-,Government,2022-10-19
4649,Mahmoud Taha,Male,9.0,Bethlehem,A-,Corporate,2021-07-06
4650,Mahmoud Qasem,Male,38.0,Tulkarm,B-,National Insurance,2024-06-05
4651,Adam Khalil,Female,37.0,Ramallah,AB-,Self-Pay,2025-10-24
4652,Sara Qasem,Female,56.0,Ramallah,O+,Self-Pay,2025-06-22
4653,Mahmoud Mansour,Male,43.0,Jenin,O+,Government,2021-02-05
4654,Noor Nasser,Female,56.0,Gaza,A-,Corporate,2024-09-07
4655,Lina Suleiman,Male,57.0,Tulkarm,B+,Private,2025-11-25
4656,Ahmed Shami,Female,88.0,Ramallah,AB-,Private,2022-08-16
4657,Ali Hassan,Female,36.0,Salfit,O+,Corporate,2025-07-15
4658,Lina Suleiman,Female,23.0,Bethlehem,A-,National Insurance,2022-01-24
4659,Hassan Suleiman,Male,48.0,Qalqilya,A+,Corporate,2021-03-19
4660,Mohammad Hassan,Male,26.0,Jenin,O+,Private,2025-10-06
4661,Omar Othman,Male,74.0,Bethlehem,A-,Corporate,2024-05-01
4662,Hassan Hassan,Female,37.0,Jericho,A-,Self-Pay,2022-05-13
4663,Dana Taha,Male,31.0,Jericho,O-,Corporate,2025-02-11
4664,Lina Khalil,Female,33.0,Jericho,A+,National Insurance,2024-07-09
4665,Omar Hamad,Female,58.0,Tulkarm,O+,Corporate,2024-01-04
4666,Khaled Barakat,Female,39.0,Gaza,A+,Private,2023-09-09
4667,Ali Najjar,Male,29.0,Nablus,A-,National Insurance,2023-07-06
4668,Ali Othman,Female,77.0,,AB-,Self-Pay,2022-08-03
4669,Ahmed Shami,Male,25.0,Nablus,B-,Private,2025-04-24
4670,Maya Khatib,Female,43.0,Qalqilya,AB-,Private,2024-08-06
4671,Adam Qasem,Female,56.0,Salfit,B-,Self-Pay,2023-08-04
4672,Yousef Hamdan,Female,8.0,Bethlehem,AB+,Corporate,2021-03-14
4673,Noor Barakat,Female,53.0,Bethlehem,AB-,Private,2025-11-14
4674,Dana Darwish,Female,20.0,Ramallah,A-,Self-Pay,2022-09-16
4675,Lina Suleiman,Male,60.0,Tulkarm,AB-,Self-Pay,2022-03-01
4676,Ibrahim AbuAli,Male,22.0,Qalqilya,A+,Self-Pay,2022-03-06
4677,Leen Saleh,Male,57.0,Nablus,B+,National Insurance,2023-12-20
4678,Lina Suleiman,Female,66.0,Hebron,B-,Self-Pay,2024-12-11
4679,Rania Najjar,Male,61.0,Nablus,B-,Private,2023-02-15
4680,Rania Yasin,Female,48.0,Ramallah,B+,Self-Pay,2021-08-09
4681,Lina Jaber,Female,38.0,Gaza,A+,Private,2021-10-22
4682,Adam Hassan,Male,30.0,Tulkarm,AB+,National Insurance,2022-10-20
4683,Ahmed Hassan,Female,73.0,Jenin,A+,Corporate,2025-03-05
4684,Omar Hamad,Male,28.0,Salfit,O-,Self-Pay,2024-07-16
4685,Aya AbuAli,Female,21.0,Gaza,AB+,Self-Pay,2021-07-19
4686,Maya Othman,Male,56.0,Hebron,AB+,Government,2023-12-14
4687,Mahmoud Hassan,Male,26.0,,A-,National Insurance,2022-04-03
4688,Sara Mansour,Female,23.0,Salfit,B-,Private,2023-10-05
4689,Adam Nasser,Female,12.0,Salfit,O+,National Insurance,2022-07-10
4690,Noor Barakat,Male,32.0,Qalqilya,O-,Government,2023-01-06
4691,Mohammad Taha,Female,41.0,Gaza,B+,National Insurance,2021-11-14
4692,,Female,48.0,Nablus,A+,Government,2021-09-18
4693,Mahmoud Hassan,Male,62.0,Hebron,AB+,Private,2023-02-02
4694,Maya Shami,Female,54.0,Ramallah,B+,National Insurance,2021-06-11
4695,Lina Taha,Male,38.0,Jenin,A-,Corporate,2025-10-09
4696,Khaled Taha,Male,38.0,Tulkarm,A-,Self-Pay,2023-04-05
4697,Noor Hassan,Male,53.0,Gaza,B-,Corporate,2021-09-18
4698,Rania Taha,Female,69.0,Jenin,O-,Corporate,2021-03-10
4699,Leen Yasin,Female,45.0,Hebron,O+,Private,2022-10-31
4700,Ali Najjar,Female,33.0,Salfit,AB-,Corporate,2025-07-18
4701,Ibrahim Jaber,Female,22.0,Gaza,A+,Government,2021-11-24
4702,Adam Yasin,Male,12.0,Jenin,O+,Government,2025-01-23
4703,Yousef AbuAli,Female,56.0,Hebron,O-,Private,2022-09-07
4704,Lina Hassan,Male,55.0,Ramallah,A-,Corporate,2021-03-06
4705,,Female,55.0,Salfit,A-,National Insurance,2025-06-02
4706,Mohammad Khatib,Male,40.0,Salfit,O+,Private,2023-02-24
4707,Yousef Awwad,,,Bethlehem,A-,Corporate,2024-03-08
4708,Mohammad Nasser,Male,32.0,Tulkarm,O+,Corporate,2021-10-20
4709,Ibrahim Najjar,Female,63.0,Qalqilya,B-,National Insurance,2021-05-10
4710,Omar AbuAli,Female,42.0,Ramallah,AB+,Private,2022-02-10
4711,Yousef Taha,Male,30.0,Ramallah,A-,National Insurance,2021-01-20
4712,Sara Khalil,Male,55.0,Gaza,AB-,Private,2023-07-01
4713,Leen Awwad,Female,51.0,Jenin,O-,Private,2023-10-26
4714,Lina Suleiman,Male,50.0,Salfit,AB+,Private,2025-07-11
4715,Maya Shami,Male,44.0,Jenin,O-,Corporate,2022-03-12
4716,Yousef Awwad,Male,42.0,Ramallah,AB+,National Insurance,2025-04-12
4717,Maya Hamdan,Female,93.0,Bethlehem,B+,Government,2023-07-27
4718,Sara Najjar,Female,67.0,Nablus,O-,National Insurance,2021-02-25
4719,Mahmoud Othman,,58.0,Jenin,AB+,Corporate,2024-07-08
4720,Leen Khatib,Female,45.0,Nablus,B-,Government,2024-05-31
4721,Mohammad AbuAli,Female,64.0,Salfit,AB+,Private,2022-01-16
4722,Maya Jaber,Male,53.0,Nablus,O+,Private,2022-04-05
4723,Khaled Suleiman,Female,43.0,Tulkarm,B-,Private,2024-12-10
4724,Dana Hassan,Female,36.0,Bethlehem,O+,Government,2021-06-29
4725,Omar Khalil,Male,41.0,Qalqilya,O+,National Insurance,2022-08-28
4726,Noor Nasser,Male,,Tulkarm,B-,Self-Pay,2021-03-18
4727,Maya Jaber,Male,47.0,Nablus,AB+,Self-Pay,2022-08-19
4728,Hala Barakat,Female,32.0,Salfit,AB+,Corporate,2023-02-15
4729,Leen Taha,Female,76.0,Qalqilya,AB+,Corporate,2021-05-23
4730,Aya Awwad,Male,43.0,Jericho,A-,Private,2021-04-20
4731,Aya Shami,Male,18.0,Ramallah,O-,Self-Pay,2025-04-17
4732,Mahmoud Najjar,Female,41.0,Salfit,AB+,Corporate,2022-02-09
4733,Hassan Hassan,Female,21.0,Qalqilya,A-,,2025-12-18
4734,Yousef Shami,Male,52.0,Salfit,O+,Private,2021-03-16
4735,Adam Khatib,Male,49.0,Gaza,A-,National Insurance,2022-08-10
4736,Ibrahim Khalil,Female,63.0,Tulkarm,O+,Self-Pay,2022-07-27
4737,Mahmoud AbuAli,Male,26.0,Qalqilya,AB+,Corporate,2025-02-04
4738,Noor Darwish,Female,43.0,Gaza,B-,Corporate,2021-08-12
4739,Rania Awwad,Male,14.0,Hebron,AB-,Government,2021-01-03
4740,Omar Jaber,Male,57.0,Jericho,O+,National Insurance,2022-03-16
4741,Maya Nasser,Female,53.0,Bethlehem,B-,Private,2023-07-20
4742,Hassan Hamad,Female,53.0,Jericho,B+,National Insurance,2023-11-04
4743,Rania Saleh,Male,43.0,Qalqilya,AB-,Corporate,2023-02-10
4744,Sara AbuAli,Male,51.0,Bethlehem,O+,Corporate,2023-07-18
4745,Yousef Hamdan,Male,76.0,Hebron,AB+,Corporate,2022-02-16
4746,Mohammad Najjar,Female,37.0,Bethlehem,A+,Self-Pay,2021-01-13
4747,Lina Qasem,Male,45.0,Bethlehem,B-,National Insurance,2023-08-06
4748,Salma Saleh,Male,20.0,Ramallah,O+,Government,2022-11-26
4749,Ahmed Barakat,Male,24.0,Tulkarm,AB+,Self-Pay,2022-09-12
4750,Maya Othman,Female,45.0,Nablus,A-,National Insurance,2024-09-19
4751,Sara Qasem,Female,66.0,Nablus,B-,Corporate,2025-01-09
4752,Mahmoud Hamdan,Male,37.0,Bethlehem,A-,Corporate,2023-03-21
4753,Maya Hamad,Male,38.0,Tulkarm,AB-,Government,2024-05-22
4754,Omar Darwish,Male,34.0,Salfit,B+,Self-Pay,2021-04-20
4755,Ahmed Hassan,Male,31.0,Ramallah,A+,Private,2025-08-03
4756,Sara Suleiman,Male,49.0,Jericho,A-,Corporate,2023-07-31
4757,Hassan Yasin,Female,11.0,Jenin,A-,Government,2021-06-29
4758,Mahmoud Awwad,Male,69.0,Qalqilya,B+,Government,2023-12-24
4759,Ibrahim Barakat,Male,29.0,Qalqilya,O+,Self-Pay,2021-09-19
4760,Hassan Othman,Male,58.0,Nablus,AB+,National Insurance,2023-12-20
4761,Mohammad Najjar,Female,16.0,Hebron,O+,National Insurance,2022-10-12
4762,,Male,57.0,Gaza,A-,Corporate,2024-01-26
4763,Ali Saleh,Male,57.0,Jericho,B-,Private,2023-12-14
4764,Maya Jaber,Male,51.0,Bethlehem,O+,Private,2024-07-30
4765,Mahmoud Awwad,Male,22.0,Hebron,O+,National Insurance,2025-04-15
4766,Mohammad Suleiman,Male,48.0,Jericho,B-,National Insurance,2024-07-05
4767,Salma Hamad,Male,18.0,Jericho,O-,,2022-07-15
4768,Ahmed AbuAli,,37.0,Hebron,A-,Corporate,2025-02-12
4769,Mahmoud Mansour,Female,64.0,Gaza,B+,Self-Pay,2025-07-07
4770,Aya Nasser,Male,59.0,Jericho,B-,Self-Pay,2024-04-09
4771,Adam Khatib,Female,43.0,Gaza,B+,National Insurance,2022-01-14
4772,Salma Suleiman,Female,22.0,Jenin,AB+,Corporate,2022-07-25
4773,Mahmoud Suleiman,Female,56.0,Qalqilya,A-,Private,2021-06-02
4774,Ibrahim AbuAli,Male,43.0,Nablus,O+,National Insurance,2021-02-19
4775,Salma Taha,Male,0.0,Tulkarm,O-,Self-Pay,2021-06-24
4776,Sara Darwish,Female,59.0,Salfit,A+,Self-Pay,2024-12-01
4777,Khaled Najjar,Female,42.0,Salfit,A+,Government,2022-12-31
4778,Leen Nasser,Male,68.0,Nablus,AB+,Self-Pay,2022-04-28
4779,Aya Mansour,Male,19.0,Jericho,B+,Self-Pay,2023-03-21
4780,Ahmed Othman,Male,0.0,Hebron,AB-,Corporate,2022-09-01
4781,Yousef Yasin,Male,48.0,Gaza,AB-,National Insurance,2024-09-09
4782,Salma Hamad,,49.0,Bethlehem,B-,Self-Pay,2025-06-20
4783,Leen Othman,Female,7.0,Bethlehem,AB-,National Insurance,2021-05-19
4784,Leen Saleh,Female,22.0,Bethlehem,AB+,Private,2021-05-31
4785,Yousef Najjar,Male,95.0,Jericho,O-,Private,2022-03-24
4786,Hala Suleiman,Male,36.0,Tulkarm,O+,Self-Pay,2025-11-03
4787,Noor Nasser,Male,58.0,Gaza,AB-,Corporate,2022-08-21
4788,Khaled Othman,Male,29.0,Nablus,A+,Corporate,2021-03-29
4789,Lina Barakat,Male,0.0,Nablus,B+,Corporate,2021-12-07
4790,Adam Yasin,Male,39.0,Qalqilya,O-,Government,2025-09-14
4791,Khaled Nasser,Male,37.0,Bethlehem,B-,Private,2021-12-18
4792,Aya AbuAli,Female,34.0,Tulkarm,AB+,Corporate,2022-12-16
4793,Ali Mansour,Male,40.0,Bethlehem,B+,Private,2021-05-12
4794,Salma Shami,Male,48.0,Qalqilya,AB+,Government,2024-01-21
4795,Rania Hamdan,Male,39.0,Jericho,B+,Self-Pay,2024-06-09
4796,Noor Othman,Female,16.0,Tulkarm,A-,Government,2024-07-03
4797,Sara Qasem,Female,53.0,Ramallah,A+,Private,2023-01-15
4798,Yousef Hassan,Male,2.0,Salfit,AB+,Corporate,2025-04-24
4799,Adam Saleh, MALE ,0.0,Jericho,B+,Government,2024-11-14
4800,Omar Awwad,Male,58.0,Jericho,A+,Self-Pay,2021-10-03
4801,Ali AbuAli,Female,53.0,Nablus,B+,Corporate,2022-04-18
4802,Ahmed Othman,Female,41.0,Gaza,AB+,Government,2023-07-25
4803,Sara Othman,Male,13.0,Jericho,B+,Corporate,2021-03-03
4804,Salma Nasser,Female,28.0,Jericho,B-,Private,2023-05-15
4805,Noor Khatib,Female,37.0,Qalqilya,O-,National Insurance,2021-01-19
4806,Mahmoud Othman,Male,9.0,Jenin,AB-,National Insurance,2022-06-02
4807,Yousef Awwad,Female,27.0,Ramallah,O+,Self-Pay,2022-06-25
4808,Leen Shami,Male,56.0,Nablus,AB+,National Insurance,2025-06-04
4809,Sara Yasin,Male,72.0,Ramallah,AB-,Private,2023-10-01
4810,Noor Jaber,Male,34.0,Salfit,O+,Government,2023-11-23
4811,Ahmed Hamad,Male,58.0,Jenin,A-,Private,2023-01-05
4812,Ahmed Darwish,Male,2.0,Salfit,O+,Corporate,2024-03-19
4813,Noor Nasser,Male,56.0,Ramallah,AB-,Government,2024-12-21
4814,Sara Qasem,Male,26.0,Hebron,B+,Government,2024-09-15
4815,Dana Hassan,Female,130.0,Qalqilya,B-,Self-Pay,2024-08-19
4816,Aya Jaber,Male,37.0,Tulkarm,AB+,Private,2024-12-03
4817,Ibrahim Najjar,Female,70.0,Gaza,AB-,Government,2024-05-05
4818,Lina Hassan,Male,24.0,Ramallah,A-,Government ,2025-05-09
4819,Khaled Darwish,Female,56.0,Qalqilya,O+,Government,2023-08-07
4820,Aya Yasin,Male,37.0,Jericho,A+,Government,2021-06-18
4821,Aya Hamdan,Male,39.0,Hebron,A+,National Insurance,2023-01-05
4822,Dana Taha,Male,39.0,Salfit,O-,Private,2025-09-10
4823,Dana Suleiman,Male,25.0,Jenin,B+,Government,2024-06-01
4824,Mahmoud Qasem,Female,42.0,,AB-,Corporate,2025-12-06
4825,Khaled Hassan,Female,41.0,Tulkarm,O+,Self-Pay,2022-10-20
4826,Aya Najjar,Male,48.0,Ramallah,B-,Self-Pay,2024-04-28
4827,Dana AbuAli,Male,44.0,Jenin,AB-,Self-Pay,2023-04-24
4828,Ali Shami,Female,59.0,Tulkarm,A-,Private,2023-03-08
4829,Ahmed Yasin,Female,62.0,Qalqilya,O-,Private,2025-06-23
4830,,Male,20.0,Gaza,A-,Government,2022-02-17
4831,Maya Taha,Female,61.0,Nablus,A+,Corporate,2022-02-05
4832,Adam Shami,Female,18.0,Ramallah,B+,Corporate,2024-07-25
4833,Leen Taha,Male,55.0,Nablus,O-,National Insurance,2023-03-11
4834,Mohammad Nasser,Male,56.0,Salfit,O-,,2025-12-16
4835,Salma Saleh,Female,2.0,Ramallah,AB-,Self-Pay,2021-04-10
4836,Mahmoud Othman,Female,44.0,Qalqilya,AB-,Government,2023-11-18
4837,Lina Yasin,Female,33.0,Qalqilya,A-,Corporate,2025-05-03
4838,Adam AbuAli,Female,27.0,Jericho,B-,Private,2024-12-28
4839,Leen Awwad,Male,71.0,Bethlehem,B-,Self-Pay,2024-04-17
4840,Ibrahim Khatib,Female,29.0,Jenin,AB-,Self-Pay,2024-11-01
4841,Adam Jaber,Female,26.0,Ramallah,A+,Self-Pay,2023-04-06
4842,Leen Mansour,Female,44.0,Gaza,O+,National Insurance,2022-08-07
4843,Mahmoud Jaber,Female,57.0,Tulkarm,A-,Self-Pay,2021-03-05
4844,Adam AbuAli,Female,40.0,Salfit,B-,Corporate,2023-11-23
4845,Sara Hamad,Male,67.0,Bethlehem,O+,National Insurance,2023-11-03
4846,Sara Shami,Male,54.0,Bethlehem,AB-,Self-Pay,2024-09-25
4847,Dana Khalil,Female,0.0,Bethlehem,AB+,Government,2022-09-20
4848,Omar Najjar,Male,31.0,Nablus,O-,Private,2025-07-10
4849,Aya Shami,Female,31.0,Ramallah,B-,National Insurance,2024-09-08
4850,Ahmed Awwad,Female,53.0,Qalqilya,B-,Self-Pay,2024-04-10
4851,Khaled Saleh,Male,0.0,Hebron,AB-,National Insurance,2021-01-28
4852,Mahmoud Othman,Female,95.0,Salfit,AB-,Government,2024-02-10
4853,Sara Hassan,Male,54.0,Hebron,A-,Government,2025-08-10
4854,Maya Darwish,Male,46.0,Gaza,O-,Government,2022-10-05
4855,Sara Nasser,Female,67.0,Salfit,O-,Government,2022-06-22
4856,Salma Hassan,Male,92.0,Gaza,B+,Government,2022-07-03
4857,Rania Najjar,Male,61.0,Jenin,O+,Corporate,2022-11-07
4858,Omar Hamad,Male,62.0,Tulkarm,AB-,National Insurance,2022-12-07
4859,Aya Hassan,Male,45.0,Nablus,A+,Self-Pay,2021-08-21
4860,Rania Hamdan,Male,40.0,Hebron,O+,National Insurance,2022-06-28
4861,Lina Hamad,Female,33.0,Bethlehem,O+,Private,2025-04-18
4862,Khaled Nasser,Male,25.0,Salfit,A-,Government,2023-09-06
4863,Ahmed Suleiman,Female,28.0,Nablus,O-,Self-Pay,2021-07-31
4864,Ali Mansour,Male,14.0,Qalqilya,B-,Private,2023-01-17
4865,Maya Jaber,Female,41.0,Jericho,AB-,Government,2024-10-06
4866,Ahmed Hamdan,Female,7.0,Tulkarm,AB-,National Insurance,2024-04-04
4867,Sara Hassan,Male,47.0,Jericho,B-,National Insurance,2023-05-28
4868,Ahmed Najjar,Female,42.0,Bethlehem,AB+,Government,2022-04-21
4869,Ali Najjar,Female,46.0,Hebron,A+,National Insurance,2024-10-21
4870,Noor Hassan,Male,32.0,Qalqilya,B+,Government,2023-03-31
4871,Leen Barakat,Male,95.0,Jericho,A+,Government,2024-11-05
4872,Khaled Saleh,Male,71.0,Salfit,O-,National Insurance,2022-11-22
4873,Ahmed Barakat,Male,16.0,Bethlehem,A+,Self-Pay,2024-08-10
4874,Aya Awwad,Male,47.0,Tulkarm,A-,Government,2021-03-21
4875,Omar Othman,Male,30.0,,AB+,Corporate,2021-03-09
4876,Aya Suleiman,Female,21.0,Gaza,A-,Self-Pay,2022-01-09
4877,Yousef Yasin,Male,14.0,Hebron,B-,Corporate,2025-02-13
4878,Yousef Khatib,Male,52.0,Salfit,O+,,2021-10-28
4879,Mohammad Awwad,Female,28.0,Hebron,A+,Self-Pay,2021-06-24
4880,Khaled Mansour,Female,63.0,Nablus,A+,Corporate,2021-09-15
4881,Ali Taha,Male,63.0,Bethlehem,O-,National Insurance,2022-01-08
4882,Aya Hassan,Female,71.0,Jenin,AB-,Self-Pay,2025-02-14
4883,Dana Yasin,Female,25.0,Gaza,B+,Private,2023-03-31
4884,Hassan Saleh,Male,52.0,Qalqilya,A+,Private,2021-12-09
4885,Noor Hamad,Male,56.0,Jenin,AB+,Self-Pay,2024-12-12
4886,Noor Qasem,Female,33.0,Gaza,AB+,Self-Pay,2023-04-17
4887,Ahmed Hamad,Female,26.0,Nablus,O+,National Insurance,2023-06-21
4888,Ali Hamdan,Female,76.0,Gaza,AB-,Self-Pay,2022-03-22
4889,Aya Yasin,Female,47.0,Jenin,O-,Self-Pay,2024-01-27
4890,Dana Hamdan,Male,56.0,Bethlehem,A+,Corporate,2022-07-13
4891,Noor Darwish,Female,25.0,Bethlehem,O-,Private,2023-06-08
4892,Yousef Saleh,Female,17.0,Gaza,AB+,Government,2023-03-28
4893,Hala Hassan,Male,31.0,Qalqilya,B+,Self-Pay,2024-11-08
4894,Yousef Barakat,Female,40.0,Ramallah,O-,Private,2021-01-03
4895,Sara Othman,Female,20.0,Ramallah,O+,Private,2022-11-17
4896,Maya Barakat,Male,42.0,Hebron,A-,Self-Pay,2023-02-14
4897,Ibrahim Najjar,Female,7.0,Ramallah,B+,Self-Pay,2024-04-08
4898,Hala Othman,Male,19.0,Gaza,AB+,Government,2024-02-15
4899,Lina AbuAli,Female,57.0,Jenin,A-,Self-Pay,2025-06-10
4900,Ahmed Khalil,Male,55.0,Salfit,AB+,Corporate,2021-02-10
4901,Hala Shami,Male,34.0,Ramallah,O-,Private,2024-11-18
4902,Hala Barakat,Female,21.0,Ramallah,AB-,Government,2021-03-22
4903,Rania Shami,Male,21.0,Nablus,O-,National Insurance,2021-04-30
4904,Ibrahim AbuAli,Male,35.0,Jericho,AB-,Self-Pay,2024-05-07
4905,Maya Shami,Male,56.0,Jenin,O+,Private,2024-10-03
4906,Omar Darwish,Male,62.0,Ramallah,A+,Corporate,2021-01-02
4907,Omar Najjar,Male,32.0,Ramallah,O-,Corporate,2025-02-18
4908,Lina Awwad,Male,18.0,Nablus,AB-,Private,2021-11-01
4909,Lina Jaber,Female,48.0,Gaza,B-,Corporate,2021-12-26
4910,Omar Khalil,Male,25.0,Gaza,O-,National Insurance,2024-07-02
4911,Salma Najjar,Female,32.0,Bethlehem,AB-,Government,2025-11-13
4912,Salma Suleiman,Female,70.0,Salfit,O-,National Insurance,2022-06-06
4913,Khaled Qasem,Male,60.0,Jericho,AB+,Government,2021-04-26
4914,Ibrahim Khalil,Female,46.0,Jenin,A-,National Insurance,2025-05-14
4915,Hassan Shami,Female,16.0,Nablus,AB-,Private,2022-01-20
4916,Mahmoud Shami,Male,47.0,Bethlehem,O+,Self-Pay,2025-02-27
4917,Leen Khatib,Female,65.0,Jericho,A-,Self-Pay,2025-04-21
4918,Ahmed Taha,Female,35.0,Tulkarm,O-,Private,2025-07-14
4919,Aya Jaber,Male,71.0,Tulkarm,AB+,Corporate,2025-01-21
4920,Maya Taha,Male,70.0,Jenin,AB+,Corporate,2024-06-07
4921,Omar Taha,Male,77.0,Hebron,AB-,Corporate,2023-04-01
4922,Khaled Jaber,Male,49.0,Tulkarm,O-,National Insurance,2022-06-28
4923,Sara Awwad,Female,55.0,Hebron,B+,National Insurance,2023-02-05
4924,Mahmoud Darwish,Male,72.0,Bethlehem,A-,Private,2021-08-27
4925,Yousef Hassan,Female,52.0,Ramallah,AB+,Self-Pay,2024-10-19
4926,Noor Taha,Female,32.0,Salfit,B-,Government,2021-06-06
4927,Mahmoud Qasem,Female,33.0,Ramallah,B-,Private,2025-08-04
4928,Aya Othman,Female,48.0,Qalqilya,A+,Private,2025-12-17
4929,Ali Saleh,Female,15.0,Jenin,B+,National Insurance,2024-06-15
4930,Rania Saleh,Male,39.0,Tulkarm,AB-,National Insurance,2024-01-25
4931,Khaled Hamad,Female,66.0,Qalqilya,A-,Corporate,2021-10-16
4932,Yousef Jaber,Female,0.0,Jenin,AB+,Self-Pay,2022-09-17
4933,Maya Awwad,Female,75.0,Gaza,B-,Self-Pay,2021-08-01
4934,Rania Yasin,Female,66.0,Bethlehem,B+,Private,2022-06-22
4935,Noor Khalil,Female,33.0,Gaza,O-,National Insurance,2024-01-02
4936,Omar Hamdan,Female,54.0,Gaza,B+,Self-Pay,2023-07-03
4937,Noor Khatib,Female,43.0,Salfit,O-,Self-Pay,2022-11-09
4938,Ibrahim Hamdan,Female,68.0,Qalqilya,AB+,Self-Pay,2025-04-03
4939,Ibrahim Khalil,Male,63.0,Jenin,A+,Private,2024-06-04
4940,Ali Hamad,Male,13.0,Jericho,A+,National Insurance,2024-05-18
4941,Noor Mansour,Female,55.0,Tulkarm,A-,Corporate,2022-03-04
4942,,Male,38.0,Qalqilya,A+,Private,2021-11-10
4943,Adam Taha,Female,44.0,Jenin,O-,Corporate,2022-05-12
4944,Noor Qasem,Female,27.0,Ramallah,A-,National Insurance,2023-04-19
4945,Dana Barakat,Male,79.0,Gaza,B-,Private,2025-07-20
4946,Aya Awwad,Female,64.0,Tulkarm,AB+,Corporate,2021-03-03
4947,Sara AbuAli,Male,27.0,Jericho,A+,Government,2024-12-18
4948,Ali Shami,Female,14.0,Hebron,B-,Private,2022-03-13
4949,Aya Mansour,Female,34.0,Ramallah,O+,Government,2022-08-06
4950,Ibrahim Shami,Female,52.0,Jericho,B-,Private,2025-06-26
4951,Mohammad Saleh,Male,48.0,Hebron,A+,Self-Pay,2024-01-21
4952,Khaled Yasin,Female,69.0,Qalqilya,A+,Self-Pay,2023-05-03
4953,Yousef Darwish,Female,59.0,Tulkarm,AB-,Corporate,2023-04-02
4954,Maya AbuAli,Female,63.0,Jericho,AB-,National Insurance,2021-06-13
4955,Hala Awwad,Male,49.0,Qalqilya,B+,National Insurance,2021-10-13
4956,Yousef Mansour,Female,13.0,Jericho,A+,National Insurance,2025-09-05
4957,Salma Hamdan,Female,38.0,Salfit,AB+,Government,2024-01-05
4958,Hala Mansour,Female,65.0,Bethlehem,A+,National Insurance,2021-11-12
4959,Omar AbuAli,Male,41.0,Hebron,B+,Corporate,2024-01-12
4960,Dana Shami,Male,53.0,Gaza,B-,Government,2021-02-04
4961,Hassan Suleiman,Female,36.0,Qalqilya,O+,National Insurance,2021-09-17
4962,Aya Najjar,Female,21.0,Gaza,O+,Corporate,2024-12-09
4963,Sara Mansour,Female,40.0,Gaza,O-,Self-Pay,2021-03-01
4964,Mahmoud Saleh,Male,49.0,Qalqilya,O-,Self-Pay,2024-02-24
4965,Mahmoud Hamdan,Female,29.0,Ramallah,A+,Self-Pay,2022-01-08
4966,Dana AbuAli,Male,38.0,Jenin,AB-,National Insurance,2023-09-11
4967,Mahmoud Darwish,Female,23.0,Gaza,B-,Government,2025-10-25
4968,Aya Najjar,Male,66.0,Nablus,AB+,National Insurance,2022-03-13
4969,Sara Taha,Female,36.0,Salfit,O-,Government,2021-05-05
4970,Ali Shami,Male,73.0,Gaza,B+,Corporate,2022-12-07
4971,Aya Awwad,Female,75.0,Gaza,AB+,Private,2025-04-13
4972,Ali Darwish,Female,41.0,Tulkarm,AB+,Self-Pay,2023-12-04
4973,Salma AbuAli,Female,21.0,Bethlehem,A+,National Insurance,2021-08-02
4974,Mohammad Suleiman,Female,0.0,Qalqilya,A-,National Insurance,2025-06-04
4975,Leen Suleiman,Female,12.0,Jericho,O-,Government,2023-12-17
4976,Maya Darwish,Female,14.0,Salfit,A+,National Insurance,2022-07-25
4977,Hala Hamdan,F,71.0,Bethlehem,B-,Self Pay,2022-01-19
4978,Khaled Khatib,Male,45.0,Gaza,AB+,Corporate,2024-05-18
4979,Sara Qasem,Female,51.0,Bethlehem,A+,Private,2024-09-12
4980,Noor Mansour,Male,0.0,Salfit,AB+,National Insurance,2024-04-08
4981,Leen Hamdan,Male,17.0,Jericho,AB+,Private,2023-09-27
4982,Noor Awwad,Female,61.0,Hebron,A+,Private,2021-09-21
4983,Omar AbuAli,Male,49.0,Salfit,A+,Private,2022-05-10
4984,Hala Najjar,Male,39.0,Jericho,B+,Corporate,2022-04-04
4985,Mahmoud Qasem,Female,54.0,Qalqilya,A+,National Insurance,2025-12-30
4986,Dana Khalil,Male,77.0,Qalqilya,A+,Private,2023-01-20
4987,Hassan Othman,Female,38.0,Jenin,B-,National Insurance,2023-04-07
4988,Aya Awwad,Male,44.0,Bethlehem,O-,Government,2023-11-14
4989,Aya Khalil,Female,47.0,Jericho,AB-,Corporate,2023-06-03
4990,Salma Qasem,Female,93.0,Salfit,AB+,National Insurance,2023-10-11
4991,Sara Hamad,Female,0.0,Salfit,AB-,National Insurance,2021-02-22
4992,Sara Darwish,Male,57.0,Jericho,B+,Corporate,2024-12-25
4993,Yousef Shami,Male,40.0,Jenin,AB-,National Insurance,2021-06-02
4994,Dana AbuAli,Female,54.0,Gaza,AB-,Government,2025-02-22
4995,Lina Saleh,Male,29.0,Bethlehem,B+,Private,2023-03-19
4996,Sara Nasser,Male,41.0,Salfit,B+,Private,2022-09-06
4997,Lina Najjar,Female,57.0,Jenin,AB-,Government,2021-05-03
4998,Hassan Hassan,Male,95.0,Bethlehem,O+,Corporate,2025-12-11
4999,Adam Shami,Male,59.0,Nablus,B+,National Insurance,2021-04-27
5000,Hassan Qasem,Male,25.0,Gaza,A-,Government,2025-02-20
638,Noor Hamdan,Female,44.0,Gaza,B+,Corporate,2025-09-29
2761,Ibrahim Hassan,Male,56.0,Nablus,A-,Private,2024-06-15
4620,Salma AbuAli,Male,40.0,Salfit,A-,National Insurance,2025-08-28
1038,Ali Othman,Male,12.0,Jericho,AB+,Corporate,2023-10-02
3401,Maya Suleiman,Female,53.0,Tulkarm,O+,Government,2025-10-19
4279,Mahmoud Hamad,Female,41.0,,AB+,Private,2025-08-17
1848,Sara AbuAli,Female,24.0,Bethlehem,O-,Corporate,2024-02-11
2061,Rania Qasem,Male,60.0,Salfit,O+,Self-Pay,2022-03-16
2615,Ali Barakat,Female,55.0,Qalqilya,B+,Self-Pay,2024-09-15
664,Leen Najjar,Female,31.0,Tulkarm,B+,Government,2021-07-24
440,Hassan Suleiman,Male,41.0,Bethlehem,AB+,National Insurance,2025-08-24
1397,Rania Najjar,Male,14.0,Nablus,A+,National Insurance,2025-03-20
4105,Yousef Hamad,Male,41.0,Jenin,B-,Corporate,2024-12-11
4576,Ibrahim Saleh,Female,38.0,Tulkarm,A+,Self-Pay,2024-02-16
887,Hala Nasser,Male,55.0,Jenin,A+,Corporate,2025-11-21
1244,Hala Barakat,,21.0,Jenin,A+,National Insurance,2023-08-10
825,Ibrahim Barakat,Male,33.0,Jericho,A-,National Insurance,2023-09-20
1819,Maya Khatib,Female,38.0,Qalqilya,O-,National Insurance,2021-07-17
748,Khaled Awwad,Male,27.0,Hebron,AB+,Private,2022-03-08
3700,Hassan Shami,Female,38.0,Salfit,O-,Corporate,2023-01-21
