Treatment_ID,Admission_ID,Treatment_Type,Treatment_Cost,Treatment_Date
1,6627,Chemotherapy,9919.44,2022-10-19
2,8310,Laboratory Test,354.67,2024-01-13
3,4147,Rehabilitation,1599.72,2023-12-28
4,9712,Physical Therapy,662.09,2025-03-10
5,5808,Consultation,322.71,2023-11-06
6,6400,Medication,461.0,2023-07-18
7,5477,Laboratory Test,346.85,2025-05-07
8,2919,Radiation Therapy,3718.75,2023-01-26
9,5808,Surgery,7394.28,2024-10-30
10,9583,Radiation Therapy,7351.92,2022-08-25
11,1790,Consultation,184.7,2022-04-05
12,526,Chemotherapy,5238.51,2026-01-05
13,169,Physical Therapy,1177.7,2024-11-06
14,4859,Rehabilitation,973.17,2025-10-15
15,643,Medication,328.1,2022-01-25
16,6812,Surgery,13990.88,2023-12-12
17,3710,Rehabilitation,2304.95,2022-04-09
18,1995,Radiation Therapy,3947.54,2025-03-09
19,1857,Radiation Therapy,7046.16,2023-10-02
20,4781,Medication ,1313.56,2023-11-21
21,3898,Rehabilitation,1953.42,2023-01-06
22,1208,Rehabilitation,823.62,2024-08-02
23,3456,Surgery,7278.38,2022-07-15
24,4653,Diagnostic Imaging,713.23,2025-12-19
25,3893,Diagnostic Imaging,722.56,2026-01-30
26,2091,Surgery,4499.21,2024-12-29
27,1775,Laboratory Test,474.36,2026-01-20
28,8007,Laboratory Test,511.97,2025-10-12
29,1410,Laboratory Test,516.71,2025-11-27
30,8505,Rehabilitation,937.36,2023-11-25
31,5653,Rehabilitation,916.92,2024-11-16
32,8952,Rehabilitation,969.31,2025-09-28
33,8561,Medication,102.25,2025-06-08
34,1842,Consultation,378.22,2024-11-06
35,9144,Consultation,432.59,2024-06-08
36,9412,Rehabilitation,624.74,2025-02-13
37,4559,Radiation Therapy,1708.38,2022-02-09
38,1767,Laboratory Test,630.48,2023-07-31
39,6693,Chemotherapy,9657.46,2024-05-10
40,6067,Physical Therapy,547.99,2024-07-03
41,4999,Laboratory Test,437.45,2024-12-16
42,6315,Physical Therapy,639.81,2025-11-18
43,3879,Medication,203.43,2022-03-08
44,7891,Diagnostic Imaging,624.1,2022-03-16
45,4138,Medication,74.78,2023-02-21
46,9565,Diagnostic Imaging,335.02,2025-05-30
47,8529,Consultation,368.29,2022-01-21
48,2832,Physical Therapy,955.21,2025-02-06
49,1138,Radiation Therapy,5116.32,2023-09-19
50,3078,Medication,149.32,2022-01-16
51,8282,Consultation,390.93,2023-09-24
52,4460,Chemotherapy,4363.76,2025-08-23
53,9691,Chemotherapy,2877.1,2024-08-20
54,6042,Consultation,333.99,2024-08-10
55,3974,Radiation Therapy,3294.2,2023-08-23
56,5622,Diagnostic Imaging,298.77,2024-07-10
57,149,Medication,142.27,2023-12-25
58,1688,Surgery,4941.32,2023-02-24
59,9261,Rehabilitation,802.56,2024-07-09
60,9995,Physical Therapy,1091.37,2025-09-12
61,7049,Surgery,4085.6,2024-01-29
62,1270,Physical Therapy,174.51,2023-07-13
63,8672,Diagnostic Imaging,506.3,2023-06-09
64,8915,Chemotherapy,9592.45,2025-02-03
65,8930,Medication,393.55,2025-05-18
66,9620,Medication,276.71,2023-04-14
67,702,Consultation,297.9,2025-02-21
68,9391,Medication,221.14,2023-03-07
69,1442,Rehabilitation,1712.14,2024-08-26
70,9108,Physical Therapy,313.21,2023-04-18
71,3181,Chemotherapy,1590.86,2023-03-16
72,2773,Surgery,4667.28,2024-01-12
73,6985,Rehabilitation,911.16,2022-11-29
74,5118,Rehabilitation,1339.09,2022-01-21
75,9920,Laboratory Test,444.89,2025-01-02
76,8877,Rehabilitation,1120.15,2023-01-31
77,814,Physical Therapy,751.73,2024-07-03
78,1756,Surgery,4494.11,2023-02-11
79,2259,Physical Therapy,625.47,2022-11-22
80,2228,Laboratory Test,151.93,2024-02-16
81,9187,Chemotherapy,8429.87,2023-06-14
82,6096,Chemotherapy,6267.63,2024-03-04
83,9831,Rehabilitation,1696.16,2022-04-21
84,2681,Chemotherapy,4389.61,2024-05-25
85,7455,Physical Therapy,148.48,2022-10-11
86,6824,Consultation,148.9,2025-04-26
87,1518,Chemotherapy,8485.72,2022-11-16
88,759,Radiation Therapy,5728.64,2024-03-22
89,5745,Laboratory Test,59.16,2023-03-16
90,5663,Laboratory Test,462.12,2024-04-26
91,7756,Physical Therapy,1458.09,2024-12-25
92,7673,Physical Therapy,606.04,2024-01-02
93,8946,Surgery,10117.21,2024-09-02
94,374,Laboratory Test,56.25,2024-01-30
95,3338,Surgery,3660.67,2025-03-05
96,8061,Chemotherapy,6395.79,2022-04-19
97,9946,Laboratory Test,679.7,2024-05-12
98,3926,Medication,493.4,2024-07-07
99,9736,Medication,360.89,2022-01-08
100,8287,Radiation Therapy,7317.62,2024-02-05
101,6566,Surgery,14716.38,2024-06-11
102,9384,Surgery,13149.96,2024-10-25
103,6690,Radiation Therapy,6008.22,2022-12-29
104,1571,Laboratory Test,269.44,2024-09-27
105,4749,Laboratory Test,209.13,2025-01-26
106,1684,Diagnostic Imaging,885.03,2023-09-22
107,1471,Surgery,13405.18,2022-04-17
108,2420,Consultation,187.4,2025-06-26
109,2456,Rehabilitation,1351.2,2024-11-16
110,4298,Physical Therapy,1143.83,2024-10-18
111,7951,Diagnostic Imaging,173.73,2023-05-10
112,8418,Laboratory Test,594.47,2024-12-14
113,5634,Physical Therapy,578.58,2022-10-30
114,1093,Physical Therapy,1044.02,2022-04-07
115,9363,Consultation,138.46,2025-05-30
116,7647,Radiation Therapy,7944.68,2024-08-05
117,9007,Medication,119.79,2023-07-19
118,9804,Medication,297.19,2024-09-13
119,5196,Rehabilitation,1781.17,2025-02-21
120,6335,Radiation Therapy,7295.91,2025-12-21
121,809,Medication,134.29,2022-03-14
122,1467,Diagnostic Imaging,781.92,2022-04-19
123,4609,Chemotherapy,8157.43,2024-07-13
124,6383,Surgery,13143.76,2023-04-02
125,8098,Medication,195.73,2024-10-21
126,1322,Laboratory Test,480.54,2024-10-02
127,4073,Radiation Therapy,2271.14,2022-08-12
128,8150,Diagnostic Imaging,87.76,2023-10-01
129,887,Consultation,332.74,2022-07-21
130,5985,Laboratory Test,134.93,2022-12-02
131,8381,Radiation Therapy,7419.91,2022-06-24
132,1165,Rehabilitation,1521.27,2025-05-05
133,7626,Medication,394.17,2024-07-06
134,2333,Consultation,368.86,2022-06-27
135,2622,Physical Therapy,1385.73,2022-02-03
136,9454,Chemotherapy,1597.05,2023-01-17
137,4781,Physical Therapy,362.72,2023-04-23
138,1791,Laboratory Test,558.58,2023-07-27
139,412,Medication,229.67,2023-11-01
140,9750,Radiation Therapy,1302.47,2022-11-15
141,405,Laboratory Test,634.18,2022-08-21
142,5989,Medication,384.95,2022-05-15
143,2502,Radiation Therapy,2113.76,2023-05-02
144,7067,Physical Therapy,321.97,2023-05-08
145,3454,Surgery,11863.1,2025-10-02
146,2197,Surgery,9002.38,2023-04-18
147,8993,Diagnostic Imaging,889.79,2022-01-31
148,7759,Chemotherapy,9550.72,2022-12-10
149,3470,Medication,197.41,2022-06-08
150,1868,Consultation,143.07,2022-01-20
151,4286,Rehabilitation,1456.64,2023-03-27
152,1565,Physical Therapy,538.58,2022-03-27
153,3538,Surgery,10878.14,2022-09-10
154,1347,Chemotherapy,4146.67,2025-05-29
155,2847,Medication,472.53,2023-04-20
156,3290,Chemotherapy,7046.98,2025-07-22
157,5544,Surgery,2747.44,2026-01-22
158,7512,Physical Therapy,494.02,2024-10-03
159,8634,Medication,396.57,2024-04-19
160,6974,Consultation,322.64,2025-01-23
161,1055,Chemotherapy,5504.46,2023-04-26
162,1754,Diagnostic Imaging,487.34,2022-01-02
163,7951,Rehabilitation,2449.6,2024-12-21
164,1687,Physical Therapy,478.87,2022-07-23
165,1455,Surgery,5471.22,2022-05-30
166,1606,Diagnostic Imaging,158.94,2022-09-11
167,7982,Consultation,424.28,2024-01-16
168,5904,Chemotherapy,2418.5,2022-08-20
169,4458,Rehabilitation,2146.37,2022-06-23
170,646,Surgery,4821.21,2022-06-15
171,7512,Surgery,2106.64,2023-03-30
172,719,Surgery,4897.47,2024-03-07
173,2183,Laboratory Test,512.25,2024-05-13
174,5815,Chemotherapy,6148.12,2024-05-05
175,1200,Medication,42.42,2022-12-26
176,7111,Radiation Therapy,2852.59,2024-11-03
177,1591,Consultation,167.89,2022-06-09
178,3241,Radiation Therapy,7917.8,2023-10-02
179,2769,Chemotherapy,9567.15,2022-05-29
180,3705,Radiation Therapy,7068.92,2025-06-15
181,4329,Radiation Therapy,1882.73,2023-07-01
182,9208,Physical Therapy,1026.86,2023-07-11
183,3815,Physical Therapy,376.42,2022-11-17
184,3984,Chemotherapy,4349.55,2025-11-08
185,4823,Diagnostic Imaging,975.06,2022-09-17
186,5702,Rehabilitation,862.29,2025-05-01
187,235,Laboratory Test,327.58,2023-01-24
188,9566,Consultation,444.26,2025-02-24
189,1777,Diagnostic Imaging,288.51,2025-06-13
190,6588,Radiation Therapy,7889.84,2024-11-04
191,802,Medication,57.64,2022-08-06
192,9324,Laboratory Test,292.68,2023-03-23
193,706,Physical Therapy,316.18,2024-02-26
194,2063,Consultation,393.38,2022-08-05
195,5990,Physical Therapy,599.52,2025-07-22
196,4364,Radiation Therapy,3722.16,2022-12-03
197,8908,Laboratory Test,150.53,2025-06-29
198,6995,Chemotherapy,7190.24,2022-09-28
199,9088,Rehabilitation,2118.89,2024-11-22
200,9978,Chemotherapy,3686.91,2022-06-12
201,2494,Consultation,101.16,2025-04-01
202,5668,Surgery,9819.41,2025-11-06
203,3909,Chemotherapy,2956.42,2024-12-05
204,3304,Consultation,381.16,2022-07-28
205,4464,Rehabilitation,2476.16,2025-12-20
206,193,Consultation,469.86,2024-06-13
207,956,Surgery,3888.92,2026-01-06
208,9984,Radiation Therapy,3938.27,2022-04-24
209,4796,Medication,429.16,2025-12-26
210,3037,Chemotherapy,6952.86,2023-04-23
211,6845,Rehabilitation,1214.15,2022-04-13
212,6776,Surgery,9978.72,2022-05-02
213,4066,Rehabilitation,2382.92,2023-12-28
214,8446,Chemotherapy,6407.82,2025-08-09
215,4220,Surgery,7453.27,2022-01-07
216,3663,Medication,172.08,2026-01-17
217,4519,Medication,289.1,2022-01-15
218,8884,Laboratory Test,240.22,2022-05-05
219,8949,Diagnostic Imaging,695.76,2024-06-18
220,8645,Rehabilitation,870.4,2023-08-19
221,3041,Surgery,2373.42,2022-05-31
222,2520,Medication,386.84,2025-07-31
223,293,Rehabilitation,566.62,2023-04-18
224,4206,Medication,412.77,2022-03-29
225,4232,Surgery,1724.4,2022-08-03
226,4261,Diagnostic Imaging,101.27,2023-11-20
227,8719,Surgery,14124.22,2023-04-24
228,1146,Chemotherapy,1562.07,2024-12-31
229,589,Radiation Therapy,3805.04,2023-11-13
230,3389,Diagnostic Imaging,567.39,2022-07-06
231,8010,Diagnostic Imaging,1010.85,2023-11-20
232,3831,Diagnostic Imaging,172.7,2025-08-04
233,6356,Consultation,94.47,2023-08-24
234,7780,Chemotherapy,7619.67,2023-06-26
235,9769,Laboratory Test,156.64,2023-08-28
236,3139,Surgery,7062.78,2023-07-19
237,2533,Surgery,2088.92,2024-08-11
238,6672,Physical Therapy,883.41,2023-10-12
239,2087,Physical Therapy,1379.18,2023-12-14
240,4824,Radiation Therapy,1803.57,2024-07-17
241,2804,Surgery,3733.15,2022-07-20
242,8435,Physical Therapy,977.9,2023-07-13
243,7795,Medication,73.53,2023-03-22
244,116,Radiation Therapy,7161.41,2025-09-27
245,6397,Rehabilitation,335.17,2022-08-31
246,7064,Diagnostic Imaging,326.7,2024-03-27
247,8731,Rehabilitation,1957.97,2025-04-04
248,8152,Surgery,10546.21,2024-02-06
249,7590,Medication,156.09,2025-08-01
250,3271,Consultation,224.39,2023-05-26
251,5541,Consultation,485.1,2024-08-17
252,9811,Medication,476.02,2023-05-06
253,7208,Physical Therapy,1017.65,2025-08-19
254,2668,Consultation,64.71,2024-02-10
255,7107,Diagnostic Imaging,603.5,2023-08-05
256,1540,Consultation,354.92,2023-10-10
257,2350,Diagnostic Imaging,1132.98,2023-09-06
258,3546,Chemotherapy,3933.75,2023-03-14
259,3835,Radiation Therapy,4348.63,2024-02-25
260,7136,Radiation Therapy,7788.59,2024-11-15
261,8933,Diagnostic Imaging,660.21,2023-03-29
262,5645,Consultation,312.28,2025-01-08
263,3098,Consultation,213.46,2025-10-03
264,2957,Radiation Therapy,1004.67,2024-10-28
265,3269,Consultation,495.97,2025-08-11
266,836,Rehabilitation,1333.52,2023-01-10
267,4977,Laboratory Test,160.09,2022-06-30
268,8068,Consultation,127.17,2023-10-16
269,7400,Medication,145.05,2023-01-09
270,8803,Rehabilitation,1042.07,2024-08-26
271,3468,Laboratory Test,144.72,2023-02-06
272,7087,Physical Therapy,537.56,2024-07-18
273,5385,Radiation Therapy,5701.67,2025-02-20
274,2386,Chemotherapy,3435.82,2024-10-28
275,6825,Rehabilitation,1088.7,2025-08-20
276,5838,Diagnostic Imaging,804.68,2025-10-03
277,147,Medication,181.65,2025-09-11
278,6179,Consultation,422.07,2023-11-27
279,3055,Diagnostic Imaging,451.39,2023-07-06
280,9393,Chemotherapy,3844.52,2023-11-12
281,4528,Medication,304.72,2022-05-06
282,3635,Radiation Therapy,6776.07,2025-04-28
283,3126,Physical Therapy,1016.61,2022-07-10
284,9351,Radiation Therapy,1692.25,2024-01-14
285,5526,Radiation Therapy,1908.94,2024-01-18
286,6309,Medication,454.4,2025-04-27
287,8723,Diagnostic Imaging,993.38,2025-07-30
288,6060,Rehabilitation,1575.04,2025-07-16
289,9763,Consultation,498.0,2022-01-16
290,6460,Laboratory Test,87.4,2024-12-13
291,8701,Physical Therapy,1061.15,2025-07-14
292,2491,Radiation Therapy,6363.97,2023-08-07
293,9614,Radiation Therapy,1555.62,2025-10-23
294,6798,Chemotherapy,5854.29,2023-03-28
295,2667,Diagnostic Imaging,186.17,2022-07-27
296,7624,Diagnostic Imaging,663.68,2022-05-17
297,8244,Diagnostic Imaging,775.86,2023-07-16
298,4676,Rehabilitation,1664.94,2025-03-02
299,6420,Diagnostic Imaging,109.72,2024-07-20
300,590,Diagnostic Imaging,989.76,2023-03-24
301,1692,Consultation,309.45,2025-09-29
302,9103,Medication,269.8,2024-01-09
303,1434,Radiation Therapy,2265.14,2022-09-26
304,2457,Rehabilitation,2275.39,2022-04-26
305,8486,Surgery,8030.31,2023-11-20
306,3664,Physical Therapy,278.15,2024-07-03
307,648,Diagnostic Imaging,912.02,2024-06-01
308,7178,Physical Therapy,251.57,2026-01-16
309,5172,Medication,438.88,2025-06-22
310,4626,Surgery,11521.27,2022-07-12
311,7684,Medication,307.81,2025-10-05
312,386,Diagnostic Imaging,1065.19,2024-09-28
313,1080,Rehabilitation,1582.49,2023-09-18
314,2904,Medication,415.38,2024-11-20
315,4887,Rehabilitation,1343.31,2024-11-13
316,4831,Radiation Therapy,5265.23,2025-05-23
317,3254,Consultation,187.4,2025-01-19
318,5840,Rehabilitation,2304.89,2023-03-25
319,6318,Physical Therapy,1075.45,2022-01-11
320,4185,Surgery,3049.63,2024-03-18
321,1861,Medication,193.75,2022-08-23
322,5934,,313.44,2024-03-07
323,8037,Chemotherapy,5256.18,2023-01-14
324,735,Consultation,176.74,2023-09-22
325,5664,Consultation,108.43,2022-04-21
326,9111,Surgery,10643.5,2024-08-21
327,3876,Consultation,482.44,2023-11-10
328,89,Medication,132.67,2022-09-30
329,484,Consultation,78.28,2023-12-21
330,6978,Laboratory Test,544.5,2023-07-26
331,2190,Physical Therapy,356.87,2022-05-07
332,4508,Laboratory Test,49.06,2022-09-11
333,8531,Diagnostic Imaging,1085.97,2022-08-23
334,4150,Physical Therapy,269.66,2025-05-18
335,1154,Diagnostic Imaging,968.86,2023-04-01
336,5739,Consultation,190.96,2025-03-14
337,4391,Diagnostic Imaging,527.76,2024-11-01
338,8607,Consultation,206.67,2023-03-08
339,5688,Radiation Therapy,2966.58,2022-06-16
340,5807,Rehabilitation,357.5,2024-11-26
341,6579,Rehabilitation,890.75,2024-10-29
342,2204,Physical Therapy,1107.24,2024-05-19
343,4962,Radiation Therapy,1283.36,2024-07-22
344,3785,Physical Therapy,1171.17,2024-05-08
345,9146,Chemotherapy,8249.14,2025-06-30
346,292,Rehabilitation,1182.18,2025-04-20
347,4573,Laboratory Test,508.67,2025-09-21
348,2548,Consultation,268.39,2022-11-25
349,3453,Diagnostic Imaging,163.1,2025-05-07
350,7027,Medication,127.94,2024-08-23
351,5148,Diagnostic Imaging,456.07,2023-05-23
352,3623,Radiation Therapy,3001.17,2022-06-19
353,4214,Surgery,7981.44,2023-01-18
354,8392,Laboratory Test,299.86,2023-01-27
355,133,Diagnostic Imaging,841.62,2024-06-05
356,5500,Rehabilitation,1620.29,2023-04-12
357,4467,Diagnostic Imaging,727.96,2025-09-26
358,6084,Consultation,266.62,2024-11-23
359,342,Consultation,452.9,2025-02-21
360,1366,Consultation,433.69,2024-08-09
361,9515,Surgery,3603.58,2023-08-25
362,3086,Radiation Therapy,1188.61,2022-03-05
363,3329,Laboratory Test,140.1,2024-11-11
364,2379,Medication,25.27,2025-02-10
365,3865,Laboratory Test,97.81,2025-03-01
366,6734,Radiation Therapy,7774.72,2022-03-31
367,4790,Surgery,3853.35,2026-01-13
368,5523,Radiation Therapy,7627.15,2025-08-30
369,7733,Laboratory Test,30.9,2023-05-08
370,1437,Rehabilitation,1049.44,2022-10-18
371,5484,Medication,498.67,2024-05-17
372,7564,Rehabilitation,2384.15,2023-06-18
373,9139,Surgery,11254.96,2024-10-27
374,4548,Surgery,4598.27,2023-01-29
375,2503,Chemotherapy,2275.56,2022-07-09
376,4454,Medication,219.12,2025-01-19
377,1019,Physical Therapy,746.76,2026-01-11
378,151,Diagnostic Imaging,1183.75,2022-08-28
379,6597,Consultation,266.12,2023-09-28
380,4308,Diagnostic Imaging,976.11,2024-07-19
381,8733,Radiation Therapy,1702.93,2025-08-11
382,5193,Diagnostic Imaging,920.49,2022-01-15
383,7072,Chemotherapy,5266.0,2025-01-23
384,8897,Diagnostic Imaging,1184.16,2025-01-17
385,31,Physical Therapy,475.39,2025-11-22
386,624,Radiation Therapy,2391.91,2023-05-06
387,7304,Rehabilitation,750.97,2023-01-14
388,1491,Surgery,7339.37,2025-08-24
389,7817,Rehabilitation,1774.78,2022-04-15
390,4545,Radiation Therapy,1771.92,2025-10-04
391,147,Surgery,12292.66,2024-11-02
392,8465,Rehabilitation,516.76,2024-09-10
393,9009,Chemotherapy,9725.3,2022-10-23
394,9116,Radiation Therapy,1979.42,2023-11-10
395,8302,Rehabilitation,1685.73,2025-01-18
396,1826,Physical Therapy,450.0,2024-08-14
397,714,Laboratory Test,67.94,2023-01-06
398,5568,Physical Therapy,582.73,2025-01-31
399,9697,Radiation Therapy,6516.69,2025-09-19
400,6847,Consultation,420.75,2023-12-21
401,774,Radiation Therapy,1026.21,2023-02-01
402,4903,Diagnostic Imaging,879.75,2022-02-28
403,8308,Radiation Therapy,5103.99,2025-10-11
404,9701,Consultation,288.06,2023-07-19
405,3435,Physical Therapy,338.85,2023-11-11
406,3784,Radiation Therapy,6135.88,2022-07-11
407,3622,Radiation Therapy,3535.69,2022-05-25
408,1425,Consultation,264.83,2023-05-16
409,1740,Laboratory Test,627.57,2022-11-11
410,3954,Chemotherapy,7300.6,2022-06-29
411,1335,Medication,336.17,2025-01-22
412,4143,Radiation Therapy,1357.96,2024-08-18
413,7965,Medication,374.75,2025-07-13
414,4928,Diagnostic Imaging,373.84,2024-04-03
415,83,Rehabilitation,1776.18,2022-10-26
416,8445,Laboratory Test,347.28,2024-05-19
417,5726,Surgery,1282.48,2025-03-15
418,6813,Medication,70.49,2024-09-06
419,4489,Consultation,97.79,2024-03-31
420,6562,Radiation Therapy,7233.13,2023-07-18
421,882,Physical Therapy,916.83,2022-03-23
422,9483,Consultation,103.53,2023-09-14
423,8409,Diagnostic Imaging,1069.72,2023-12-01
424,7810,Laboratory Test,684.83,2023-03-13
425,4221,Consultation,204.2,2025-03-05
426,6808,Physical Therapy,829.37,2025-05-05
427,6128,Medication,111.99,2024-02-24
428,8637,Medication,448.39,2024-04-28
429,497,Medication,262.52,2022-11-28
430,1169,Physical Therapy,1182.55,2025-01-16
431,1351,Chemotherapy,6539.89,2024-07-05
432,3561,Laboratory Test,328.78,2024-06-08
433,1020,Rehabilitation,2129.57,2023-06-06
434,1986,Laboratory Test,197.76,2023-06-08
435,2289,Physical Therapy,590.72,2022-04-12
436,3716,Physical Therapy,160.14,2022-05-25
437,986,Laboratory Test,288.03,2022-10-24
438,9087,Chemotherapy,3645.46,2024-02-19
439,638,Rehabilitation,1983.1,2022-01-05
440,232,Radiation Therapy,5095.44,2022-12-31
441,844,Radiation Therapy,4951.36,2022-09-10
442,5368,Rehabilitation,1394.16,2023-02-25
443,3659,Radiation Therapy,3846.79,2022-08-03
444,3904,Physical Therapy,1348.01,2025-03-24
445,1943,Medication,97.17,2023-09-08
446,2689,Consultation,180.17,2024-02-13
447,1068,Laboratory Test,350.62,2022-03-10
448,1328,Surgery,11237.41,2025-10-20
449,4566,Laboratory Test,263.03,2022-09-28
450,4014,Chemotherapy,7817.97,2022-07-28
451,303,Diagnostic Imaging,701.01,2022-08-25
452,6057,Laboratory Test,93.89,2022-09-30
453,6930,Chemotherapy,3829.72,2025-09-25
454,5820,Physical Therapy,1133.28,2022-04-06
455,5448,Chemotherapy,7251.89,2022-12-04
456,8684,Surgery,6390.58,2023-11-16
457,9935,Consultation,324.3,2025-10-05
458,4242,Laboratory Test,143.03,2023-01-17
459,1773,Consultation,79.2,2024-11-26
460,2111,Medication,290.25,2025-06-05
461,5217,Diagnostic Imaging,439.77,2024-11-23
462,7935,Surgery,5989.16,2024-08-11
463,6699,Consultation,364.97,2024-12-31
464,4018,Medication,189.24,2023-06-29
465,4943,Laboratory Test,220.76,2025-07-30
466,5525,Chemotherapy,4850.34,2023-05-06
467,9948,Medication,483.16,2025-10-05
468,5675,Medication,30.15,2025-11-07
469,2895,Surgery,12580.29,2026-01-18
470,7584,Surgery,8097.97,2025-06-22
471,2165,Laboratory Test,376.64,2022-05-26
472,2213,Consultation,74.79,2025-11-28
473,5889,Consultation,158.99,2023-05-09
474,4493,Diagnostic Imaging,590.43,2023-07-16
475,2110,Physical Therapy,727.17,2024-02-21
476,8418,Radiation Therapy,5494.66,2024-07-10
477,7947,Consultation,147.33,2025-09-03
478,1989,Chemotherapy,8449.64,2022-05-17
479,7243,Laboratory Test,528.94,2023-12-19
480,7357,Diagnostic Imaging,453.96,2024-05-10
481,879,Medication,382.14,2023-01-29
482,945,Medication,117.06,2022-11-17
483,938,Surgery,8868.36,2024-11-15
484,7606,Diagnostic Imaging,404.9,2024-08-28
485,5198,Laboratory Test,619.86,2025-12-18
486,7976,Radiation Therapy,2473.08,2024-02-20
487,719,Laboratory Test,208.91,2022-03-02
488,4036,Diagnostic Imaging,266.87,2024-12-02
489,8105,Laboratory Test,395.56,2024-01-14
490,7112,Laboratory Test,90.86,2023-04-27
491,9452,Physical Therapy,219.14,2024-01-13
492,4158,Laboratory Test,93.28,2022-12-25
493,2138,Laboratory Test,417.34,2024-03-16
494,7788,Consultation,355.75,2024-10-28
495,5846,Physical Therapy,757.26,2024-06-13
496,6576,Chemotherapy,8682.2,2022-01-06
497,1294,Chemotherapy,2655.56,2023-03-02
498,3157,Rehabilitation,1598.77,2023-07-23
499,3204,Radiation Therapy,3313.95,2023-11-10
500,3483,Diagnostic Imaging,1040.63,2024-12-16
501,8830,Diagnostic Imaging,390.25,2023-05-20
502,1284,Chemotherapy,6242.72,2024-05-13
503,3027,Rehabilitation,315.0,2024-01-10
504,5204,Consultation,131.72,2025-06-16
505,4380,Chemotherapy,8054.54,2023-04-25
506,9366,Rehabilitation,1385.26,2024-09-28
507,1110,Physical Therapy,321.51,2022-06-28
508,7999,Consultation,470.5,2025-01-11
509,440,Diagnostic Imaging,1154.19,2025-08-23
510,8249,Rehabilitation,663.75,2024-10-22
511,849,Chemotherapy,9872.91,2023-05-20
512,6806,Medication,146.28,2024-08-18
513,4058,Radiation Therapy,1054.79,2023-10-11
514,9178,Rehabilitation,1484.71,2025-06-10
515,9183,Laboratory Test,108.55,2025-10-29
516,6580,Consultation,318.53,2024-05-10
517,8319,Diagnostic Imaging,777.39,2024-10-07
518,5597,Surgery,11863.14,2022-10-10
519,3375,Medication,390.01,2025-10-16
520,4127,Surgery,4785.9,2022-10-11
521,4813,Surgery,9248.06,2025-02-18
522,1377,Medication,240.16,2023-06-05
523,8011,Medication,442.2,2025-10-07
524,8232,Surgery,1562.92,2024-07-01
525,472,Physical Therapy,496.09,2023-02-11
526,4037,Surgery,1877.4,2022-07-23
527,7747,Surgery,4184.52,2025-05-11
528,6374,Physical Therapy,1356.44,2022-08-15
529,856,Consultation,277.3,2023-07-08
530,4991,Rehabilitation,2311.34,2022-08-02
531,6614,Rehabilitation,375.03,2025-09-01
532,44,Physical Therapy,561.07,2023-10-14
533,2400,Physical Therapy,637.99,2025-06-11
534,300,Consultation,332.87,2024-07-11
535,7095,Surgery,1938.72,2025-03-02
536,7698,Surgery,10450.26,2023-06-24
537,4921,Medication,402.26,2025-05-05
538,1113,Chemotherapy,1594.52,2023-05-04
539,492,Chemotherapy,9074.87,2024-05-23
540,2633,Radiation Therapy,2286.07,2022-11-19
541,8025,Radiation Therapy,4418.95,2023-01-17
542,4539,Chemotherapy,5942.42,2023-05-06
543,9150,Rehabilitation,680.43,2024-10-18
544,3142,Diagnostic Imaging,906.83,2022-09-30
545,4002,Chemotherapy,2344.18,2023-01-11
546,2877,Medication,491.44,2024-08-27
547,795,Medication,473.74,2024-10-24
548,4245,Rehabilitation,1352.25,2023-08-07
549,4799,Laboratory Test,576.51,2022-12-12
550,7011,Medication,285.32,2022-07-27
551,4113,Laboratory Test,242.46,2023-12-31
552,8420,Medication,468.2,2022-07-16
553,2758,Radiation Therapy,2346.21,2024-04-18
554,9955,Medication,21.22,2022-04-24
555,7098,Medication,280.83,2024-10-28
556,3600,Diagnostic Imaging,542.28,2024-02-22
557,1674,Laboratory Test,365.19,2025-04-06
558,1903,Medication,320.78,2022-01-22
559,6484,Rehabilitation,1970.57,2023-05-05
560,2981,Laboratory Test,131.47,2024-04-21
561,9879,Chemotherapy,3736.06,2022-09-02
562,5940,Diagnostic Imaging,411.02,2024-02-23
563,8404,Laboratory Test,303.93,2022-11-07
564,4032,Laboratory Test,229.65,2023-10-28
565,3772,Laboratory Test,152.87,2023-07-11
566,928,Medication,405.36,2025-08-27
567,6551,Chemotherapy,5624.95,2025-04-29
568,1948,Chemotherapy,1567.24,2025-10-18
569,2897,Surgery,3347.36,2025-09-19
570,1009,Radiation Therapy,3669.15,2024-02-24
571,2226,Chemotherapy,2679.91,2025-09-23
572,6289,Radiation Therapy,7364.91,2024-10-04
573,5203,Chemotherapy,5655.72,2025-08-31
574,7127,Physical Therapy,348.93,2023-12-17
575,5719,Consultation,193.22,2024-06-30
576,3171,Rehabilitation,2403.28,2022-07-08
577,382,Radiation Therapy,6113.32,2026-01-10
578,8835,Medication,108.14,2022-03-19
579,9159,Radiation Therapy,2909.18,2024-01-05
580,9002,Consultation,145.27,2023-06-10
581,2856,Rehabilitation,993.01,2025-11-23
582,8256,Medication,75.53,2025-08-19
583,1535,Consultation,285.72,2024-12-15
584,9607,Diagnostic Imaging,819.68,2024-07-22
585,3348,Surgery,14452.78,2023-12-10
586,5186,Medication,457.98,2023-03-19
587,3864,Rehabilitation,1235.95,2025-09-08
588,1866,Medication,178.33,2024-11-22
589,2822,Radiation Therapy,1092.7,2025-03-17
590,1455,Chemotherapy,4416.55,2022-04-06
591,8056,Rehabilitation,758.27,2023-01-07
592,9940,Surgery,3032.06,2024-09-15
593,1684,Medication,269.92,2023-08-22
594,6545,Medication,472.33,2022-06-09
595,7096,Diagnostic Imaging,618.13,2022-07-05
596,1832,Medication,403.23,2022-10-12
597,1378,Rehabilitation,761.75,2025-10-14
598,7261,Physical Therapy,1016.6,2023-01-13
599,9322,Diagnostic Imaging,754.55,2022-10-15
600,3030,Laboratory Test,54.32,2022-11-12
601,7098,Physical Therapy,1131.33,2022-07-23
602,1350,Diagnostic Imaging,732.33,2025-10-15
603,6402,Laboratory Test,522.39,2025-05-10
604,5816,Surgery,10011.38,2024-03-15
605,1951,Radiation Therapy,4075.19,2024-01-11
606,5352,Consultation,433.48,2022-02-27
607,6903,Surgery,9509.17,2024-03-09
608,8616,Radiation Therapy,1816.89,2022-04-16
609,2390,Radiation Therapy,4965.08,2024-05-21
610,4614,Radiation Therapy,6172.46,2022-10-23
611,6414,Rehabilitation,1454.11,2024-10-28
612,5301,Surgery,13456.64,2022-02-05
613,1310,Diagnostic Imaging,428.81,2025-03-15
614,8265,Consultation,324.06,2024-01-05
615,6898,Radiation Therapy,5768.73,2022-02-27
616,1277,Diagnostic Imaging,174.37,2025-11-30
617,2544,Radiation Therapy,1962.63,2023-07-18
618,6639,Diagnostic Imaging,111.65,2025-10-28
619,7466,Laboratory Test,335.85,2023-10-29
620,7898,Consultation,124.63,2024-04-11
621,8791,Diagnostic Imaging,454.52,2025-05-18
622,1411,Laboratory Test,305.18,2024-08-14
623,993,Medication,369.52,2023-02-17
624,2184,Medication,336.58,2025-10-12
625,1488,Diagnostic Imaging,1174.64,2023-04-30
626,7853,Radiation Therapy,5279.41,2022-10-15
627,3149,Radiation Therapy,1262.21,2024-11-03
628,9487,Medication,391.72,2025-08-13
629,3290,Medication,67.48,2022-04-02
630,3089,Rehabilitation,2079.71,2022-12-21
631,9796,Laboratory Test,626.56,2024-02-02
632,7477,Medication,222.04,2022-10-21
633,6362,Rehabilitation,2156.52,2023-07-21
634,1387,Medication,402.42,2025-10-11
635,6859,Surgery,3425.6,2025-11-19
636,8802,Physical Therapy,1338.02,2023-09-10
637,8184,Consultation,188.25,2023-07-10
638,1876,Chemotherapy,6575.36,2022-11-18
639,1946,Medication,136.11,2023-07-30
640,165,Diagnostic Imaging,948.61,2025-07-25
641,131,Rehabilitation,2466.51,2025-03-15
642,8245,Radiation Therapy,4100.75,2024-01-10
643,1995,Laboratory Test,303.99,2025-07-18
644,7464,Radiation Therapy,6182.14,2025-05-03
645,182,Consultation,95.83,2022-10-20
646,4231,Chemotherapy,1847.48,2023-08-18
647,928,Medication,51.53,2026-01-05
648,2868,Physical Therapy,424.49,2022-03-07
649,5673,Medication,180.32,2022-04-19
650,1798,Physical Therapy,776.15,2022-09-24
651,1947,Laboratory Test,687.18,2022-10-12
652,6807,Laboratory Test,287.97,2022-09-23
653,5376,Physical Therapy,1023.32,2022-03-14
654,7355,Consultation,236.37,2022-05-21
655,4831,Radiation Therapy,3464.01,2023-05-30
656,6394,Surgery,9358.93,2023-02-04
657,6098,Laboratory Test,629.65,2024-10-30
658,8614,Diagnostic Imaging,799.06,2024-07-22
659,8448,Consultation,413.73,2022-01-05
660,5069,Rehabilitation,1434.9,2023-04-22
661,2691,Diagnostic Imaging,1081.97,2022-12-16
662,2669,Chemotherapy,1671.57,2025-06-12
663,5767,Consultation,84.45,2022-11-23
664,2297,Diagnostic Imaging,387.94,2024-03-29
665,9917,Chemotherapy,8441.12,2023-12-19
666,698,Medication,371.67,2022-03-13
667,5965,Diagnostic Imaging,171.64,2022-03-18
668,2317,Diagnostic Imaging,635.05,2022-11-10
669,539,Laboratory Test,361.38,2025-11-15
670,4596,Chemotherapy,9914.42,2023-09-02
671,2324,Medication,445.4,2022-10-30
672,1080,Chemotherapy,2422.63,2024-11-08
673,1586,Medication,375.75,2023-08-08
674,8130,Diagnostic Imaging,468.19,2025-10-20
675,9800,Radiation Therapy,1737.23,2024-07-01
676,5566,Rehabilitation,1746.37,2022-12-19
677,9047,Surgery,11974.97,2025-12-06
678,8435,Medication,165.53,2024-03-18
679,8572,Chemotherapy,4588.37,2022-05-19
680,7697,Diagnostic Imaging,159.42,2023-06-22
681,1681,Rehabilitation,1930.67,2023-07-27
682,2336,Chemotherapy,7045.39,2022-01-18
683,2211,Diagnostic Imaging,169.37,2022-08-30
684,9206,Rehabilitation,645.83,2022-04-14
685,2589,Surgery,3766.04,2023-11-14
686,4230,Laboratory Test,613.04,2022-12-12
687,8495,Physical Therapy,1163.37,2024-02-07
688,2116,Chemotherapy,9991.39,2023-08-11
689,3146,Diagnostic Imaging,362.09,2023-10-30
690,9730,Rehabilitation,2178.5,2024-07-30
691,2734,Laboratory Test,295.12,2024-01-26
692,3726,Diagnostic Imaging,994.88,2022-01-04
693,1095,Laboratory Test,68.17,2024-04-30
694,9311,Laboratory Test,647.58,2023-01-28
695,9002,Diagnostic Imaging,131.33,2024-11-01
696,9321,Diagnostic Imaging,636.15,2024-09-10
697,4056,Radiation Therapy,2771.37,2025-12-10
698,307,Chemotherapy,6331.15,2025-12-22
699,8746,Laboratory Test,278.53,2025-07-09
700,7907,Consultation,57.32,2022-08-09
701,5297,Radiation Therapy,6517.18,2023-01-14
702,7519,Surgery,5115.4,2024-02-19
703,2841,Radiation Therapy,2069.77,2023-08-02
704,9273,Chemotherapy,2979.2,2023-10-09
705,7786,Consultation,304.72,2022-02-05
706,6467,Diagnostic Imaging,175.2,2024-03-18
707,7911,Rehabilitation,555.49,2025-10-15
708,8216,Diagnostic Imaging,311.27,2022-01-11
709,512,Consultation,398.17,2022-11-02
710,4923,Diagnostic Imaging,967.01,2023-12-29
711,8039,Diagnostic Imaging,162.92,2024-04-23
712,9468,Chemotherapy,2107.81,2024-11-30
713,6750,Radiation Therapy,3587.26,2023-06-23
714,7248,Surgery,2116.02,2022-04-09
715,7366,Consultation,131.57,2022-12-15
716,2340,Diagnostic Imaging,788.46,2025-11-22
717,1665,Diagnostic Imaging,1137.31,2023-04-27
718,3209,Rehabilitation,2223.24,2025-04-15
719,2225,Consultation,118.92,2023-01-10
720,5607,Rehabilitation,1279.92,2024-12-19
721,3291,Rehabilitation,1662.03,2022-09-14
722,6386,Physical Therapy,972.23,2024-09-07
723,5479,Surgery,8565.24,2024-09-08
724,3671,Medication,473.87,2022-03-03
725,5153,Radiation Therapy,7886.71,2023-04-18
726,6234,Physical Therapy,596.47,2025-02-10
727,1997,Chemotherapy,9812.59,2023-02-01
728,3426,Consultation,387.52,2023-03-27
729,5944,Medication,300.18,2023-04-03
730,7414,Diagnostic Imaging,640.57,2023-07-19
731,5198,Chemotherapy,5632.14,2022-02-06
732,856,Medication,392.56,2024-02-19
733,9988,Diagnostic Imaging,1036.28,2022-09-21
734,8292,Chemotherapy,8860.74,2025-11-16
735,7947,Consultation,357.95,2025-03-05
736,1917,Consultation,169.53,2025-11-05
737,9114,Diagnostic Imaging,776.18,2025-08-27
738,3545,Radiation Therapy,6211.22,2022-12-23
739,6539,Diagnostic Imaging,576.17,2022-11-24
740,6166,Surgery,1145.34,2024-06-21
741,9892,Surgery,5101.59,2022-01-31
742,847,Chemotherapy,8928.9,2022-01-10
743,9463,Chemotherapy,6665.81,2025-05-19
744,1566,Rehabilitation,2225.36,2022-02-07
745,8129,Consultation,420.0,2024-12-12
746,9017,Diagnostic Imaging,204.9,2024-06-10
747,8342,Chemotherapy,7865.29,2022-01-12
748,6437,Radiation Therapy,2734.59,2024-10-13
749,1605,Surgery,9768.72,2023-06-11
750,8675,Rehabilitation,2309.36,2022-10-24
751,6563,Diagnostic Imaging,917.36,2022-12-27
752,7387,Diagnostic Imaging,756.77,2022-07-27
753,3011,Chemotherapy,9185.48,2025-03-09
754,8035,Surgery,13383.42,2024-11-28
755,8441,Consultation,313.94,2022-09-24
756,3914,Medication,162.28,2024-10-24
757,8023,Physical Therapy,1356.56,2025-05-22
758,3938,Radiation Therapy,7825.27,2022-01-01
759,4962,Rehabilitation,1513.44,2024-09-19
760,2004,Radiation Therapy,4505.39,2022-04-23
761,1739,Surgery,8726.18,2024-06-12
762,4173,Radiation Therapy,5806.16,2022-06-19
763,5125,Diagnostic Imaging,1136.47,2024-07-08
764,1433,Radiation Therapy,6360.59,2023-07-08
765,1372,Rehabilitation,1827.6,2022-09-03
766,2660,Medication,212.38,2022-10-09
767,4694,Chemotherapy,1853.28,2025-08-27
768,8214,Chemotherapy,4664.81,2023-05-20
769,8077,Chemotherapy,6567.55,2023-10-06
770,5297,Physical Therapy,1130.75,2026-01-14
771,3112,Laboratory Test,638.43,2024-03-21
772,5412,Laboratory Test,242.22,2023-01-11
773,743,Medication,470.97,2025-06-29
774,5662,Radiation Therapy,5832.89,2024-05-06
775,3517,Diagnostic Imaging,641.35,2024-08-17
776,6515,Laboratory Test,209.98,2023-06-22
777,8261,Surgery,11475.2,2022-04-19
778,7859,Medication,70.28,2023-02-13
779,9369,Radiation Therapy,3751.93,2024-08-31
780,7048,Rehabilitation,390.12,2023-12-14
781,3579,Rehabilitation,1073.98,2023-04-12
782,9085,Medication,445.79,2023-09-24
783,677,Physical Therapy,1187.8,2024-06-01
784,3619,Chemotherapy,8882.68,2022-07-13
785,2544,Chemotherapy,7092.5,2024-05-22
786,5382,Medication,217.12,2025-09-21
787,3214,Rehabilitation,454.71,2025-07-06
788,5446,Chemotherapy,9468.92,2023-02-07
789,5821,Consultation,494.54,2025-09-04
790,7114,Radiation Therapy,1683.62,2025-12-02
791,7566,Medication,183.94,2022-06-23
792,4930,Rehabilitation,533.52,2022-03-27
793,6680,Rehabilitation,628.29,2025-03-20
794,1257,Laboratory Test,293.17,2023-09-03
795,2002,Surgery,11433.82,2024-12-04
796,1804,Laboratory Test,231.74,2025-03-24
797,5036,Diagnostic Imaging,1089.54,2023-12-31
798,7875,Surgery,11365.11,2023-09-28
799,8698,Rehabilitation,1010.68,2024-09-14
800,9034,Physical Therapy,323.41,2025-10-11
801,2772,Laboratory Test,227.23,2025-10-27
802,8916,Physical Therapy,805.16,2024-10-16
803,5543,Surgery,12299.24,2023-09-12
804,999999,Radiation Therapy,6930.22,2022-08-06
805,8056,Medication,397.06,2024-03-19
806,5987,Laboratory Test,42.42,2023-12-06
807,4400,Consultation,92.37,2025-02-25
808,9472,Consultation,366.65,2022-06-21
809,7171,Surgery,12529.99,2023-02-21
810,5120,Diagnostic Imaging,1012.37,2025-08-08
811,2281,Consultation,215.31,2024-07-07
812,2195,Physical Therapy,489.4,2026-01-26
813,7416,Chemotherapy,6562.24,2023-08-27
814,2828,Radiation Therapy,7284.95,2022-05-08
815,7574,Surgery,3774.81,2024-11-11
816,1887,Consultation,422.4,2025-11-05
817,757,Surgery,10614.59,2024-10-28
818,5049,Radiation Therapy,5083.39,2025-01-02
819,4723,Laboratory Test,127.04,2025-03-08
820,9383,Consultation,265.18,2023-05-13
821,6868,Rehabilitation,674.68,2022-12-21
822,6778,Consultation,57.14,2024-10-01
823,4885,Surgery,10475.69,2025-03-20
824,1648,Surgery,1057.63,2023-10-01
825,6967,Consultation,248.94,2024-05-29
826,5565,Radiation Therapy,2983.36,2022-03-16
827,2078,Medication,250.66,2025-03-01
828,8398,Physical Therapy,871.07,2022-11-20
829,7269,Surgery,13082.4,2024-07-31
830,5901,Diagnostic Imaging,235.96,2022-06-09
831,7773,Consultation,130.58,2025-02-15
832,6229,Chemotherapy,3544.49,2024-02-16
833,9242,Radiation Therapy,7101.29,2023-10-20
834,5933,Medication,429.82,2024-11-22
835,4834,Radiation Therapy,2810.03,2025-03-15
836,7014,Physical Therapy,1100.32,2022-10-01
837,5582,Chemotherapy,2695.93,2025-05-16
838,9505,Medication,382.01,2025-02-22
839,7811,Rehabilitation,2408.65,2025-07-16
840,5750,Physical Therapy,1385.91,2022-07-18
841,1939,Consultation,229.13,2024-02-11
842,4351,Radiation Therapy,3680.36,2022-06-25
843,9868,Radiation Therapy,6743.72,2025-09-27
844,1627,Chemotherapy,2696.93,2024-03-10
845,6917,Medication,352.02,2023-08-04
846,6419,Surgery,10999.7,2024-01-16
847,5644,Medication,90000.0,2024-08-27
848,5772,Physical Therapy,623.35,2025-10-07
849,7656,Chemotherapy,6182.18,2023-08-01
850,1802,Laboratory Test,260.73,2025-02-11
851,9231,Physical Therapy,787.93,2024-05-09
852,1855,Laboratory Test,209.2,2022-11-10
853,507,Physical Therapy,1423.21,2024-11-10
854,5297,Chemotherapy,4315.0,2023-05-28
855,3503,Medication,368.54,2022-03-29
856,5614,Medication,307.06,2025-01-11
857,6232,Surgery,2382.8,2024-12-18
858,7123,Radiation Therapy,1069.91,2023-02-15
859,9205,Diagnostic Imaging,706.88,2023-12-27
860,4992,Laboratory Test,110.93,2023-05-01
861,731,Physical Therapy,699.03,2025-07-12
862,1683,Surgery,3069.1,2023-05-26
863,4872,Chemotherapy,7671.61,2025-07-12
864,4149,Radiation Therapy,4519.74,2022-10-30
865,9930,Laboratory Test,140.4,2022-05-06
866,7558,Laboratory Test,448.81,2025-11-09
867,3646,Laboratory Test,241.28,2023-09-20
868,6568,Medication,58.51,2024-11-10
869,147,Radiation Therapy,6745.8,2025-01-17
870,224,Laboratory Test,,2024-10-12
871,3053,Surgery,6661.89,2023-12-28
872,1026,Diagnostic Imaging,534.43,2024-09-17
873,595,Laboratory Test,83.38,2022-08-15
874,5007,Diagnostic Imaging,527.73,2024-07-07
875,8869,Rehabilitation,1117.08,2022-06-26
876,4457,Physical Therapy,1292.17,2022-11-18
877,7478,Radiation Therapy,6576.39,2022-02-09
878,688,Medication,419.13,2024-09-28
879,3682,Radiation Therapy,7951.57,2022-09-08
880,2662,Diagnostic Imaging,538.79,2022-11-26
881,98,Physical Therapy,1196.95,2026-01-19
882,9512,Diagnostic Imaging,616.51,2025-07-03
883,3592,Radiation Therapy,7316.3,2024-12-09
884,4019,Surgery,8756.19,2025-05-10
885,7723,Rehabilitation,1539.34,2024-12-28
886,2488,Diagnostic Imaging,292.98,2025-04-02
887,5484,Rehabilitation,2213.02,2024-06-01
888,2698,Consultation,168.38,2023-05-26
889,3453,Rehabilitation,447.83,2024-10-09
890,2412,Rehabilitation,1759.71,2022-11-10
891,6053,Diagnostic Imaging,214.07,2024-05-13
892,3221,Laboratory Test,474.17,2025-04-04
893,336,Consultation,223.56,2022-02-04
894,4647,Radiation Therapy,7773.26,2022-12-02
895,3363,Diagnostic Imaging,305.47,2023-02-20
896,463,Diagnostic Imaging,1043.73,2025-05-31
897,5207,Medication,229.74,2023-12-19
898,4995,Laboratory Test,492.05,2023-09-23
899,2640,Chemotherapy,2255.41,2022-04-27
900,4760,Radiation Therapy,3615.0,2023-07-21
901,8780,Radiation Therapy,5254.32,2025-07-03
902,2676,Chemotherapy,5025.55,2025-02-01
903,5640,Rehabilitation,347.4,2022-01-20
904,9324,Consultation,486.65,2023-10-25
905,2551,Laboratory Test,368.88,2025-12-16
906,5284,Diagnostic Imaging,1031.98,2023-02-16
907,5752,Rehabilitation,1157.21,2022-01-27
908,8858,Rehabilitation,1855.74,2022-10-12
909,5563,Rehabilitation,1888.38,2024-12-05
910,2750,Diagnostic Imaging,628.34,2024-12-29
911,3644,Rehabilitation,778.55,2023-12-02
912,4541,Surgery,2959.05,2025-11-23
913,2866,Chemotherapy,7797.58,2024-09-10
914,723,Diagnostic Imaging,891.12,2023-04-10
915,7491,Physical Therapy,992.41,2023-04-09
916,2200,Laboratory Test,401.26,2024-05-16
917,1309,Medication,483.74,2024-03-28
918,5512,Medication,130.62,2022-04-18
919,1939,Radiation Therapy,2030.42,2023-03-02
920,8978,Laboratory Test,327.61,2022-07-19
921,1509,Medication,214.17,2023-07-03
922,5397,Physical Therapy,1224.82,2024-10-03
923,1092,Diagnostic Imaging,562.96,2026-01-18
924,4948,Consultation,256.9,2022-05-21
925,2940,Medication,60.55,2024-05-27
926,6257,Medication,193.78,2025-02-21
927,8646,Diagnostic Imaging,1189.32,2024-05-31
928,4992,Laboratory Test,382.4,2024-06-09
929,4205,Diagnostic Imaging,126.49,2025-09-26
930,4445,Medication,338.32,2025-12-14
931,6711,Rehabilitation,1103.1,2024-10-22
932,7447,Consultation,461.49,2023-01-28
933,1725,Diagnostic Imaging,945.04,2026-01-19
934,2846,Consultation,448.3,2022-11-28
935,7084,Surgery,8874.51,2024-12-19
936,6770,Medication,69.55,2022-07-26
937,4746,Medication,462.57,2024-01-01
938,6451,Physical Therapy,175.12,2022-09-14
939,2957,Radiation Therapy,7103.48,2025-06-28
940,7770,Rehabilitation,715.25,2023-01-02
941,7145,Chemotherapy,8357.97,2024-05-10
942,8808,Consultation,386.38,2023-12-20
943,914,Medication,321.8,2025-03-15
944,1861,Laboratory Test,51.17,2024-08-03
945,6939,Rehabilitation,1317.96,2025-11-13
946,2325,Laboratory Test,430.43,2022-02-04
947,3923,Rehabilitation,2195.28,2025-10-13
948,3904,Rehabilitation,764.38,2025-01-12
949,5424,Rehabilitation,956.88,2023-06-27
950,2336,Radiation Therapy,7619.19,2023-10-27
951,9143,Laboratory Test,95.07,2024-10-13
952,3439,Diagnostic Imaging,823.74,2025-04-14
953,5356,Radiation Therapy,6870.44,2025-03-12
954,6093,Rehabilitation,2287.82,2024-09-03
955,4653,Laboratory Test,159.73,2025-06-12
956,749,Diagnostic Imaging,666.49,2024-11-25
957,6493,Diagnostic Imaging,897.92,2024-10-29
958,5936,Diagnostic Imaging,1167.1,2024-04-02
959,5686,Laboratory Test,333.91,2023-12-28
960,6575,Surgery,4346.71,2025-02-09
961,3688,Consultation,61.88,2025-05-30
962,227,Medication,323.26,2024-02-09
963,1881,Chemotherapy,6009.15,2025-11-19
964,6252,Radiation Therapy,5722.43,2026-01-25
965,7402,Radiation Therapy,4616.42,2025-12-24
966,758,Surgery,3726.28,2022-12-30
967,4030,Medication,60.79,2025-05-31
968,4863,Medication,109.91,2025-06-12
969,2286,Diagnostic Imaging,134.41,2022-09-16
970,1629,Laboratory Test,386.59,2024-03-05
971,3154,Physical Therapy,395.66,2026-01-22
972,9507,Radiation Therapy,4052.85,2023-05-02
973,9826,Laboratory Test,62.41,2024-05-16
974,6831,Medication,224.61,2024-12-23
975,6387,Diagnostic Imaging,150.74,2023-10-10
976,7530,Laboratory Test,555.09,2022-08-11
977,6381,Laboratory Test,251.91,2025-02-22
978,1533,Consultation,119.37,2024-12-09
979,5661,Consultation,427.7,2022-11-11
980,615,Radiation Therapy,2187.54,2022-08-24
981,3403,Consultation,434.9,2023-05-23
982,7130,Diagnostic Imaging,89.25,2024-08-27
983,7790,Consultation,106.59,2025-11-02
984,1938,Laboratory Test,511.55,2024-02-20
985,5786,Diagnostic Imaging,673.19,2023-11-27
986,8635,Diagnostic Imaging,303.99,2025-05-11
987,9380,Medication,29.57,2022-04-15
988,5078,Diagnostic Imaging,220.6,2024-08-09
989,6128,Diagnostic Imaging,952.52,2025-09-13
990,5656,Surgery,5718.94,2022-04-25
991,2201,Medication,46.22,2025-04-27
992,6445,Physical Therapy,1049.83,2023-01-15
993,721,Physical Therapy,930.39,2025-08-05
994,1168,Physical Therapy,109.69,2023-04-15
995,3963,Medication,481.2,2025-12-24
996,4073,Medication,274.48,2025-10-22
997,2789,Medication,242.2,2022-03-09
998,5939,Radiation Therapy,5014.33,2022-10-18
999,4734,Chemotherapy,2735.49,2023-01-21
1000,2884,Physical Therapy,288.83,2025-02-24
1001,5908,Diagnostic Imaging,590.86,2024-07-27
1002,9037,Laboratory Test,543.68,2025-04-21
1003,4177,Diagnostic Imaging,593.35,2022-04-23
1004,3288,Chemotherapy,9827.9,2022-02-04
1005,721,Surgery,11916.59,2022-03-14
1006,8627,Chemotherapy,6179.15,2024-09-06
1007,761,Rehabilitation,815.08,2024-03-15
1008,4912,Radiation Therapy,2683.7,2025-07-31
1009,4456,Physical Therapy,764.33,2024-06-13
1010,3228,Radiation Therapy,2241.47,2023-10-17
1011,3634,Medication,292.53,2023-01-12
1012,9416,Surgery,5603.2,2022-11-09
1013,8910,Medication,194.27,2025-05-03
1014,9492,Radiation Therapy,4756.92,2022-06-17
1015,9151,Consultation,64.46,2022-09-29
1016,5000,Physical Therapy,179.31,2023-09-08
1017,5977,Consultation,265.61,2023-02-28
1018,2933,Rehabilitation,590.25,2025-01-20
1019,7560,Consultation,247.66,2022-04-20
1020,8112,Laboratory Test,160.53,2024-01-09
1021,4160,Physical Therapy,192.71,2024-08-10
1022,6812,Rehabilitation,2466.77,2025-07-25
1023,5301,Physical Therapy,654.86,2025-10-16
1024,2178,Radiation Therapy,5440.89,2024-10-09
1025,2986,Consultation,451.96,2022-10-01
1026,1232,Chemotherapy,4130.98,2023-03-02
1027,8639,Surgery,6653.72,2022-11-08
1028,8827,Consultation,381.19,2024-02-30
1029,1629,Diagnostic Imaging,669.66,2022-01-04
1030,7898,Laboratory Test,505.81,2022-09-12
1031,2714,Surgery,9738.48,2025-03-11
1032,9303,Consultation,120.19,2024-05-27
1033,4446,Medication,173.92,2025-01-11
1034,3284,Rehabilitation,1609.06,2025-07-26
1035,7022,Rehabilitation,2109.19,2023-11-06
1036,5669,Medication,464.81,2024-09-29
1037,9019,Radiation Therapy,2415.94,2023-02-02
1038,754,Physical Therapy,1003.75,2024-07-30
1039,6328,Laboratory Test,555.16,2022-11-10
1040,8398,Physical Therapy,487.75,2022-02-14
1041,2875,Consultation,101.94,2023-01-26
1042,6398,Physical Therapy,1203.35,2023-11-28
1043,4318,Chemotherapy,6106.81,2023-03-04
1044,5633,Rehabilitation,2368.08,2025-12-17
1045,1027,Rehabilitation,2383.89,2025-10-24
1046,9095,Medication,432.77,2022-03-13
1047,4010,Physical Therapy,578.56,2025-12-12
1048,6059,Chemotherapy,2101.05,2023-07-12
1049,8465,,8302.69,2025-08-14
1050,9414,Physical Therapy,1090.99,2023-12-01
1051,2650,Medication,374.15,2023-07-21
1052,5271,Physical Therapy,924.7,2023-08-21
1053,9294,Chemotherapy,2733.8,2022-02-12
1054,4075,Medication,207.97,2022-10-02
1055,7437,Chemotherapy,3510.96,2025-09-17
1056,7136,Laboratory Test,255.77,2025-11-10
1057,53,Diagnostic Imaging,185.75,2024-12-13
1058,2817,Diagnostic Imaging,278.08,2024-06-01
1059,2549,Rehabilitation,2295.24,2025-04-04
1060,4312,Laboratory Test,165.29,2024-07-15
1061,6918,Surgery,4686.1,2022-07-05
1062,4143,Rehabilitation,2405.76,2024-05-18
1063,8901,Consultation,315.31,2022-01-13
1064,7747,Rehabilitation,1400.61,2025-08-19
1065,8407,Chemotherapy,4226.04,2025-06-11
1066,9433,Physical Therapy,1293.78,2025-05-03
1067,2961,Surgery,2643.79,2023-12-21
1068,9294,Rehabilitation,1038.51,2024-12-03
1069,6778,Diagnostic Imaging,1154.74,2026-01-18
1070,1253,Consultation,99.21,2023-05-29
1071,8451,Medication,160.79,2024-08-22
1072,3366,Diagnostic Imaging,657.81,2024-03-19
1073,3922,Surgery,10332.25,2024-10-13
1074,7202,Surgery,11420.88,2023-03-28
1075,9645,Laboratory Test,108.79,2025-10-17
1076,5583,Medication,300.28,2025-01-29
1077,9097,Chemotherapy,7735.6,2022-03-14
1078,1161,Laboratory Test,536.41,2024-07-22
1079,8621,Medication,401.0,2025-08-05
1080,551,Surgery,12656.46,2022-08-05
1081,6454,Medication,202.39,2024-07-26
1082,7643,Surgery,7706.04,2024-03-29
1083,4587,Surgery,11603.43,2023-10-24
1084,1435,Chemotherapy,2853.07,2022-08-02
1085,9900,Laboratory Test,494.58,2024-08-18
1086,3112,Laboratory Test,640.06,2025-04-23
1087,4222,Physical Therapy,447.3,2025-03-10
1088,2077,Chemotherapy,2104.62,2025-04-14
1089,8615,Consultation,409.89,2023-09-26
1090,1408,Laboratory Test,346.53,2023-12-31
1091,5740,Laboratory Test,110.59,2024-08-01
1092,6860,Laboratory Test,180.74,2025-04-22
1093,1521,Physical Therapy,713.43,2022-02-12
1094,8491,Surgery,8932.08,2025-01-16
1095,2442,Surgery,8345.62,2025-08-30
1096,361,Chemotherapy,3667.53,2024-04-25
1097,7791,Chemotherapy,4785.03,2022-07-04
1098,7723,Diagnostic Imaging,565.48,2025-09-02
1099,9930,Laboratory Test,460.84,2023-12-31
1100,9310,Medication,119.7,2022-12-15
1101,1860,Consultation,105.38,2023-11-09
1102,6542,Physical Therapy,1015.66,2025-11-17
1103,1306,Chemotherapy,6660.75,2024-04-27
1104,2981,Physical Therapy,423.52,2022-03-05
1105,8734,Radiation Therapy,7102.26,2024-04-23
1106,6711,Rehabilitation,2061.16,2025-02-27
1107,8008,Medication,322.59,2023-12-03
1108,1223,Diagnostic Imaging,674.74,2025-04-20
1109,1907,Diagnostic Imaging,476.02,2023-12-01
1110,2598,Diagnostic Imaging,1009.19,2022-09-04
1111,5506,Rehabilitation,717.43,2025-08-08
1112,3019,Physical Therapy,411.96,2022-05-12
1113,9636,Radiation Therapy,5150.27,2022-10-31
1114,9918,Medication,339.96,2022-03-28
1115,4192,Physical Therapy,118.03,2024-08-06
1116,2808,Medication,415.42,2024-01-15
1117,4626,Laboratory Test,406.71,2023-04-23
1118,796,Radiation Therapy,4362.97,2023-08-29
1119,3631,Laboratory Test,50000.0,2024-09-15
1120,1778,Rehabilitation,432.38,2023-07-05
1121,2292,Surgery,8788.25,2025-04-24
1122,1257,Physical Therapy,245.16,2025-03-25
1123,1950,,164.68,2024-07-02
1124,6824,Medication,109.23,2025-11-26
1125,6864,Diagnostic Imaging,176.78,2022-10-20
1126,5396,Diagnostic Imaging,1140.91,2023-05-26
1127,3988,Medication,120.81,2024-01-15
1128,83,Physical Therapy,1356.92,2025-05-02
1129,7612,Physical Therapy,905.23,2022-11-24
1130,6875,Consultation,102.82,2024-09-28
1131,8260,Diagnostic Imaging,863.64,2025-10-16
1132,1143,Laboratory Test,56.98,2022-04-01
1133,1382,Chemotherapy,4425.49,2024-05-17
1134,6734,Physical Therapy,350.47,2022-04-26
1135,1227,Consultation,390.32,2024-05-13
1136,1577,Consultation,301.76,2022-12-08
1137,7929,Consultation,182.72,2022-10-23
1138,7648,Physical Therapy,1046.85,2024-03-14
1139,5508,Medication,339.75,2025-04-21
1140,5739,Surgery,13438.72,2025-04-13
1141,2435,Consultation,88.48,2023-02-14
1142,9164,Physical Therapy,227.83,2023-02-02
1143,8605,Medication,291.32,2026-01-27
1144,5636,Physical Therapy,1440.92,2022-03-22
1145,3770,Medication,413.99,2022-03-06
1146,4259,Diagnostic Imaging,414.25,2023-02-04
1147,5134,Chemotherapy,2573.87,2022-01-25
1148,1616,Chemotherapy,9115.74,2022-01-23
1149,7736,Surgery,8851.94,2022-05-04
1150,2172,Chemotherapy,5662.47,2024-05-11
1151,7005,Surgery,3507.7,2025-03-10
1152,6263,Laboratory Test,381.91,2025-10-25
1153,7065,Physical Therapy,907.23,2022-09-19
1154,3073,Consultation,234.19,2022-08-27
1155,5616,Consultation,198.33,2022-01-03
1156,6612,Laboratory Test,376.84,2025-07-16
1157,6450,Radiation Therapy,2853.54,2025-08-05
1158,4999,Physical Therapy,1147.32,2024-12-08
1159,4421,Consultation,120.23,2023-05-14
1160,3809,Medication,32.47,2025-10-01
1161,2341,Rehabilitation,1351.87,2025-02-02
1162,6026,Chemotherapy,5196.42,2025-06-07
1163,6224,Surgery,11079.71,2022-12-31
1164,5485,Rehabilitation,2224.74,2023-05-16
1165,299,Diagnostic Imaging,927.13,2023-04-02
1166,3922,Radiation Therapy,7790.27,2023-02-25
1167,2478,Rehabilitation,544.69,2022-10-06
1168,4534,Rehabilitation,343.22,2025-09-11
1169,745,Rehabilitation,252.15,2022-09-01
1170,3705,Rehabilitation,1257.29,2025-12-17
1171,6182,Physical Therapy,1410.31,2024-09-28
1172,8357,Rehabilitation,759.5,2024-07-12
1173,158,Rehabilitation,1178.96,2022-03-31
1174,3322,Diagnostic Imaging,838.77,2025-08-31
1175,3398,Physical Therapy,1179.58,2023-08-04
1176,3580,Radiation Therapy,6752.96,2022-11-15
1177,5446,Rehabilitation,1027.57,2023-01-17
1178,9564,Medication,210.0,2022-11-28
1179,9169,Radiation Therapy,6531.8,2023-10-30
1180,2916,Medication,395.46,2023-03-12
1181,2815,Physical Therapy,1286.14,2022-09-10
1182,9767,Radiation Therapy,2581.93,2023-05-28
1183,8645,Consultation,438.83,2023-06-22
1184,1395,Chemotherapy,3533.01,2023-03-27
1185,6891,Radiation Therapy,6970.77,2025-12-19
1186,8815,Laboratory Test,245.91,2023-11-13
1187,8252,Medication,166.57,2022-04-12
1188,6733,Chemotherapy,2627.16,2023-08-14
1189,7960,Chemotherapy,4492.94,2024-08-16
1190,4806,Chemotherapy,8319.08,2024-06-09
1191,1997,Laboratory Test,348.19,2022-03-28
1192,8685,Medication,348.99,2022-06-11
1193,4954,Consultation,124.49,2022-08-09
1194,3400,Radiation Therapy,4460.54,2022-01-07
1195,4945,Laboratory Test,666.68,2024-03-31
1196,771,Surgery,3807.82,2024-09-01
1197,7438,Laboratory Test,347.78,2025-04-02
1198,617,Diagnostic Imaging,420.35,2025-06-19
1199,6391,Diagnostic Imaging,311.77,2022-10-19
1200,670,Laboratory Test,620.82,2024-06-20
1201,7136,Diagnostic Imaging,1174.63,2022-08-07
1202,5865,Laboratory Test,644.51,2025-02-06
1203,5341,Diagnostic Imaging,85.29,2024-06-04
1204,7199,Chemotherapy,7888.5,2023-02-15
1205,3777,Diagnostic Imaging,944.8,2025-03-09
1206,8547,Rehabilitation,579.55,2022-10-18
1207,4223,Surgery,4890.24,2025-09-07
1208,1734,Consultation,148.39,2023-11-03
1209,9859,Physical Therapy,694.1,2022-12-12
1210,7865,Laboratory Test,465.5,2024-11-16
1211,797,Physical Therapy,323.1,2023-12-26
1212,7533,Consultation,423.14,2023-06-03
1213,8826,Diagnostic Imaging,366.84,2024-10-06
1214,8643,Rehabilitation,1163.59,2024-09-01
1215,8682,Chemotherapy,1543.78,2023-05-06
1216,7084,Physical Therapy,878.27,2024-10-14
1217,9761,Medication,281.52,2024-07-03
1218,1743,Chemotherapy,2281.39,2022-08-25
1219,9900,Physical Therapy,714.48,2022-08-23
1220,3129,Surgery,3883.28,2025-09-22
1221,7902,Surgery,1877.28,2023-10-01
1222,2999,Consultation,137.32,2025-02-03
1223,9824,Chemotherapy,7454.45,2025-01-17
1224,9213,Radiation Therapy,3278.81,2025-02-04
1225,9838,Surgery,3179.81,2023-05-27
1226,9319,Medication,469.63,2023-06-16
1227,9475,Medication,389.05,2025-11-06
1228,3265,Surgery,5140.67,2025-08-24
1229,4398,Laboratory Test,360.58,2022-09-10
1230,1936,Consultation,429.67,2022-12-09
1231,3345,Physical Therapy,1002.17,2024-09-17
1232,5280,Consultation,417.33,2023-02-13
1233,2092,Medication,359.4,2025-12-30
1234,6858,Surgery,6408.77,2025-03-22
1235,9837,Laboratory Test,655.3,2023-08-17
1236,5024,Laboratory Test,430.52,2024-03-18
1237,7827,Radiation Therapy,6310.18,2025-01-09
1238,5836,Chemotherapy,7954.7,2022-09-30
1239,1404,Chemotherapy,2155.84,2024-09-17
1240,3328,Chemotherapy,8620.37,2023-03-05
1241,9864,Physical Therapy,257.88,2024-01-15
1242,3817,Medication,137.87,2022-08-17
1243,1938,Surgery,12202.46,2024-05-31
1244,6048,Rehabilitation,1980.26,2022-11-12
1245,6971,Surgery,13452.59,2022-01-02
1246,6892,Chemotherapy,9207.77,2022-03-30
1247,1774,Medication,181.24,2025-11-17
1248,8687,Radiation Therapy,6753.2,2022-12-14
1249,3904,Laboratory Test,363.36,2023-01-31
1250,1020,Physical Therapy,365.61,2022-11-05
1251,3442,Medication,276.87,2022-01-04
1252,2159,Rehabilitation,441.92,2025-08-14
1253,8902,Chemotherapy,4575.08,2025-05-17
1254,6187,Radiation Therapy,4486.76,2024-09-16
1255,2493,Consultation,79.49,2022-02-01
1256,8460,Medication,111.63,2026-01-30
1257,5363,Diagnostic Imaging,1037.33,2023-03-25
1258,231,Radiation Therapy,4295.26,2022-12-28
1259,3017,Physical Therapy,556.39,2023-09-25
1260,8063,Chemotherapy,9651.12,2024-02-07
1261,1452,Rehabilitation,1966.76,2025-03-26
1262,3823,Surgery,3558.63,2024-08-31
1263,744,Surgery,8446.84,2023-09-01
1264,394,Rehabilitation,533.02,2025-10-06
1265,9449,Consultation,113.58,2023-07-24
1266,7608,Physical Therapy,568.81,2025-08-17
1267,6695,Radiation Therapy,5264.91,2024-11-01
1268,4372,Radiation Therapy,2374.95,2024-01-24
1269,1269,Consultation,468.1,2025-07-07
1270,4032,Rehabilitation,2177.04,2025-04-07
1271,5751,Rehabilitation,2394.93,2024-11-03
1272,3709,Consultation,288.71,2022-12-27
1273,6246,Consultation,124.3,2025-09-06
1274,3473,Surgery,5984.64,2024-02-05
1275,1844,Rehabilitation,270.7,2024-05-04
1276,2583,Surgery,3958.84,2024-01-08
1277,25,Physical Therapy,878.69,2023-09-03
1278,4270,Medication,150.89,2025-07-11
1279,5015,Physical Therapy,725.75,2025-12-29
1280,7852,Physical Therapy,1392.37,2024-05-14
1281,3610,Surgery,3558.34,2023-08-04
1282,8767,Chemotherapy,8586.66,2025-09-29
1283,4530,Physical Therapy,875.28,2025-01-21
1284,82,Physical Therapy,839.51,2022-10-29
1285,6100,Laboratory Test,420.29,2022-06-08
1286,111,Physical Therapy,1179.48,2023-11-27
1287,3372,Physical Therapy,195.0,2025-09-19
1288,2332,Rehabilitation,1600.35,2024-10-14
1289,130,Laboratory Test,675.01,2022-11-19
1290,4215,Physical Therapy,446.38,2024-09-09
1291,915,Rehabilitation,950.95,2022-03-20
1292,4077,Diagnostic Imaging,296.31,2024-03-19
1293,905,Laboratory Test,499.52,2025-03-08
1294,3909,Diagnostic Imaging,1111.1,2024-04-02
1295,3251,Medication,328.71,2025-03-13
1296,3765,Consultation,481.67,2023-11-27
1297,6210,Chemotherapy,6209.99,2024-12-01
1298,2584,Medication,218.99,2025-08-06
1299,961,Radiation Therapy,3021.25,2025-05-09
1300,6851,Diagnostic Imaging,133.55,2024-04-27
1301,6777,Radiation Therapy,2708.29,2024-06-09
1302,4595,Rehabilitation,1906.68,2025-12-30
1303,4817,Diagnostic Imaging,323.49,2026-01-26
1304,8891,Rehabilitation,2104.26,2022-09-29
1305,3982,Surgery,10847.29,2022-12-26
1306,7657,Physical Therapy,964.25,2024-01-13
1307,5546,Laboratory Test,311.91,2024-12-13
1308,1617,Radiation Therapy,2135.92,2023-03-08
1309,8268,Laboratory Test,390.96,2023-08-13
1310,8119,Rehabilitation,765.0,2023-03-05
1311,7193,Surgery,14343.51,2023-04-16
1312,8355,Rehabilitation,336.43,2023-10-06
1313,2622,Surgery,10723.84,2025-12-16
1314,6500,Chemotherapy,3585.65,2022-04-27
1315,4082,Laboratory Test,211.86,2022-05-21
1316,2223,Diagnostic Imaging,644.04,2025-09-26
1317,3239,Radiation Therapy,2493.06,2022-11-26
1318,530,Medication,55.96,2025-04-29
1319,6781,Surgery,4840.25,2025-07-01
1320,1055,Diagnostic Imaging,980.22,2025-04-14
1321,1524,Diagnostic Imaging,820.2,2024-05-06
1322,9571,Chemotherapy,3722.5,2022-11-15
1323,4380,Diagnostic Imaging,285.03,2024-07-31
1324,9888,Consultation,391.76,2024-09-17
1325,2267,Chemotherapy,4648.36,2022-03-05
1326,1020,Laboratory Test,359.37,2024-01-07
1327,3744,Diagnostic Imaging,219.57,2022-09-11
1328,7950,Physical Therapy,1337.13,2022-04-07
1329,3715,Rehabilitation,1562.25,2023-07-03
1330,4912,Consultation,188.99,2022-02-26
1331,5146,Laboratory Test,575.97,2023-07-08
1332,2339,Surgery,11704.61,2022-09-18
1333,8,Radiation Therapy,4828.18,2024-07-13
1334,7592,Diagnostic Imaging,1095.74,2024-01-03
1335,9264,Surgery,12525.12,2022-04-15
1336,3893,Physical Therapy,844.42,2025-04-15
1337,3013,Chemotherapy,9969.66,2025-06-22
1338,41,Laboratory Test,172.08,2022-10-03
1339,8244,Medication,204.36,2023-03-11
1340,8795,Diagnostic Imaging,1180.97,2023-09-26
1341,9903,Rehabilitation,1416.12,2025-03-21
1342,1456,Consultation,87.45,2024-04-09
1343,1588,Chemotherapy,8288.95,2022-11-12
1344,5466,Laboratory Test,224.05,2022-11-22
1345,8814,Medication,278.12,2025-12-09
1346,3686,Radiation Therapy,3875.81,2023-08-27
1347,8986,Chemotherapy,2775.51,2024-12-08
1348,352,Diagnostic Imaging,920.32,2025-07-20
1349,4196,Surgery,10564.17,2022-07-03
1350,2684,Chemotherapy,4036.39,2024-12-16
1351,3441,Medication,229.12,2022-05-06
1352,3496,Surgery,2396.11,2024-12-04
1353,577,Surgery,6184.34,2024-11-13
1354,999999,Diagnostic Imaging,441.22,2025-07-21
1355,8657,Medication,350.47,2024-10-19
1356,5090,Physical Therapy,635.34,2024-07-07
1357,4407,Physical Therapy,346.8,2024-01-20
1358,4246,Medication,172.39,2022-07-18
1359,3653,Rehabilitation,1540.55,2026-01-28
1360,2506,Surgery,11107.39,2022-01-01
1361,9426,Physical Therapy,1005.89,2025-02-22
1362,4345,Physical Therapy,1184.37,2025-12-30
1363,5426,Physical Therapy,538.2,2025-09-01
1364,4541,Rehabilitation,547.96,2024-11-24
1365,9896,Consultation,228.87,2026-01-22
1366,5610,Rehabilitation,829.85,2023-12-05
1367,2769,Rehabilitation,702.46,2022-06-02
1368,6730,Chemotherapy,2078.8,2023-01-15
1369,8078,Rehabilitation,2305.3,2022-09-30
1370,4815,Consultation,199.25,2025-11-14
1371,4299,Rehabilitation,2310.13,2023-04-28
1372,3354,Rehabilitation,1003.87,2024-03-29
1373,4,Radiation Therapy,7200.18,2023-12-25
1374,1812,Laboratory Test,35.42,2023-11-08
1375,3079,Diagnostic Imaging,979.2,2026-01-20
1376,1708,Medication,435.46,2022-01-02
1377,3763,Laboratory Test,340.88,2025-12-26
1378,6606,Radiation Therapy,2630.14,2024-08-20
1379,5556,Diagnostic Imaging,284.5,2022-01-07
1380,3110,Medication,442.71,2024-08-23
1381,5090,Physical Therapy,902.54,2025-03-14
1382,4126,Chemotherapy,9071.87,2022-09-01
1383,6604,Rehabilitation,2429.98,2023-04-28
1384,1273,Surgery,6897.92,2024-10-24
1385,6574,Physical Therapy,286.97,2022-12-08
1386,4754,Physical Therapy,402.63,2025-05-06
1387,9854,Rehabilitation,1917.31,2025-13-01
1388,6783,Medication,224.71,2024-05-15
1389,2618,Medication,202.8,2023-02-27
1390,7784,Radiation Therapy,2150.1,2025-03-29
1391,2003,Radiation Therapy,4488.31,2022-11-13
1392,6283,Rehabilitation,1130.07,2022-10-28
1393,153,Radiation Therapy,7682.21,2024-09-05
1394,3816,Surgery,3958.85,2025-06-05
1395,1329,Chemotherapy,9152.43,2024-08-11
1396,3658,Chemotherapy,5308.22,2022-07-04
1397,7211,Diagnostic Imaging,847.98,2022-10-11
1398,3401,Medication,323.64,2023-10-28
1399,3636,Radiation Therapy,7748.0,2025-07-11
1400,3086,Consultation,187.69,2024-05-04
1401,6606,Rehabilitation,721.04,2025-11-01
1402,548,Diagnostic Imaging,951.05,2025-02-06
1403,4320,Physical Therapy,1033.71,2023-12-25
1404,3269,Rehabilitation,804.5,2023-06-01
1405,4022,Diagnostic Imaging,321.9,2025-11-05
1406,6562,Surgery,3579.08,2024-01-23
1407,8576,Radiation Therapy,5471.67,2024-01-27
1408,5466,Chemotherapy,3322.51,2022-12-28
1409,2112,Medication,494.34,2024-08-03
1410,3937,Medication,238.12,2024-12-21
1411,6648,Surgery,14516.42,2022-03-14
1412,5838,Diagnostic Imaging,326.09,2024-11-06
1413,7330,Laboratory Test,360.93,2024-08-05
1414,3061,Chemotherapy,8847.13,2022-06-18
1415,2908,Chemotherapy,6793.28,2023-12-29
1416,5098,Radiation Therapy,7591.1,2025-04-18
1417,4758,Radiation Therapy,5863.87,2022-08-08
1418,5045,Surgery,2573.62,2023-09-24
1419,6994,Radiation Therapy,7435.52,2024-06-06
1420,5791,Laboratory Test,278.38,2025-06-13
1421,4885,Medication,236.62,2024-08-11
1422,8728,Medication,213.62,2025-04-22
1423,4204,Medication,262.61,2023-02-27
1424,2760,Surgery,13816.27,2023-12-29
1425,5397,Surgery,14085.66,2025-01-09
1426,529,Medication,427.53,2022-07-14
1427,6823,Consultation,118.41,2024-07-26
1428,3768,Laboratory Test,278.52,2025-03-17
1429,9468,Radiation Therapy,1418.8,2024-03-25
1430,1739,Rehabilitation,1499.54,2024-02-28
1431,618,Physical Therapy,1061.42,2024-04-27
1432,2472,Surgery,7825.51,2024-01-31
1433,5432,Radiation Therapy,3057.9,2022-09-15
1434,1803,Laboratory Test,276.65,2024-08-07
1435,7840,Rehabilitation,245.91,2022-10-24
1436,1182,Rehabilitation,1045.3,2025-03-13
1437,5748,Laboratory Test,438.56,2022-06-07
1438,3156,Rehabilitation,895.24,2022-11-21
1439,7205,Surgery,7853.01,2022-04-11
1440,4074,Medication,453.43,2024-10-18
1441,7478,Consultation,355.39,2023-08-13
1442,6850,Laboratory Test,560.03,2022-08-26
1443,8501,Surgery,2987.01,2024-07-29
1444,5152,Laboratory Test,502.42,2025-04-24
1445,8531,Rehabilitation,1330.4,2025-11-17
1446,6449,Diagnostic Imaging,302.16,2025-06-05
1447,4202,Chemotherapy,,2024-09-11
1448,6477,Medication,439.26,2022-05-20
1449,1920,Diagnostic Imaging,655.58,2022-03-08
1450,8956,Surgery,6944.36,2022-04-12
1451,9660,Radiation Therapy,4411.89,2025-02-08
1452,4439,Rehabilitation,1762.81,2025-05-28
1453,9003,Physical Therapy,1154.46,2023-03-25
1454,341,Radiation Therapy,2179.13,2024-03-07
1455,7741,Radiation Therapy,6258.57,2023-08-10
1456,5688,Diagnostic Imaging,935.95,2024-06-09
1457,9937,Surgery,4939.64,2024-07-15
1458,6759,Surgery,4945.56,2024-02-12
1459,9947,Rehabilitation,1838.92,2025-04-17
1460,3408,Surgery,6361.92,2022-06-07
1461,2358,Radiation Therapy,7774.73,2026-01-08
1462,8756,Chemotherapy,2753.09,2025-11-05
1463,8776,Surgery,11193.71,2025-08-21
1464,7555,Rehabilitation,1000.29,2023-04-28
1465,8840,Radiation Therapy,4090.12,2024-02-16
1466,3589,Rehabilitation,507.96,2024-11-26
1467,3519,Radiation Therapy,1854.15,2022-10-30
1468,4765,Diagnostic Imaging,107.19,2025-05-20
1469,4223,Radiation Therapy,5306.74,2022-05-22
1470,2757,Medication,98.35,2022-09-06
1471,9176,Laboratory Test,458.87,2023-06-20
1472,5601,Consultation,417.91,2022-04-01
1473,7717,Chemotherapy,4538.32,2023-03-02
1474,6049,Medication,363.0,2022-11-23
1475,2614,Rehabilitation,502.67,2025-01-12
1476,2786,Laboratory Test,225.14,2024-10-21
1477,5574,Consultation,363.65,2022-02-15
1478,8916,Rehabilitation,1314.21,2023-07-18
1479,8935,Medication,260.09,2022-06-12
1480,308,Chemotherapy,3051.94,2025-01-26
1481,5303,Surgery,14988.6,2023-06-07
1482,1853,Diagnostic Imaging,1068.3,2025-01-27
1483,989,Consultation,321.76,2022-07-05
1484,1709,Consultation,363.11,2025-02-08
1485,6214,Laboratory Test,583.3,2023-08-14
1486,4415,Physical Therapy,933.67,2024-04-30
1487,8141,Rehabilitation,1598.3,2024-07-05
1488,6991,Consultation,87.2,2022-09-09
1489,3303,Rehabilitation,329.32,2025-09-08
1490,8581,Surgery,13649.94,2022-02-12
1491,3594,Consultation,236.49,2022-10-14
1492,7854,Consultation,401.29,2023-09-21
1493,352,Radiation Therapy,2331.33,2023-02-24
1494,4570,,9380.8,2022-09-01
1495,9198,Radiation Therapy,4785.65,2024-03-29
1496,6942,Surgery,8804.57,2022-10-28
1497,9847,Diagnostic Imaging,292.48,2025-11-29
1498,8701,Surgery,3340.14,2025-07-27
1499,109,Physical Therapy,1496.22,2023-01-31
1500,9599,Diagnostic Imaging,685.65,2022-10-18
1501,1814,Surgery,8954.21,2023-06-19
1502,8835,Diagnostic Imaging,418.95,2023-09-20
1503,5910,Rehabilitation,868.21,2022-02-20
1504,812,Rehabilitation,1803.23,2025-05-19
1505,5320,Surgery,6170.86,2023-02-19
1506,4162,Chemotherapy,1723.3,2026-01-22
1507,9305,Laboratory Test,229.22,2022-06-01
1508,7799,Medication,179.23,2023-09-29
1509,270,Consultation,195.55,2023-03-08
1510,6997,Diagnostic Imaging,285.35,2022-11-20
1511,3898,Radiation Therapy,3888.22,2024-06-02
1512,1222,Surgery,1182.43,2023-12-12
1513,396,Chemotherapy,4761.89,2024-09-13
1514,4582,Surgery,13499.97,2024-09-05
1515,3001,Diagnostic Imaging,136.69,2022-10-25
1516,4993,Radiation Therapy,5214.64,2024-10-17
1517,1297,Diagnostic Imaging,718.53,2024-11-07
1518,142,Radiation Therapy,1734.93,2024-03-01
1519,2416,Medication,114.92,2026-01-05
1520,2041,Laboratory Test,439.33,2024-08-25
1521,4932,Surgery,5149.43,2022-03-13
1522,2097,Chemotherapy,7602.11,2025-04-18
1523,1462,Diagnostic Imaging,730.43,2025-12-25
1524,5389,Medication,220.48,2023-08-26
1525,2798,Diagnostic Imaging,1138.05,2024-04-28
1526,4856,Consultation,440.13,2025-04-03
1527,2391,Physical Therapy,256.03,2023-10-26
1528,3204,Chemotherapy,3359.76,2024-10-15
1529,9779,Chemotherapy,5198.03,2025-09-13
1530,292,Physical Therapy,112.34,2023-10-12
1531,4528,Rehabilitation,1128.38,2025-10-05
1532,9362,Surgery,10507.58,2026-01-15
1533,6649,Rehabilitation,2114.88,2022-12-25
1534,8702,Chemotherapy,3352.36,2025-11-27
1535,2986,Surgery,5568.54,2024-02-02
1536,8298,Surgery,1641.29,2025-03-07
1537,5087,Diagnostic Imaging,599.7,2024-01-09
1538,286,Chemotherapy,5551.12,2022-04-19
1539,188,Medication,430.83,2023-03-20
1540,9547,Chemotherapy,6409.11,2025-01-05
1541,5178,Consultation,346.28,2025-01-01
1542,1460,Surgery,2004.76,2022-01-08
1543,9591,Physical Therapy,997.86,2022-12-07
1544,7586,Laboratory Test,349.63,2023-06-18
1545,2895,Laboratory Test,212.77,2023-08-25
1546,5440,Rehabilitation,679.77,2022-02-18
1547,1053,Diagnostic Imaging,158.54,2025-01-27
1548,9087,Consultation,470.48,2022-12-17
1549,7824,Consultation,110.29,2022-01-17
1550,9717,Laboratory Test,59.46,2023-05-11
1551,1254,Consultation,285.8,2025-01-12
1552,9828,Medication,218.4,2022-12-13
1553,6587,Rehabilitation,1926.18,2024-05-19
1554,3566,Physical Therapy,732.68,2022-11-06
1555,7975,Rehabilitation,797.02,2022-03-26
1556,9833,Chemotherapy,4762.75,2023-05-27
1557,2987,Surgery,14829.17,2023-02-27
1558,6916,Surgery,11555.25,2023-08-05
1559,1437,Medication,329.35,2022-04-01
1560,3889,Physical Therapy,802.05,2024-04-07
1561,9945,Consultation,95.31,2022-07-02
1562,3357,Physical Therapy,274.87,2025-01-22
1563,4825,Diagnostic Imaging,82.56,2022-12-10
1564,1822,Physical Therapy,839.57,2025-09-30
1565,7362,Chemotherapy,2558.63,2025-09-23
1566,1092,Chemotherapy,2524.48,2024-01-13
1567,8821,Consultation,396.93,2025-09-29
1568,1180,Radiation Therapy,7157.74,2023-08-20
1569,2617,Physical Therapy,789.77,2023-06-11
1570,3253,Laboratory Test,407.71,2023-04-07
1571,8771,Rehabilitation,539.93,2022-06-14
1572,7761,Surgery,4956.04,2023-09-26
1573,2196,Surgery,1448.92,2025-11-09
1574,6212,Diagnostic Imaging,1170.91,2024-12-18
1575,6506,Physical Therapy,977.22,2024-08-14
1576,1222,Rehabilitation,1284.63,2024-03-07
1577,4259,Chemotherapy,9191.62,2023-10-16
1578,7420,Chemotherapy,3722.67,2025-01-15
1579,9419,Physical Therapy,707.54,2022-02-06
1580,8477,Rehabilitation,555.92,2023-04-26
1581,5070,Laboratory Test,149.86,2024-10-01
1582,9837,Chemotherapy,4887.58,2024-05-27
1583,9671,Surgery,7220.08,2023-07-23
1584,1525,Diagnostic Imaging,1030.08,2023-08-02
1585,8556,Chemotherapy,9004.77,2024-06-26
1586,4534,Chemotherapy,5419.08,2024-09-29
1587,3695,Diagnostic Imaging,1079.07,2023-08-12
1588,4938,Chemotherapy,2442.04,2024-05-03
1589,9139,Surgery,6743.37,2025-02-02
1590,8463,Radiation Therapy,4246.88,2024-01-25
1591,6963,Surgery,9649.91,2024-07-31
1592,7310,Laboratory Test,102.59,2025-11-23
1593,6821,Rehabilitation,1670.85,2022-06-27
1594,3238,Physical Therapy,350.6,2023-02-08
1595,612,Surgery,6435.93,2025-02-05
1596,9388,Rehabilitation,590.78,2023-02-06
1597,5492,Medication,398.87,2022-07-28
1598,3229,Consultation,335.61,2022-09-22
1599,2211,Diagnostic Imaging,743.89,2022-12-30
1600,7985,Medication,76.63,2022-08-01
1601,3516,Physical Therapy,1109.07,2024-08-17
1602,6892,Laboratory Test,642.09,2022-01-28
1603,5482,Surgery,1789.71,2022-11-25
1604,1086,Rehabilitation,2139.76,2025-03-17
1605,8879,Diagnostic Imaging,,2024-10-27
1606,1082,Radiation Therapy,1281.42,2024-01-30
1607,5725,Rehabilitation,602.73,2022-11-23
1608,5454,Radiation Therapy,7608.2,2022-01-15
1609,678,Consultation,365.41,2022-06-07
1610,2557,Physical Therapy,483.38,2022-06-23
1611,4150,Diagnostic Imaging,394.39,2022-08-16
1612,7027,Surgery,6873.48,2024-09-01
1613,2704,Rehabilitation,2059.04,2024-11-23
1614,5958,Radiation Therapy,7200.53,2024-02-19
1615,3222,Radiation Therapy,6442.68,2025-07-17
1616,1157,Radiation Therapy,3119.15,2023-02-17
1617,7840,Radiation Therapy,3104.14,2022-05-14
1618,464,Surgery,2153.5,2023-10-07
1619,5636,Surgery,11809.47,2023-11-08
1620,1929,Radiation Therapy,2823.37,2024-05-13
1621,3681,Radiation Therapy,6157.26,2024-12-07
1622,4728,Physical Therapy,1495.03,2025-11-20
1623,5683,Medication,130.67,2023-03-29
1624,8030,Medication,438.2,2025-09-15
1625,309,Chemotherapy,9475.37,2022-04-10
1626,3577,Chemotherapy,8876.11,2022-10-05
1627,225,Medication,435.27,2022-02-09
1628,9475,Diagnostic Imaging,188.87,2024-03-24
1629,2728,Radiation Therapy,6611.24,2022-11-27
1630,7723,Laboratory Test,584.65,2025-12-14
1631,6432,Chemotherapy,3078.13,2024-11-14
1632,1258,Physical Therapy,1252.28,2024-05-14
1633,4432,Laboratory Test,694.7,2024-03-12
1634,9390,Radiation Therapy,4312.92,2025-05-07
1635,2580,Diagnostic Imaging,200.25,2025-01-11
1636,2228,Rehabilitation,1366.7,2022-04-10
1637,9905,Consultation,174.94,2025-11-03
1638,1773,Consultation,67.37,2024-06-09
1639,5774,Physical Therapy,502.27,2024-08-05
1640,8300,Medication,190.22,2025-09-06
1641,9505,Radiation Therapy,1062.99,2024-10-17
1642,8906,Chemotherapy,2710.92,2022-05-21
1643,3868,Consultation,434.56,2026-01-01
1644,3492,Surgery,2619.58,2025-10-14
1645,8268,Radiation Therapy,1239.98,2022-06-22
1646,7364,Chemotherapy,6712.37,2025-07-02
1647,7655,Surgery,12866.44,2025-01-11
1648,7910,Radiation Therapy,7070.58,2025-02-26
1649,2074,Physical Therapy,1255.0,2022-05-27
1650,6710,Rehabilitation,2291.02,2023-03-01
1651,2188,Rehabilitation,598.26,2023-06-03
1652,3084,Laboratory Test,427.63,2023-11-05
1653,696,Surgery,3867.1,2024-04-04
1654,2903,Rehabilitation,611.22,2023-09-14
1655,9564,Diagnostic Imaging,1161.6,2024-12-12
1656,4198,Laboratory Test,144.91,2024-12-24
1657,8064,Diagnostic Imaging,700.9,2022-09-04
1658,2868,Chemotherapy,6028.06,2023-03-13
1659,6798,Medication,141.12,2025-03-15
1660,7434,Diagnostic Imaging,1050.69,2025-09-09
1661,5260,Diagnostic Imaging,1080.94,2024-05-09
1662,4556,Medication,286.64,2024-10-04
1663,2666,Consultation,423.38,2026-01-12
1664,7336,Surgery,1496.28,2025-03-19
1665,921,Diagnostic Imaging,437.16,2023-01-06
1666,5454,Laboratory Test,126.54,2025-04-09
1667,1469,Consultation,162.03,2024-11-05
1668,1455,Medication,362.43,2024-09-01
1669,3952,Surgery,6943.96,2022-12-12
1670,7150,Laboratory Test,107.21,2022-11-03
1671,2040,Radiation Therapy,6153.14,2025-09-06
1672,3168,Laboratory Test,124.65,2024-06-21
1673,6144,Radiation Therapy,6500.33,2024-05-21
1674,2699,Consultation,426.29,2025-12-12
1675,1324,Physical Therapy,1023.08,2023-08-15
1676,6876,Physical Therapy,640.74,2024-01-28
1677,2746,Diagnostic Imaging,1081.09,2022-06-28
1678,8340,Consultation,338.6,2025-02-10
1679,794,Rehabilitation,901.4,2024-12-12
1680,1127,Radiation Therapy,6492.88,2022-04-03
1681,5672,Laboratory Test,78.83,2024-03-13
1682,250,Rehabilitation,1697.22,2022-08-15
1683,475,Medication,308.22,2022-10-03
1684,7359,Medication,378.18,2024-11-02
1685,2575,Diagnostic Imaging,389.64,2024-09-03
1686,4834,Surgery,2189.58,2025-01-13
1687,1784,Rehabilitation,2309.66,2023-11-10
1688,8897,Diagnostic Imaging,668.04,2022-06-21
1689,3869,Diagnostic Imaging,924.99,2024-04-17
1690,5540,Diagnostic Imaging,311.95,2025-03-27
1691,8712,Physical Therapy,1160.01,2022-02-11
1692,8650,Consultation,130.07,2024-02-30
1693,7441,Chemotherapy,4626.73,2022-12-03
1694,3985,Physical Therapy,639.44,2023-09-19
1695,431,Consultation,170.67,2023-10-04
1696,5157,Rehabilitation,1304.5,2024-01-22
1697,1833,Consultation,317.43,2022-01-11
1698,1461,Laboratory Test,185.36,2023-04-14
1699,3212,Diagnostic Imaging,107.23,2023-06-21
1700,9156,Laboratory Test,116.6,2022-11-21
1701,4643,Rehabilitation,484.97,2025-05-18
1702,7297,Chemotherapy,1698.35,2022-05-25
1703,1973,Laboratory Test,264.11,2023-07-20
1704,1688,Laboratory Test,439.8,2025-01-31
1705,7531,Physical Therapy,523.82,2023-02-16
1706,7561,Physical Therapy,549.0,2023-04-21
1707,9996,Diagnostic Imaging,659.39,2022-02-20
1708,5530,Chemotherapy,7173.9,2025-12-19
1709,5819,Diagnostic Imaging,550.25,2025-03-01
1710,5590,Physical Therapy,658.25,2025-09-14
1711,2021,Laboratory Test,416.04,2022-06-03
1712,3977,Diagnostic Imaging,168.45,2022-11-17
1713,4680,Chemotherapy,1588.3,2024-02-24
1714,9026,Radiation Therapy,6894.1,2024-04-10
1715,8433,Medication,105.33,2022-06-08
1716,2569,Radiation Therapy,4383.97,2024-10-02
1717,1246,Medication,465.54,2024-09-14
1718,5684,Consultation,79.79,2024-03-20
1719,5553,Medication,243.53,2025-03-19
1720,331,Physical Therapy,114.2,2025-12-21
1721,4102,Medication,366.15,2022-05-11
1722,6448,Surgery,2923.02,2025-12-16
1723,8119,Rehabilitation,1788.66,2026-01-04
1724,1993,Diagnostic Imaging,181.34,2024-07-10
1725,3074,Laboratory Test,51.3,2022-12-17
1726,1946,Physical Therapy,1343.95,2024-09-16
1727,5750,Rehabilitation,2312.9,2023-01-04
1728,69,Rehabilitation,1579.62,2023-11-08
1729,1478,Radiation Therapy,6854.5,2025-07-11
1730,2455,Medication,274.83,2022-07-09
1731,8711,Laboratory Test,63.23,2025-06-14
1732,6357,Consultation,126.32,2025-02-14
1733,9011,Radiation Therapy,3896.8,2024-06-06
1734,9683,Surgery,12474.31,2023-09-09
1735,5196,Consultation,392.82,2025-05-19
1736,749,Medication,421.31,2024-07-27
1737,218,Laboratory Test,590.51,2023-05-28
1738,444,Consultation,183.05,2026-01-07
1739,8297,Diagnostic Imaging,524.54,2023-08-16
1740,8576,Medication,289.26,2024-11-17
1741,4892,Radiation Therapy,7986.96,2024-11-27
1742,4054,Physical Therapy,961.82,2023-08-25
1743,4593,Radiation Therapy,3871.37,2022-07-02
1744,2372,Diagnostic Imaging,143.66,2022-06-09
1745,1601,Radiation Therapy,1949.66,2022-01-16
1746,7154,Radiation Therapy,4215.32,2023-12-10
1747,718,Chemotherapy,8104.43,2024-05-20
1748,3089,Physical Therapy,292.3,2024-03-09
1749,180,Chemotherapy,9352.66,2023-02-02
1750,1278,Laboratory Test,669.26,2025-08-13
1751,4340,Chemotherapy,8143.34,2023-12-07
1752,115,Physical Therapy,1155.72,2024-12-14
1753,330,Diagnostic Imaging,723.21,2025-11-05
1754,2710,Laboratory Test,652.34,2024-10-30
1755,6633,Laboratory Test,697.67,2025-09-15
1756,7290,Surgery,4576.26,2023-12-17
1757,763,Medication,475.85,2023-05-06
1758,4925,Surgery,7931.38,2024-07-27
1759,9577,Chemotherapy,3636.52,2022-01-23
1760,3273,Rehabilitation,2464.4,2024-03-27
1761,7871,Diagnostic Imaging,667.25,2022-04-01
1762,487,Laboratory Test,267.0,2024-09-15
1763,9860,Medication,161.97,2024-09-10
1764,1133,Surgery,14461.9,2025-04-05
1765,2764,Medication,439.03,2025-08-09
1766,1986,Surgery,7388.83,2023-04-18
1767,9484,Consultation,328.65,2024-12-30
1768,5913,Rehabilitation,747.68,2023-08-31
1769,7267,Diagnostic Imaging,769.23,2025-04-20
1770,6710,Radiation Therapy,1963.85,2023-06-02
1771,7570,Laboratory Test,337.54,2025-06-09
1772,5281,Laboratory Test,158.0,2025-01-15
1773,6816,Consultation,317.2,2022-09-25
1774,6351,Diagnostic Imaging,562.6,2022-10-12
1775,9619,Surgery,2009.74,2025-03-11
1776,2903,Laboratory Test,595.17,2023-10-26
1777,9307,Laboratory Test,525.74,2025-10-09
1778,1721,Surgery,12480.62,2024-03-01
1779,4888,Physical Therapy,356.07,2025-04-10
1780,8952,Consultation,458.23,2024-01-23
1781,5422,Radiation Therapy,5007.07,2024-01-04
1782,5049,Diagnostic Imaging,754.38,2022-08-26
1783,3051,Rehabilitation,1105.29,2025-08-11
1784,1043,Medication,398.64,2023-01-19
1785,2584,Radiation Therapy,2570.74,2023-09-18
1786,4403,Diagnostic Imaging,352.09,2022-10-27
1787,14,Physical Therapy,1387.12,2023-04-26
1788,7716,Rehabilitation,1447.16,2024-09-15
1789,5737,Chemotherapy,3002.9,2022-09-30
1790,5307,Physical Therapy,127.44,2023-06-02
1791,7825,Consultation,137.82,2023-04-23
1792,5705,Consultation,149.69,2023-06-02
1793,5985,Physical Therapy,183.19,2022-04-18
1794,6293,Medication,386.74,2023-04-29
1795,136,Consultation,484.25,2025-11-02
1796,1651,Surgery,4397.37,2025-09-16
1797,5801,Diagnostic Imaging,181.3,2023-10-11
1798,7573,Rehabilitation,1239.7,2023-01-03
1799,1150,Physical Therapy,625.7,2025-10-22
1800,5462,Consultation,406.02,2024-09-17
1801,2643,Diagnostic Imaging,536.67,2025-07-03
1802,7684,Chemotherapy,3921.82,2023-10-11
1803,5809,Chemotherapy,5499.57,2025-05-18
1804,3644,Medication,394.83,2022-09-08
1805,4664,Chemotherapy,5715.77,2022-12-07
1806,9603,Radiation Therapy,5121.06,2022-09-27
1807,5909,Chemotherapy,5936.66,2025-02-16
1808,2411,Surgery,7749.02,2024-04-07
1809,6014,Surgery,3062.9,2022-09-03
1810,662,Radiation Therapy,3139.16,2023-03-09
1811,2191,Medication,124.78,2025-12-10
1812,1460,Rehabilitation,622.37,2024-07-31
1813,363,Surgery,9698.56,2024-07-13
1814,4308,Medication,449.14,2022-11-14
1815,3853,Chemotherapy,9518.17,2025-05-06
1816,3690,Radiation Therapy,6270.32,2022-07-31
1817,6622,Chemotherapy,9993.45,2024-03-29
1818,5945,Laboratory Test,653.1,2025-04-01
1819,7969,Laboratory Test,,2022-12-09
1820,6451,Diagnostic Imaging,,2025-01-12
1821,5281,Rehabilitation,1331.75,2023-03-10
1822,6208,Laboratory Test,254.11,2026-01-24
1823,2970,Medication,465.67,2022-01-12
1824,3524,Physical Therapy,217.33,2024-06-12
1825,3286,Physical Therapy,919.55,2022-10-19
1826,5445,Laboratory Test,85.82,2025-09-26
1827,6933,Laboratory Test,414.88,2025-08-23
1828,802,Radiation Therapy,2609.96,2023-09-16
1829,5437,Rehabilitation,885.75,2022-10-05
1830,533,Surgery,13932.29,2025-05-03
1831,1117,Medication,305.05,2025-04-01
1832,1750,Laboratory Test,205.27,2023-07-08
1833,1828,Consultation,497.52,2025-09-30
1834,3358,Rehabilitation,287.13,2022-01-24
1835,9266,Radiation Therapy,5367.0,2022-04-26
1836,5787,Rehabilitation,1858.52,2023-01-21
1837,8317,Rehabilitation,783.55,2022-10-03
1838,4416,Rehabilitation,677.02,2024-06-01
1839,1874,Consultation,420.3,2024-09-19
1840,3971,Medication,278.74,2022-11-21
1841,1276,Chemotherapy,2380.03,2022-03-22
1842,3247,Surgery,8576.86,2023-09-09
1843,6495,Chemotherapy,5229.14,2025-07-10
1844,3118,Physical Therapy,1215.58,2022-12-28
1845,217,Medication,499.82,2023-09-08
1846,7026,Rehabilitation,640.24,2023-12-06
1847,7018,Surgery,3020.7,2022-07-28
1848,3175,Medication,326.62,2025-10-11
1849,3282,Chemotherapy,3403.19,2024-03-07
1850,2117,Rehabilitation,1632.87,2024-12-08
1851,1767,Rehabilitation,933.71,2023-06-09
1852,8218,Laboratory Test,166.62,2025-04-12
1853,3737,Laboratory Test,355.6,2025-11-20
1854,8717,Chemotherapy,3036.66,2025-12-20
1855,1710,Diagnostic Imaging,688.76,2025-11-05
1856,6766,Surgery,13838.93,2024-06-28
1857,9410,Rehabilitation,1475.8,2026-01-08
1858,8922,Radiation Therapy,4109.59,2025-06-11
1859,6062,Chemotherapy,9432.82,2025-08-29
1860,5182,Radiation Therapy,1408.64,2022-09-04
1861,8185,Diagnostic Imaging,477.13,2023-10-09
1862,4314,Surgery,3911.97,2025-01-07
1863,5609,Laboratory Test,622.17,2024-07-19
1864,7167,Laboratory Test,123.22,2024-04-30
1865,2654,Diagnostic Imaging,1087.38,2025-10-31
1866,1316,Chemotherapy,3534.44,2024-11-18
1867,1985,Rehabilitation,858.76,2022-12-11
1868,9252,Rehabilitation,2295.59,2023-01-09
1869,3335,Rehabilitation,1510.46,2024-08-26
1870,5494,Radiation Therapy,2947.83,2022-10-31
1871,2115,Diagnostic Imaging,527.6,2025-04-08
1872,628,Physical Therapy,1251.44,2023-02-09
1873,5141,Laboratory Test,510.38,2025-05-02
1874,5169,Rehabilitation,834.28,2023-03-08
1875,1994,Physical Therapy,956.53,2025-03-30
1876,2291,Medication,310.05,2025-12-11
1877,6811,Medication,318.45,2025-08-11
1878,9254,Consultation,157.17,2025-08-18
1879,7710,,102.18,2022-11-17
1880,1174,Radiation Therapy,4407.8,2023-08-15
1881,9513,Radiation Therapy,5761.02,2023-01-14
1882,4640,Diagnostic Imaging,671.08,2024-01-21
1883,5747,Diagnostic Imaging,985.98,2022-05-24
1884,4261,Surgery,11433.36,2022-08-14
1885,711,Physical Therapy,1348.04,2024-10-17
1886,8423,Physical Therapy,744.59,2022-10-05
1887,8584,Physical Therapy,1293.44,2024-01-12
1888,2889,Physical Therapy,1045.28,2022-06-15
1889,1219,Diagnostic Imaging,297.44,2022-03-28
1890,5390,Radiation Therapy,6165.94,2022-08-04
1891,1087,Radiation Therapy,7870.33,2022-08-14
1892,4228,Consultation,289.05,2022-03-10
1893,6481,Chemotherapy,8733.43,2025-10-04
1894,3137,Medication,455.09,2022-05-06
1895,8394,Consultation,397.84,2022-11-18
1896,4620,Medication,386.25,2024-12-24
1897,4652,Medication,484.12,2023-01-05
1898,3571,Diagnostic Imaging,1126.58,2025-01-10
1899,7071,Surgery,12052.05,2025-01-24
1900,6118,Rehabilitation,1245.43,2023-03-09
1901,8083,Radiation Therapy,7857.08,2024-09-25
1902,3548,Rehabilitation,1867.34,2025-09-09
1903,201,Laboratory Test,50.96,2025-12-29
1904,7990,Medication,433.62,2023-11-16
1905,6996,Physical Therapy,291.6,2023-02-25
1906,1656,Physical Therapy,158.64,2023-05-13
1907,7273,Diagnostic Imaging,802.68,2024-02-08
1908,1862,Surgery,7553.44,2024-05-18
1909,1334,Medication,499.73,2025-05-26
1910,1218,Rehabilitation,2436.74,2022-04-14
1911,3496,Medication,28.12,2023-09-01
1912,4291,Consultation,204.96,2025-07-30
1913,3024,Consultation,315.59,2023-04-15
1914,2474,Surgery,9952.61,2022-06-26
1915,9356,Radiation Therapy,2627.61,2025-02-08
1916,1027,Physical Therapy,1141.4,2025-06-05
1917,3148,Radiation Therapy,2533.46,2023-10-31
1918,8388,Consultation,402.38,2023-12-16
1919,4892,Surgery,1916.23,2023-10-16
1920,18,Medication,291.73,2025-07-08
1921,4463,Physical Therapy,1331.08,2022-05-18
1922,2074,Consultation,218.88,2023-05-20
1923,299,Physical Therapy,905.09,2025-09-08
1924,4352,Surgery,1388.7,2024-07-02
1925,502,Consultation,347.06,2024-07-28
1926,1396,Diagnostic Imaging,783.44,2022-04-26
1927,3361,Diagnostic Imaging,1005.65,2024-01-11
1928,5444,Physical Therapy,143.19,2024-07-19
1929,6722,Physical Therapy,452.14,2024-06-04
1930,5852,Rehabilitation,668.01,2025-08-17
1931,1635,Chemotherapy,5824.11,2024-07-31
1932,5563,Physical Therapy,1181.52,2022-09-08
1933,5437,Consultation,349.57,2023-08-20
1934,3749,Consultation,72.31,2022-06-10
1935,9589,Chemotherapy,5337.38,2023-04-01
1936,999,Diagnostic Imaging,631.95,2022-10-21
1937,4207,Radiation Therapy,2744.85,2022-06-21
1938,1714,Medication,70.62,2024-06-13
1939,2208,Physical Therapy,643.21,2023-02-22
1940,8637,Chemotherapy,2899.56,2022-04-07
1941,4774,Surgery,13197.68,2024-06-14
1942,1582,Diagnostic Imaging,248.36,2025-09-17
1943,9956,Diagnostic Imaging,832.39,2024-05-03
1944,2593,Medication,109.86,2023-04-15
1945,2473,Radiation Therapy,5058.63,2023-07-20
1946,4812,Surgery,11571.32,2023-11-29
1947,9850,Consultation,474.84,2025-09-20
1948,8967,Laboratory Test,106.65,2022-12-19
1949,395,Surgery,7914.18,2023-01-17
1950,257,Chemotherapy,4053.14,2024-03-28
1951,326,Chemotherapy,6629.03,2026-01-27
1952,6264,Consultation,61.42,2025-02-04
1953,7200,Chemotherapy,6677.89,2024-10-23
1954,7765,Diagnostic Imaging,587.62,2022-01-15
1955,1596,Surgery,7151.33,2022-01-29
1956,656,Medication,423.69,2022-07-13
1957,5353,Diagnostic Imaging,385.14,2022-08-14
1958,4335,Diagnostic Imaging,770.07,2025-11-05
1959,8958,Medication,309.1,2022-05-24
1960,6690,Chemotherapy,9604.24,2024-04-19
1961,137,Consultation,200.03,2022-09-10
1962,2942,Rehabilitation,845.98,2023-02-16
1963,1807,Physical Therapy,1429.79,2025-09-22
1964,5024,Diagnostic Imaging,384.38,2024-03-28
1965,9475,Medication,273.88,2024-12-25
1966,3010,Diagnostic Imaging,762.79,2022-07-28
1967,839,Medication,248.13,2023-02-20
1968,5013,Laboratory Test,587.26,2022-05-01
1969,1311,Radiation Therapy,3470.31,2023-11-24
1970,549,Laboratory Test,182.61,2023-05-31
1971,5817,Medication,204.17,2023-03-16
1972,671,Rehabilitation,1167.06,2022-03-02
1973,6334,Surgery,14637.82,2022-07-10
1974,964,Consultation,279.44,2022-02-11
1975,1714,Rehabilitation,1046.08,2025-01-01
1976,1490,Surgery,10641.47,2023-02-16
1977,240,Physical Therapy,894.94,2022-02-08
1978,1326,Consultation,220.27,2025-10-21
1979,4972,Medication,475.11,2022-11-30
1980,5675,Chemotherapy,2105.29,2023-06-30
1981,4142,Rehabilitation,327.87,2022-04-19
1982,8974,Rehabilitation,2285.94,2022-04-02
1983,9265,Consultation,177.19,2023-08-17
1984,1375,Consultation,101.42,2025-08-27
1985,2210,Diagnostic Imaging,678.04,2025-08-18
1986,8324,Radiation Therapy,2356.55,2023-11-03
1987,9005,Diagnostic Imaging,171.68,2022-01-19
1988,3556,Diagnostic Imaging,818.58,2025-02-22
1989,8600,Consultation,188.76,2025-10-18
1990,112,Medication,330.45,2024-02-27
1991,9409,Surgery,10334.81,2022-06-29
1992,8702,Medication,426.74,2024-11-02
1993,7655,Rehabilitation,1069.69,2022-12-14
1994,9025,Consultation,228.71,2022-03-16
1995,9000,Consultation,202.45,2023-08-05
1996,4932,Laboratory Test,121.49,2022-07-15
1997,9818,Radiation Therapy,5122.31,2025-05-28
1998,7387,Consultation,456.49,2022-09-10
1999,9649,Chemotherapy,8312.29,2023-02-01
2000,2650,Physical Therapy,1043.58,2023-03-29
2001,9716,Chemotherapy,3173.62,2023-07-16
2002,1820,Radiation Therapy,4190.31,2024-12-31
2003,8155,Surgery,9529.16,2024-03-27
2004,732,Rehabilitation,610.13,2025-10-16
2005,674,Physical Therapy,724.49,2024-04-24
2006,5241,Medication,194.66,2025-07-08
2007,1281,Surgery,8104.02,2023-07-08
2008,5850,Medication,266.54,2025-03-12
2009,4482,Radiation Therapy,7405.19,2024-07-31
2010,7862,Radiation Therapy,1499.24,2025-12-13
2011,7688,Medication,48.04,2025-08-21
2012,2033,Medication,443.47,2024-03-30
2013,7036,Chemotherapy,3243.07,2024-02-19
2014,9480,Radiation Therapy,4363.73,2023-06-17
2015,6889,Physical Therapy,904.44,2022-07-28
2016,7598,Diagnostic Imaging,609.01,2024-05-26
2017,1926,Physical Therapy,1140.59,2025-02-13
2018,2733,Chemotherapy,3481.09,2024-12-22
2019,1873,Diagnostic Imaging,965.65,2022-03-09
2020,1305,Physical Therapy,1182.68,2022-02-18
2021,3959,Laboratory Test,523.66,2022-05-21
2022,7575,Medication,434.07,2025-10-04
2023,561,Consultation,343.84,2024-03-01
2024,6997,Consultation,280.66,2024-01-09
2025,1627,Physical Therapy,1434.45,2024-06-07
2026,832,Physical Therapy,778.27,2022-12-25
2027,5536,Consultation,405.34,2026-01-28
2028,1056,Rehabilitation,2063.36,2025-01-26
2029,7922,Medication,395.92,2025-09-29
2030,8116,Radiation Therapy,2602.31,2022-03-11
2031,6016,Chemotherapy,4623.56,2025-03-22
2032,6195,Chemotherapy,4171.42,2022-02-02
2033,1630,Physical Therapy,1357.09,2023-12-23
2034,7647,Radiation Therapy,7777.2,2024-04-26
2035,2732,Medication,452.54,2025-08-10
2036,6079,Consultation,155.67,2023-12-24
2037,220,Chemotherapy,5024.7,2024-11-09
2038,4667,Consultation,345.43,2023-10-18
2039,1768,Surgery,2066.74,2022-07-26
2040,5624,Chemotherapy,3578.88,2024-01-09
2041,359,Rehabilitation,876.48,2025-12-05
2042,2843,Radiation Therapy,1334.3,2022-07-11
2043,5322,Medication,37.72,2022-12-28
2044,8020,Medication,60.2,2025-04-23
2045,285,Laboratory Test,111.47,2023-12-10
2046,5042,Rehabilitation,2130.0,2024-03-02
2047,7842,Surgery,2926.12,2025-10-04
2048,7558,Physical Therapy,532.07,2025-12-13
2049,2639,Laboratory Test,45.36,2024-09-20
2050,9693,Medication,288.85,2023-05-25
2051,6889,Chemotherapy,7658.03,2022-08-23
2052,4843,Diagnostic Imaging,328.15,2023-05-07
2053,6375,Physical Therapy,818.6,2023-03-30
2054,3579,Rehabilitation,770.33,2025-03-10
2055,4889,Diagnostic Imaging,404.42,2024-12-21
2056,8,Rehabilitation,1990.62,2023-05-16
2057,9938,Radiation Therapy,5914.12,2023-05-30
2058,5367,Chemotherapy,5992.26,2023-05-14
2059,6153,Physical Therapy,521.29,2025-08-12
2060,8757,Laboratory Test,511.8,2023-01-14
2061,4533,Chemotherapy,4017.45,2024-03-12
2062,4164,Medication,362.23,2022-03-19
2063,7198,Medication,241.79,2025-07-10
2064,2995,Diagnostic Imaging,778.64,2025-07-21
2065,463,Radiation Therapy,6366.75,2024-02-25
2066,3186,Consultation,423.92,2023-12-10
2067,78,Chemotherapy,3357.38,2025-06-15
2068,9722,Diagnostic Imaging,985.11,2023-02-13
2069,1394,Rehabilitation,1476.09,2025-07-18
2070,4771,Diagnostic Imaging,1040.41,2023-01-11
2071,272,Diagnostic Imaging,489.66,2023-10-09
2072,4798,Diagnostic Imaging,716.95,2024-10-25
2073,9824,Chemotherapy,2068.77,2022-06-13
2074,6373,Diagnostic Imaging,244.88,2023-12-08
2075,8257,Diagnostic Imaging,656.05,2023-04-14
2076,1454,Physical Therapy,1073.76,2024-08-28
2077,1803,Consultation,366.13,2023-05-12
2078,9323,Laboratory Test,585.56,2024-02-02
2079,3453,Radiation Therapy,6267.6,2022-08-26
2080,240,Rehabilitation,1217.09,2024-02-16
2081,9666,Surgery,4537.31,2025-11-14
2082,8699,Medication,270.84,2025-07-05
2083,424,Rehabilitation,499.95,2023-05-10
2084,4866,Surgery,14010.55,2024-08-16
2085,9439,Consultation,124.7,2022-10-19
2086,8128,Consultation,164.76,2022-07-07
2087,2619,Consultation,346.23,2023-03-06
2088,9911,Physical Therapy,755.49,2023-06-12
2089,8454,Physical Therapy,956.54,2025-02-06
2090,6850,Rehabilitation,402.87,2024-02-07
2091,9235,Surgery,14525.97,2022-07-03
2092,9379,Diagnostic Imaging,741.73,2024-09-06
2093,8739,Radiation Therapy,6704.77,2023-10-10
2094,7443,Chemotherapy,8463.7,2022-09-06
2095,4392,Laboratory Test,627.34,2023-12-09
2096,227,Surgery,2981.73,2023-04-10
2097,2020,Radiation Therapy,3084.82,2022-10-29
2098,8335,Radiation Therapy,4138.41,2023-07-17
2099,740,Surgery,3052.57,2022-08-04
2100,2535,Rehabilitation,1383.64,2025-10-02
2101,4826,Chemotherapy,7185.93,2024-04-24
2102,7297,Diagnostic Imaging,98.27,2023-09-15
2103,5526,Surgery,11636.04,2025-08-24
2104,9937,Physical Therapy,441.7,2022-09-05
2105,6345,Surgery,5251.76,2022-01-20
2106,170,Radiation Therapy,4198.43,2024-09-17
2107,9952,Laboratory Test,641.87,2022-09-10
2108,7087,Consultation,225.57,2024-05-29
2109,262,Physical Therapy,1386.1,2022-03-24
2110,4616,Diagnostic Imaging,253.49,2022-12-26
2111,398,Diagnostic Imaging,1020.15,2024-04-15
2112,5585,Radiation Therapy,6654.47,2023-03-21
2113,6642,Physical Therapy,1113.91,2025-10-10
2114,656,Physical Therapy,1014.81,2024-04-24
2115,6105,Physical Therapy,101.94,2022-01-21
2116,3363,Radiation Therapy,4729.28,2022-06-18
2117,1456,Surgery,8971.66,2024-01-20
2118,653,Diagnostic Imaging,1120.52,2024-04-18
2119,996,Diagnostic Imaging,465.69,2022-10-28
2120,4460,Laboratory Test,168.41,2023-03-05
2121,3295,Laboratory Test,333.13,2024-08-26
2122,5418,Physical Therapy,734.67,2025-06-08
2123,45,Laboratory Test,188.7,2024-10-03
2124,415,Medication,488.05,2023-02-26
2125,6531,Chemotherapy,6734.38,2024-02-06
2126,3514,Diagnostic Imaging,698.42,2024-08-14
2127,4862,Chemotherapy,1515.58,2024-10-18
2128,4288,Diagnostic Imaging,765.5,2023-05-30
2129,2303,Diagnostic Imaging,369.48,2025-10-02
2130,4878,Diagnostic Imaging,366.21,2023-02-12
2131,8364,Rehabilitation,268.68,2023-03-18
2132,9378,Radiation Therapy,6547.38,2022-01-24
2133,40,Laboratory Test,106.42,2024-08-23
2134,7864,Diagnostic Imaging,902.52,2025-03-18
2135,2206,Laboratory Test,374.46,2023-11-18
2136,1231,Surgery,1716.42,2023-02-13
2137,7341,Physical Therapy,1326.93,2024-02-26
2138,2798,Diagnostic Imaging,544.14,2023-10-15
2139,3615,Surgery,7436.12,2023-05-10
2140,2201,Chemotherapy,3024.86,2024-01-05
2141,2731,Physical Therapy,619.18,2025-11-11
2142,8040,Diagnostic Imaging,794.16,2022-04-13
2143,1053,Radiation Therapy,4991.15,2023-06-27
2144,4052,Rehabilitation,2446.62,2023-12-22
2145,7631,Chemotherapy,8996.4,2025-05-17
2146,8034,Radiation Therapy,7494.79,2023-02-21
2147,4659,Physical Therapy,280.07,2022-10-23
2148,5561,Medication,407.26,2022-04-01
2149,5851,Physical Therapy,881.7,2023-05-29
2150,2567,Chemotherapy,5890.34,2024-03-19
2151,7769,Surgery,5207.32,2025-08-08
2152,501,Medication,197.44,2025-11-26
2153,6526,Diagnostic Imaging,1081.75,2023-04-09
2154,740,Rehabilitation,2067.84,2024-06-18
2155,2823,Consultation,142.1,2022-09-19
2156,1790,Laboratory Test,353.18,2023-05-23
2157,4675,Physical Therapy,182.5,2022-04-23
2158,1257,Surgery,2923.51,2024-05-25
2159,4383,Physical Therapy,800.13,2025-10-09
2160,3292,Radiation Therapy,2707.36,2022-08-05
2161,1326,Chemotherapy,5722.36,2024-03-30
2162,6362,Chemotherapy,5975.72,2023-10-07
2163,9799,Chemotherapy,9954.62,2022-12-17
2164,7906,Rehabilitation,1990.72,2024-11-24
2165,6670,Medication,149.52,2025-12-05
2166,4817,Radiation Therapy,6621.88,2023-04-20
2167,5931,Consultation,488.43,2024-04-11
2168,6984,Medication,186.04,2022-01-09
2169,1552,Physical Therapy,295.19,2022-08-21
2170,9518,Physical Therapy,1393.64,2025-01-10
2171,6958,Surgery,1410.21,2024-12-18
2172,5039,Physical Therapy,486.48,2023-10-03
2173,5122,Surgery,12406.25,2025-04-23
2174,1632,Chemotherapy,2596.3,2022-07-15
2175,1827,Diagnostic Imaging,318.92,2024-05-20
2176,1113,Laboratory Test,38.76,2023-07-05
2177,4570,Surgery,4274.11,2022-05-14
2178,6999,Rehabilitation,987.52,2022-06-03
2179,4198,Diagnostic Imaging,495.18,2024-01-02
2180,5043,Physical Therapy,316.12,2024-02-21
2181,2177,Surgery,10288.06,2025-07-12
2182,3161,Chemotherapy,3597.2,2025-10-10
2183,7481,Laboratory Test,488.47,2022-09-30
2184,3975,Medication,30.09,2022-08-04
2185,1993,Surgery,8218.78,2025-01-24
2186,5063,Chemotherapy,9371.71,2023-01-03
2187,6732,Laboratory Test,450.81,2022-11-30
2188,8845,Chemotherapy,2785.12,2024-04-21
2189,5375,Physical Therapy,752.79,2025-07-07
2190,3708,Surgery,7334.31,2022-01-27
2191,2306,Laboratory Test,472.73,2023-02-16
2192,4074,Medication,491.82,2023-10-29
2193,9950,Physical Therapy,421.11,2022-04-17
2194,9335,Chemotherapy,5851.07,2025-09-04
2195,1502,Radiation Therapy,7985.39,2024-03-06
2196,3533,Rehabilitation,1622.66,2025-08-29
2197,4684,Medication,206.66,2024-10-07
2198,2220,Medication,219.48,2022-01-01
2199,4974,Radiation Therapy,2904.08,2022-04-30
2200,3614,Rehabilitation,363.98,2024-04-04
2201,3164,Physical Therapy,1345.48,2022-02-16
2202,9107,Laboratory Test,408.25,2025-10-12
2203,8223,Laboratory Test,359.5,2025-07-02
2204,6572,Diagnostic Imaging,256.86,2023-12-30
2205,2728,Medication,460.07,2023-06-13
2206,9503,Radiation Therapy,3352.56,2024-04-02
2207,543,Medication,350.37,2026-01-23
2208,2567,Laboratory Test,258.16,2023-04-12
2209,756,Diagnostic Imaging,647.78,2024-04-27
2210,336,Diagnostic Imaging,232.31,2023-09-01
2211,7609,Laboratory Test,108.92,2024-12-08
2212,4208,Radiation Therapy,3967.3,2025-08-21
2213,7798,Physical Therapy,959.54,2024-01-22
2214,5089,Surgery,4253.35,2025-05-20
2215,5262,Radiation Therapy,7886.15,2025-08-04
2216,8910,Surgery,3847.31,2022-11-11
2217,6803,Rehabilitation,1229.44,2024-10-28
2218,6480,Surgery,3409.39,2025-07-04
2219,3638,Physical Therapy,542.1,2024-11-06
2220,870,Chemotherapy,9870.52,2023-11-25
2221,8279,Laboratory Test,325.27,2022-06-23
2222,4457,Diagnostic Imaging,425.85,2025-05-17
2223,8473,Chemotherapy,2630.45,2023-08-15
2224,7822,Laboratory Test,360.76,2023-05-16
2225,532,Diagnostic Imaging,239.36,2023-03-26
2226,7604,Rehabilitation,756.03,2022-08-11
2227,7047,Laboratory Test,180.98,2025-04-11
2228,3047,Physical Therapy,745.9,2024-08-01
2229,8909,Surgery,9265.47,2025-05-23
2230,7975,Diagnostic Imaging,195.74,2023-07-01
2231,132,Medication,373.18,2025-04-07
2232,3264,Diagnostic Imaging,430.94,2023-12-10
2233,7690,Chemotherapy,5099.8,2022-09-19
2234,5261,Chemotherapy,8952.29,2022-11-01
2235,3787,Diagnostic Imaging,409.36,2023-12-08
2236,1470,Consultation,261.96,2024-09-03
2237,2848,Rehabilitation,1260.91,2023-08-04
2238,1469,Chemotherapy,9330.05,2025-10-27
2239,5245,Laboratory Test,253.75,2022-04-08
2240,4229,Radiation Therapy,6788.45,2024-01-01
2241,8814,Laboratory Test,236.73,2024-09-19
2242,9072,Surgery,7864.84,2022-10-09
2243,1122,Surgery,14562.03,2025-09-20
2244,1670,Laboratory Test,399.52,2023-08-12
2245,6500,Surgery,14789.66,2026-01-11
2246,3372,Surgery,13340.07,2025-05-30
2247,8064,Chemotherapy,9547.57,2024-10-16
2248,5380,Diagnostic Imaging,510.31,2025-03-27
2249,5650,Surgery,4077.66,2025-12-02
2250,9368,Chemotherapy,9695.45,2025-05-21
2251,3411,Laboratory Test,628.94,2023-12-09
2252,3991,Consultation,482.36,2023-05-04
2253,5632,Chemotherapy,7906.36,2023-02-22
2254,2400,Physical Therapy,876.75,2022-11-24
2255,2948,Diagnostic Imaging,952.47,2024-04-16
2256,307,Rehabilitation,701.28,2024-07-27
2257,201,Physical Therapy,537.87,2025-12-29
2258,6396,Radiation Therapy,1124.05,2023-10-30
2259,2298,Diagnostic Imaging,737.47,2025-07-24
2260,6349,Surgery,11886.67,2023-06-22
2261,9094,Laboratory Test,240.95,2024-05-10
2262,2562,Consultation,371.79,2023-10-02
2263,7949,Physical Therapy,625.73,2024-02-25
2264,4323,Rehabilitation,2402.3,2025-06-15
2265,2498,Medication,298.04,2025-08-20
2266,2624,Rehabilitation,1847.67,2023-06-08
2267,6135,Laboratory Test,551.2,2024-02-07
2268,3188,Diagnostic Imaging,227.78,2022-03-04
2269,3801,Surgery,9348.2,2022-08-18
2270,7408,Rehabilitation,2200.82,2023-01-18
2271,7890,Physical Therapy,215.23,2024-10-07
2272,9107,Surgery,11743.03,2025-08-28
2273,7736,Surgery,13978.1,2025-07-08
2274,5117,Laboratory Test,499.92,2024-10-30
2275,6272,Physical Therapy,1070.82,2025-05-17
2276,7777,Consultation,394.24,2024-10-03
2277,8326,Diagnostic Imaging,328.41,2023-04-05
2278,9309,Consultation,378.53,2022-06-16
2279,3780,Rehabilitation,354.25,2022-01-16
2280,5220,Consultation,334.6,2025-09-09
2281,3048,Medication,104.38,2024-10-06
2282,6679,Rehabilitation,2169.28,2022-09-07
2283,6993,Laboratory Test,239.5,2025-09-04
2284,444,Consultation,313.64,2022-07-04
2285,6291,Consultation,397.2,2024-11-12
2286,343,Surgery,8949.85,2024-10-14
2287,1094,Laboratory Test,592.42,2025-03-11
2288,6641,Physical Therapy,1279.99,2025-10-02
2289,8515,Rehabilitation,2058.15,2024-10-18
2290,3909,Surgery,5495.01,2024-09-14
2291,8072,Chemotherapy,2197.62,2022-05-07
2292,1363,Surgery,1339.81,2024-01-11
2293,2126,Physical Therapy,1297.8,2022-03-11
2294,938,Rehabilitation,2104.33,2023-04-17
2295,3281,Consultation,102.83,2024-01-22
2296,7800,Medication,239.81,2023-01-09
2297,9363,Diagnostic Imaging,260.17,2022-01-21
2298,2932,Surgery,7692.18,2022-06-03
2299,9908,Medication,255.18,2024-11-13
2300,1836,Consultation,476.51,2022-01-14
2301,7407,Physical Therapy,980.96,2024-02-03
2302,881,Consultation,241.05,2023-01-14
2303,5989,Surgery,11666.45,2024-05-31
2304,6865,Rehabilitation,2478.93,2024-02-18
2305,4791,Consultation,132.8,2024-07-24
2306,4617,Chemotherapy,9541.38,2026-01-08
2307,7844,Rehabilitation,610.05,2024-04-17
2308,7088,Laboratory Test,39.37,2024-07-02
2309,4578,Chemotherapy,4146.87,2022-05-04
2310,3286,Physical Therapy,994.17,2024-04-06
2311,4311,Radiation Therapy,3993.02,2022-10-03
2312,3604,Consultation,225.14,2025-05-16
2313,2220,Rehabilitation,361.73,2023-10-31
2314,6057,Surgery,11641.54,2022-04-28
2315,4549,Radiation Therapy,6221.64,2024-03-01
2316,9478,Medication,55.69,2023-10-09
2317,9986,Radiation Therapy,1409.77,2024-10-10
2318,477,Medication,279.61,2025-06-02
2319,2585,Consultation,246.96,2024-07-03
2320,6421,Chemotherapy,6189.77,2022-07-06
2321,689,Diagnostic Imaging,980.08,2024-07-22
2322,9643,Chemotherapy,7021.82,2022-09-15
2323,3025,Rehabilitation,1545.31,2023-03-25
2324,5394,Medication,487.08,2025-12-31
2325,5697,Physical Therapy,564.63,2025-08-04
2326,2019,Radiation Therapy,3867.9,2023-03-26
2327,9394,Chemotherapy,6603.69,2024-03-31
2328,7882,Chemotherapy,4659.47,2023-11-25
2329,8375,Rehabilitation,2287.39,2022-10-21
2330,1555,Radiation Therapy,4083.36,2023-01-07
2331,952,Radiation Therapy,1031.89,2022-12-22
2332,8987,Radiation Therapy,1892.72,2025-11-18
2333,4809,Rehabilitation,1431.77,2023-02-02
2334,6818,Laboratory Test,257.59,2022-12-25
2335,2569,Medication,65.57,2023-09-18
2336,7139,Rehabilitation,519.22,2022-06-02
2337,9272,Diagnostic Imaging,1023.23,2025-03-24
2338,9638,Chemotherapy,3876.95,2022-08-07
2339,5503,Laboratory Test,284.55,2024-01-21
2340,7437,Physical Therapy,465.57,2025-08-24
2341,1933,Consultation,316.06,2022-08-30
2342,7349,Rehabilitation,1692.46,2024-05-30
2343,2809,Laboratory Test,90.19,2022-07-15
2344,9432,Rehabilitation,1932.9,2023-02-14
2345,7719,Chemotherapy,1940.34,2022-08-06
2346,9208,Laboratory Test,191.54,2024-12-18
2347,4420,Surgery,5628.27,2025-04-15
2348,2678,Consultation,204.5,2024-12-30
2349,1089,Surgery,5090.31,2022-10-01
2350,1395,Chemotherapy,3960.5,2025-02-28
2351,5798,Consultation,169.32,2022-06-28
2352,2588,Consultation,131.74,2024-04-12
2353,2884,Chemotherapy,4576.42,2022-05-07
2354,9490,Consultation,407.71,2023-08-16
2355,8193,Consultation,165.87,2026-01-10
2356,1594,Consultation,247.34,2023-02-14
2357,8122,Diagnostic Imaging,959.16,2022-03-06
2358,1404,Medication,374.27,2025-02-14
2359,5177,Medication,262.83,2022-12-02
2360,437,Chemotherapy,4861.87,2024-11-30
2361,9832,Physical Therapy,1146.11,2025-10-20
2362,4651,Rehabilitation,1163.94,2022-06-03
2363,1877,Laboratory Test,176.75,2023-04-17
2364,2137,Medication,331.08,2023-07-11
2365,8050,Consultation,300.66,2022-09-28
2366,8360,Diagnostic Imaging,379.35,2024-11-25
2367,6199,Laboratory Test,690.58,2023-05-15
2368,705,Chemotherapy,4348.16,2022-03-12
2369,2586,Laboratory Test,372.77,2024-11-24
2370,5171,Laboratory Test,394.34,2022-10-28
2371,6329,Laboratory Test,519.17,2025-02-08
2372,7273,Diagnostic Imaging,1156.05,2022-09-17
2373,8150,Medication,259.93,2025-03-03
2374,709,Medication,226.68,2023-09-04
2375,7085,Radiation Therapy,5242.88,2025-06-03
2376,3818,Laboratory Test,563.65,2024-01-31
2377,9784,Chemotherapy,4089.32,2022-02-21
2378,9826,Surgery,9403.43,2024-06-17
2379,3914,Surgery,8951.47,2024-10-14
2380,595,Chemotherapy,2782.01,2022-12-01
2381,7247,Diagnostic Imaging,568.25,2025-05-15
2382,3308,Radiation Therapy,4296.49,2022-04-10
2383,3261,Rehabilitation,1561.01,2023-04-19
2384,187,Physical Therapy,1039.18,2025-13-01
2385,1421,Medication,492.06,2022-11-17
2386,5623,Radiation Therapy,1955.06,2024-06-26
2387,5329,Rehabilitation,1998.73,2023-09-28
2388,2503,Consultation,466.45,2025-11-03
2389,9660,Surgery,6064.41,2025-05-21
2390,3573,Medication,44.19,2022-08-02
2391,9768,Radiation Therapy,4346.39,2025-05-27
2392,1868,Laboratory Test,345.39,2024-05-16
2393,7952,Chemotherapy,7026.24,2025-11-16
2394,5079,Chemotherapy,5865.68,2022-01-01
2395,8092,Surgery,2116.45,2022-10-18
2396,6285,Medication,461.58,2024-04-24
2397,1607,Radiation Therapy,2042.63,2022-04-18
2398,5290,Surgery,14207.45,2024-11-20
2399,2608,Physical Therapy,1332.23,2023-11-16
2400,2852,Consultation,138.38,2023-08-03
2401,3698,Radiation Therapy,7237.82,2023-03-17
2402,5158,Surgery,3758.92,2024-11-11
2403,7427,Rehabilitation,491.48,2025-03-11
2404,832,Laboratory Test,671.54,2025-01-18
2405,4378,Consultation,311.2,2024-01-29
2406,9693,Diagnostic Imaging,768.13,2024-01-02
2407,4725,Diagnostic Imaging,683.19,2025-03-21
2408,3336,Consultation,54.12,2024-06-16
2409,4978,Surgery,2577.19,2025-05-06
2410,4034,Laboratory Test,256.24,2022-09-09
2411,8308,Physical Therapy,1088.73,2022-10-04
2412,2467,Surgery,13886.81,2022-10-15
2413,146,Consultation,420.21,2022-02-19
2414,4091,Radiation Therapy,5797.27,2025-10-09
2415,6641,Physical Therapy,362.62,2023-02-03
2416,8652,Laboratory Test,442.8,2023-06-09
2417,707,Radiation Therapy,7873.6,2022-12-08
2418,5190,Surgery,5044.62,2024-12-09
2419,6271,Chemotherapy,4939.38,2023-05-21
2420,3148,Surgery,3687.91,2022-05-02
2421,9415,Radiation Therapy,2249.04,2022-01-27
2422,1339,Medication,311.41,2025-04-25
2423,8770,Radiation Therapy,4558.09,2025-06-03
2424,1257,Physical Therapy,388.71,2024-07-28
2425,8908,Physical Therapy,1247.53,2022-08-23
2426,4616,Radiation Therapy,6987.95,2022-10-21
2427,7316,Chemotherapy,2390.67,2022-06-17
2428,9081,Rehabilitation,602.07,2022-05-20
2429,7863,Diagnostic Imaging,676.48,2023-11-29
2430,9729,Surgery,3253.54,2022-03-04
2431,2906,Diagnostic Imaging,245.58,2023-08-09
2432,4570,Medication,156.93,2023-02-28
2433,480,Chemotherapy,8986.54,2023-06-25
2434,8618,Rehabilitation,2231.9,2023-08-28
2435,9411,Physical Therapy,721.05,2024-07-05
2436,4291,Radiation Therapy,1003.02,2025-06-06
2437,5000,Chemotherapy,7711.12,2022-12-06
2438,5335,Consultation,392.92,2024-08-13
2439,6013,Rehabilitation,1715.93,2025-04-14
2440,3674,Rehabilitation,2424.82,2022-10-01
2441,5086,Physical Therapy,237.39,2022-10-08
2442,8174,Physical Therapy,1116.99,2022-11-04
2443,1617,Surgery,11717.71,2025-01-02
2444,8911,Consultation,-300.0,2023-11-19
2445,453,Laboratory Test,305.49,2022-07-06
2446,1461,Consultation,360.2,2024-03-20
2447,256,Consultation,178.07,2022-05-05
2448,2071,Chemotherapy,3346.54,2026-01-09
2449,7800,Radiation Therapy,5822.38,2024-09-26
2450,3806,Rehabilitation,1904.1,2022-07-14
2451,3106,Consultation,492.89,2023-09-07
2452,9028,Medication,65.97,2024-05-08
2453,7081,Diagnostic Imaging,1088.31,2024-06-29
2454,4931,Laboratory Test,688.52,2026-01-30
2455,4272,Laboratory Test,123.18,2024-04-09
2456,1155,Consultation,118.65,2023-12-30
2457,7614,Medication,478.36,2025-07-12
2458,3059,Diagnostic Imaging,1125.52,2025-10-23
2459,9207,Physical Therapy,801.9,2023-09-26
2460,5995,Diagnostic Imaging,107.62,2025-12-02
2461,5574,Medication,211.65,2024-12-16
2462,1952,Laboratory Test,548.86,2026-01-17
2463,1924,Consultation,247.25,2026-01-25
2464,6673,Physical Therapy,180.11,2025-01-08
2465,6335,Consultation,282.92,2024-07-14
2466,7834,Surgery,13348.82,2024-03-02
2467,220,Chemotherapy,5731.51,2023-07-03
2468,5626,Rehabilitation,1464.05,2023-06-14
2469,990,Diagnostic Imaging,1107.52,2023-01-23
2470,361,Chemotherapy,2757.23,2025-05-23
2471,2244,Physical Therapy,387.89,2023-11-03
2472,8222,Medication,54.85,2024-03-17
2473,7408,Medication,231.79,2022-08-11
2474,5561,Medication,235.99,2023-10-20
2475,7490,Surgery,5157.88,2023-03-15
2476,5114,Chemotherapy,2299.17,2022-05-08
2477,9559,Surgery,3898.09,2022-04-06
2478,7860,Surgery,3717.47,2023-06-02
2479,6833,Physical Therapy,1423.67,2023-05-30
2480,2241,Radiation Therapy,4573.95,2024-08-20
2481,5723,Medication,343.38,2026-01-22
2482,6174,Surgery,6052.47,2022-10-27
2483,39,,995.49,2023-09-11
2484,5782,Surgery,8581.91,2023-04-18
2485,1389,Rehabilitation,1801.59,2022-12-25
2486,206,Rehabilitation,2151.59,2024-12-07
2487,9894,Chemotherapy,1892.05,2024-12-27
2488,6326,Laboratory Test,549.89,2024-02-09
2489,6172,Physical Therapy,803.25,2024-01-21
2490,6385,Laboratory Test,91.97,2025-12-20
2491,6192,Medication,253.36,2024-02-13
2492,381,Chemotherapy,7523.26,2023-09-29
2493,5398,Physical Therapy,934.37,2024-03-11
2494,4257,Rehabilitation,1559.3,2022-09-24
2495,112,Medication,26.27,2025-01-01
2496,3037,Radiation Therapy,1326.13,2023-01-16
2497,107,Chemotherapy,7064.37,2025-06-25
2498,9122,Medication,113.29,2023-04-12
2499,6540,Diagnostic Imaging,765.3,2023-06-23
2500,3633,Rehabilitation,761.96,2022-02-26
2501,3590,Physical Therapy,852.44,2023-09-29
2502,9163,Consultation,362.63,2025-12-09
2503,7396,Consultation,481.54,2023-07-06
2504,7289,Physical Therapy,1362.96,2023-02-13
2505,4241,Surgery,10603.08,2025-04-05
2506,4343,Consultation,72.89,2023-08-24
2507,7620,Physical Therapy,257.74,2024-05-27
2508,954,Rehabilitation,1097.5,2022-06-27
2509,2581,Radiation Therapy,7310.77,2025-02-16
2510,5250,Consultation,431.55,2023-01-18
2511,4001,Physical Therapy,658.55,2022-01-17
2512,5002,Chemotherapy,5784.44,2023-08-25
2513,1465,Rehabilitation,2016.43,2024-12-13
2514,4167,Radiation Therapy,6095.94,2022-11-11
2515,1741,Surgery,3259.97,2024-07-05
2516,9322,Physical Therapy,1481.46,2025-10-04
2517,808,Chemotherapy,2032.21,2022-02-08
2518,7896,Consultation,241.03,2024-04-24
2519,7189,Consultation,244.03,2025-10-15
2520,3886,Surgery,8877.72,2023-08-10
2521,7953,Surgery,5162.96,2022-08-22
2522,8108,Medication,276.55,2023-03-22
2523,8477,Radiation Therapy,3339.9,2024-02-29
2524,1619,Physical Therapy,553.89,2024-08-07
2525,9336,Laboratory Test,554.76,2023-07-30
2526,2505,Medication,74.52,2024-01-02
2527,4828,Medication,211.09,2022-10-19
2528,3806,Surgery,2544.94,2023-10-24
2529,9273,Physical Therapy,1339.37,2024-02-16
2530,6609,Consultation,399.46,2025-04-26
2531,4398,Consultation,243.81,2025-08-23
2532,6059,Laboratory Test,668.75,2025-08-30
2533,7225,Physical Therapy,830.26,2022-12-14
2534,6194,Rehabilitation,1336.3,2023-06-06
2535,4852,Medication,156.67,2025-10-20
2536,3764,Surgery,14625.26,2022-01-20
2537,8681,Physical Therapy,646.13,2024-04-02
2538,5903,Radiation Therapy,3742.99,2025-08-09
2539,6639,Laboratory Test,340.01,2025-09-15
2540,7844,Consultation,414.59,2023-06-22
2541,8373,Medication,99.8,2025-03-01
2542,1103,Radiation Therapy,6001.57,2025-10-26
2543,5978,Medication,177.94,2025-09-24
2544,8969,Medication,366.32,2023-03-11
2545,4973,Diagnostic Imaging,196.34,2023-05-04
2546,4584,Surgery,4829.75,2024-12-05
2547,9554,Consultation,127.77,2023-05-09
2548,7273,Rehabilitation,2119.25,2025-03-17
2549,5332,Consultation,473.67,2023-11-01
2550,622,Medication,146.7,2022-07-02
2551,1064,Rehabilitation,1797.45,2025-09-26
2552,8585,Rehabilitation,2291.53,2025-02-25
2553,4368,Chemotherapy,4991.61,2024-01-28
2554,1107,Consultation,352.39,2025-07-16
2555,5938,Physical Therapy,1308.97,2023-09-20
2556,3481,Physical Therapy,277.0,2022-11-21
2557,7270,Radiation Therapy,1821.82,2025-04-02
2558,9253,Consultation,292.45,2024-09-15
2559,3946,Physical Therapy,152.39,2024-11-26
2560,4315,Consultation,107.08,2025-01-08
2561,424,Laboratory Test,326.39,2024-04-14
2562,2225,Consultation,405.61,2025-12-09
2563,3517,Diagnostic Imaging,785.46,2024-08-24
2564,5222,Physical Therapy,1192.47,2023-12-21
2565,5184,Chemotherapy,7467.42,2023-11-23
2566,1794,Diagnostic Imaging,1135.67,2023-11-05
2567,8903,Radiation Therapy,4602.94,2024-09-24
2568,3796,Medication,147.85,2025-05-29
2569,8858,Surgery,12837.41,2023-02-24
2570,4500,Surgery,10919.77,2022-06-29
2571,5275,Diagnostic Imaging,112.6,2023-06-30
2572,2924,Physical Therapy,238.14,2022-08-08
2573,9682,Surgery,7810.73,2022-02-28
2574,4515,Laboratory Test,215.75,2025-01-17
2575,2707,Radiation Therapy,2669.56,2024-11-29
2576,2982,Laboratory Test,36.12,2022-10-29
2577,7085,Rehabilitation,1371.78,2023-06-16
2578,4869,Chemotherapy,5759.66,2022-06-09
2579,1572,Chemotherapy,1965.35,2024-09-15
2580,4836,Radiation Therapy,7268.58,2024-07-22
2581,2442,Medication,236.65,2023-08-26
2582,1332,Consultation,432.94,2026-01-27
2583,952,Medication,130.0,2024-10-03
2584,8534,Consultation,398.47,2023-12-20
2585,1392,Rehabilitation,1882.85,2023-02-22
2586,7414,Radiation Therapy,3738.62,2022-11-28
2587,1407,Consultation,426.92,2023-05-01
2588,914,Chemotherapy,3390.11,2022-08-22
2589,7870,Radiation Therapy,5460.62,2023-06-22
2590,4126,Chemotherapy,2608.93,2024-09-13
2591,818,Medication,343.2,2023-10-03
2592,3564,Chemotherapy,7644.77,2024-05-20
2593,2675,Medication,356.27,2025-08-09
2594,136,Chemotherapy,5807.62,2025-05-27
2595,7682,Rehabilitation,1390.5,2023-10-04
2596,6521,Laboratory Test,262.45,2023-07-15
2597,2476,Rehabilitation,2002.51,2022-06-13
2598,9063,Surgery,5879.78,2022-12-04
2599,8826,Chemotherapy,6391.06,2022-07-06
2600,9844,Laboratory Test,328.92,2022-03-16
2601,6501,Diagnostic Imaging,895.27,2023-08-14
2602,3313,Diagnostic Imaging,1078.23,2023-09-14
2603,2406,Surgery,13891.01,2024-09-09
2604,7031,Surgery,10890.76,2024-10-16
2605,1987,Medication,194.33,2024-08-26
2606,2702,Laboratory Test,161.44,2024-10-29
2607,4057,Laboratory Test,221.07,2022-01-31
2608,3639,Rehabilitation,1457.07,2023-06-06
2609,6541,Consultation,473.68,2024-08-24
2610,5347,Diagnostic Imaging,898.57,2023-02-17
2611,4051,Radiation Therapy,5722.29,2025-01-12
2612,7838,Consultation,182.32,2022-06-14
2613,2323,Surgery,9673.27,2022-01-05
2614,3259,Radiation Therapy,5938.47,2024-12-13
2615,7813,Medication,194.69,2022-05-29
2616,8031,Chemotherapy,4931.33,2023-11-12
2617,6298,Surgery,3303.27,2024-01-23
2618,6750,Consultation,356.66,2024-07-14
2619,1195,Radiation Therapy,2763.78,2025-09-20
2620,3156,Laboratory Test,395.87,2024-05-17
2621,5405,Laboratory Test,233.87,2024-02-20
2622,875,Chemotherapy,6537.92,2023-03-12
2623,5777,Rehabilitation,616.48,2022-11-30
2624,8980,Medication,113.62,2024-06-26
2625,9859,Laboratory Test,433.97,2023-08-03
2626,4442,Chemotherapy,2368.92,2025-07-18
2627,3963,Medication,368.17,2025-10-08
2628,5444,Radiation Therapy,4728.15,2025-01-12
2629,6949,Physical Therapy,487.53,2025-07-24
2630,1253,Consultation,206.17,2022-09-05
2631,632,Medication,253.89,2023-05-21
2632,6627,Rehabilitation,2429.35,2025-07-16
2633,201,Diagnostic Imaging,233.27,2025-10-12
2634,185,Chemotherapy,5420.77,2023-04-09
2635,5772,Physical Therapy,1256.24,2022-02-25
2636,8937,Rehabilitation,2368.57,2024-01-01
2637,9140,Consultation,144.85,2023-06-11
2638,7031,Laboratory Test,589.65,2022-12-01
2639,3579,Medication,96.87,2025-04-24
2640,4910,Radiation Therapy,5155.61,2025-11-16
2641,735,Medication,146.1,2023-05-30
2642,3480,Physical Therapy,864.96,2022-03-04
2643,6395,Diagnostic Imaging,747.11,2023-12-14
2644,1725,Consultation,421.68,2025-10-25
2645,9710,Physical Therapy,1172.92,2023-07-04
2646,3558,Chemotherapy,7834.0,2025-01-05
2647,4008,Physical Therapy,1443.62,2025-08-28
2648,4200,Consultation,228.39,2023-02-20
2649,5056,Radiation Therapy,5369.82,2023-12-21
2650,87,Medication,45.34,2024-03-17
2651,2432,Consultation,350.03,2025-01-30
2652,2467,Rehabilitation,1259.23,2023-08-12
2653,4034,Radiation Therapy,7734.7,2023-09-17
2654,3519,Chemotherapy,6500.38,2025-11-16
2655,5598,Diagnostic Imaging,568.16,2023-05-20
2656,2112,Consultation,283.67,2023-01-13
2657,8608,Physical Therapy,1378.04,2022-07-10
2658,6310,Medication,430.82,2023-07-27
2659,9459,Chemotherapy,5160.38,2023-09-12
2660,8815,Rehabilitation,1092.11,2025-09-28
2661,1575,Radiation Therapy,5816.78,2025-04-24
2662,4226,Diagnostic Imaging,300.2,2023-10-09
2663,7489,Surgery,9157.68,2023-12-17
2664,2055,Radiation Therapy,3007.78,2022-02-18
2665,4099,Consultation,162.18,2024-10-28
2666,1482,Radiation Therapy,4250.87,2022-05-15
2667,9273,Medication,210.33,2024-10-26
2668,9799,Physical Therapy,1471.09,2025-11-23
2669,8484,Chemotherapy,7253.08,2025-05-15
2670,5636,Consultation,163.53,2024-04-17
2671,1092,Diagnostic Imaging,160.39,2023-02-02
2672,2089,Consultation,237.96,2022-05-19
2673,726,Consultation,460.33,2025-07-09
2674,5243,Rehabilitation,1655.06,2023-01-22
2675,9469,Surgery,2472.74,2022-09-22
2676,4709,Rehabilitation,598.36,2024-12-22
2677,9210,Radiation Therapy,4548.16,2022-01-26
2678,8814,Chemotherapy,6329.35,2025-05-30
2679,7858,Consultation,221.79,2025-08-31
2680,8028,Laboratory Test,645.37,2024-08-15
2681,4758,Radiation Therapy,2503.98,2023-05-20
2682,9521,Medication,333.04,2022-12-08
2683,6592,Physical Therapy,136.49,2024-03-11
2684,767,Surgery,2799.62,2024-05-10
2685,2501,Surgery,12025.3,2025-07-11
2686,2499,Rehabilitation,274.56,2023-05-07
2687,3305,Chemotherapy,7182.53,2023-06-22
2688,9368,Surgery,11966.6,2022-01-03
2689,8745,Chemotherapy,3220.9,2023-09-17
2690,9577,Consultation,,2023-05-13
2691,3316,Surgery,8706.9,2024-03-11
2692,3694,Surgery,10361.53,2023-01-04
2693,6781,Physical Therapy,826.2,2024-01-09
2694,7401,Medication,408.72,2023-02-21
2695,5206,Physical Therapy,1476.3,2024-01-28
2696,7183,Consultation,438.47,2024-04-01
2697,8456,Diagnostic Imaging,594.69,2022-07-13
2698,714,Radiation Therapy,2084.69,2022-02-06
2699,1986,Physical Therapy,1496.78,2022-11-06
2700,4423,Physical Therapy,648.3,2024-04-20
2701,2997,Physical Therapy,678.34,2025-08-26
2702,4945,Laboratory Test,188.31,2025-01-16
2703,875,Physical Therapy,712.57,2022-01-28
2704,2242,Surgery,2829.44,2024-06-18
2705,1161,Radiation Therapy,2933.3,2023-08-23
2706,9224,Surgery,3455.6,2024-03-28
2707,432,Rehabilitation,2361.86,2023-08-31
2708,2847,Rehabilitation,1142.74,2025-12-15
2709,2044,Rehabilitation,2037.31,2024-05-27
2710,3649,Consultation,229.08,2022-08-04
2711,9653,Consultation,103.7,2022-12-17
2712,4636,Surgery,14580.24,2023-05-14
2713,4068,Radiation Therapy,7281.28,2024-06-22
2714,4471,Consultation,52.41,2022-03-17
2715,1338,Physical Therapy,1100.0,2025-07-19
2716,5826,Consultation,116.01,2022-03-24
2717,2921,Diagnostic Imaging,241.16,2024-11-02
2718,8973,Surgery,3106.54,2023-10-24
2719,2055,Physical Therapy,196.12,2025-05-07
2720,4502,Surgery,2855.79,2025-02-16
2721,1180,Rehabilitation,2089.44,2022-09-24
2722,5101,Rehabilitation,2167.81,2025-11-12
2723,7790,Physical Therapy,529.04,2023-11-14
2724,1841,Laboratory Test,278.08,2023-08-01
2725,5284,Surgery,8215.05,2026-01-17
2726,2709,Surgery,5597.18,2023-12-18
2727,111,Laboratory Test,492.72,2023-07-04
2728,4387,Diagnostic Imaging,913.99,2022-09-07
2729,1475,Rehabilitation,2027.79,2024-09-30
2730,6620,Laboratory Test,173.53,2023-02-27
2731,3326,Diagnostic Imaging,1172.36,2024-05-30
2732,4053,Chemotherapy,5202.16,2025-02-08
2733,4494,Medication,354.72,2022-03-09
2734,8271,Medication,245.98,2022-06-08
2735,508,Consultation,140.38,2022-01-04
2736,1453,Surgery,12003.62,2023-11-13
2737,4475,Chemotherapy,2495.12,2025-02-10
2738,1437,Rehabilitation,1414.18,2022-02-01
2739,1067,Diagnostic Imaging,116.86,2025-10-19
2740,6774,Laboratory Test,137.83,2025-12-05
2741,9137,Radiation Therapy,4949.59,2023-12-10
2742,3054,Physical Therapy,1184.01,2026-01-19
2743,2986,Rehabilitation,234.45,2023-08-24
2744,3395,Laboratory Test,99.11,2024-03-29
2745,4872,Consultation,237.51,2024-10-14
2746,2460,Chemotherapy,2926.32,2022-12-27
2747,5303,Radiation Therapy,5853.87,2023-09-14
2748,3871,Diagnostic Imaging,789.76,2023-03-10
2749,1261,Laboratory Test,685.86,2022-10-12
2750,1305,Medication,328.58,2025-05-13
2751,7499,Rehabilitation,2035.17,2022-03-01
2752,1021,Diagnostic Imaging,1120.93,2025-11-23
2753,4858,Surgery,3424.38,2023-08-27
2754,1498,Laboratory Test,652.23,2023-03-22
2755,5920,Chemotherapy,6066.5,2025-06-05
2756,4649,Laboratory Test,574.68,2022-06-11
2757,3983,Chemotherapy,7746.37,2022-01-10
2758,1497,Rehabilitation,905.52,2025-06-18
2759,6072,Rehabilitation,2045.28,2025-10-07
2760,4860,Diagnostic Imaging,247.33,2023-06-11
2761,1895,Laboratory Test,85.35,2022-08-08
2762,7761,Radiation Therapy,6535.64,2022-09-09
2763,5256,Rehabilitation,2115.45,2023-10-16
2764,8653,Laboratory Test,580.16,2022-12-19
2765,5697,Chemotherapy,2974.35,2023-12-09
2766,9065,Consultation,174.64,2022-06-30
2767,7031,Chemotherapy,5457.66,2025-12-09
2768,9435,Medication,57.04,2022-05-13
2769,5927,Consultation,380.53,2022-02-03
2770,1561,Consultation,286.92,2025-11-10
2771,2168,Consultation,51.16,2022-01-20
2772,2438,Radiation Therapy,1104.4,2024-12-30
2773,9879,Laboratory Test,209.9,2025-10-30
2774,3161,Consultation,179.33,2025-05-24
2775,432,Laboratory Test,591.76,2024-02-15
2776,105,Physical Therapy,1379.42,2022-12-03
2777,3739,Physical Therapy,1090.41,2025-10-07
2778,6265,Consultation,265.96,2026-01-09
2779,8451,Physical Therapy,329.63,2023-09-13
2780,2491,Chemotherapy,3464.29,2022-10-09
2781,8860,Diagnostic Imaging,291.44,2023-12-18
2782,4388,Diagnostic Imaging,478.05,2026-01-17
2783,356,Laboratory Test,298.1,2025-05-31
2784,1284,Laboratory Test,331.71,2025-11-27
2785,2883,Consultation,309.85,2025-10-04
2786,935,Diagnostic Imaging,363.68,2022-08-06
2787,7659,Chemotherapy,3677.02,2023-02-20
2788,2737,Rehabilitation,579.26,2022-10-01
2789,1132,Medication,270.24,2022-11-29
2790,4327,Diagnostic Imaging,1027.32,2023-02-03
2791,1705,Medication,167.94,2025-08-26
2792,8802,Diagnostic Imaging,891.45,2024-08-16
2793,917,Physical Therapy,1121.78,2023-05-19
2794,3149,Diagnostic Imaging,714.35,2025-11-26
2795,7521,Surgery,1302.84,2023-09-03
2796,348,Consultation,241.5,2023-11-24
2797,5025,Diagnostic Imaging,796.62,2022-04-25
2798,6026,Rehabilitation,442.02,2023-11-27
2799,2394,Laboratory Test,464.14,2026-01-19
2800,5808,Diagnostic Imaging,720.81,2022-01-15
2801,8628,Radiation Therapy,1487.55,2022-04-23
2802,8952,Consultation,117.39,2023-07-18
2803,6055,Medication,87.29,2024-08-10
2804,1487,Diagnostic Imaging,941.39,2024-11-03
2805,4226,Chemotherapy,2266.25,2023-04-05
2806,2916,Consultation,403.53,2024-07-19
2807,9013,Chemotherapy,2694.93,2024-11-25
2808,2072,Chemotherapy,9085.11,2025-02-04
2809,3902,Rehabilitation,1101.96,2023-11-24
2810,2183,Chemotherapy,9222.96,2023-06-09
2811,9905,Surgery,7665.64,2025-01-28
2812,6963,Physical Therapy,637.89,2025-11-17
2813,147,Diagnostic Imaging,953.18,2024-09-02
2814,3950,Radiation Therapy,3897.96,2024-11-16
2815,1371,Laboratory Test,125.24,2024-11-10
2816,2410,Radiation Therapy,7124.54,2025-10-30
2817,458,Surgery,7110.2,2025-08-20
2818,5100,Surgery,5916.06,2023-04-28
2819,6116,Surgery,12151.78,2025-06-30
2820,8724,Radiation Therapy,6699.13,2024-06-17
2821,8581,Medication,43.31,2025-05-26
2822,4064,Medication,139.75,2025-09-03
2823,1826,Radiation Therapy,1190.51,2024-10-28
2824,4108,Consultation,218.63,2025-11-25
2825,2666,Surgery,6808.98,2025-08-27
2826,7393,Diagnostic Imaging,484.6,2023-11-10
2827,1349,Laboratory Test,606.31,2023-07-17
2828,8586,Chemotherapy,8895.98,2022-09-10
2829,8903,Consultation,252.27,2023-10-22
2830,375,Physical Therapy,1436.96,2023-04-05
2831,3430,Diagnostic Imaging,984.84,2022-01-20
2832,615,Consultation,442.76,2025-01-26
2833,1202,Surgery,7142.47,2024-07-26
2834,7070,Diagnostic Imaging,1111.62,2023-08-29
2835,1253,Physical Therapy,1101.7,2022-03-04
2836,3484,Physical Therapy,507.73,2024-01-16
2837,15,Radiation Therapy,4143.21,2024-10-13
2838,2092,Diagnostic Imaging,867.21,2025-12-20
2839,7023,Surgery,1611.09,2025-10-21
2840,9162,Radiation Therapy,3446.87,2023-03-29
2841,4789,Chemotherapy,9244.13,2022-03-08
2842,1627,Laboratory Test,633.58,2024-10-03
2843,8341,Chemotherapy,5760.77,2024-09-02
2844,8315,Laboratory Test,82.24,2022-06-10
2845,4729,Chemotherapy,2533.11,2023-04-25
2846,5035,Physical Therapy,112.61,2023-08-28
2847,4612,Consultation,65.79,2024-05-25
2848,2088,Laboratory Test,321.73,2022-05-04
2849,3423,Medication,340.82,2024-07-16
2850,8253,Surgery,2583.86,2022-12-29
2851,8794,Diagnostic Imaging,762.52,2024-02-24
2852,9346,Laboratory Test,478.51,2025-09-23
2853,6196,Consultation,274.12,2023-04-22
2854,9418,Diagnostic Imaging,361.07,2025-08-26
2855,5274,Diagnostic Imaging,293.32,2024-04-01
2856,8152,Medication,312.43,2025-05-25
2857,6570,Radiation Therapy,1478.61,2023-11-12
2858,6838,Laboratory Test,155.84,2025-04-28
2859,7469,Chemotherapy,5528.33,2024-05-12
2860,2437,Surgery,4253.68,2022-03-24
2861,7425,Physical Therapy,119.79,2023-09-10
2862,3888,Rehabilitation,2263.13,2024-03-02
2863,4633,Radiation Therapy,1677.71,2023-10-24
2864,1172,Laboratory Test,548.01,2023-04-21
2865,4805,Chemotherapy,9746.15,2022-08-30
2866,7295,Rehabilitation,2330.34,2024-03-21
2867,2334,Medication,116.32,2024-10-15
2868,871,Physical Therapy,1113.52,2025-03-12
2869,3227,Laboratory Test,236.11,2023-08-24
2870,5804,Radiation Therapy,5931.0,2024-03-12
2871,4637,Laboratory Test,361.82,2023-05-03
2872,5320,Physical Therapy,1172.52,2023-06-28
2873,2258,Consultation,149.77,2023-09-13
2874,6163,Surgery,1050.46,2025-02-12
2875,3083,Rehabilitation,1949.42,2026-01-13
2876,4207,Diagnostic Imaging,1064.37,2025-12-07
2877,4478,Radiation Therapy,6278.5,2024-05-12
2878,5607,Surgery,8444.36,2022-03-23
2879,5650,Radiation Therapy,4135.18,2023-12-01
2880,1011,Physical Therapy,1269.28,2023-08-21
2881,7211,Laboratory Test,49.02,2023-07-15
2882,4150,Chemotherapy,9459.27,2024-07-06
2883,2837,Diagnostic Imaging,1048.3,2022-02-09
2884,3088,Physical Therapy,1338.84,2023-12-18
2885,8036,Surgery,12956.3,2023-12-29
2886,2218,Radiation Therapy,1230.62,2023-01-26
2887,9243,Rehabilitation,2126.03,2023-04-06
2888,6270,Diagnostic Imaging,487.57,2025-08-04
2889,4567,Consultation,76.81,2024-12-25
2890,9393,Diagnostic Imaging,686.73,2023-11-17
2891,6466,Surgery,12110.67,2022-10-21
2892,8598,Chemotherapy,2339.93,2023-08-16
2893,1291,Physical Therapy,561.12,2024-12-16
2894,1909,Surgery,2041.72,2025-04-13
2895,9807,Rehabilitation,2072.92,2024-03-12
2896,6006,Chemotherapy,6568.16,2025-05-27
2897,3166,Chemotherapy,2665.59,2022-04-17
2898,1422,Medication,156.84,2025-03-23
2899,4730,Consultation,184.99,2023-07-14
2900,4268,Chemotherapy,6952.33,2022-01-09
2901,1418,Diagnostic Imaging,745.1,2022-05-09
2902,5295,Surgery,10199.11,2023-07-26
2903,5973,Radiation Therapy,4434.16,2025-01-09
2904,5612,Surgery,6312.93,2023-11-27
2905,3101,Rehabilitation,1427.79,2022-11-07
2906,5990,Medication,466.54,2023-07-24
2907,5335,Laboratory Test,190.07,2023-10-21
2908,6511,Diagnostic Imaging,1180.12,2024-10-29
2909,5535,Medication,321.44,2024-01-03
2910,4310,Laboratory Test,204.84,2025-04-23
2911,1925,Radiation Therapy,,2025-12-04
2912,7077,Radiation Therapy,7719.4,2022-08-31
2913,1741,Laboratory Test,373.58,2022-03-26
2914,6511,Chemotherapy,5891.2,2023-07-06
2915,2270,Laboratory Test,354.54,2024-04-18
2916,7361,Consultation,81.38,2023-02-22
2917,7970,Rehabilitation,535.72,2024-07-31
2918,6047,Chemotherapy,9662.55,2024-03-19
2919,173,Radiation Therapy,7198.87,2023-08-04
2920,6680,Consultation,418.17,2025-06-02
2921,3164,Physical Therapy,793.7,2022-12-19
2922,6407,Diagnostic Imaging,509.54,2023-07-02
2923,9849,Rehabilitation,1966.49,2023-10-12
2924,9320,Surgery,7866.13,2023-02-10
2925,8269,Surgery,7135.4,2025-08-24
2926,5040,Rehabilitation,544.57,2023-07-04
2927,7282,Surgery,14909.18,2022-01-31
2928,4207,Laboratory Test,165.74,2022-01-08
2929,5038,Medication,334.08,2022-05-10
2930,6892,Laboratory Test,372.89,2023-01-17
2931,3304,Medication,200.14,2025-12-08
2932,9056,Diagnostic Imaging,187.03,2023-05-05
2933,7053,Medication,35.95,2023-05-22
2934,5206,Chemotherapy,8561.41,2022-01-10
2935,7599,Radiation Therapy,4045.2,2022-08-08
2936,920,Physical Therapy,863.95,2022-03-03
2937,2929,Surgery,6373.55,2025-01-26
2938,7174,Physical Therapy,831.03,2024-12-05
2939,1380,Surgery,6933.43,2022-07-06
2940,1407,Laboratory Test,615.94,2023-07-18
2941,4655,Diagnostic Imaging,1061.33,2022-01-02
2942,6876,Surgery,1948.76,2024-11-23
2943,7670,Medication,153.28,2022-05-05
2944,4762,Physical Therapy,378.07,2023-02-21
2945,3127,Diagnostic Imaging,449.64,2024-12-05
2946,1986,Laboratory Test,667.34,2023-12-30
2947,541,Medication,277.8,2022-11-03
2948,9001,Diagnostic Imaging,949.17,2025-11-21
2949,4385,Surgery,3116.6,2023-08-30
2950,4853,Surgery,2827.91,2024-07-23
2951,5673,Radiation Therapy,4714.73,2023-03-07
2952,8377,Chemotherapy,9582.47,2023-08-31
2953,2585,Laboratory Test,159.16,2023-09-21
2954,9842,Chemotherapy,6496.08,2025-08-12
2955,2351,Diagnostic Imaging,360.88,2024-11-06
2956,4366,Consultation,322.11,2025-03-30
2957,1850,Physical Therapy,952.18,2025-01-09
2958,3442,Chemotherapy,4578.42,2022-05-30
2959,9899,Radiation Therapy,1207.39,2022-12-29
2960,6956,Medication,345.99,2025-08-29
2961,1444,Surgery,3294.43,2022-07-09
2962,3472,Laboratory Test,75.9,2025-05-26
2963,4404,Laboratory Test,39.46,2022-06-30
2964,6131,Consultation,53.6,2025-05-21
2965,9957,Laboratory Test,523.92,2025-10-15
2966,7165,Radiation Therapy,6223.76,2024-09-25
2967,8051,Rehabilitation,1290.15,2022-07-25
2968,3332,Diagnostic Imaging,955.59,2022-12-27
2969,8831,Radiation Therapy,2277.52,2025-08-29
2970,3862,Surgery,12330.47,2025-02-13
2971,3517,Medication,249.11,2022-06-18
2972,8189,Physical Therapy,862.08,2025-02-10
2973,7505,Rehabilitation,2138.58,2026-01-26
2974,4759,Laboratory Test,624.58,2024-04-04
2975,858,Diagnostic Imaging,178.38,2025-05-29
2976,5068,Chemotherapy,9610.16,2024-12-02
2977,398,Surgery,3986.35,2023-10-14
2978,5140,Medication,134.88,2023-11-03
2979,1938,Radiation Therapy,5121.62,2025-01-16
2980,3565,Rehabilitation,755.89,2022-09-11
2981,1925,Radiation Therapy,6464.55,2023-05-16
2982,5916,Medication,166.43,2023-03-05
2983,1010,Medication,293.66,2022-07-31
2984,8018,Consultation,448.2,2025-01-06
2985,6840,Medication,432.84,2022-05-06
2986,6790,Rehabilitation,2473.47,2023-01-17
2987,1685,Laboratory Test,591.62,2023-09-08
2988,1571,Radiation Therapy,3208.13,2022-07-01
2989,5859,Chemotherapy,5568.7,2025-01-19
2990,2472,Surgery,7700.02,2024-03-27
2991,2258,Diagnostic Imaging,105.52,2024-08-16
2992,2748,Consultation,206.99,2025-03-20
2993,4018,Laboratory Test,344.7,2024-06-22
2994,4166,Surgery,13009.94,2023-01-23
2995,4090,Rehabilitation,1753.86,2024-12-24
2996,4006,Consultation,55.7,2025-10-18
2997,8813,Medication,487.6,2025-10-23
2998,5887,Diagnostic Imaging,1045.76,2023-12-19
2999,3337,Laboratory Test,60.68,2025-08-18
3000,9876,Chemotherapy,7104.6,2025-09-25
3001,1751,Physical Therapy,851.4,2023-08-13
3002,8653,Rehabilitation,1946.02,2024-05-18
3003,8044,Chemotherapy,8073.23,2022-05-20
3004,9579,Physical Therapy,903.29,2022-01-13
3005,1182,Surgery,2476.41,2022-04-05
3006,9247,Rehabilitation,1414.95,2022-05-29
3007,8862,Consultation,105.43,2023-08-13
3008,6968,Chemotherapy,4312.65,2022-02-19
3009,4212,Medication,176.88,2024-12-23
3010,3289,Consultation,499.82,2022-12-04
3011,5791,Rehabilitation,2439.45,2024-10-13
3012,1950,Surgery,8727.85,2024-10-07
3013,2512,Radiation Therapy,6582.04,2024-05-11
3014,775,Rehabilitation,1079.8,2023-08-21
3015,8723,Consultation,270.73,2022-03-27
3016,6572,Medication,476.48,2025-04-06
3017,2653,Consultation,117.86,2025-08-04
3018,2691,Rehabilitation,1534.91,2022-09-21
3019,9370,Chemotherapy,4930.86,2025-05-11
3020,8214,Medication,482.12,2024-08-03
3021,7960,Physical Therapy,1107.71,2024-03-04
3022,9008,Chemotherapy,4133.47,2025-06-04
3023,6415,Physical Therapy,876.75,2024-04-23
3024,6243,Laboratory Test,45.65,2022-06-28
3025,2197,Diagnostic Imaging,1196.66,2023-04-06
3026,2847,Medication,448.22,2025-07-25
3027,9489,Chemotherapy,8243.29,2025-10-28
3028,4313,Chemotherapy,6767.77,2022-01-19
3029,4314,Physical Therapy,1389.77,2025-04-27
3030,606,Laboratory Test,502.35,2023-04-18
3031,6847,Physical Therapy,993.26,2025-09-12
3032,9362,Surgery,2872.94,2023-01-20
3033,3629,Consultation,328.58,2025-09-13
3034,5149,Surgery,2768.69,2024-03-22
3035,980,Laboratory Test,293.11,2025-08-25
3036,8073,Diagnostic Imaging,130.23,2022-02-26
3037,4604,Rehabilitation,1373.57,2023-12-13
3038,5607,Medication,30.22,2024-02-08
3039,7547,Surgery,6255.29,2025-05-02
3040,6520,Chemotherapy,6050.55,2024-10-25
3041,6630,Chemotherapy,3257.58,2025-09-13
3042,8210,Laboratory Test,277.92,2025-04-13
3043,7237,Medication,483.57,2025-04-07
3044,3626,Medication,357.27,2024-06-28
3045,7360,Laboratory Test,338.66,2022-04-26
3046,1002,Medication,171.08,2025-07-18
3047,9487,Medication,62.85,2025-07-02
3048,3902,Radiation Therapy,5107.63,2023-07-30
3049,7630,Surgery,13660.26,2024-12-27
3050,4206,Laboratory Test,515.71,2024-05-23
3051,6936,Rehabilitation,235.68,2025-12-27
3052,3477,Laboratory Test,311.31,2024-11-21
3053,8531,Laboratory Test,690.26,2025-05-11
3054,6263,Physical Therapy,188.65,2024-02-26
3055,5108,Medication,381.1,2025-12-27
3056,2055,Rehabilitation,1958.1,2022-11-28
3057,4227,Laboratory Test,384.56,2024-08-06
3058,5732,Physical Therapy,703.35,2023-06-24
3059,1905,Medication,321.17,2022-04-08
3060,6168,Radiation Therapy,6906.07,2024-12-09
3061,6775,Rehabilitation,2301.54,2022-11-24
3062,2532,Chemotherapy,7129.11,2023-07-04
3063,2199,Rehabilitation,2137.28,2024-05-17
3064,4036,Medication,156.0,2025-07-20
3065,7628,Rehabilitation,771.14,2023-11-27
3066,5538,Laboratory Test,144.7,2024-04-05
3067,9757,Radiation Therapy,5736.58,2025-10-25
3068,4735,Rehabilitation,1966.92,2022-03-14
3069,2038,Surgery,5048.7,2025-08-07
3070,4956,Medication,330.08,2022-09-29
3071,7055,Radiation Therapy,1840.47,2023-03-20
3072,9978,Physical Therapy,915.19,2023-08-05
3073,683,Surgery,9558.36,2023-01-07
3074,4399,Rehabilitation,629.55,2022-01-06
3075,1571,Chemotherapy,5563.24,2025-08-08
3076,1068,Diagnostic Imaging,1015.24,2023-12-12
3077,6135,Surgery,1085.21,2024-08-30
3078,4932,Surgery,1317.45,2025-08-10
3079,1480,Laboratory Test,663.31,2023-07-15
3080,4161,Consultation,248.32,2022-08-23
3081,5115,Diagnostic Imaging,299.07,2023-06-08
3082,7827,Physical Therapy,743.7,2023-12-14
3083,4346,Medication,43.75,2025-05-05
3084,4472,Medication,179.7,2024-04-04
3085,8272,Laboratory Test,639.62,2023-01-02
3086,3605,Radiation Therapy,4697.68,2025-06-08
3087,121,Chemotherapy,2084.54,2023-02-08
3088,3867,Surgery,10952.89,2022-02-23
3089,4754,Laboratory Test,389.48,2024-03-14
3090,1081,Chemotherapy,2550.79,2022-06-22
3091,2238,Radiation Therapy,4493.08,2024-09-30
3092,6537,Rehabilitation,1160.45,2022-09-22
3093,5624,Diagnostic Imaging,819.12,2022-06-10
3094,5534,Diagnostic Imaging,125.12,2024-11-28
3095,2202,Radiation Therapy,1988.18,2023-11-03
3096,8976,Surgery,9995.19,2025-01-31
3097,9568,Radiation Therapy,1033.01,2022-08-31
3098,7862,Chemotherapy,4244.28,2024-02-21
3099,8705,Surgery,14614.55,2025-01-28
3100,8310,Surgery,8011.36,2022-04-05
3101,8691,Chemotherapy,9952.35,2024-08-10
3102,3316,Chemotherapy,3025.46,2024-09-04
3103,8432,Diagnostic Imaging,665.76,2025-07-26
3104,1171,Consultation,188.31,2023-04-30
3105,3423,Chemotherapy,5226.91,2024-11-01
3106,4116,Consultation,416.62,2024-11-14
3107,5482,Rehabilitation,1649.81,2023-06-01
3108,595,Rehabilitation,2498.02,2022-12-29
3109,8629,Rehabilitation,1926.51,2022-08-22
3110,4920,Laboratory Test,411.55,2023-09-26
3111,3717,Radiation Therapy,4909.82,2025-02-03
3112,403,Chemotherapy,6745.67,2023-02-24
3113,925,Consultation,111.64,2024-01-01
3114,9414,Radiation Therapy,4946.59,2024-10-01
3115,2577,Chemotherapy,8214.44,2024-08-22
3116,6609,Chemotherapy,8747.78,2025-09-23
3117,2944,Medication,408.44,2022-09-16
3118,8259,Laboratory Test,428.11,2025-08-29
3119,4053,Medication,499.05,2024-11-28
3120,2896,Medication,123.85,2023-04-06
3121,3643,Consultation,274.85,2022-07-13
3122,2406,Medication,326.19,2024-08-30
3123,3864,Radiation Therapy,3767.98,2025-08-22
3124,4497,Physical Therapy,722.18,2025-06-11
3125,1452,Surgery,8430.31,2024-07-31
3126,9668,Laboratory Test,61.96,2024-10-07
3127,1972,Rehabilitation,443.0,2024-08-12
3128,1358,Consultation,399.59,2023-02-04
3129,5585,Diagnostic Imaging,568.74,2022-03-17
3130,2930,Laboratory Test,527.3,2022-08-22
3131,6628,Physical Therapy,267.87,2025-11-05
3132,6876,Surgery,2624.71,2025-06-20
3133,5352,Diagnostic Imaging,311.66,2025-02-18
3134,5710,Surgery,2677.28,2024-08-30
3135,4951,Physical Therapy,283.54,2024-06-11
3136,2851,Chemotherapy,6515.36,2022-10-04
3137,4771,Laboratory Test,117.17,2024-08-18
3138,5896,Medication,426.7,2022-05-02
3139,5093,Rehabilitation,1694.37,2025-05-08
3140,1179,Surgery,4423.35,2022-09-18
3141,3200,Chemotherapy,2513.67,2023-08-26
3142,4728,Diagnostic Imaging,892.01,2022-06-25
3143,4946,Chemotherapy,6581.19,2024-08-27
3144,274,Medication,456.01,2024-10-17
3145,2024,Physical Therapy,,2025-11-25
3146,508,Surgery,11259.82,2025-05-05
3147,4626,Physical Therapy,978.99,2025-01-31
3148,5023,Medication,386.03,2023-06-20
3149,3786,Laboratory Test,55.77,2022-07-03
3150,8103,Rehabilitation,675.35,2022-12-12
3151,5862,Chemotherapy,2780.56,2025-11-24
3152,750,Surgery,10391.78,2022-03-26
3153,5932,Consultation,194.14,2025-07-26
3154,2119,Laboratory Test,413.17,2022-10-01
3155,9986,Medication,424.59,2025-02-06
3156,1297,Medication,264.28,2024-04-28
3157,394,Diagnostic Imaging,91.92,2024-04-02
3158,1095,Laboratory Test,58.29,2024-10-07
3159,351,Radiation Therapy,3432.28,2022-07-08
3160,8198,Physical Therapy,735.95,2024-09-06
3161,5743,Surgery,9692.34,2025-11-01
3162,2726,Diagnostic Imaging,1102.64,2024-08-28
3163,53,Diagnostic Imaging,261.67,2025-01-01
3164,6583,Consultation,167.53,2023-09-29
3165,2949,Radiation Therapy,3522.53,2025-04-11
3166,23,Rehabilitation,1569.46,2025-02-18
3167,4650,Chemotherapy,1644.34,2022-09-26
3168,2044,Radiation Therapy,3190.98,2024-02-03
3169,881,Laboratory Test,159.46,2025-02-08
3170,8586,Rehabilitation,1932.49,2024-09-22
3171,2202,Chemotherapy,1971.41,2022-09-29
3172,3333,Physical Therapy,874.26,2025-12-01
3173,4700,Physical Therapy,670.31,2025-09-10
3174,7150,Chemotherapy,1693.15,2024-11-21
3175,2437,Chemotherapy,2103.26,2022-10-25
3176,9794,Medication,147.99,2025-03-03
3177,7431,Consultation,91.32,2024-05-20
3178,4332,Radiation Therapy,6643.94,2022-04-02
3179,1211,Chemotherapy,2509.36,2025-12-12
3180,7127,Radiation Therapy,4035.45,2025-01-02
3181,3075,Radiation Therapy,2707.34,2024-02-29
3182,3966,Laboratory Test,315.97,2022-08-08
3183,2547,Laboratory Test,287.92,2025-07-18
3184,4718,Rehabilitation,2184.67,2025-06-29
3185,1738,Medication,141.06,2023-10-18
3186,2481,Diagnostic Imaging,367.45,2022-05-11
3187,8899,Diagnostic Imaging,881.57,2022-02-27
3188,6491,Rehabilitation,2286.62,2022-09-23
3189,5719,Rehabilitation,1000.15,2023-05-24
3190,6429,Physical Therapy,1238.58,2022-10-03
3191,6877,Physical Therapy,663.9,2022-04-18
3192,5085,Rehabilitation,719.26,2023-01-02
3193,2730,Diagnostic Imaging,407.45,2024-06-07
3194,7134,Chemotherapy,7282.39,2022-06-23
3195,8303,Physical Therapy,275.18,2022-12-28
3196,6946,Consultation,143.76,2024-05-22
3197,4348,Diagnostic Imaging,192.23,2025-08-19
3198,3563,Laboratory Test,165.06,2022-10-01
3199,6553,Surgery,3239.39,2024-02-26
3200,7895,Physical Therapy,988.96,2022-04-23
3201,1308,Rehabilitation,256.65,2022-04-14
3202,6726,Radiation Therapy,3840.01,2024-10-04
3203,9428,Surgery,9667.73,2023-11-13
3204,3482,Laboratory Test,487.58,2024-07-24
3205,7723,Consultation,105.36,2025-09-28
3206,4726,Medication,69.07,2023-09-11
3207,8485,Consultation,291.55,2022-10-10
3208,9906,Surgery,4274.69,2024-09-10
3209,7257,Radiation Therapy,2936.44,2024-10-17
3210,6231,Consultation,431.76,2024-06-12
3211,2145,Diagnostic Imaging,1035.09,2024-11-15
3212,2575,Rehabilitation,1509.89,2024-09-22
3213,5138,Surgery,5902.09,2022-12-17
3214,6929,Rehabilitation,2426.51,2022-10-17
3215,6429,Rehabilitation,1865.85,2024-04-13
3216,9493,Medication,30.35,2024-08-29
3217,6486,Physical Therapy,419.57,2024-10-03
3218,3882,Medication,65.25,2022-05-23
3219,2346,Laboratory Test,683.72,2022-10-16
3220,6367,Radiation Therapy,5090.12,2022-03-03
3221,8879,Diagnostic Imaging,106.01,2024-03-09
3222,4924,Medication,103.39,2023-10-27
3223,9642,Radiation Therapy,2652.53,2023-11-13
3224,5138,Physical Therapy,433.99,2024-02-16
3225,1873,Diagnostic Imaging,1055.48,2022-09-20
3226,9770,Physical Therapy,346.79,2024-12-24
3227,2768,Laboratory Test,64.65,2022-05-28
3228,7576,Chemotherapy,7404.46,2022-05-26
3229,9065,Radiation Therapy,3546.16,2025-07-07
3230,5621,Diagnostic Imaging,814.9,2025-09-15
3231,437,Chemotherapy,1605.63,2024-03-11
3232,7030,Chemotherapy,7510.23,2023-04-01
3233,6067,Laboratory Test,694.23,2024-01-01
3234,8677,Surgery,7968.37,2023-01-01
3235,6793,Medication,166.4,2022-05-06
3236,9708,Surgery,5407.17,2025-12-04
3237,8099,Radiation Therapy,2409.85,2024-03-06
3238,1333,Medication,176.06,2024-11-01
3239,1239,Radiation Therapy,3129.81,2024-04-11
3240,9336,Laboratory Test,131.87,2023-07-20
3241,2038,Consultation,168.62,2023-03-04
3242,3457,Medication,407.49,2022-03-10
3243,2901,Radiation Therapy,1382.99,2024-02-18
3244,4256,Radiation Therapy,3969.38,2023-11-30
3245,4631,Physical Therapy,959.45,2023-12-26
3246,5261,Rehabilitation,730.93,2026-01-02
3247,7887,Radiation Therapy,2567.53,2025-05-07
3248,4124,Medication,61.83,2025-10-25
3249,5230,Rehabilitation,1221.9,2025-02-27
3250,2373,Diagnostic Imaging,468.27,2024-02-24
3251,5149,Consultation,251.84,2023-08-17
3252,9995,Physical Therapy,1100.96,2022-07-30
3253,1465,Chemotherapy,8019.53,2022-06-21
3254,160,Physical Therapy,1067.58,2022-08-16
3255,5908,Rehabilitation,999.93,2022-10-19
3256,292,Medication,495.85,2023-09-13
3257,507,Surgery,6141.13,2025-05-05
3258,7712,Diagnostic Imaging,730.41,2025-04-23
3259,8708,Laboratory Test,115.08,2022-02-28
3260,5784,Surgery,12762.91,2023-03-20
3261,1906,Diagnostic Imaging,1034.91,2025-11-29
3262,5046,Laboratory Test,315.23,2024-11-10
3263,8696,Surgery,1058.54,2024-09-18
3264,6853,Radiation Therapy,1375.18,2025-02-06
3265,6619,Physical Therapy,1133.52,2024-04-08
3266,9436,Surgery,11708.33,2024-10-21
3267,768,Radiation Therapy,5979.08,2025-03-06
3268,4671,Laboratory Test,370.35,2022-06-30
3269,9661,Chemotherapy,6560.7,2025-02-27
3270,6090,Diagnostic Imaging,751.14,2023-02-02
3271,6083,Medication,79.6,2023-11-28
3272,9677,Laboratory Test,158.71,2022-01-23
3273,7775,Rehabilitation,758.54,2024-01-30
3274,4827,Diagnostic Imaging,164.03,2025-09-26
3275,6216,Medication,217.68,2023-09-25
3276,5989,Surgery,8937.27,2022-04-02
3277,123,Chemotherapy,7105.3,2025-07-05
3278,6495,Radiation Therapy,7241.74,2024-12-28
3279,347,Diagnostic Imaging,645.63,2026-01-21
3280,4568,Chemotherapy,1788.88,2022-09-05
3281,8578,Radiation Therapy,7498.76,2023-09-02
3282,7047,Diagnostic Imaging,926.6,2023-07-25
3283,1161,Physical Therapy,469.6,2023-09-05
3284,7403,Surgery,6140.49,2022-11-29
3285,3352,Rehabilitation,450.02,2023-02-11
3286,4000,Laboratory Test,375.41,2025-08-14
3287,6026,Diagnostic Imaging,329.64,2024-10-26
3288,401,Chemotherapy,4977.99,2025-04-10
3289,3004,Diagnostic Imaging,245.16,2023-07-29
3290,5856,Chemotherapy,5561.36,2022-01-26
3291,9335,Medication,354.44,2024-05-29
3292,4102,Laboratory Test,266.88,2022-09-04
3293,2745,Chemotherapy,7338.76,2024-08-20
3294,7081,Rehabilitation,2065.04,2025-10-07
3295,4246,Rehabilitation,1674.45,2025-12-30
3296,6563,Rehabilitation,1728.66,2024-06-30
3297,6744,Chemotherapy,6524.45,2022-12-13
3298,8828,Consultation,459.43,2025-02-24
3299,2201,Medication,100.77,2024-01-31
3300,4118,Surgery,11730.35,2024-08-05
3301,8349,Laboratory Test,30.6,2023-09-20
3302,5826,Surgery,12706.36,2022-08-12
3303,9580,Rehabilitation,1938.78,2023-12-23
3304,8078,Physical Therapy,302.43,2022-11-16
3305,7053,Surgery,12187.58,2025-11-02
3306,8870,Laboratory Test,262.26,2025-01-19
3307,7732,Radiation Therapy,3863.08,2022-12-05
3308,8331,Physical Therapy,1241.57,2025-07-25
3309,6261,Physical Therapy,380.44,2024-05-02
3310,8531,Laboratory Test,579.49,2023-05-04
3311,6964,Consultation,325.52,2023-03-23
3312,1503,Consultation,455.19,2025-12-12
3313,8038,Surgery,2957.71,2022-11-10
3314,834,Diagnostic Imaging,240.43,2022-08-22
3315,2612,Chemotherapy,2268.43,2024-06-17
3316,3155,Laboratory Test,93.9,2023-06-29
3317,8774,Radiation Therapy,5585.04,2022-06-14
3318,6705,Radiation Therapy,5188.25,2025-07-03
3319,7376,Medication,85.29,2023-12-29
3320,4525,Consultation,428.67,2025-03-13
3321,9377,Chemotherapy,5789.39,2025-01-31
3322,4791,Diagnostic Imaging,1072.11,2022-07-04
3323,8137,Consultation,98.38,2023-09-30
3324,6521,Radiation Therapy,2299.66,2025-06-28
3325,2110,Diagnostic Imaging,737.53,2025-03-18
3326,5008,Physical Therapy,279.48,2024-05-19
3327,1989,Diagnostic Imaging,306.91,2023-07-29
3328,6965,Radiation Therapy,2602.56,2022-02-01
3329,8250,Physical Therapy,1388.27,2024-06-25
3330,1422,Physical Therapy,1184.08,2022-05-31
3331,9945,Laboratory Test,565.17,2022-12-11
3332,6948,Physical Therapy,1072.02,2022-02-12
3333,1259,Surgery,10897.05,2022-06-01
3334,3510,Laboratory Test,148.08,2025-08-18
3335,5235,Rehabilitation,1308.05,2025-05-26
3336,8092,Physical Therapy,154.63,2023-08-24
3337,6030,Laboratory Test,308.6,2025-07-16
3338,4245,Rehabilitation,1452.48,2024-06-12
3339,5552,Rehabilitation,410.29,2025-04-03
3340,3989,Chemotherapy,6729.91,2023-05-11
3341,5074,Radiation Therapy,1762.22,2025-03-27
3342,1174,Rehabilitation,1631.31,2025-03-09
3343,1016,Consultation,489.99,2024-09-11
3344,6848,Surgery,8270.38,2024-08-25
3345,3607,Radiation Therapy,4101.76,2025-02-26
3346,5785,Rehabilitation,1458.21,2026-01-20
3347,2397,Rehabilitation,353.35,2025-01-14
3348,6880,Rehabilitation,2235.95,2022-12-17
3349,3103,Diagnostic Imaging,799.63,2022-07-21
3350,983,Rehabilitation,2280.38,2022-02-18
3351,2033,Laboratory Test,91.15,2024-06-26
3352,7815,Radiation Therapy,2703.37,2023-05-05
3353,1020,Radiation Therapy,1977.59,2022-02-11
3354,8835,Medication,446.81,2025-01-21
3355,1273,Consultation,473.98,2022-01-07
3356,7919,Rehabilitation,2005.96,2023-08-02
3357,5769,Radiation Therapy,7328.82,2022-12-10
3358,2320,Diagnostic Imaging,629.59,2025-02-13
3359,176,Chemotherapy,9527.42,2023-04-19
3360,5918,Radiation Therapy,1249.59,2022-09-14
3361,5239,Physical Therapy,203.32,2024-07-26
3362,9912,Consultation,295.64,2024-09-07
3363,7881,Medication,436.73,2022-09-15
3364,9652,Laboratory Test,233.39,2024-07-22
3365,8142,Surgery,13267.95,2026-01-09
3366,4604,Surgery,12193.17,2022-07-19
3367,484,Surgery,1953.12,2023-11-15
3368,3238,Diagnostic Imaging,247.28,2023-02-21
3369,3650,Surgery,3759.67,2024-09-29
3370,559,Rehabilitation,756.6,2023-08-10
3371,2160,Physical Therapy,812.92,2023-10-25
3372,5293,Medication,22.27,2023-06-15
3373,8261,Surgery,9714.22,2025-06-20
3374,5680,Consultation,72.92,2025-03-24
3375,5994,Rehabilitation,2357.37,2022-09-30
3376,8693,Radiation Therapy,2995.75,2026-01-30
3377,3611,Consultation,53.19,2022-10-10
3378,1305,Laboratory Test,580.14,2026-01-01
3379,781,Laboratory Test,154.06,2025-05-15
3380,3395,Surgery,1101.31,2024-01-13
3381,6677,Rehabilitation,1522.46,2022-09-22
3382,9660,Consultation,378.37,2024-06-12
3383,5990,Surgery,10488.9,2025-08-14
3384,1540,Surgery,12426.3,2025-06-23
3385,9998,Chemotherapy,8616.37,2026-01-09
3386,5479,Consultation,233.83,2022-02-11
3387,6544,Rehabilitation,2127.81,2023-12-04
3388,1244,Laboratory Test,492.69,2024-10-11
3389,4509,Physical Therapy,750.88,2024-10-08
3390,6800,Medication,150.44,2025-05-31
3391,3384,Surgery,12035.62,2025-04-06
3392,525,Medication,447.18,2022-12-31
3393,1893,Consultation,375.39,2024-03-27
3394,8624,Radiation Therapy,2231.7,2023-06-07
3395,9442,Consultation,398.49,2023-01-07
3396,8595,Radiation Therapy,2036.51,2023-08-17
3397,6289,Medication,120.6,2024-09-11
3398,5812,Consultation,236.65,2025-07-08
3399,9508,Laboratory Test,644.56,2024-03-16
3400,5070,Radiation Therapy,5437.49,2022-12-04
3401,7151,Consultation,421.12,2025-08-03
3402,9894,Chemotherapy,1626.86,2023-01-01
3403,2923,Consultation,251.02,2024-12-02
3404,4419,Laboratory Test,273.51,2022-01-25
3405,5237,Chemotherapy,6196.76,2025-12-28
3406,4352,Consultation,51.37,2024-12-23
3407,8972,Chemotherapy,1949.95,2023-07-27
3408,4523,Rehabilitation,2227.52,2023-01-28
3409,6080,Chemotherapy,5724.68,2023-03-28
3410,4039,Medication,101.65,2024-11-14
3411,4469,Consultation,425.47,2025-05-27
3412,7389,Medication,287.21,2022-07-29
3413,8214,Radiation Therapy,2030.73,2025-11-06
3414,5369,Diagnostic Imaging,219.35,2023-01-21
3415,8193,Radiation Therapy,2648.51,2024-05-25
3416,1030,Medication,483.0,2022-09-05
3417,2953,Radiation Therapy,5505.95,2023-06-18
3418,7224,Rehabilitation,909.9,2022-08-26
3419,9084,Surgery,2191.25,2023-06-14
3420,6228,Medication,337.83,2025-10-19
3421,2650,Laboratory Test,392.43,2023-04-11
3422,6380,Surgery,12362.22,2024-06-07
3423,1939,Consultation,487.21,2025-08-24
3424,9431,Rehabilitation,704.06,2025-01-09
3425,8845,Consultation,51.35,2025-02-06
3426,4474,Consultation,333.77,2024-09-12
3427,658,Diagnostic Imaging,364.58,2024-10-29
3428,7328,Laboratory Test,427.04,2023-11-23
3429,8167,Rehabilitation,1814.57,2022-11-18
3430,3920,Physical Therapy,860.38,2024-04-27
3431,9909,Rehabilitation,1253.62,2024-03-22
3432,1094,Radiation Therapy,5875.4,2023-07-17
3433,3744,Medication,39.88,2024-10-27
3434,7641,Radiation Therapy,4603.3,2024-10-15
3435,9955,Physical Therapy,1347.81,2024-10-08
3436,4156,Diagnostic Imaging,1157.2,2025-06-11
3437,6461,Physical Therapy,722.06,2025-03-02
3438,5514,Rehabilitation,212.16,2025-08-31
3439,6287,Physical Therapy,184.79,2025-07-19
3440,2660,Radiation Therapy,7661.39,2024-11-22
3441,1505,Chemotherapy,4076.27,2025-10-28
3442,1034,Radiation Therapy,4948.5,2025-08-05
3443,7920,Surgery,1360.47,2023-05-11
3444,5760,Laboratory Test,48.79,2023-03-28
3445,8281,Physical Therapy,432.06,2023-11-19
3446,7037,Surgery,5980.22,2024-06-23
3447,1472,Rehabilitation,851.44,2023-10-12
3448,6961,Diagnostic Imaging,517.54,2024-06-12
3449,9341,Rehabilitation,1184.36,2024-03-16
3450,6010,Medication,397.43,2023-07-18
3451,4927,Consultation,132.79,2022-02-04
3452,905,Consultation,490.13,2024-11-06
3453,7768,Medication,372.98,2024-06-11
3454,4537,Radiation Therapy,7058.44,2022-12-12
3455,7473,Diagnostic Imaging,98.89,2025-01-18
3456,2155,Surgery,10690.83,2023-04-13
3457,4111,Consultation,144.18,2025-02-19
3458,7659,Surgery,14911.06,2024-07-03
3459,2567,Surgery,3573.33,2025-05-11
3460,7572,Consultation,260.84,2024-04-24
3461,2658,Rehabilitation,831.78,2025-11-14
3462,7951,Laboratory Test,357.08,2023-01-10
3463,9087,Medication,248.48,2025-09-28
3464,1600,Surgery,5034.53,2025-01-09
3465,4773,Diagnostic Imaging,680.9,2024-01-20
3466,8929,Physical Therapy,1270.4,2024-12-08
3467,1190,Consultation,254.1,2026-01-27
3468,4959,Surgery,12930.49,2022-09-27
3469,8377,Medication,23.31,2022-12-17
3470,3968,Chemotherapy,4965.69,2025-08-14
3471,7876,Diagnostic Imaging,262.77,2022-12-26
3472,1538,Physical Therapy,204.2,2024-02-11
3473,7421,Diagnostic Imaging,950.82,2023-07-08
3474,720,Consultation,279.73,2023-06-06
3475,3232,Rehabilitation,671.01,2025-11-05
3476,3978,Consultation,347.33,2022-08-01
3477,7240,Surgery,5380.62,2025-01-10
3478,5003,Surgery,10034.09,2025-04-15
3479,1664,Laboratory Test,450.39,2022-01-21
3480,6591,Surgery,9344.96,2025-08-22
3481,8458,Medication,138.9,2023-09-12
3482,9293,Radiation Therapy,5171.91,2025-03-15
3483,2403,Physical Therapy,678.64,2022-05-06
3484,9889,Consultation,409.03,2023-10-20
3485,4309,Consultation,354.17,2022-03-24
3486,2610,Laboratory Test,129.87,2023-12-08
3487,7140,Radiation Therapy,5607.59,2024-04-06
3488,7959,Radiation Therapy,6009.12,2022-02-27
3489,4303,Rehabilitation,1634.79,2024-02-09
3490,6793,Consultation,269.05,2022-01-18
3491,5462,Consultation,269.87,2024-12-14
3492,7408,Diagnostic Imaging,597.54,2025-04-17
3493,61,Laboratory Test,68.81,2024-03-07
3494,7300,Physical Therapy,783.7,2025-03-30
3495,1044,Surgery,4453.42,2023-07-30
3496,6102,Diagnostic Imaging,573.63,2023-12-09
3497,5400,Medication,183.41,2022-04-14
3498,1557,Surgery,13549.11,2023-11-06
3499,2426,Medication,484.28,2026-01-01
3500,4360,Medication,322.42,2024-02-16
3501,3792,Radiation Therapy,3617.38,2025-12-17
3502,3941,Consultation,176.8,2022-04-07
3503,4299,Chemotherapy,3465.71,2022-11-19
3504,2445,Radiation Therapy,3588.64,2024-06-19
3505,6709,Medication,321.6,2022-04-11
3506,8897,Laboratory Test,359.96,2023-04-06
3507,7300,Chemotherapy,7829.47,2022-09-29
3508,533,Rehabilitation,671.03,2023-04-21
3509,8465,Laboratory Test,100.37,2024-02-23
3510,5111,Chemotherapy,9480.65,2025-06-17
3511,8100,Chemotherapy,5987.09,2026-01-08
3512,9053,Surgery,10982.78,2023-03-23
3513,8711,Radiation Therapy,4768.78,2022-07-28
3514,7878,Consultation,394.86,2025-12-28
3515,8415,Medication,159.67,2023-09-17
3516,6262,Medication,32.68,2025-02-03
3517,721,Laboratory Test,553.12,2022-05-19
3518,5506,Rehabilitation,1117.78,2023-09-23
3519,9020,Medication,171.37,2023-07-11
3520,5187,Laboratory Test,121.11,2024-03-08
3521,204,Medication,163.29,2023-10-17
3522,2359,Laboratory Test,477.25,2024-10-08
3523,8189,Physical Therapy,911.73,2023-05-03
3524,6211,Rehabilitation,2402.24,2023-10-19
3525,7520,Rehabilitation,620.88,2024-02-05
3526,5187,Consultation,134.47,2025-01-22
3527,8737,Rehabilitation,2426.88,2022-11-26
3528,2800,Medication,22.37,2023-03-08
3529,6781,Surgery,7670.09,2025-06-22
3530,5659,Chemotherapy,8657.58,2022-05-22
3531,6425,Chemotherapy,8078.49,2024-12-09
3532,6453,Medication,137.52,2024-04-22
3533,3935,Consultation,396.89,2023-03-13
3534,9984,Radiation Therapy,6972.52,2025-09-28
3535,3401,Radiation Therapy,5416.22,2022-07-13
3536,3050,Medication,376.14,2023-01-02
3537,346,Chemotherapy,4124.67,2024-10-09
3538,5353,Rehabilitation,1999.64,2026-01-19
3539,8858,Surgery,9180.62,2024-02-14
3540,6906,Surgery,14024.84,2025-07-04
3541,9380,Diagnostic Imaging,773.74,2024-04-04
3542,6286,Rehabilitation,1479.71,2023-06-06
3543,5953,Diagnostic Imaging,1075.67,2025-11-14
3544,3170,Consultation,453.14,2025-08-11
3545,9908,Radiation Therapy,7706.49,2024-05-15
3546,1780,Physical Therapy,847.53,2024-04-03
3547,8774,Medication,88.21,2025-07-04
3548,130,Consultation,353.35,2023-11-21
3549,6205,Surgery,1902.2,2023-10-17
3550,843,Chemotherapy,7179.79,2025-03-17
3551,2513,Medication,423.75,2022-04-22
3552,6577,Radiation Therapy,1681.73,2024-01-20
3553,7345,Physical Therapy,584.24,2024-05-02
3554,9152,Chemotherapy,4192.63,2022-05-11
3555,7592,Radiation Therapy,7103.29,2022-09-28
3556,4048,Surgery,4709.38,2024-01-02
3557,3624,Consultation,87.85,2026-01-18
3558,6097,Medication,181.6,2022-04-24
3559,8179,Chemotherapy,7370.36,2022-11-16
3560,249,Surgery,2706.76,2025-02-04
3561,6002,Surgery,9764.14,2022-09-18
3562,7665,Radiation Therapy,5743.44,2023-10-02
3563,7936,Laboratory Test,120.5,2025-03-14
3564,7335,Diagnostic Imaging,189.0,2024-09-30
3565,732,Radiation Therapy,1169.91,2024-03-14
3566,6927,Medication,401.48,2025-01-26
3567,290,Rehabilitation,1723.01,2025-11-18
3568,3614,Laboratory Test,570.83,2023-10-26
3569,5611,Laboratory Test,579.81,2022-05-06
3570,2798,Chemotherapy,7812.0,2025-06-11
3571,2729,Physical Therapy,171.28,2022-01-08
3572,8360,Consultation,302.1,2022-11-01
3573,4882,Radiation Therapy,4262.05,2024-08-06
3574,6197,Radiation Therapy,2150.43,2023-11-23
3575,3566,Diagnostic Imaging,405.36,2024-03-18
3576,5667,Laboratory Test,688.66,2022-06-18
3577,9456,Laboratory Test,104.84,2023-05-10
3578,5807,Rehabilitation,671.24,2023-01-10
3579,3878,Laboratory Test,503.01,2023-07-31
3580,2226,Consultation,312.92,2024-03-13
3581,5299,Rehabilitation,804.36,2025-01-05
3582,988,Physical Therapy,245.92,2025-02-15
3583,4738,Laboratory Test,419.77,2025-08-14
3584,2741,Surgery,12147.81,2023-09-29
3585,222,Radiation Therapy,3865.26,2023-01-30
3586,2465,Laboratory Test,122.8,2026-01-08
3587,3997,Surgery,11333.05,2022-08-25
3588,8819,Diagnostic Imaging,905.3,2024-07-23
3589,6954,Medication,326.84,2022-05-28
3590,6850,Radiation Therapy,1265.17,2022-03-12
3591,8839,Physical Therapy,1124.64,2026-01-20
3592,5593,Radiation Therapy,1866.33,2025-05-28
3593,3946,Rehabilitation,618.16,2023-11-20
3594,7425,Chemotherapy,9449.35,2023-09-24
3595,2834,Chemotherapy,2110.75,2025-07-18
3596,3498,Consultation,76.23,2022-12-18
3597,5244,Surgery,10115.95,2025-10-22
3598,9327,Rehabilitation,1372.45,2023-04-20
3599,9253,Radiation Therapy,7502.72,2024-07-11
3600,9206,Chemotherapy,2706.72,2024-04-14
3601,2487,Rehabilitation,546.61,2022-07-15
3602,2625,Diagnostic Imaging,637.36,2023-06-12
3603,3884,Rehabilitation,1631.04,2023-12-07
3604,7583,Chemotherapy,7178.49,2022-08-25
3605,7122,Surgery,10923.63,2025-04-17
3606,8619,Medication,376.19,2023-07-30
3607,2057,Rehabilitation,570.19,2023-10-15
3608,7554,Chemotherapy,4087.24,2025-06-25
3609,4540,Radiation Therapy,1452.02,2022-11-23
3610,9398,Rehabilitation,1731.59,2024-02-29
3611,8431,Diagnostic Imaging,488.65,2024-10-02
3612,4383,Consultation,421.21,2024-11-24
3613,4597,Diagnostic Imaging,762.0,2025-10-27
3614,1054,Surgery,9567.09,2022-02-27
3615,6039,Laboratory Test,430.76,2024-10-10
3616,9813,Medication,342.04,2023-04-25
3617,448,Medication,373.32,2022-10-20
3618,9591,Chemotherapy,5059.88,2023-11-17
3619,625,Physical Therapy,943.88,2022-12-08
3620,3305,Laboratory Test,441.3,2024-09-02
3621,9205,Chemotherapy,1824.93,2024-09-16
3622,4980,Surgery,3429.14,2022-07-16
3623,6951,Rehabilitation,2279.31,2024-04-17
3624,5112,Rehabilitation,1062.86,2025-02-12
3625,4120,Surgery,10281.82,2024-07-05
3626,9792,Radiation Therapy,3712.42,2025-10-17
3627,181,Surgery,12250.16,2025-01-18
3628,1659,Consultation,412.0,2024-09-13
3629,8022,Diagnostic Imaging,658.18,2022-09-17
3630,6151,Diagnostic Imaging,380.72,2026-01-21
3631,945,Chemotherapy,2855.83,2024-10-16
3632,2850,Diagnostic Imaging,980.51,2024-10-18
3633,7170,Radiation Therapy,7216.38,2023-12-06
3634,2116,Radiation Therapy,5893.45,2025-02-06
3635,1010,Laboratory Test,218.99,2026-01-18
3636,8105,Diagnostic Imaging,643.1,2023-09-25
3637,1183,Surgery,9973.02,2023-02-16
3638,2990,Surgery,12017.44,2025-12-27
3639,5239,Chemotherapy,4596.42,2025-10-20
3640,3791,Physical Therapy,1018.05,2023-09-12
3641,4646,Laboratory Test,281.5,2025-09-10
3642,9762,Chemotherapy,6448.46,2025-08-21
3643,7383,Laboratory Test,538.08,2025-09-11
3644,6069,Medication,340.37,2022-11-28
3645,8516,Laboratory Test,368.88,2025-01-18
3646,8947,Diagnostic Imaging,1142.45,2025-10-25
3647,7855,Surgery,14493.43,2024-03-26
3648,7368,Surgery,3626.39,2024-02-29
3649,1807,Chemotherapy,8326.12,2025-04-29
3650,5654,Laboratory Test,185.47,2024-08-18
3651,8479,Physical Therapy,1342.79,2024-04-19
3652,4892,Surgery,7878.36,2024-02-18
3653,7877,Radiation Therapy,1594.41,2024-02-01
3654,977,Chemotherapy,6501.15,2023-02-27
3655,5492,Diagnostic Imaging,629.03,2023-07-04
3656,2855,Chemotherapy,3456.35,2024-05-26
3657,408,Radiation Therapy,2762.99,2024-02-01
3658,3418,Chemotherapy,7352.56,2022-02-20
3659,4190,Surgery,10663.9,2023-02-21
3660,7198,Diagnostic Imaging,1028.61,2023-11-19
3661,8568,Consultation,238.56,2022-05-18
3662,7604,Laboratory Test,298.87,2022-05-26
3663,3447,Consultation,208.44,2022-01-16
3664,9875,Chemotherapy,9420.21,2024-01-18
3665,5932,Surgery,1358.59,2024-09-17
3666,9471,Laboratory Test,435.94,2022-03-12
3667,1114,Laboratory Test,176.66,2022-03-24
3668,5175,Physical Therapy,964.7,2024-01-14
3669,3740,Surgery,12138.72,2025-05-14
3670,8962,Physical Therapy,264.57,2023-08-31
3671,5813,Rehabilitation,1019.87,2025-03-30
3672,6988,Physical Therapy,1282.29,2024-03-05
3673,5607,Medication,314.22,2023-05-05
3674,3318,Diagnostic Imaging,1134.53,2022-12-29
3675,8948,Medication,37.54,2024-12-28
3676,9968,Consultation,473.89,2024-08-03
3677,7153,Consultation,127.41,2024-02-24
3678,3063,Chemotherapy,2891.95,2023-05-20
3679,8875,Laboratory Test,85.41,2024-07-23
3680,9430,Radiation Therapy,4474.98,2022-12-28
3681,2420,Consultation,262.21,2023-07-12
3682,951,Consultation,73.64,2024-07-14
3683,3019,Consultation,454.87,2025-09-09
3684,8175,Laboratory Test,618.7,2024-04-27
3685,2342,Chemotherapy,9493.87,2025-08-22
3686,3047,Radiation Therapy,5862.41,2024-04-04
3687,6307,Rehabilitation,469.96,2024-08-20
3688,3534,Medication,339.15,2025-03-07
3689,9763,Medication,474.13,2022-11-30
3690,3558,Surgery,2106.16,2024-07-11
3691,7525,Surgery,7500.78,2023-07-19
3692,4026,Chemotherapy,1507.35,2023-12-28
3693,8722,Consultation,425.26,2022-06-05
3694,842,Consultation,244.3,2022-12-17
3695,129,Laboratory Test,612.7,2022-07-13
3696,7716,Surgery,6860.46,2024-12-31
3697,7146,Chemotherapy,3570.37,2026-01-12
3698,3988,Consultation,414.7,2022-04-07
3699,8967,Diagnostic Imaging,535.31,2024-03-28
3700,6293,Radiation Therapy,7413.05,2022-04-15
3701,5658,Diagnostic Imaging,576.88,2023-03-17
3702,892,Radiation Therapy,2610.5,2023-10-19
3703,512,Consultation,280.58,2022-03-13
3704,9815,Radiation Therapy,4181.06,2022-07-11
3705,2275,Medication,151.07,2024-01-05
3706,8165,Diagnostic Imaging,623.81,2025-01-13
3707,5850,Laboratory Test,570.94,2024-09-30
3708,4241,Laboratory Test,152.02,2023-03-27
3709,207,Diagnostic Imaging,151.76,2024-02-06
3710,5913,Chemotherapy,1999.39,2023-11-30
3711,6898,Diagnostic Imaging,1002.42,2024-06-20
3712,7178,Rehabilitation,538.72,2022-11-19
3713,7854,Laboratory Test,457.59,2024-05-22
3714,304,Chemotherapy,9268.2,2022-11-10
3715,5850,Radiation Therapy,5482.86,2025-01-13
3716,1620,Surgery,14434.41,2025-08-25
3717,827,Surgery,5613.29,2024-08-03
3718,6047,Chemotherapy,8009.72,2024-05-22
3719,2776,Radiation Therapy,2169.63,2022-10-20
3720,9131,Diagnostic Imaging,262.68,2024-03-14
3721,2087,Surgery,8728.71,2022-08-08
3722,1111,Radiation Therapy,6347.39,2025-08-23
3723,501,Surgery,12810.52,2024-06-02
3724,6700,Medication,297.03,2024-09-20
3725,7058,Consultation,297.22,2022-04-15
3726,1096,Diagnostic Imaging,401.03,2022-07-25
3727,6214,Physical Therapy,191.87,2025-11-13
3728,5162,Chemotherapy,5575.9,2024-11-29
3729,6337,Rehabilitation,1115.31,2023-08-17
3730,6195,Surgery,4471.63,2025-10-19
3731,876,Physical Therapy,1171.85,2025-08-30
3732,6338,Physical Therapy,1212.6,2022-07-04
3733,8184,Rehabilitation,935.75,2022-01-17
3734,6623,Consultation,315.82,2025-06-19
3735,7194,Surgery,5962.96,2023-02-28
3736,2492,Surgery,13924.41,2023-10-16
3737,7085,Medication,169.14,2024-12-05
3738,695,Medication,390.87,2024-02-03
3739,8612,Radiation Therapy,6172.71,2022-09-17
3740,1057,Laboratory Test,683.85,2024-01-23
3741,3917,Consultation,470.55,2025-07-24
3742,8016,Diagnostic Imaging,830.34,2022-12-14
3743,559,Rehabilitation,572.35,2022-07-17
3744,4242,Rehabilitation,1853.68,2025-05-22
3745,5274,Chemotherapy,9160.6,2022-08-03
3746,6165,Medication,218.29,2022-09-06
3747,8823,Rehabilitation,898.5,2023-04-26
3748,6423,Rehabilitation,1162.9,2023-06-27
3749,6732,Radiation Therapy,6965.42,2022-12-11
3750,1098,Diagnostic Imaging,835.24,2022-04-25
3751,6035,Diagnostic Imaging,1165.54,2023-10-05
3752,5588,Chemotherapy,4003.14,2023-04-03
3753,2949,Chemotherapy,8217.52,2023-05-05
3754,9697,Physical Therapy,1232.31,2024-05-12
3755,254,Rehabilitation,300.9,2022-05-22
3756,1975,Chemotherapy,2003.46,2022-05-10
3757,452,Physical Therapy,935.46,2023-04-27
3758,320,Consultation,411.83,2023-04-22
3759,2966,Diagnostic Imaging,566.55,2025-02-07
3760,4348,Surgery,12079.4,2023-10-11
3761,5657,Medication,102.67,2025-05-17
3762,609,Rehabilitation,1712.31,2024-06-18
3763,4591,Physical Therapy,737.88,2024-10-27
3764,1148,Radiation Therapy,1407.64,2024-08-11
3765,1212,Physical Therapy,904.77,2025-05-22
3766,59,Surgery,10242.93,2026-01-29
3767,1968,Diagnostic Imaging,357.81,2022-12-10
3768,6360,Chemotherapy,7679.07,2025-12-29
3769,1091,Radiation Therapy,4941.24,2026-01-11
3770,2298,Diagnostic Imaging,1015.51,2022-09-12
3771,8515,Physical Therapy,181.33,2025-04-12
3772,7158,Radiation Therapy,3403.32,2026-01-10
3773,8894,Medication,337.51,2022-11-25
3774,543,Medication,341.12,2022-08-02
3775,4721,Rehabilitation,478.96,2024-10-06
3776,8066,Medication,327.89,2022-05-31
3777,1646,Laboratory Test,472.36,2024-07-02
3778,8294,Radiation Therapy,2529.21,2023-03-22
3779,4672,Chemotherapy,5142.78,2025-01-15
3780,8180,Diagnostic Imaging,322.18,2024-03-02
3781,1639,Radiation Therapy,3824.17,2022-05-13
3782,5541,Rehabilitation,1043.75,2023-03-16
3783,3481,Surgery,7437.11,2022-10-16
3784,2286,Diagnostic Imaging,637.36,2022-08-19
3785,6301,Rehabilitation,1295.73,2022-02-22
3786,4186,Medication,268.8,2024-08-27
3787,5733,Medication,54.17,2025-01-27
3788,3821,Surgery,13393.7,2023-06-17
3789,3714,Radiation Therapy,3835.07,2025-08-27
3790,2919,Medication,123.06,2023-04-16
3791,9247,Surgery,1720.64,2023-04-22
3792,1397,Physical Therapy,1435.07,2024-07-29
3793,7205,Surgery,2177.28,2024-02-11
3794,1192,Medication,493.23,2024-09-06
3795,9262,Consultation,316.6,2025-12-18
3796,42,Diagnostic Imaging,597.86,2023-05-19
3797,2609,Laboratory Test,453.73,2024-11-15
3798,8420,Surgery,10501.09,2025-01-04
3799,8303,Rehabilitation,1269.66,2024-09-02
3800,6064,Diagnostic Imaging,739.98,2023-11-28
3801,142,Surgery,13567.52,2025-06-09
3802,6073,Surgery,1259.07,2022-09-06
3803,5328,Surgery,8798.19,2024-06-30
3804,3031,Physical Therapy,565.04,2025-03-26
3805,9540,Surgery,14819.13,2025-12-25
3806,4170,Laboratory Test,205.42,2025-03-11
3807,2732,Medication,51.19,2023-01-09
3808,4591,Medication,398.58,2025-03-31
3809,6927,Diagnostic Imaging,123.11,2023-04-05
3810,8828,Radiation Therapy,5558.77,2022-03-25
3811,8502,Laboratory Test,407.42,2023-04-18
3812,905,Surgery,6431.67,2025-08-22
3813,7723,Chemotherapy,8788.23,2023-04-20
3814,5882,Radiation Therapy,6678.65,2025-09-01
3815,551,Consultation,65.52,2022-04-27
3816,3495,Medication,269.32,2022-04-26
3817,9941,Diagnostic Imaging,1178.33,2024-06-27
3818,8206,Radiation Therapy,1516.95,2022-08-30
3819,9975,Chemotherapy,6296.81,2022-10-13
3820,9368,Diagnostic Imaging,1107.7,2023-05-07
3821,2397,Physical Therapy,1013.71,2024-10-16
3822,9995,Consultation,229.81,2022-11-03
3823,5779,Medication,314.87,2025-10-14
3824,1386,Consultation,432.88,2022-10-22
3825,7459,Chemotherapy,4316.71,2022-12-23
3826,1618,Radiation Therapy,2664.27,2024-03-18
3827,765,Radiation Therapy,3871.5,2025-07-26
3828,5460,Chemotherapy,6309.25,2022-01-13
3829,8509,Physical Therapy,135.51,2025-01-16
3830,6855,Radiation Therapy,2842.12,2024-10-18
3831,256,Consultation,204.36,2025-06-08
3832,9656,Diagnostic Imaging,998.21,2022-05-29
3833,5928,Rehabilitation,700.17,2023-04-20
3834,9424,Surgery,11708.23,2024-10-12
3835,2082,Chemotherapy,5491.36,2022-02-04
3836,3067,Radiation Therapy,7213.36,2023-09-04
3837,9530,Diagnostic Imaging,521.99,2022-06-02
3838,8492,Surgery,11852.48,2025-10-25
3839,8493,Diagnostic Imaging,483.26,2023-09-17
3840,6945,Chemotherapy,9663.75,2024-09-28
3841,2305,Radiation Therapy,6890.96,2022-11-15
3842,8035,Radiation Therapy,1652.95,2022-06-26
3843,8110,Laboratory Test,126.99,2024-10-04
3844,8023,Rehabilitation,1991.22,2025-07-03
3845,67,Radiation Therapy,4339.04,2022-05-23
3846,6225,Radiation Therapy,2334.42,2025-12-02
3847,8808,Diagnostic Imaging,656.37,2023-10-22
3848,8814,Diagnostic Imaging,536.41,2024-12-28
3849,2559,Diagnostic Imaging,169.79,2022-06-03
3850,2357,Chemotherapy,7444.0,2026-01-16
3851,2208,Laboratory Test,643.34,2023-04-12
3852,5809,Radiation Therapy,5338.83,2023-11-11
3853,5235,Rehabilitation,1839.43,2024-05-19
3854,9164,Medication,50.95,2022-05-26
3855,7972,Diagnostic Imaging,202.4,2023-08-19
3856,4201,Consultation,141.03,2024-01-25
3857,2031,Medication,71.3,2024-09-08
3858,6931,Diagnostic Imaging,822.55,2024-10-25
3859,3582,Medication,409.71,2022-10-01
3860,6568,Rehabilitation,1029.74,2024-07-16
3861,4430,Radiation Therapy,1203.36,2023-03-07
3862,7673,Physical Therapy,1017.38,2022-08-18
3863,4050,Diagnostic Imaging,361.73,2024-01-07
3864,2782,Chemotherapy,9812.5,2024-12-09
3865,4606,Consultation,268.25,2026-01-15
3866,9627,Physical Therapy,248.45,2024-09-17
3867,1718,Radiation Therapy,4940.48,2022-06-02
3868,8295,Physical Therapy,589.06,2023-12-20
3869,6366,Chemotherapy,7074.06,2022-02-26
3870,6935,Physical Therapy,1203.64,2026-01-23
3871,6667,Chemotherapy,3248.7,2023-12-16
3872,2512,Diagnostic Imaging,390.67,2023-03-22
3873,5699,Rehabilitation,1967.27,2022-05-23
3874,6708,Rehabilitation,1202.63,2024-01-08
3875,8974,Laboratory Test,332.7,2022-12-17
3876,2812,Radiation Therapy,1352.51,2024-11-24
3877,2107,Medication,81.19,2024-05-23
3878,3626,Radiation Therapy,1869.71,2025-12-27
3879,1567,Laboratory Test,576.78,2024-03-09
3880,2509,Surgery,1004.5,2023-12-24
3881,3042,Chemotherapy,7640.24,2023-11-27
3882,6780,Radiation Therapy,6153.46,2022-09-14
3883,1219,Medication,292.28,2022-09-26
3884,8902,Consultation,329.08,2025-03-06
3885,1967,Rehabilitation,1088.74,2024-04-13
3886,5014,Consultation,115.1,2025-05-07
3887,9103,Radiation Therapy,7174.6,2023-08-19
3888,6542,Consultation,255.76,2024-05-23
3889,5874,Rehabilitation,1965.85,2023-11-12
3890,9045,Diagnostic Imaging,400.18,2024-01-31
3891,1982,Chemotherapy,7486.8,2024-09-27
3892,5818,Laboratory Test,538.95,2025-01-02
3893,2917,Rehabilitation,1972.33,2025-01-01
3894,5315,Rehabilitation,2209.08,2025-01-02
3895,566,Surgery,11262.78,2022-03-01
3896,9600,Physical Therapy,906.72,2024-04-23
3897,8724,Surgery,5802.43,2025-10-13
3898,8499,Rehabilitation,1724.21,2025-10-03
3899,3337,Chemotherapy,5800.0,2024-06-30
3900,2579,Radiation Therapy,4298.46,2024-10-28
3901,1399,Rehabilitation,2076.03,2024-08-29
3902,5440,Laboratory Test,463.9,2025-03-20
3903,2552,Physical Therapy,518.71,2024-01-08
3904,519,Medication,28.67,2023-08-18
3905,7436,Diagnostic Imaging,1067.56,2023-10-11
3906,8269,Rehabilitation,1587.6,2022-01-15
3907,7201,Medication,162.74,2023-05-23
3908,7260,Consultation,464.64,2023-04-13
3909,934,Chemotherapy,2975.21,2025-05-17
3910,1835,Chemotherapy,8513.39,2024-06-07
3911,3827,Diagnostic Imaging,815.17,2024-03-05
3912,1250,Radiation Therapy,7774.5,2023-05-01
3913,2533,Physical Therapy,128.13,2024-02-25
3914,6006,Diagnostic Imaging,701.7,2025-07-04
3915,862,Consultation,335.28,2023-08-06
3916,8552,Surgery,11048.32,2022-08-16
3917,6266,Diagnostic Imaging,491.84,2022-02-03
3918,2995,Diagnostic Imaging,1050.27,2023-04-15
3919,2066,Medication,387.43,2022-06-12
3920,6187,Physical Therapy,139.77,2023-09-05
3921,2447,Medication,161.36,2024-01-13
3922,6612,Medication,402.97,2022-02-16
3923,2855,Consultation,180.24,2024-01-12
3924,3467,Diagnostic Imaging,738.81,2022-12-28
3925,7756,Physical Therapy,1115.9,2025-07-15
3926,5685,Chemotherapy,5923.8,2022-12-19
3927,3521,Radiation Therapy,4305.93,2022-07-28
3928,6862,Surgery,9104.49,2023-05-15
3929,6779,Laboratory Test,343.68,2023-05-23
3930,1287,Surgery,1121.05,2022-08-29
3931,9137,Medication,361.93,2024-11-17
3932,7064,Physical Therapy,1165.93,2022-07-29
3933,6756,Diagnostic Imaging,1050.03,2023-01-24
3934,3893,Chemotherapy,6315.5,2026-01-27
3935,2754,Rehabilitation,295.57,2023-02-24
3936,6767,Laboratory Test,549.82,2022-12-25
3937,9112,Diagnostic Imaging,741.79,2024-11-10
3938,3772,Rehabilitation,846.17,2023-07-10
3939,376,Rehabilitation,532.79,2025-10-02
3940,2097,Laboratory Test,500.45,2025-06-28
3941,7798,Laboratory Test,245.28,2023-03-22
3942,517,Laboratory Test,427.43,2024-10-12
3943,3454,Rehabilitation,627.71,2022-07-06
3944,3185,Consultation,124.96,2023-01-23
3945,8456,Rehabilitation,1525.2,2025-07-22
3946,9963,Diagnostic Imaging,298.9,2024-09-08
3947,6965,Medication,388.27,2024-02-16
3948,1142,Rehabilitation,858.98,2024-08-15
3949,6322,Radiation Therapy,3305.57,2022-05-05
3950,4466,Diagnostic Imaging,1052.27,2026-01-09
3951,366,Consultation,158.28,2024-10-28
3952,4830,Laboratory Test,177.75,2023-12-10
3953,4238,Consultation,156.98,2024-01-01
3954,7894,Consultation,216.98,2023-11-29
3955,8027,Chemotherapy,5466.82,2024-05-19
3956,4438,Radiation Therapy,1580.72,2024-04-18
3957,3696,Consultation,88.78,2025-05-18
3958,1264,Radiation Therapy,7713.16,2024-08-05
3959,7955,Medication,285.17,2023-10-17
3960,1230,Rehabilitation,493.76,2022-12-17
3961,8980,Chemotherapy,1769.02,2023-04-25
3962,3942,Radiation Therapy,3346.2,2025-12-19
3963,5349,Radiation Therapy,4203.38,2025-02-20
3964,1397,Chemotherapy,9906.75,2024-04-06
3965,128,Rehabilitation,1468.19,2024-03-03
3966,8660,Chemotherapy,2333.58,2023-10-15
3967,5200,Physical Therapy,1005.18,2023-07-14
3968,5131,Rehabilitation,236.48,2024-09-30
3969,6427,Surgery,6801.21,2022-11-05
3970,4714,Laboratory Test,496.7,2024-11-25
3971,6484,Radiation Therapy,2301.29,2024-12-21
3972,8932,Diagnostic Imaging,630.5,2022-11-11
3973,1823,Rehabilitation,1180.0,2026-01-06
3974,220,Diagnostic Imaging,1116.45,2025-07-08
3975,3119,Laboratory Test,118.64,2024-01-22
3976,5282,Surgery,10821.91,2025-12-10
3977,3308,Rehabilitation,2333.93,2023-02-10
3978,6587,Medication,236.4,2024-01-15
3979,2795,Laboratory Test,677.35,2023-12-14
3980,7868,Consultation,330.27,2022-11-14
3981,2219,Rehabilitation,1515.18,2023-01-21
3982,995,Surgery,2822.48,2022-01-26
3983,8057,Surgery,11201.41,2024-08-17
3984,6617,Medication,321.94,2025-12-14
3985,3218,Consultation,457.14,2025-02-10
3986,6984,Consultation,80.56,2023-11-23
3987,9115,Rehabilitation,241.45,2025-12-02
3988,2155,Diagnostic Imaging,117.61,2025-11-05
3989,6953,Surgery,9773.4,2022-06-15
3990,5375,Laboratory Test,66.31,2023-01-01
3991,1917,Physical Therapy,604.48,2022-12-06
3992,5415,Surgery,3603.24,2022-01-19
3993,1956,Rehabilitation,527.13,2025-09-03
3994,5986,Radiation Therapy,1232.8,2025-02-28
3995,3736,Diagnostic Imaging,881.95,2022-04-21
3996,1513,Consultation,111.01,2022-07-23
3997,8210,Chemotherapy,3436.3,2023-04-18
3998,6301,Rehabilitation,1962.59,2024-09-17
3999,9047,Radiation Therapy,2825.9,2024-06-13
4000,8598,Rehabilitation,2383.73,2022-12-20
4001,4144,Chemotherapy,2955.32,2024-03-24
4002,1830,Laboratory Test,413.14,2022-06-14
4003,7669,Laboratory Test,503.62,2022-01-26
4004,1560,Surgery,12664.66,2025-09-03
4005,6762,Radiation Therapy,2538.81,2023-08-30
4006,5531,Laboratory Test,638.89,2023-05-09
4007,9951,Radiation Therapy,3162.45,2025-11-10
4008,1329,Rehabilitation,1633.98,2023-08-06
4009,1198,Surgery,14091.28,2022-02-15
4010,247,Consultation,469.96,2025-09-08
4011,777,Radiation Therapy,5992.65,2022-07-27
4012,427,Medication,466.96,2022-10-29
4013,9145,Consultation,404.13,2022-05-25
4014,7651,Radiation Therapy,6861.11,2025-12-28
4015,3624,Physical Therapy,317.54,2022-02-05
4016,2468,Radiation Therapy,7715.2,2023-05-29
4017,8039,Laboratory Test,223.72,2024-03-20
4018,3136,Medication,340.68,2025-09-13
4019,6794,Medication,409.19,2025-11-02
4020,2838,Diagnostic Imaging,1157.74,2024-09-12
4021,7469,Chemotherapy,6325.78,2023-09-21
4022,4496,Radiation Therapy,7945.88,2025-09-30
4023,5933,Physical Therapy,1443.28,2024-03-24
4024,6121,Diagnostic Imaging,362.39,2025-02-01
4025,9932,Consultation,237.69,2023-12-04
4026,515,Laboratory Test,539.04,2023-01-23
4027,5046,Diagnostic Imaging,370.47,2025-03-24
4028,2958,Chemotherapy,3279.08,2024-12-01
4029,7101,Rehabilitation,751.6,2024-08-10
4030,7604,Chemotherapy,1936.55,2025-12-15
4031,2979,Surgery,10802.13,2025-10-20
4032,2738,Medication,251.41,2023-03-25
4033,8309,Physical Therapy,1230.53,2025-13-01
4034,1894,Physical Therapy,1324.11,2023-09-28
4035,4020,Rehabilitation,1859.55,2023-10-08
4036,7261,Rehabilitation,946.36,2025-05-27
4037,875,Diagnostic Imaging,513.76,2024-04-19
4038,3188,Physical Therapy,1025.63,2026-01-12
4039,4903,Chemotherapy,7962.65,2025-11-06
4040,2077,Consultation,363.33,2025-12-13
4041,5577,Diagnostic Imaging,551.08,2022-11-04
4042,5411,Laboratory Test,663.8,2022-07-28
4043,9230,Diagnostic Imaging,1173.75,2024-06-20
4044,8402,Diagnostic Imaging,862.74,2024-07-06
4045,9199,Laboratory Test,578.19,2025-08-25
4046,7472,Radiation Therapy,4270.75,2023-07-28
4047,1577,Physical Therapy,435.14,2023-06-25
4048,7325,Chemotherapy,2995.64,2024-03-21
4049,4579,Radiation Therapy,2113.27,2022-04-25
4050,9954,Radiation Therapy,3120.4,2023-03-01
4051,5570,Medication,33.55,2024-09-26
4052,8135,Physical Therapy,759.74,2024-09-07
4053,9295,Chemotherapy,6328.85,2025-11-28
4054,7145,Surgery,6016.39,2022-12-18
4055,4244,Physical Therapy,1278.19,2023-06-25
4056,5396,Rehabilitation,1104.67,2023-04-18
4057,8482,Physical Therapy,587.76,2025-08-14
4058,1316,Radiation Therapy,5640.29,2024-02-11
4059,5330,Chemotherapy,6776.48,2025-04-08
4060,9651,Laboratory Test,644.55,2024-04-17
4061,4999,Rehabilitation,343.16,2022-02-06
4062,9766,Chemotherapy,4527.56,2022-08-06
4063,1193,Medication,456.2,2024-12-30
4064,2823,Physical Therapy,1239.67,2025-09-12
4065,6269,Medication,87.62,2022-09-28
4066,8118,Physical Therapy,393.87,2025-12-03
4067,9328,Consultation,73.47,2024-01-02
4068,1172,Surgery,14979.71,2022-07-07
4069,5705,Diagnostic Imaging,492.4,2022-03-27
4070,3739,Chemotherapy,3365.41,2024-08-02
4071,6330,Diagnostic Imaging,713.09,2023-06-08
4072,3594,Diagnostic Imaging,728.07,2024-07-01
4073,7748,Medication,387.01,2023-12-31
4074,5350,Medication,304.97,2024-01-29
4075,9577,Diagnostic Imaging,891.67,2022-03-07
4076,3669,Rehabilitation,803.68,2024-11-02
4077,9560,Radiation Therapy,2022.03,2023-01-23
4078,1997,Chemotherapy,2008.07,2022-01-23
4079,7919,Consultation,164.28,2025-12-12
4080,2988,Surgery,5059.0,not-a-date
4081,9808,Laboratory Test,75.0,2022-02-13
4082,2380,Chemotherapy,2128.94,2025-01-12
4083,8272,Surgery,12098.98,2022-12-31
4084,1959,Surgery,9285.5,2024-11-19
4085,1426,Diagnostic Imaging,1089.17,2022-08-24
4086,227,Laboratory Test,148.68,2023-10-12
4087,1194,Radiation Therapy,7812.06,2022-08-09
4088,1719,Consultation,203.95,2025-10-12
4089,1367,Diagnostic Imaging,1117.83,2023-02-10
4090,4976,Medication,279.94,2026-01-23
4091,3806,Surgery,2287.62,2022-04-11
4092,2071,Rehabilitation,1524.55,2023-11-10
4093,795,Radiation Therapy,5540.85,2025-09-14
4094,872,Consultation,79.98,2024-10-14
4095,6100,Diagnostic Imaging,1128.99,2025-12-30
4096,9398,Consultation,123.9,2025-07-18
4097,9450,Rehabilitation,2108.22,2022-12-09
4098,4020,Physical Therapy,600.19,2025-04-21
4099,2546,Diagnostic Imaging,1068.9,2024-03-20
4100,2526,Chemotherapy,9442.66,2024-01-06
4101,7580,Radiation Therapy,4071.81,2024-09-23
4102,9658,Consultation,293.93,2022-03-20
4103,2925,Laboratory Test,51.97,2024-05-26
4104,2931,Surgery,2778.89,2022-05-26
4105,9966,Diagnostic Imaging,191.58,2023-07-25
4106,3906,Rehabilitation,2348.21,2025-08-31
4107,3595,Surgery,10545.07,2025-01-14
4108,6448,Surgery,10896.16,2024-06-09
4109,3487,Consultation,407.19,2023-07-29
4110,5610,Physical Therapy,1194.1,2023-06-07
4111,4771,Laboratory Test,442.32,2026-01-13
4112,5375,Consultation,436.59,2024-02-11
4113,6575,Chemotherapy,1522.72,2024-02-28
4114,8607,Rehabilitation,337.94,2024-01-13
4115,6556,Radiation Therapy,5445.3,2023-08-31
4116,1665,Medication,44.75,2024-08-07
4117,9048,Laboratory Test,247.88,2023-04-13
4118,5158,Laboratory Test,688.88,2024-12-07
4119,3412,Radiation Therapy,3557.62,2026-01-14
4120,6658,Chemotherapy,5555.74,2022-03-10
4121,9333,Laboratory Test,305.37,2024-01-03
4122,9222,Diagnostic Imaging,264.88,2025-03-16
4123,9937,Chemotherapy,5020.43,2025-07-30
4124,8313,Laboratory Test,213.56,2022-06-26
4125,4304,Medication,499.42,2023-11-11
4126,1784,Medication,275.41,2023-12-04
4127,1322,Surgery,10072.76,2025-08-16
4128,7499,Chemotherapy,8891.58,2023-06-08
4129,7942,Radiation Therapy,4440.38,2024-02-25
4130,1932,Medication,134.61,2023-10-29
4131,9496,Diagnostic Imaging,280.69,2022-08-09
4132,334,Surgery,5545.83,2022-03-07
4133,8534,Laboratory Test,656.1,2022-01-01
4134,1290,Medication,403.97,2022-07-20
4135,82,Rehabilitation,734.17,2023-01-18
4136,8744,Surgery,9854.88,2023-03-09
4137,1856,Laboratory Test,538.55,2024-09-28
4138,999999,Surgery,12294.89,2022-10-29
4139,4323,Radiation Therapy,7387.14,2024-01-07
4140,2938,Diagnostic Imaging,606.41,2024-09-30
4141,2887,Physical Therapy,1137.88,2022-09-27
4142,3822,Laboratory Test,139.4,2024-04-29
4143,6079,Radiation Therapy,6732.15,2023-06-07
4144,9934,Chemotherapy,4256.26,2022-10-18
4145,9666,Physical Therapy,1046.34,2023-11-04
4146,3319,Medication,303.76,2025-11-02
4147,2649,Consultation,489.44,2022-03-19
4148,8032,Physical Therapy,905.74,2024-12-29
4149,21,Laboratory Test,569.98,2025-11-15
4150,9186,Diagnostic Imaging,462.34,2022-10-02
4151,7911,Physical Therapy,1008.72,2025-10-21
4152,413,Surgery,14315.88,2024-06-22
4153,9097,Medication,259.21,2022-06-15
4154,7818,Physical Therapy,1493.79,2023-07-23
4155,3463,Laboratory Test,606.19,2024-04-07
4156,2611,Consultation,489.27,2022-08-28
4157,4075,Surgery,1898.81,2022-11-12
4158,5446,Physical Therapy,1245.59,2022-02-08
4159,4610,Chemotherapy,9758.71,2022-01-22
4160,742,Radiation Therapy,5463.47,2025-06-21
4161,5022,Consultation,377.15,2025-09-28
4162,7128,Physical Therapy,1037.42,2024-09-06
4163,9449,Medication,260.46,2025-10-14
4164,5905,Physical Therapy,111.71,2024-03-26
4165,9563,Surgery,4470.02,2024-11-01
4166,4393,Chemotherapy,6068.83,2025-11-19
4167,6261,Diagnostic Imaging,102.12,2024-08-09
4168,5512,Surgery,14109.72,2023-05-02
4169,8945,Surgery,13544.53,2022-02-26
4170,8669,Consultation,60000.0,2024-03-17
4171,4612,Physical Therapy,776.84,2025-06-16
4172,722,Physical Therapy,276.91,2022-04-08
4173,558,Consultation,99.8,2022-09-08
4174,823,Surgery,14267.02,2024-01-01
4175,6521,Medication,499.25,2024-07-11
4176,2292,Medication,431.39,2024-10-21
4177,2920,Rehabilitation,2180.26,2024-12-25
4178,3559,Surgery,10516.97,2023-06-22
4179,5700,Medication,85.31,2024-12-01
4180,2836,Surgery,7825.54,2025-07-19
4181,5900,Chemotherapy,3674.13,2024-09-26
4182,3152,Consultation,83.09,2025-11-04
4183,9892,Surgery,2709.9,2024-12-08
4184,4399,Chemotherapy,1667.52,2023-09-30
4185,4735,Medication,131.48,2023-05-26
4186,2116,Surgery,8611.63,2025-08-31
4187,4672,Laboratory Test,343.41,2023-03-28
4188,9502,Radiation Therapy,2386.63,2022-01-27
4189,2713,Rehabilitation,678.83,2023-09-14
4190,3370,Surgery,7223.65,2024-09-12
4191,8591,Surgery,10545.02,2025-07-03
4192,8074,Physical Therapy,167.96,2025-03-24
4193,3732,Chemotherapy,3111.35,2023-10-09
4194,5037,Physical Therapy,534.48,2024-07-16
4195,6527,Rehabilitation,371.81,2022-01-15
4196,6152,Surgery,7698.7,2023-08-15
4197,89,Physical Therapy,409.14,2024-07-12
4198,6002,Physical Therapy,197.1,2023-02-01
4199,5292,Physical Therapy,1124.73,2022-05-09
4200,3828,Chemotherapy,4597.26,2025-01-31
4201,1339,Radiation Therapy,6311.7,2024-01-30
4202,5455,Rehabilitation,1669.34,2025-03-06
4203,8939,Physical Therapy,430.41,2024-08-30
4204,2476,Medication,74.73,2022-01-08
4205,1144,Radiation Therapy,4205.44,2025-04-30
4206,554,Physical Therapy,810.53,2024-02-24
4207,5101,Diagnostic Imaging,134.06,2025-10-11
4208,1121,Medication,381.05,2023-11-27
4209,4246,Physical Therapy,490.14,2022-03-18
4210,325,Chemotherapy,2422.11,2024-07-18
4211,889,Rehabilitation,1594.09,2022-03-18
4212,8201,Consultation,498.65,2022-09-11
4213,9485,Surgery,5930.23,2024-04-21
4214,3471,Surgery,6688.08,2023-05-22
4215,3894,Rehabilitation,206.87,2023-07-14
4216,9321,Physical Therapy,173.98,2025-07-19
4217,2920,Surgery,2647.23,2024-11-25
4218,6329,Radiation Therapy,7003.11,2023-11-18
4219,4198,Laboratory Test,79.12,2025-10-29
4220,8537,Chemotherapy,4519.82,2022-07-21
4221,9192,Medication,316.15,2025-02-14
4222,8302,Medication,441.91,2023-02-18
4223,4938,Surgery,4547.51,2025-03-06
4224,8953,Radiation Therapy,2425.07,2023-01-11
4225,1391,Rehabilitation,1300.05,2025-04-09
4226,2792,Medication,330.68,2023-08-02
4227,408,Medication,462.07,2025-12-12
4228,8804,Diagnostic Imaging,1037.82,2025-10-22
4229,5010,Laboratory Test,617.17,2022-01-01
4230,8864,Physical Therapy,370.46,2024-07-15
4231,7061,Diagnostic Imaging,1065.15,2022-11-12
4232,4462,Laboratory Test,190.05,2025-07-30
4233,9143,Consultation,494.18,2024-03-28
4234,5280,Medication,311.29,2022-03-11
4235,5030,Radiation Therapy,2122.21,2024-04-23
4236,4401,Diagnostic Imaging,1082.7,2023-08-21
4237,1356,Consultation,148.32,2024-05-15
4238,8826,Radiation Therapy,4760.12,2025-07-16
4239,1571,Radiation Therapy,5113.37,2025-10-16
4240,9554,Surgery,6251.62,2025-04-22
4241,2138,Radiation Therapy,7936.51,2023-01-16
4242,1611,Radiation Therapy,6230.02,2025-12-10
4243,1451,Laboratory Test,592.95,2022-07-02
4244,9872,Chemotherapy,6489.24,2023-05-30
4245,5391,Surgery,5957.73,2023-12-08
4246,3914,Surgery,3771.4,2025-06-09
4247,4985,Consultation,296.15,2022-04-22
4248,8375,Surgery,9052.76,2024-08-04
4249,593,Surgery,6958.73,2023-03-20
4250,5213,Diagnostic Imaging,495.18,2022-11-03
4251,3355,Laboratory Test,236.76,2023-07-01
4252,8137,Chemotherapy,6395.15,2024-06-21
4253,4013,Diagnostic Imaging,169.5,2024-06-24
4254,2781,Consultation,483.13,2022-11-06
4255,3780,Rehabilitation,764.39,2025-10-27
4256,3891,Surgery,4713.49,2022-05-15
4257,4387,Diagnostic Imaging,932.35,2023-02-03
4258,3438,Diagnostic Imaging,1001.64,2023-12-17
4259,4879,Radiation Therapy,7052.51,2023-07-19
4260,8671,Chemotherapy,2183.76,2022-06-10
4261,8772,Diagnostic Imaging,231.56,2024-04-24
4262,2287,Diagnostic Imaging,329.81,2025-11-21
4263,2908,Surgery,12069.2,2023-06-04
4264,4522,Consultation,259.08,2023-11-29
4265,2753,Rehabilitation,1792.52,2025-11-27
4266,5384,Surgery,7980.89,2023-05-03
4267,9713,Laboratory Test,515.15,2023-07-21
4268,1360,Consultation,187.19,2024-07-13
4269,1056,Radiation Therapy,5477.45,2023-04-21
4270,467,Rehabilitation,613.61,2024-12-08
4271,9634,Laboratory Test,581.53,2025-09-30
4272,2701,Chemotherapy,6102.02,2025-07-24
4273,1161,Laboratory Test,613.27,2023-09-04
4274,5465,Chemotherapy,3203.12,2024-04-30
4275,4164,Surgery,9195.68,2025-12-16
4276,1167,Diagnostic Imaging,403.94,2026-01-16
4277,2699,Diagnostic Imaging,544.31,2025-03-27
4278,4090,Chemotherapy,1768.12,2022-05-15
4279,8051,Physical Therapy,990.81,2023-11-16
4280,1309,Surgery,5679.52,2025-09-04
4281,1030,Medication,84.65,2025-09-20
4282,3008,Physical Therapy,1123.24,2025-08-29
4283,5370,Diagnostic Imaging,631.98,2022-09-18
4284,8292,Chemotherapy,5473.01,2022-07-23
4285,7606,Physical Therapy,661.42,2023-05-04
4286,9803,Radiation Therapy,7466.83,2022-02-18
4287,375,Radiation Therapy,1771.53,2023-01-25
4288,7932,Chemotherapy,9435.07,2023-01-08
4289,2959,Consultation,484.66,2025-01-19
4290,6542,Radiation Therapy,6748.4,2023-02-26
4291,1773,Medication,250.53,2022-04-17
4292,4686,Chemotherapy,5390.4,2025-11-30
4293,9970,Physical Therapy,1397.27,2023-10-13
4294,93,Physical Therapy,722.49,2022-09-20
4295,44,Laboratory Test,580.56,2026-01-11
4296,3644,Medication,458.14,2022-07-08
4297,6971,Physical Therapy,392.97,2023-06-01
4298,9322,Consultation,126.67,2024-12-26
4299,839,Medication,289.12,2025-06-29
4300,3058,Laboratory Test,618.03,2025-04-14
4301,7772,Physical Therapy,300.35,2022-12-07
4302,5020,Consultation,180.46,2024-01-29
4303,309,Radiation Therapy,5371.66,2023-05-06
4304,4902,Chemotherapy,7362.54,2022-07-21
4305,4357,Consultation,283.74,2024-09-11
4306,7626,Medication,308.85,2024-11-15
4307,6958,Consultation,133.79,2025-06-26
4308,8231,Rehabilitation,558.61,2025-01-11
4309,9399,Laboratory Test,349.09,2025-11-02
4310,16,Laboratory Test,508.53,2023-05-28
4311,105,Surgery,13496.69,2024-09-26
4312,7396,Chemotherapy,7434.21,2022-06-28
4313,2675,Physical Therapy,384.53,2023-12-19
4314,1257,Radiation Therapy,2693.65,2025-10-27
4315,3157,Consultation,435.21,2025-12-16
4316,1608,Radiation Therapy,6193.33,2023-12-18
4317,6749,Surgery,10106.21,2022-11-26
4318,3665,Laboratory Test,394.0,2023-08-23
4319,5467,Medication,181.54,2024-09-19
4320,4616,Radiation Therapy,5903.27,2024-05-27
4321,6036,Medication,139.67,2022-07-21
4322,2252,Radiation Therapy,4450.13,2023-10-29
4323,1466,Chemotherapy,6551.6,2022-08-12
4324,1819,Physical Therapy,933.53,2023-11-11
4325,7653,Medication,131.23,2025-04-19
4326,7337,Rehabilitation,1663.36,2025-04-09
4327,9636,Medication,44.47,2024-08-28
4328,3645,Laboratory Test,422.31,2022-08-16
4329,7338,Medication,65.68,2025-08-18
4330,7776,Rehabilitation,308.17,2023-01-21
4331,9983,Physical Therapy,805.23,2023-09-11
4332,9222,Medication,480.91,2023-12-25
4333,6267,Medication,255.58,2022-11-07
4334,4806,Radiation Therapy,6220.32,2022-08-26
4335,1770,Laboratory Test,347.11,2025-02-08
4336,4003,Chemotherapy,4596.27,2022-06-26
4337,2168,Chemotherapy,8625.54,2025-09-01
4338,6258,Diagnostic Imaging,894.65,2023-05-14
4339,2221,Medication,235.18,2024-04-27
4340,7406,Laboratory Test,253.99,2025-02-15
4341,9604,Physical Therapy,271.4,2022-11-05
4342,9545,Consultation,246.87,2025-06-27
4343,8387,Radiation Therapy,3362.94,2022-08-13
4344,6833,Radiation Therapy,6530.11,2024-05-01
4345,55,Laboratory Test,562.96,2022-08-27
4346,6257,Consultation,197.69,2022-01-22
4347,795,Laboratory Test,354.14,2026-01-25
4348,7950,Physical Therapy,1401.32,2025-04-21
4349,7191,Rehabilitation,642.78,2022-09-09
4350,6305,Medication,207.56,2023-09-07
4351,5744,Laboratory Test,582.46,2023-08-18
4352,505,Consultation,147.71,2025-01-06
4353,429,Chemotherapy,2610.38,2025-02-27
4354,4977,Chemotherapy,2905.13,2022-11-14
4355,1933,Radiation Therapy,3891.05,2025-09-06
4356,4457,Radiation Therapy,2477.22,2024-12-19
4357,8235,Chemotherapy,8358.43,2025-10-04
4358,7802,Chemotherapy,7823.78,2022-07-17
4359,1144,Consultation,461.65,2025-09-11
4360,3776,Diagnostic Imaging,182.94,2022-03-23
4361,7183,Physical Therapy,1226.96,2025-04-10
4362,5726,Diagnostic Imaging,752.07,2022-12-04
4363,9297,Consultation,265.83,2024-01-21
4364,9867,Consultation,428.78,2023-10-11
4365,2672,Radiation Therapy,2277.35,2024-02-12
4366,7929,Consultation,162.41,2022-05-01
4367,8813,Radiation Therapy,7987.07,2022-08-19
4368,2582,Medication,124.92,2025-10-21
4369,6900,Physical Therapy,257.08,2023-02-11
4370,9775,Chemotherapy,4179.44,2024-07-03
4371,8172,Physical Therapy,226.62,2024-03-30
4372,206,Rehabilitation,2394.82,2025-10-29
4373,3063,Rehabilitation,657.29,2023-04-13
4374,1669,Radiation Therapy,1018.42,2025-05-23
4375,2036,Medication,133.14,2024-06-10
4376,7471,Medication,367.89,2025-07-17
4377,6135,Radiation Therapy,4513.65,2024-11-29
4378,1221,Medication,324.2,2024-10-26
4379,1580,Radiation Therapy,6874.02,2025-10-08
4380,4028,Physical Therapy,1076.65,2024-09-28
4381,6939,Diagnostic Imaging,948.78,2024-11-22
4382,4645,Surgery,7594.72,2023-04-02
4383,7651,Physical Therapy,510.49,2025-09-18
4384,1062,Diagnostic Imaging,1042.75,2023-08-25
4385,8276,Physical Therapy,482.05,2022-04-19
4386,4048,Laboratory Test,313.8,2024-11-24
4387,9453,Laboratory Test,605.41,2024-02-09
4388,4004,Medication,419.56,2024-01-22
4389,2839,Rehabilitation,697.04,2025-06-15
4390,3399,Radiation Therapy,2887.85,2024-05-08
4391,6066,Consultation,316.32,2024-01-27
4392,672,Medication,225.24,2023-05-26
4393,5655,Chemotherapy,2183.96,2024-03-03
4394,3001,Medication,179.57,2025-07-11
4395,7796,Laboratory Test,639.53,2025-12-01
4396,8772,Medication,222.94,2025-11-30
4397,6652,Diagnostic Imaging,708.16,2025-09-04
4398,526,Diagnostic Imaging,877.28,2023-11-08
4399,2415,Medication,111.81,2024-03-27
4400,2372,Consultation,190.47,2022-09-08
4401,1821,Diagnostic Imaging,1152.53,2024-02-22
4402,817,Rehabilitation,1997.09,2024-11-25
4403,5866,Consultation,129.24,2024-11-11
4404,616,Consultation,93.31,2023-04-23
4405,1105,Chemotherapy,3774.83,2022-02-17
4406,7421,Surgery,8973.6,2025-06-04
4407,3262,Chemotherapy,5569.38,2024-05-24
4408,7853,Consultation,271.0,2025-05-13
4409,1222,Radiation Therapy,6458.76,2022-05-17
4410,2681,Diagnostic Imaging,875.48,2025-01-20
4411,328,Chemotherapy,8491.29,2023-07-25
4412,9417,Consultation,54.0,2022-02-21
4413,5004,Chemotherapy,2728.96,2025-06-26
4414,1128,Chemotherapy,6259.45,2022-01-16
4415,7901,Physical Therapy,643.34,2023-04-04
4416,3390,Surgery,14462.64,2025-01-27
4417,4505,Consultation,398.61,2022-05-03
4418,8752,Surgery,8804.78,2022-06-27
4419,119,Physical Therapy,1056.51,2025-09-30
4420,1577,Diagnostic Imaging,769.58,2025-06-08
4421,6680,Chemotherapy,6762.42,2024-07-01
4422,2809,Laboratory Test,330.6,2024-02-30
4423,6080,Consultation,392.09,2025-12-12
4424,9831,Surgery,5489.17,2025-09-19
4425,8942,Medication,285.24,2024-12-29
4426,1764,Surgery,11223.76,2022-08-05
4427,926,Surgery,6007.31,2023-10-24
4428,606,Consultation,405.1,2025-11-16
4429,9997,Radiation Therapy,3759.62,2022-12-01
4430,6808,Medication,448.86,2022-08-12
4431,6218,Rehabilitation,935.78,2023-09-05
4432,8049,Diagnostic Imaging,169.05,2024-09-26
4433,5909,Physical Therapy,464.19,2024-10-05
4434,388,Radiation Therapy,1487.08,2022-03-03
4435,108,Rehabilitation,1260.16,2024-07-01
4436,8506,Consultation,71.59,2024-12-06
4437,5601,Physical Therapy,922.06,2023-01-11
4438,1880,Medication,314.19,2025-05-30
4439,9570,Physical Therapy,602.84,2023-01-26
4440,2477,Diagnostic Imaging,121.42,2023-11-23
4441,1833,Surgery,8587.92,2025-03-31
4442,1558,Laboratory Test,660.06,2024-07-15
4443,3668,Laboratory Test,448.98,2025-10-08
4444,4672,Surgery,1045.35,2025-12-20
4445,5233,Rehabilitation,996.97,2023-04-30
4446,5619,Physical Therapy,530.47,2025-08-21
4447,2192,Medication,135.67,2023-05-19
4448,1698,Laboratory Test,370.22,2023-11-09
4449,2156,Medication,443.0,2023-05-21
4450,1714,Chemotherapy,2861.2,2022-07-14
4451,4049,Medication,364.82,2022-04-23
4452,5557,Physical Therapy,543.48,2023-04-29
4453,9230,Surgery,1606.19,2022-04-08
4454,4547,Chemotherapy,3780.61,2023-04-06
4455,5371,Medication,78.27,2024-11-30
4456,7028,Chemotherapy,6425.31,2025-11-14
4457,2826,Chemotherapy,4776.48,2022-09-09
4458,3202,Diagnostic Imaging,347.39,2024-07-05
4459,404,Laboratory Test,107.24,2023-03-16
4460,5193,Rehabilitation,317.77,2023-09-16
4461,8892,Medication,481.28,2025-01-02
4462,4951,Physical Therapy,195.48,2024-07-27
4463,4478,Physical Therapy,740.14,2024-07-10
4464,9426,Consultation,398.63,2023-02-23
4465,8221,Consultation,59.4,2024-03-13
4466,9891,Radiation Therapy,2370.79,2024-02-01
4467,6650,Medication,200.73,2024-12-12
4468,2513,Medication ,113.8,2025-07-15
4469,1943,Diagnostic Imaging,1114.6,2024-10-09
4470,6014,Consultation,204.85,2024-10-26
4471,1485,Consultation,491.12,2022-02-06
4472,4708,Consultation,64.07,2022-01-06
4473,5824,Consultation,166.16,2024-02-25
4474,6629,Consultation,136.94,2022-04-19
4475,4597,Radiation Therapy,7316.41,2025-08-14
4476,1092,Laboratory Test,544.39,2022-05-17
4477,7906,Rehabilitation,862.1,2022-04-16
4478,294,Rehabilitation,1919.99,2024-04-05
4479,1197,Chemotherapy,5386.25,2023-07-05
4480,2595,Chemotherapy,7287.01,2025-04-22
4481,888,Rehabilitation,740.35,2023-10-20
4482,1626,Rehabilitation,1306.11,2025-09-17
4483,1610,Rehabilitation,2380.6,2024-04-10
4484,8556,Diagnostic Imaging,356.87,2024-04-07
4485,4529,Diagnostic Imaging,927.6,2025-01-14
4486,7181,Laboratory Test,495.3,2025-03-25
4487,8926,Laboratory Test,171.77,2024-11-10
4488,861,Consultation,357.28,2022-12-29
4489,9206,Physical Therapy,565.05,2024-12-19
4490,4366,Physical Therapy,1008.5,2022-06-27
4491,9255,Chemotherapy,8398.54,2025-08-29
4492,5215,Medication,182.52,2023-07-14
4493,6304,Chemotherapy,1812.23,2022-04-30
4494,1701,Laboratory Test,594.83,2025-08-03
4495,1679,Laboratory Test,138.77,2024-11-26
4496,3095,Rehabilitation,2167.04,2023-02-11
4497,9007,Rehabilitation,1098.48,2025-04-24
4498,1966,Physical Therapy,252.01,2022-04-12
4499,6369,Surgery,11325.86,2024-02-08
4500,9983,Rehabilitation,547.23,2022-01-25
4501,5128,Surgery,4571.92,2022-07-04
4502,9028,Laboratory Test,280.7,2025-05-01
4503,5142,Rehabilitation,1690.59,2023-05-23
4504,6554,Medication,240.73,2022-08-26
4505,1758,Chemotherapy,8046.73,2025-06-19
4506,1270,Chemotherapy,5111.72,2023-05-18
4507,8143,Medication,381.4,2026-01-05
4508,1299,Diagnostic Imaging,593.2,2025-04-16
4509,3735,Diagnostic Imaging,987.69,2023-07-21
4510,5930,Laboratory Test,519.51,2023-01-07
4511,3472,Physical Therapy,762.49,2022-03-19
4512,5522,Radiation Therapy,3805.24,2024-06-26
4513,4453,Medication,61.84,2023-08-18
4514,3592,Radiation Therapy,6596.95,2023-10-09
4515,1169,Medication,342.15,2022-04-13
4516,9133,Medication,426.74,2024-07-01
4517,756,Laboratory Test,684.32,2023-06-10
4518,3196,Radiation Therapy,4199.27,2023-03-06
4519,7550,Physical Therapy,813.28,2024-09-05
4520,4405,Laboratory Test,63.05,2024-06-03
4521,2449,Rehabilitation,1581.06,2023-05-17
4522,4637,Chemotherapy,7074.45,2022-08-04
4523,4164,Chemotherapy,2242.37,2026-01-01
4524,5667,Surgery,13439.93,2023-12-15
4525,1028,Consultation,480.93,2025-07-21
4526,4738,Radiation Therapy,6056.87,2024-04-21
4527,7517,Physical Therapy,760.44,2024-05-22
4528,7646,Laboratory Test,252.56,2025-06-09
4529,4976,Consultation,78.0,2023-07-27
4530,6551,Diagnostic Imaging,870.75,2022-09-08
4531,5236,Radiation Therapy,3581.02,2023-05-02
4532,1829,Physical Therapy,468.94,2023-04-10
4533,8571,Chemotherapy,6127.71,2022-09-27
4534,597,Rehabilitation,439.57,2022-12-28
4535,7123,Surgery,6747.87,2024-12-26
4536,8658,Physical Therapy,1488.58,2023-04-09
4537,5408,Radiation Therapy,3755.88,2025-11-25
4538,4866,Rehabilitation,1492.62,2023-09-16
4539,2315,Diagnostic Imaging,620.49,2025-11-13
4540,199,Laboratory Test,495.03,2025-01-02
4541,397,Medication,348.26,2022-09-10
4542,6494,Radiation Therapy,5304.86,2026-01-14
4543,4596,Rehabilitation,1912.55,2025-07-13
4544,7046,Chemotherapy,5258.92,2022-02-04
4545,9963,Diagnostic Imaging,721.12,2024-03-22
4546,5454,Surgery,5180.62,2025-09-22
4547,8371,Laboratory Test,86.65,2023-07-11
4548,8770,Rehabilitation,550.59,2025-12-18
4549,4507,Rehabilitation,889.31,2023-09-06
4550,6129,Laboratory Test,365.46,2022-08-07
4551,2048,Medication,232.52,2022-09-08
4552,4960,Laboratory Test,95.75,2023-09-22
4553,1148,Medication,374.06,2025-08-18
4554,9524,Laboratory Test,138.17,2025-08-31
4555,3849,Radiation Therapy,2249.83,2024-08-22
4556,3470,Rehabilitation,675.67,2025-02-26
4557,2723,Surgery,9512.92,2024-07-07
4558,7517,Laboratory Test,603.42,2025-06-01
4559,5145,Chemotherapy,2849.33,2022-05-24
4560,9848,Laboratory Test,617.0,2025-12-14
4561,6451,Consultation,392.12,2025-01-26
4562,5354,Radiation Therapy,6850.22,2023-01-04
4563,2856,Chemotherapy,9227.37,2025-03-16
4564,5767,Consultation,474.31,2025-02-10
4565,2979,Rehabilitation,381.98,2025-08-13
4566,3806,Surgery,12827.39,2025-08-16
4567,3166,Surgery,11572.97,2025-02-08
4568,4456,Physical Therapy,609.77,2024-01-01
4569,9098,Consultation,487.49,2025-09-28
4570,6395,Physical Therapy,1361.41,2025-12-19
4571,1661,Consultation,459.0,2023-05-16
4572,2864,Surgery,13908.77,2023-06-14
4573,20,Diagnostic Imaging,1029.42,2024-01-23
4574,4638,Chemotherapy,9257.53,2023-10-03
4575,4559,Laboratory Test,566.4,2022-11-11
4576,3495,Radiation Therapy,2592.17,2023-09-23
4577,6442,Diagnostic Imaging,441.08,2025-10-17
4578,6960,Surgery,3101.31,2022-02-24
4579,2680,Surgery,6447.42,2022-05-07
4580,4600,Consultation,118.78,2022-04-02
4581,5594,Surgery,1890.76,2025-10-04
4582,1398,Laboratory Test,650.38,2023-03-26
4583,705,Diagnostic Imaging,735.74,2024-05-28
4584,5699,Consultation,160.62,2022-01-11
4585,4755,Chemotherapy,7411.03,2022-12-18
4586,5055,Diagnostic Imaging,1168.4,2025-08-07
4587,7692,Radiation Therapy,3888.9,2024-01-22
4588,8877,Medication,410.05,2023-08-15
4589,4238,Rehabilitation,2325.38,2023-09-24
4590,3962,Chemotherapy,8525.84,2025-04-25
4591,7372,Radiation Therapy,6391.01,2023-01-30
4592,2459,Chemotherapy,6359.86,2023-11-30
4593,3170,Laboratory Test,322.71,2024-01-31
4594,2357,Radiation Therapy,4212.58,2023-01-13
4595,7241,Rehabilitation,357.26,2024-06-14
4596,1157,Radiation Therapy,5247.39,2023-05-20
4597,1241,Medication,176.34,2024-04-17
4598,8526,Diagnostic Imaging,1013.23,2022-01-28
4599,7301,Physical Therapy,723.68,2025-10-27
4600,4779,Rehabilitation,2203.89,2025-09-03
4601,6462,Consultation,470.09,2023-05-20
4602,6487,Medication,209.11,2025-07-30
4603,3055,Laboratory Test,157.5,2022-03-30
4604,5518,Physical Therapy,761.52,2025-07-24
4605,6287,Laboratory Test,667.96,2023-12-21
4606,2459,Rehabilitation,1456.25,2022-06-22
4607,2648,Laboratory Test,374.29,2024-04-03
4608,7929,Laboratory Test,436.28,2023-07-29
4609,4552,Diagnostic Imaging,824.68,2023-05-26
4610,6801,Laboratory Test,659.79,2024-03-27
4611,9764,Physical Therapy,1477.23,2024-02-11
4612,7462,Physical Therapy,667.69,2024-05-17
4613,5667,Rehabilitation,2399.11,2023-11-25
4614,5553,Laboratory Test,37.42,2025-03-25
4615,3505,Diagnostic Imaging,468.55,2024-01-07
4616,1400,Consultation,315.5,2023-08-01
4617,3444,Rehabilitation,1878.36,2022-05-09
4618,5744,Medication,406.3,2023-04-01
4619,5288,Rehabilitation,2081.37,2024-02-15
4620,9356,Surgery,11980.36,2023-10-02
4621,4690,Diagnostic Imaging,891.81,2025-08-02
4622,4196,Rehabilitation,2212.96,2022-11-28
4623,4961,Laboratory Test,660.41,2022-04-12
4624,2760,Chemotherapy,9561.31,2026-01-07
4625,3403,Radiation Therapy,3996.09,2023-07-03
4626,6552,Radiation Therapy,4635.75,2023-09-07
4627,8541,Laboratory Test,83.65,2026-01-21
4628,7238,Rehabilitation,918.43,2024-03-26
4629,6212,Radiation Therapy,5374.46,2022-10-09
4630,8159,Medication,100.33,2025-03-02
4631,1453,Rehabilitation,219.83,2024-07-02
4632,6989,Medication,277.57,2024-09-20
4633,7172,Consultation,113.55,2025-04-22
4634,8661,Laboratory Test,451.55,2025-08-30
4635,7413,Diagnostic Imaging,560.35,2025-11-02
4636,4706,Diagnostic Imaging,1100.16,2022-11-23
4637,8742,Laboratory Test,514.38,2024-01-25
4638,5608,Radiation Therapy,5590.42,2023-06-24
4639,9911,Laboratory Test,593.42,2025-02-26
4640,9490,Physical Therapy,1452.38,2024-11-17
4641,9586,Chemotherapy,-25.0,2024-02-30
4642,7856,Medication,309.35,2026-01-04
4643,964,Rehabilitation,1594.45,2025-01-29
4644,8891,Radiation Therapy,4793.63,2022-08-12
4645,3732,Rehabilitation,1655.99,2024-09-27
4646,8293,Physical Therapy,120.33,2026-01-14
4647,2814,Laboratory Test,549.0,2024-09-10
4648,4424,Chemotherapy,7339.96,2025-01-17
4649,3387,Rehabilitation,1996.56,2025-04-13
4650,2406,Rehabilitation,1129.64,2022-02-20
4651,7953,Diagnostic Imaging,665.45,2022-07-28
4652,3601,Medication,163.79,2023-09-02
4653,724,Laboratory Test,674.55,2024-10-15
4654,7215,Consultation,484.77,2022-06-12
4655,2077,Surgery,3159.84,2022-06-20
4656,9804,Chemotherapy,5049.69,2022-03-08
4657,4366,Physical Therapy,845.22,2022-05-21
4658,4118,Medication,55.04,2025-09-29
4659,7389,Radiation Therapy,2887.39,2023-10-05
4660,1903,Consultation,250.52,2022-08-15
4661,1620,Laboratory Test,520.16,2023-09-03
4662,6679,Physical Therapy,1427.14,2024-03-29
4663,1909,Laboratory Test,547.7,2023-07-21
4664,9051,Surgery,3239.21,2024-02-05
4665,1821,Radiation Therapy,4753.74,2022-12-27
4666,6177,Rehabilitation,2491.45,2022-10-07
4667,228,Physical Therapy,903.44,2022-01-15
4668,7125,Chemotherapy,3247.97,2024-11-23
4669,7270,Chemotherapy,8201.57,2024-10-20
4670,1431,Diagnostic Imaging,673.16,2024-03-12
4671,2715,Radiation Therapy,1831.98,2023-11-02
4672,6118,Consultation,107.37,2024-12-03
4673,161,Rehabilitation,469.54,2025-12-06
4674,5182,Chemotherapy,6457.14,2022-01-07
4675,1493,Surgery,4728.45,2022-12-02
4676,8282,Medication,347.61,2022-04-12
4677,8924,Consultation,105.31,2024-03-13
4678,9531,Laboratory Test,525.17,2024-04-25
4679,1529,Chemotherapy,9997.06,2023-02-09
4680,1401,Rehabilitation,1583.84,2023-01-11
4681,3731,Consultation,346.6,2023-11-08
4682,563,Radiation Therapy,5912.06,2023-03-13
4683,1785,Surgery,1561.89,2025-03-28
4684,9101,Diagnostic Imaging,473.73,2024-09-05
4685,8126,Medication,421.71,2025-05-21
4686,5240,Consultation,418.85,2025-07-02
4687,1149,Surgery,3705.28,2023-11-19
4688,7595,Surgery,6182.81,2022-09-28
4689,4285,Medication,162.28,2023-12-06
4690,6938,Consultation,116.21,2025-09-01
4691,3521,Diagnostic Imaging,1157.9,2022-08-10
4692,3449,Medication,306.56,2025-11-20
4693,9055,Diagnostic Imaging,907.62,2022-01-05
4694,3808,Surgery,10280.38,2023-07-08
4695,209,Chemotherapy,6875.7,2024-11-12
4696,7533,Chemotherapy,3890.07,2022-05-16
4697,8534,Chemotherapy,7002.17,2022-10-10
4698,2067,Radiation Therapy,7750.44,2024-01-02
4699,3024,Consultation,158.69,2026-01-21
4700,4154,Chemotherapy,5927.59,2024-07-14
4701,8065,Radiation Therapy,4325.77,2024-02-13
4702,9421,Chemotherapy,8183.76,2025-01-28
4703,4510,Chemotherapy,8929.91,2023-08-04
4704,3124,Medication,57.26,2025-08-08
4705,3248,Medication,497.89,2023-10-05
4706,4508,Radiation Therapy,6672.85,2026-01-15
4707,7530,Diagnostic Imaging,277.44,2025-09-28
4708,7238,Rehabilitation,2441.76,2024-04-23
4709,7983,Medication,450.61,2023-04-03
4710,4670,Diagnostic Imaging,1014.81,2025-11-08
4711,6857,Laboratory Test,657.62,2023-08-27
4712,4094,Physical Therapy,984.73,2025-06-18
4713,8905,Medication,113.6,2025-10-01
4714,4423,Physical Therapy,124.75,2026-01-26
4715,9859,Physical Therapy,739.01,2023-11-13
4716,9757,Diagnostic Imaging,1133.88,2022-03-28
4717,4025,Consultation,99.27,2022-07-15
4718,2548,Diagnostic Imaging,541.2,2024-05-15
4719,6632,Physical Therapy,1172.48,2025-10-24
4720,1901,Surgery,13045.64,2022-07-20
4721,1631,Diagnostic Imaging,1185.34,2022-10-07
4722,3893,Radiation Therapy,2562.48,2023-07-10
4723,265,Consultation,202.03,2022-07-01
4724,6581,Surgery,1800.42,2025-09-17
4725,281,Consultation,330.21,2024-01-07
4726,9715,Physical Therapy,784.53,2023-05-18
4727,4816,Rehabilitation,1714.92,2023-06-08
4728,748,Diagnostic Imaging,489.82,2022-10-28
4729,6585,Physical Therapy,1091.53,2022-01-23
4730,2495,Chemotherapy,9882.5,2023-08-21
4731,2651,Consultation,360.46,2023-03-20
4732,4346,Consultation,86.12,2025-02-21
4733,9321,Surgery,1943.77,2022-07-28
4734,2321,Chemotherapy,5945.98,2023-02-25
4735,7097,Rehabilitation,1256.72,2025-11-11
4736,4532,Rehabilitation,1838.25,2024-09-14
4737,8726,Rehabilitation,1573.74,2024-11-24
4738,8498,Physical Therapy,1332.81,2022-04-05
4739,6331,Medication,261.68,2024-04-17
4740,341,Surgery,8508.13,2023-01-12
4741,4117,Diagnostic Imaging,613.37,2024-05-22
4742,3660,Radiation Therapy,1441.2,2024-04-12
4743,4064,Medication,303.23,2025-05-12
4744,4936,Rehabilitation,1291.74,2025-01-14
4745,819,Chemotherapy,2619.48,2023-03-21
4746,6014,Rehabilitation,360.34,2023-09-13
4747,249,Diagnostic Imaging,125.61,2022-05-25
4748,818,Physical Therapy,1243.53,2023-03-15
4749,2751,Physical Therapy,942.26,2024-08-16
4750,8106,Radiation Therapy,6440.96,2023-03-10
4751,9953,Radiation Therapy,6787.18,2023-01-14
4752,3746,Chemotherapy,4023.13,2022-08-03
4753,3065,Diagnostic Imaging,811.19,2022-01-23
4754,4579,Consultation,189.64,2022-11-29
4755,3184,Rehabilitation,1417.92,2022-07-29
4756,5024,Radiation Therapy,1519.18,2025-01-30
4757,9954,Rehabilitation,2496.41,2025-10-28
4758,9515,Diagnostic Imaging,823.4,2022-12-01
4759,3908,Consultation,238.08,2023-01-05
4760,9325,Consultation,194.0,2024-11-04
4761,5815,Consultation,239.04,2022-02-04
4762,4929,Rehabilitation,1571.77,2022-08-04
4763,6500,Surgery,7887.06,2024-01-31
4764,3455,Medication,202.94,2025-05-05
4765,6189,Chemotherapy,5088.07,2022-03-30
4766,472,Laboratory Test,289.28,2022-07-03
4767,6930,Rehabilitation,732.94,2023-12-30
4768,5679,Chemotherapy,2320.04,2025-12-05
4769,6476,Chemotherapy,2457.62,2022-05-11
4770,9328,Medication,470.41,2025-08-15
4771,1652,Physical Therapy,1050.16,2023-07-04
4772,8770,Surgery,2149.54,2023-04-30
4773,5910,Surgery,6148.68,2022-06-06
4774,2370,Radiation Therapy,1389.5,2023-07-23
4775,1014,Rehabilitation,806.23,2024-03-01
4776,3966,Consultation,73.03,2024-09-08
4777,7179,Consultation,161.29,2023-08-15
4778,4749,Surgery,8090.23,2024-07-25
4779,8527,Laboratory Test,526.35,2025-07-14
4780,2733,Laboratory Test,477.37,2025-02-02
4781,2316,Surgery,1033.14,2024-06-24
4782,963,Physical Therapy,1364.74,2023-03-01
4783,3223,Chemotherapy,85000.0,2022-01-18
4784,2038,Rehabilitation,995.29,2024-03-28
4785,4188,Physical Therapy,538.29,2025-06-21
4786,9857,Diagnostic Imaging,1049.12,2024-05-31
4787,3881,Radiation Therapy,6453.89,2025-09-27
4788,4557,Diagnostic Imaging,865.62,2024-02-03
4789,7937,Physical Therapy,1214.12,2023-02-27
4790,7939,Chemotherapy,5225.64,2025-10-13
4791,7195,Radiation Therapy,1447.96,2025-11-11
4792,7233,Chemotherapy,2576.77,2025-05-07
4793,5074,Chemotherapy,3697.93,2024-09-14
4794,2410,Physical Therapy,999.72,2026-01-11
4795,9091,Diagnostic Imaging,1090.48,2025-04-04
4796,5116,Medication,341.73,2024-10-18
4797,5986,Laboratory Test,696.27,2025-01-20
4798,1367,Physical Therapy,1115.27,2024-07-05
4799,3268,Laboratory Test,405.41,2025-09-04
4800,2170,Rehabilitation,456.24,2025-10-25
4801,2080,Consultation,206.71,2024-10-08
4802,5871,Laboratory Test,195.54,2022-01-02
4803,6479,Medication,384.67,2025-08-11
4804,2651,Chemotherapy,9602.97,2025-12-02
4805,2952,Rehabilitation,358.75,2022-02-18
4806,6859,Consultation,404.43,2025-04-04
4807,8156,Consultation,341.12,2023-02-03
4808,3846,Chemotherapy,9153.22,2022-01-19
4809,505,Rehabilitation,813.41,2024-05-31
4810,8379,Physical Therapy,813.57,2025-02-05
4811,8228,Surgery,13740.53,2022-02-17
4812,5118,Rehabilitation,1335.82,2022-12-30
4813,2620,Diagnostic Imaging,1021.02,2023-06-27
4814,110,Surgery,6181.67,2025-12-01
4815,2472,Chemotherapy,1806.74,2023-01-05
4816,7543,Radiation Therapy,4142.96,2025-07-29
4817,1172,Chemotherapy,3577.57,2025-06-20
4818,7488,Radiation Therapy,5044.69,2024-10-07
4819,2605,Consultation,486.6,2022-07-20
4820,3826,Chemotherapy,4653.56,2023-10-26
4821,8711,Radiation Therapy,4141.87,2024-05-25
4822,2811,Radiation Therapy,5780.08,2025-01-18
4823,1080,Medication,227.79,2023-10-01
4824,597,Medication,195.17,2022-11-28
4825,8653,Chemotherapy,5468.5,2022-11-30
4826,5846,Laboratory Test,350.0,2025-11-19
4827,3263,Consultation,343.69,2024-06-01
4828,2623,Medication,53.91,2024-01-04
4829,9943,Consultation,288.63,2023-04-07
4830,9823,Radiation Therapy,5222.08,2025-09-28
4831,3364,Radiation Therapy,7878.34,2024-03-07
4832,2049,Medication,137.61,2022-10-09
4833,9100,Consultation,248.58,2022-12-15
4834,3202,Laboratory Test,137.35,2024-12-04
4835,5196,Rehabilitation,614.96,2025-03-14
4836,9104,Surgery,7395.46,2023-04-25
4837,3543,Medication,414.06,2024-07-17
4838,7117,Physical Therapy,855.42,2026-01-13
4839,7636,Consultation,174.43,2024-11-12
4840,6004,Chemotherapy,5878.13,2025-03-22
4841,5266,Surgery,12126.16,2025-10-17
4842,4821,Surgery,13801.36,2026-01-11
4843,5497,Chemotherapy,9950.27,2023-07-30
4844,5547,Laboratory Test,572.69,2024-10-01
4845,5649,Radiation Therapy,1347.14,2025-10-26
4846,3428,Radiation Therapy,6469.95,2022-04-29
4847,3056,Rehabilitation,1952.84,2023-11-17
4848,9056,Laboratory Test,138.67,2024-06-04
4849,3527,Surgery,3267.82,2023-06-30
4850,3461,Rehabilitation,1620.42,2024-03-08
4851,1639,Surgery,10341.41,2025-10-22
4852,8021,Rehabilitation,841.44,2024-04-14
4853,4309,Medication,321.68,2024-04-02
4854,4718,Physical Therapy,668.55,2025-11-01
4855,3929,Surgery,7747.27,2022-09-03
4856,8395,Radiation Therapy,3653.83,2023-01-18
4857,1063,Rehabilitation,731.72,2024-10-15
4858,1406,Physical Therapy,228.33,2023-10-29
4859,534,Laboratory Test,530.86,2024-09-19
4860,1810,Diagnostic Imaging,812.61,2024-07-17
4861,2457,Consultation,480.65,2025-04-14
4862,8027,Surgery,2858.02,2024-11-01
4863,89,Radiation Therapy,5226.55,2023-07-31
4864,2046,Medication,92.69,2025-06-02
4865,5422,Physical Therapy,740.26,2022-07-17
4866,8357,Radiation Therapy,4052.7,2022-07-30
4867,7701,Rehabilitation,2189.59,2023-10-17
4868,4093,Medication,293.95,2022-10-23
4869,1766,Rehabilitation,1717.35,2022-01-30
4870,512,Physical Therapy,139.89,2023-03-17
4871,6458,Surgery,8620.48,2022-10-14
4872,6337,Rehabilitation,2359.9,2023-12-03
4873,2393,Rehabilitation,540.05,2022-08-15
4874,4062,,603.26,2025-04-13
4875,975,Diagnostic Imaging,446.3,2022-06-25
4876,6732,Diagnostic Imaging,495.27,2023-04-10
4877,8580,Laboratory Test,533.05,2024-04-03
4878,3354,Physical Therapy,974.07,2025-08-22
4879,5016,Surgery,2694.75,2025-05-19
4880,1117,Physical Therapy,730.97,2025-11-09
4881,3423,Rehabilitation,750.9,2024-11-07
4882,7397,Surgery,7360.74,not-a-date
4883,1419,Chemotherapy,9316.72,2026-01-14
4884,1778,Diagnostic Imaging,663.33,2025-08-05
4885,3645,Diagnostic Imaging,338.37,2023-04-25
4886,3231,Physical Therapy,1154.41,2023-08-06
4887,2220,Physical Therapy,1336.22,2023-04-12
4888,6753,Rehabilitation,1127.25,2025-02-05
4889,1698,Chemotherapy,6285.01,2025-05-08
4890,8445,Laboratory Test,409.14,2025-09-02
4891,1987,Consultation,248.93,2022-01-12
4892,2714,Laboratory Test,380.14,2024-07-17
4893,8410,Physical Therapy,1470.95,2024-01-21
4894,3504,Consultation,371.76,2022-12-18
4895,4945,Radiation Therapy,6779.48,2025-08-19
4896,3815,Radiation Therapy,4020.24,2024-12-26
4897,9128,Surgery,10458.77,2024-09-15
4898,778,Rehabilitation,2123.54,2025-03-09
4899,3263,Surgery,5938.49,2024-07-04
4900,9628,Consultation,452.56,2024-03-05
4901,3310,Laboratory Test,544.89,2024-03-24
4902,9103,Chemotherapy,9616.43,2024-06-04
4903,1572,Laboratory Test,599.48,2023-05-24
4904,5144,Chemotherapy,2514.65,2024-01-14
4905,9389,Radiation Therapy,6920.1,2022-05-24
4906,2106,Surgery,4266.69,2025-07-08
4907,6977,Diagnostic Imaging,706.31,2023-10-13
4908,1621,Chemotherapy,8684.5,2022-11-16
4909,9691,Diagnostic Imaging,314.1,2023-03-16
4910,4432,Rehabilitation,295.14,2025-05-21
4911,9130,Rehabilitation,686.93,2024-11-28
4912,6699,Consultation,363.49,2022-05-06
4913,5420,Rehabilitation,1866.21,2025-05-17
4914,4678,Laboratory Test,448.3,2023-12-19
4915,6715,Chemotherapy,8136.39,2025-04-11
4916,7616,Rehabilitation,1988.18,2023-05-07
4917,4316,Surgery,8443.45,2025-09-02
4918,6889,Radiation Therapy,4157.78,2023-06-19
4919,4185,Rehabilitation,1880.19,2023-05-30
4920,7354,Physical Therapy,824.45,2025-11-21
4921,1392,Consultation,257.35,2023-12-23
4922,870,Laboratory Test,121.6,2025-12-14
4923,2611,Radiation Therapy,7461.75,2024-01-03
4924,7842,Radiation Therapy,6859.24,2023-05-22
4925,3507,Surgery,9144.84,2023-04-19
4926,6549,Chemotherapy,2883.47,2024-11-26
4927,9120,Physical Therapy,968.48,2024-02-24
4928,2748,Chemotherapy,7347.14,2023-02-06
4929,6664,Chemotherapy,9874.92,2025-12-02
4930,7452,Radiation Therapy,1554.65,2025-03-08
4931,2645,Medication,39.42,2024-01-28
4932,4393,Medication,466.35,2022-06-10
4933,6038,Consultation,79.09,2025-02-13
4934,2668,Chemotherapy,8451.55,2023-10-30
4935,6788,Chemotherapy,8272.74,2023-10-24
4936,364,Consultation,278.17,2023-01-02
4937,457,Consultation,363.77,2023-03-29
4938,1399,Medication,214.05,2024-07-20
4939,3768,Medication,225.78,2024-02-17
4940,3652,Surgery,13926.48,2025-09-11
4941,8846,Surgery,9058.57,2025-12-19
4942,5405,Medication,307.36,2023-12-26
4943,4926,Rehabilitation,2464.49,2024-11-09
4944,796,Surgery,4740.94,2023-09-02
4945,3195,Diagnostic Imaging,287.43,2025-12-20
4946,6501,Chemotherapy,4344.12,2023-11-15
4947,5086,Laboratory Test,394.77,2025-10-31
4948,6492,Surgery,6406.41,2024-06-17
4949,2884,Radiation Therapy,4949.82,2023-04-14
4950,1524,Diagnostic Imaging,1088.04,2022-07-04
4951,209,Chemotherapy,8350.27,2023-11-24
4952,8890,Consultation,329.89,2022-12-29
4953,6034,Radiation Therapy,5708.61,2025-12-12
4954,7361,Consultation,361.08,2023-12-24
4955,3268,SURGERY,1480.5,2025-03-25
4956,6499,Laboratory Test,421.21,2024-01-08
4957,3062,Consultation,492.42,2024-03-05
4958,6564,Diagnostic Imaging,876.07,2026-01-08
4959,9562,Medication,417.83,2024-04-19
4960,684,Surgery,8955.07,2026-01-30
4961,7049,Radiation Therapy,6111.93,2024-02-20
4962,2563,Consultation,108.87,2025-09-10
4963,6644,Diagnostic Imaging,404.81,2022-04-23
4964,7271,Chemotherapy,7102.7,2022-05-21
4965,6464,Medication,,2024-09-12
4966,8451,Physical Therapy,1284.61,2025-12-25
4967,9396,Consultation,149.63,2023-12-18
4968,1458,Surgery,11223.87,2024-01-06
4969,2090,Rehabilitation,546.5,2023-07-31
4970,1498,Physical Therapy,1417.52,2024-10-18
4971,3233,Chemotherapy,9036.03,2023-03-18
4972,3918,Chemotherapy,9578.13,2024-04-27
4973,8809,Medication,414.67,2022-11-25
4974,3705,Surgery,12262.27,2022-11-24
4975,9024,Consultation,449.12,2022-05-23
4976,9300,Surgery,9178.46,2023-12-24
4977,6672,Surgery,8623.89,2022-06-04
4978,6244,Laboratory Test,294.34,2023-07-02
4979,8444,Surgery,5008.7,2024-09-11
4980,5362,Laboratory Test,412.14,2025-05-10
4981,3626,Surgery,9614.92,2023-10-25
4982,919,Radiation Therapy,1224.87,2024-04-14
4983,9366,Laboratory Test,471.33,2025-07-24
4984,8457,Medication,430.53,2023-06-02
4985,7448,Laboratory Test,588.47,2025-04-11
4986,736,Rehabilitation,1662.32,2025-02-21
4987,8360,Consultation,419.35,2024-04-19
4988,4221,Laboratory Test,506.14,2022-02-04
4989,6600,Radiation Therapy,4516.55,2022-06-19
4990,7617,Chemotherapy,3266.91,2024-12-06
4991,5408,Consultation,253.17,2025-04-07
4992,7288,Consultation,237.94,2022-11-19
4993,1811,Diagnostic Imaging,1197.75,2025-06-02
4994,7862,Surgery,3444.33,2022-10-23
4995,5544,physical therapy,768.37,2023-10-15
4996,317,Medication,174.77,2025-10-30
4997,5303,Rehabilitation,1855.88,2023-05-25
4998,1579,Radiation Therapy,7484.9,2024-05-03
4999,4229,Rehabilitation,310.83,2025-12-21
5000,9803,Rehabilitation,208.0,2023-03-16
5001,5999,Radiation Therapy,7735.22,2024-11-10
5002,4498,Consultation,457.37,2025-12-28
5003,5615,Radiation Therapy,2904.36,2023-06-18
5004,588,Chemotherapy,1535.17,2023-01-12
5005,6305,Consultation,195.2,2023-01-21
5006,7090,Consultation,295.34,2022-11-24
5007,6248,Radiation Therapy,6369.79,2024-03-10
5008,2154,Diagnostic Imaging,653.48,2022-05-19
5009,488,Diagnostic Imaging,688.87,2024-12-19
5010,220,Chemotherapy,5112.0,2024-06-16
5011,5118,Rehabilitation,601.71,2025-10-24
5012,8116,Diagnostic Imaging,583.43,2023-03-21
5013,4110,Laboratory Test,240.16,2025-09-19
5014,6245,Physical Therapy,1283.78,2024-02-24
5015,5990,Consultation,468.25,2022-08-04
5016,7713,Physical Therapy,455.0,2024-08-03
5017,7006,Consultation,297.53,2025-10-11
5018,2827,Laboratory Test,342.55,2024-11-17
5019,7564,Laboratory Test,689.1,2023-11-09
5020,1524,Diagnostic Imaging,840.47,2022-05-05
5021,683,Rehabilitation,1259.98,2023-08-22
5022,9635,Radiation Therapy,7126.06,2025-09-25
5023,3013,Medication,296.22,2025-11-21
5024,1867,Diagnostic Imaging,1006.39,2023-12-24
5025,8646,Consultation,345.89,2024-04-24
5026,8605,Diagnostic Imaging,622.54,2024-01-18
5027,172,Diagnostic Imaging,1049.2,2024-08-15
5028,2963,Chemotherapy,4140.16,2026-01-08
5029,5715,Physical Therapy,275.14,2024-02-04
5030,5776,Diagnostic Imaging,104.43,2025-11-05
5031,1699,Surgery,7367.82,2024-07-08
5032,4154,Radiation Therapy,4646.8,2024-04-09
5033,7766,Laboratory Test,335.39,2022-03-15
5034,8267,Diagnostic Imaging,564.12,2022-12-15
5035,4757,Physical Therapy,1444.85,2025-10-08
5036,28,Radiation Therapy,7803.09,2022-03-29
5037,4173,Physical Therapy,189.17,2024-06-22
5038,9614,Rehabilitation,1868.96,2022-05-14
5039,2500,Consultation,300.32,2022-08-29
5040,8092,Rehabilitation,591.49,2023-06-20
5041,8902,Physical Therapy,1107.55,2025-04-02
5042,8093,Physical Therapy,1071.15,2023-02-18
5043,9632,Surgery,5680.11,2022-12-28
5044,1471,Consultation,360.32,2025-09-15
5045,4557,Radiation Therapy,2845.13,2022-03-26
5046,5178,Chemotherapy,5386.24,2022-10-11
5047,6644,Radiation Therapy,4433.97,2022-09-29
5048,5583,Diagnostic Imaging,211.7,2022-10-30
5049,8638,Surgery,10562.48,2025-01-16
5050,5430,Chemotherapy,9321.1,2024-03-04
5051,184,Laboratory Test,144.3,2025-11-30
5052,7005,Diagnostic Imaging,488.92,2026-01-04
5053,2181,Radiation Therapy,7011.16,2025-07-21
5054,1007,Consultation,213.07,2022-10-17
5055,6601,Radiation Therapy,3201.91,2024-04-13
5056,308,Surgery,5376.67,2023-06-28
5057,2250,Surgery,10686.07,2024-01-31
5058,3575,Medication,255.43,2025-07-11
5059,8578,Rehabilitation,768.74,2025-01-26
5060,4336,Consultation,493.0,2022-12-23
5061,1734,Diagnostic Imaging,722.54,2022-12-13
5062,3468,Consultation,419.78,2022-04-10
5063,8819,Surgery,14569.51,2025-01-12
5064,2151,Medication,260.07,2024-02-03
5065,8848,Surgery,8228.28,2022-10-05
5066,3748,Diagnostic Imaging,869.21,2025-01-27
5067,9949,Rehabilitation,1782.07,2025-01-11
5068,9668,Laboratory Test,497.6,2024-02-01
5069,5196,Medication,393.1,2023-01-10
5070,4291,Physical Therapy,1176.66,2022-08-04
5071,1988,Medication,178.87,2024-05-10
5072,7612,Laboratory Test,49.78,2025-02-26
5073,2070,Consultation,79.86,2024-03-04
5074,9643,Consultation,396.78,2025-08-08
5075,6172,Surgery,2319.82,2025-10-27
5076,134,Consultation,467.34,2022-10-12
5077,1418,Physical Therapy,802.91,2024-04-13
5078,3628,Diagnostic Imaging,1163.06,2025-02-17
5079,4741,Diagnostic Imaging,1020.29,2025-08-18
5080,4921,Chemotherapy,3930.77,2022-07-25
5081,3445,Physical Therapy,755.36,2024-10-03
5082,142,Chemotherapy,2976.23,2025-11-09
5083,9643,Physical Therapy,347.49,2024-06-11
5084,1846,Surgery,1111.3,2023-08-28
5085,2283,Radiation Therapy,7382.61,2022-03-04
5086,8871,Diagnostic Imaging,123.34,2023-09-17
5087,2501,Chemotherapy,8462.71,2022-05-22
5088,8950,Chemotherapy,4676.75,2024-10-02
5089,6753,Medication,393.48,2022-09-01
5090,7495,Diagnostic Imaging,191.99,2025-01-18
5091,3020,Surgery,4123.95,2025-06-19
5092,1285,Rehabilitation,219.58,2025-02-23
5093,9183,Consultation,474.72,2023-07-26
5094,3192,Physical Therapy,1114.69,2025-11-09
5095,6409,Chemotherapy,5538.59,2022-05-10
5096,6653,Chemotherapy,9471.22,2025-07-08
5097,4752,Medication,468.94,2025-07-08
5098,6056,Laboratory Test,118.83,2024-05-09
5099,2488,Diagnostic Imaging,242.84,2025-11-20
5100,6648,Radiation Therapy,3966.87,2024-11-14
5101,9158,Diagnostic Imaging,760.13,2024-11-10
5102,5161,Diagnostic Imaging,861.42,2025-03-19
5103,2123,Diagnostic Imaging,967.58,2024-12-28
5104,9779,Medication,290.23,2023-05-11
5105,8470,Rehabilitation,1822.58,2025-02-07
5106,1706,Medication,422.67,2024-03-31
5107,6010,Surgery,13468.26,2023-04-21
5108,4675,Chemotherapy,5187.63,2024-01-13
5109,6824,Rehabilitation,2433.95,2022-12-25
5110,3807,Rehabilitation,1386.99,2022-02-09
5111,4340,Radiation Therapy,4478.75,2024-09-27
5112,3485,Medication,360.86,2024-05-13
5113,2869,Radiation Therapy,1374.0,2022-02-23
5114,7613,Medication,491.4,2025-08-25
5115,3833,Chemotherapy,9736.37,2025-12-01
5116,8815,Diagnostic Imaging,902.3,2025-09-29
5117,1339,Laboratory Test,131.91,2022-04-28
5118,1907,Medication,274.17,2024-09-17
5119,6734,Diagnostic Imaging,515.77,2025-06-19
5120,2754,Radiation Therapy,1762.39,2022-11-20
5121,4411,Laboratory Test,268.86,2025-03-07
5122,78,Diagnostic Imaging,965.74,2022-02-01
5123,9394,Rehabilitation,2080.85,2023-10-29
5124,7485,Rehabilitation,260.64,2025-10-04
5125,8447,Rehabilitation,1166.94,2024-12-30
5126,7773,Diagnostic Imaging,286.8,2022-10-02
5127,6469,Diagnostic Imaging,1016.69,2024-07-23
5128,5400,Rehabilitation,1827.34,2026-01-19
5129,4844,Rehabilitation,480.33,2025-02-09
5130,5717,Physical Therapy,487.65,2022-05-06
5131,801,Surgery,3948.87,2022-01-05
5132,2514,Physical Therapy,1441.49,2025-04-15
5133,8402,Consultation,459.42,2022-09-14
5134,2828,Radiation Therapy,7897.67,2025-06-10
5135,7296,Radiation Therapy,3668.1,2024-09-18
5136,9780,Physical Therapy,175.51,2025-06-19
5137,3336,Rehabilitation,588.96,2023-06-27
5138,3021,Chemotherapy,7114.64,2024-03-16
5139,8532,Surgery,10513.49,2022-04-24
5140,2415,Rehabilitation,583.12,2023-09-16
5141,8973,Physical Therapy,704.66,2024-04-08
5142,7711,Chemotherapy,6650.74,2024-08-11
5143,6698,Diagnostic Imaging,879.13,2024-01-14
5144,580,Rehabilitation,1809.49,2022-08-14
5145,9889,Chemotherapy,6103.54,2023-05-12
5146,8920,Physical Therapy,887.89,2024-03-12
5147,9357,Medication,158.57,2023-06-03
5148,8509,Rehabilitation,2286.9,2024-09-23
5149,2861,Consultation,54.37,2023-07-06
5150,8931,Radiation Therapy,2389.44,2024-12-14
5151,9185,Consultation,474.75,2023-05-06
5152,1096,Physical Therapy,820.47,2025-09-16
5153,9354,Physical Therapy,1179.93,2023-01-02
5154,8500,Surgery,2407.27,2023-02-10
5155,6312,Rehabilitation,214.73,2025-06-27
5156,4169,Radiation Therapy,6519.99,2024-07-05
5157,1469,Consultation,434.57,2022-05-02
5158,1762,Surgery,6534.32,2026-01-02
5159,2446,Laboratory Test,308.49,2025-01-17
5160,6993,Laboratory Test,596.14,2022-07-19
5161,6876,Radiation Therapy,3583.82,2024-02-05
5162,9485,Rehabilitation,1436.01,2024-06-10
5163,4298,Surgery,6216.75,2025-03-22
5164,4299,Diagnostic Imaging,143.02,2025-05-04
5165,9243,Radiation Therapy,3502.27,2025-05-06
5166,1408,Diagnostic Imaging,603.12,2023-07-12
5167,4455,Diagnostic Imaging,1130.67,2025-06-16
5168,9749,Rehabilitation,739.81,2023-06-17
5169,1037,Rehabilitation,1449.76,2024-09-14
5170,7572,Radiation Therapy,6836.47,2024-10-26
5171,580,Physical Therapy,635.55,2023-08-18
5172,5163,Medication,126.62,2024-04-01
5173,521,Diagnostic Imaging,142.04,2022-03-12
5174,9123,Chemotherapy,6144.39,2023-06-23
5175,9990,Medication,412.92,2022-03-16
5176,1363,Medication,146.66,2024-01-19
5177,7955,Chemotherapy,6418.42,2025-11-16
5178,1123,medication,3062.04,2022-01-10
5179,6888,Physical Therapy,294.55,2024-03-23
5180,7362,Laboratory Test,602.59,2025-04-02
5181,1159,Chemotherapy,8149.02,2022-12-07
5182,2327,Medication,268.47,2022-02-01
5183,7657,Chemotherapy,4832.99,2025-07-31
5184,2880,Surgery,11082.33,2025-06-02
5185,192,Surgery,6708.51,2025-08-22
5186,1026,Chemotherapy,2782.27,2023-01-06
5187,8560,Radiation Therapy,2031.21,2022-09-07
5188,4564,Surgery,13723.64,2024-02-18
5189,1043,Rehabilitation,827.73,2023-11-25
5190,7596,Consultation,492.69,2025-08-24
5191,3471,Surgery,14305.38,2024-06-06
5192,3813,Consultation,370.12,2025-10-28
5193,6007,Physical Therapy,1253.57,2023-01-07
5194,5574,Medication,202.99,2025-12-03
5195,7794,Radiation Therapy,6536.74,2024-06-19
5196,4358,Surgery,9150.68,2025-03-13
5197,9053,Chemotherapy,1932.09,2023-05-22
5198,5437,Medication,484.0,2022-09-10
5199,2100,Surgery,9600.85,2023-12-06
5200,9290,Chemotherapy,1556.42,2022-11-25
5201,1468,Consultation,266.51,2023-02-18
5202,9541,Laboratory Test,65.21,2025-08-04
5203,9878,Rehabilitation,1133.1,2024-07-15
5204,5102,Laboratory Test,652.88,2023-09-26
5205,3162,Laboratory Test,470.78,2022-01-16
5206,5007,Diagnostic Imaging,829.32,2022-07-30
5207,7150,Consultation,346.03,2022-04-15
5208,257,Medication,240.92,2023-06-23
5209,2891,Diagnostic Imaging,739.12,2025-02-13
5210,3617,Medication,349.75,2023-09-22
5211,3020,Rehabilitation,1472.42,2025-08-05
5212,8491,Laboratory Test,240.23,2025-10-18
5213,6199,Consultation,372.88,2024-06-27
5214,4595,Diagnostic Imaging,96.66,2022-04-17
5215,1219,Diagnostic Imaging,968.27,2025-12-25
5216,8219,Chemotherapy,9942.91,2022-02-25
5217,9493,Radiation Therapy,3472.97,2023-07-02
5218,648,Diagnostic Imaging,747.01,2022-07-15
5219,4419,Consultation,146.54,2023-10-20
5220,4162,Medication,263.2,2023-04-03
5221,9021,Diagnostic Imaging,307.78,2026-01-05
5222,3429,Laboratory Test,343.85,2022-12-02
5223,8420,Surgery,6962.37,2023-05-15
5224,5128,Medication,76.78,2022-04-26
5225,4081,Physical Therapy,418.7,2024-08-07
5226,3423,Rehabilitation,362.47,2022-03-13
5227,6737,Physical Therapy,246.1,2022-01-14
5228,9277,Rehabilitation,1441.81,2024-04-23
5229,5834,Diagnostic Imaging,118.82,2022-11-17
5230,4143,Chemotherapy,2663.74,2022-02-16
5231,3308,Radiation Therapy,1904.11,2024-04-10
5232,4496,Laboratory Test,64.25,2022-01-30
5233,716,Laboratory Test,236.5,2024-03-25
5234,8707,Chemotherapy,5137.47,2024-04-10
5235,9549,Laboratory Test,573.43,2025-12-20
5236,3892,Laboratory Test,,2023-09-18
5237,9511,Chemotherapy,8216.64,2024-07-29
5238,2538,Surgery,11648.42,2022-07-21
5239,2148,Diagnostic Imaging,773.66,2022-02-06
5240,2573,Laboratory Test,662.58,2023-08-20
5241,816,Consultation,406.32,2024-10-24
5242,784,Rehabilitation,2339.0,2025-12-03
5243,9395,Physical Therapy,642.07,2022-08-19
5244,5133,Medication,270.34,2024-04-05
5245,7756,Consultation,195.23,2025-08-16
5246,3775,Radiation Therapy,5824.05,2023-09-20
5247,1635,Laboratory Test,72.15,2022-06-19
5248,4007,Rehabilitation,2029.64,2022-09-27
5249,4799,Rehabilitation,2389.26,2022-08-17
5250,6345,Diagnostic Imaging,401.89,2024-04-23
5251,8784,Rehabilitation,443.69,2022-12-07
5252,6872,Diagnostic Imaging,685.8,2022-08-12
5253,3003,Medication,405.63,2022-11-25
5254,5937,Consultation,112.81,2024-05-28
5255,9984,Consultation,468.46,2025-05-24
5256,5372,Rehabilitation,906.99,2023-04-15
5257,6189,Rehabilitation,429.39,2025-04-23
5258,502,Diagnostic Imaging,91.31,2022-03-09
5259,2997,Radiation Therapy,3988.67,2025-09-15
5260,4564,Rehabilitation,296.55,2025-07-26
5261,7953,Laboratory Test,549.19,2023-05-27
5262,5931,Rehabilitation,1870.27,2024-12-19
5263,6105,Chemotherapy,3819.96,2022-10-02
5264,6437,Rehabilitation,2348.09,2023-10-05
5265,5376,Laboratory Test,278.8,2025-05-08
5266,8637,Surgery,14038.46,2024-01-16
5267,5621,Laboratory Test,122.01,2024-05-23
5268,56,Laboratory Test,364.39,2025-07-26
5269,6416,Radiation Therapy,3807.45,2025-02-25
5270,3898,Radiation Therapy,7162.18,2026-01-19
5271,2682,Consultation,198.11,2023-05-03
5272,1027,Surgery,9086.58,2026-01-27
5273,3389,Diagnostic Imaging,494.12,2024-07-27
5274,9208,Surgery,4450.11,2023-04-15
5275,5566,Diagnostic Imaging,1059.97,2024-02-02
5276,3656,Radiation Therapy,1826.27,2025-04-14
5277,5639,Diagnostic Imaging,1021.51,2024-06-17
5278,4705,Chemotherapy,4269.76,2024-12-29
5279,7655,Medication,386.9,2022-12-25
5280,5150,Radiation Therapy,4833.8,2025-01-11
5281,3149,Chemotherapy,6706.21,2023-08-21
5282,6489,Rehabilitation,2264.02,2024-08-05
5283,5795,Rehabilitation,1627.44,2024-11-17
5284,7466,Laboratory Test,480.17,2023-07-28
5285,9570,Diagnostic Imaging,629.2,2023-07-26
5286,985,Laboratory Test,38.1,2025-05-02
5287,2045,Medication,138.78,2024-12-22
5288,6128,Chemotherapy,1855.77,2023-05-19
5289,7644,Physical Therapy,694.48,2025-03-23
5290,6641,Radiation Therapy,1678.86,2022-06-04
5291,8467,Diagnostic Imaging,392.97,2024-10-07
5292,8432,Radiation Therapy,4497.93,2025-02-07
5293,521,Rehabilitation,427.14,2022-06-11
5294,8662,Consultation,177.28,2024-05-28
5295,9067,Medication,449.48,2025-07-05
5296,367,Surgery,4877.8,2023-09-08
5297,1646,Consultation,221.61,2023-04-29
5298,3158,Physical Therapy,864.27,2024-02-19
5299,122,Chemotherapy,7388.22,2025-04-08
5300,7264,Radiation Therapy,7882.61,2025-09-12
5301,7383,Consultation,466.82,2022-04-23
5302,2853,Medication,132.81,2022-01-11
5303,2240,Physical Therapy,1247.15,2025-05-11
5304,8006,Medication,461.04,2022-06-12
5305,6354,Surgery,4802.6,2023-08-24
5306,4511,Medication,282.09,2024-10-01
5307,7298,,14969.93,2022-08-07
5308,9584,Laboratory Test,539.35,2024-11-06
5309,754,Consultation,252.9,2024-12-13
5310,7066,Laboratory Test,77.22,2023-02-05
5311,5636,Laboratory Test,238.53,2025-02-23
5312,11,Laboratory Test,565.42,2022-06-16
5313,1311,Laboratory Test,121.56,2023-06-20
5314,2217,Physical Therapy,810.82,2022-07-22
5315,3077,Laboratory Test,45.05,2023-06-29
5316,9492,Surgery,4552.78,2024-10-04
5317,8010,Medication,470.07,2024-10-02
5318,8441,,365.47,2024-04-25
5319,848,Medication,380.88,2025-03-17
5320,1169,Laboratory Test,495.76,2024-09-21
5321,6108,Physical Therapy,347.17,2024-09-28
5322,8710,Chemotherapy,4509.14,2024-07-30
5323,7379,Chemotherapy,7770.44,2025-04-28
5324,4037,Surgery,11806.3,2025-10-08
5325,3068,Chemotherapy,5068.32,2025-01-07
5326,1738,Rehabilitation,1662.07,2024-05-04
5327,1125,Diagnostic Imaging,978.21,2025-04-01
5328,2005,Rehabilitation,2462.84,2024-09-09
5329,8529,Diagnostic Imaging,408.69,2025-11-24
5330,6179,Rehabilitation,1028.47,2025-11-18
5331,4029,Chemotherapy,7853.59,2023-11-21
5332,5392,Medication,371.39,2022-10-30
5333,8340,Laboratory Test,625.42,2025-12-19
5334,8651,Rehabilitation,2364.71,2023-06-19
5335,4907,Consultation,92.95,2025-03-25
5336,7128,Radiation Therapy,3003.39,2025-12-27
5337,4639,Laboratory Test,362.55,2022-02-22
5338,6365,Medication,349.93,2022-02-15
5339,3775,Consultation,412.98,2025-09-04
5340,8367,Medication,115.31,2025-09-12
5341,9906,Diagnostic Imaging,316.84,2024-03-25
5342,1426,Physical Therapy,1063.66,2023-02-03
5343,9443,Radiation Therapy,2986.61,2025-04-10
5344,2251,Chemotherapy,7586.97,2023-12-30
5345,4135,Physical Therapy,1057.92,2025-10-23
5346,8524,Rehabilitation,1552.63,2023-04-17
5347,220,Diagnostic Imaging,1155.14,2022-02-16
5348,4893,Diagnostic Imaging,296.97,2023-08-07
5349,6946,Rehabilitation,1941.46,2024-10-12
5350,1278,Surgery,5013.55,2023-07-21
5351,9333,Diagnostic Imaging,81.95,2023-05-23
5352,4411,Medication,394.16,2025-12-22
5353,1420,Medication,60.7,2024-06-23
5354,791,Laboratory Test,281.09,2025-06-08
5355,5062,Physical Therapy,493.97,2025-05-30
5356,1981,Radiation Therapy,4246.58,2025-04-09
5357,2787,Physical Therapy,1419.62,2023-05-17
5358,1417,Laboratory Test,406.9,2022-11-05
5359,9546,Physical Therapy,1030.14,2024-11-03
5360,1470,Consultation,390.71,2024-04-29
5361,7373,Chemotherapy,9444.03,2024-09-13
5362,6814,Chemotherapy,3237.95,2022-08-28
5363,5530,Medication,115.67,2025-01-19
5364,5185,Medication,421.13,2024-11-26
5365,5730,Laboratory Test,285.39,2025-07-18
5366,2804,Diagnostic Imaging,766.37,2025-01-31
5367,1179,Diagnostic Imaging,1113.22,2022-08-27
5368,6791,Consultation,91.17,2025-06-28
5369,6832,Medication,414.62,2025-05-28
5370,7904,Chemotherapy,4990.81,2023-11-03
5371,9467,Consultation,141.38,2025-03-15
5372,6970,Chemotherapy,7031.56,2022-06-10
5373,8407,Radiation Therapy,2846.26,2025-05-08
5374,6176,Physical Therapy,224.15,2023-03-05
5375,3204,Consultation,368.75,2024-11-26
5376,8987,Physical Therapy,683.04,2022-08-24
5377,7525,Physical Therapy,406.54,2022-03-18
5378,1074,,457.01,2022-04-29
5379,7931,Rehabilitation,692.21,2024-10-04
5380,1881,Consultation,239.97,2023-01-29
5381,19,Surgery,12116.28,2025-04-24
5382,2038,Physical Therapy,692.11,2022-05-17
5383,3280,Laboratory Test,423.27,2023-03-19
5384,2273,Chemotherapy,6395.24,2023-10-25
5385,792,Diagnostic Imaging,1005.03,2022-04-24
5386,2069,Surgery,13887.75,2024-06-01
5387,5930,Radiation Therapy,4475.24,2025-12-12
5388,3915,Diagnostic Imaging,757.71,2025-11-08
5389,5498,Radiation Therapy,6930.51,2024-09-26
5390,3242,Consultation,484.31,2024-03-18
5391,8126,Consultation,456.55,2025-01-05
5392,2018,Chemotherapy,5778.12,2023-03-12
5393,6544,Diagnostic Imaging,631.69,2024-12-10
5394,2429,Physical Therapy,1137.81,2025-05-22
5395,1400,Physical Therapy,1469.6,2025-11-23
5396,8374,Medication,354.36,2025-03-30
5397,4822,Diagnostic Imaging,260.61,2025-04-22
5398,5075,Medication,308.31,2022-05-02
5399,2007,Surgery,4834.94,2024-10-22
5400,8109,Medication,115.6,2022-08-15
5401,9550,Physical Therapy,1220.27,2025-11-16
5402,9604,Consultation,293.95,2022-10-09
5403,3318,Physical Therapy,531.01,2023-06-25
5404,2832,Physical Therapy,787.9,2022-02-12
5405,995,Rehabilitation,639.97,2023-05-11
5406,323,Medication,133.38,2024-05-18
5407,358,Physical Therapy,967.57,2023-10-24
5408,6810,Diagnostic Imaging,440.13,2022-12-11
5409,1955,Consultation,480.25,2022-09-03
5410,8215,Chemotherapy,1833.93,2023-06-21
5411,2464,Diagnostic Imaging,1103.26,2024-01-05
5412,9075,Rehabilitation,322.87,2022-03-02
5413,3184,Chemotherapy,7052.8,2025-05-06
5414,3858,Chemotherapy,1872.03,2024-02-02
5415,3138,Laboratory Test,56.17,2024-07-15
5416,8600,Chemotherapy,6058.93,2024-04-13
5417,8748,Surgery,6107.65,2023-04-30
5418,1298,Medication,270.26,2022-01-26
5419,2270,Surgery,9974.81,2025-09-13
5420,5684,Diagnostic Imaging,1099.56,2024-07-20
5421,5886,Surgery,11290.25,2025-10-17
5422,8928,Consultation,55.32,2023-12-18
5423,5461,Chemotherapy,9002.75,2024-05-28
5424,677,Medication,198.39,2022-09-12
5425,4362,Rehabilitation,1873.59,2022-08-21
5426,3386,Medication,71.13,2024-06-06
5427,1326,Rehabilitation,761.86,2025-03-14
5428,9181,Physical Therapy,1445.0,2025-01-07
5429,1816,Medication,451.69,2022-11-28
5430,9322,Medication,339.63,2022-09-29
5431,3776,Laboratory Test,660.86,2023-03-10
5432,3508,Consultation,83.03,2023-04-01
5433,2381,Medication,411.1,2025-07-13
5434,7045,Consultation,302.63,2022-03-29
5435,2832,Chemotherapy,3553.01,2025-07-17
5436,6697,Consultation,301.39,2024-09-17
5437,563,Physical Therapy,1163.94,2024-09-21
5438,4649,Consultation,361.59,2025-02-15
5439,4169,Physical Therapy,1206.52,2025-03-13
5440,3207,Laboratory Test,552.75,2024-06-18
5441,1729,Rehabilitation,1948.06,2022-03-28
5442,882,Rehabilitation,1820.31,2024-12-24
5443,3613,Laboratory Test,234.54,2022-01-04
5444,2848,Surgery,4908.33,2024-02-14
5445,1483,Surgery,8806.66,2025-02-26
5446,4187,Consultation,60.94,2024-12-04
5447,27,Laboratory Test,82.38,2024-07-06
5448,3973,Medication,119.04,2024-06-14
5449,5115,Surgery,2464.71,2023-04-25
5450,6113,Radiation Therapy,7396.21,2022-03-10
5451,9202,Surgery,7990.04,2023-08-01
5452,1876,Diagnostic Imaging,463.56,2022-11-15
5453,3378,Surgery,12919.26,2022-01-31
5454,5428,Chemotherapy,9419.5,2022-05-24
5455,6750,Surgery,11455.49,2023-07-23
5456,9613,Chemotherapy,4615.43,2024-10-24
5457,6902,Consultation,463.49,2022-10-25
5458,7682,Chemotherapy,5507.76,2023-11-12
5459,7265,Medication,306.12,2024-04-07
5460,2135,Laboratory Test,320.0,2024-06-05
5461,1447,Surgery,13899.45,2024-12-17
5462,573,Radiation Therapy,5357.82,2022-02-14
5463,1750,Medication,319.67,2022-08-05
5464,2708,Consultation,180.53,2023-09-02
5465,4242,Surgery,9979.34,2025-09-14
5466,4059,Surgery,9914.08,2024-12-24
5467,8683,Surgery,1740.8,2023-12-12
5468,2248,Chemotherapy,7334.24,2022-04-22
5469,2078,Physical Therapy,1221.07,2025-02-02
5470,8248,Radiation Therapy,2079.86,2023-05-08
5471,5795,Chemotherapy,9914.49,2025-09-08
5472,6307,Medication,487.31,2022-03-17
5473,835,Laboratory Test,350.01,2022-10-22
5474,6304,Laboratory Test,558.86,2025-04-08
5475,5753,Radiation Therapy,1997.53,2023-11-14
5476,5099,Rehabilitation,244.46,2026-01-06
5477,667,Consultation,158.4,2024-05-05
5478,9644,Chemotherapy,1884.25,2022-02-04
5479,3643,Diagnostic Imaging,890.27,2025-05-07
5480,3252,Chemotherapy,3115.48,2023-09-03
5481,5387,Physical Therapy,621.7,2023-07-03
5482,5029,Diagnostic Imaging,312.81,2022-12-28
5483,3497,Physical Therapy,187.86,2025-01-13
5484,8872,Surgery,9937.61,2024-03-05
5485,3536,Medication,456.17,2023-10-01
5486,9011,Surgery,11418.26,2025-03-21
5487,60,Medication,333.58,2026-01-02
5488,8589,Chemotherapy,4507.52,2024-11-09
5489,4465,Diagnostic Imaging,503.91,2025-03-12
5490,4558,Surgery,3894.17,2023-05-13
5491,3848,,2656.67,2024-09-07
5492,9398,Radiation Therapy,2719.7,2022-02-03
5493,6986,Diagnostic Imaging,114.55,2022-11-11
5494,7549,Laboratory Test,249.47,2024-09-01
5495,7341,Medication,40.57,2022-12-20
5496,9967,Diagnostic Imaging,335.93,2023-01-02
5497,959,Rehabilitation,645.64,2023-07-09
5498,6676,Medication,471.74,2025-06-01
5499,4087,Radiation Therapy,7559.38,2023-12-08
5500,5558,Rehabilitation,1452.95,2023-06-01
5501,7655,Radiation Therapy,6767.98,2023-10-07
5502,9928,Physical Therapy,875.15,2023-11-15
5503,6723,Radiation Therapy,4684.46,2022-02-09
5504,151,Physical Therapy,605.71,2022-09-04
5505,3838,Laboratory Test,516.89,2025-10-15
5506,9719,Diagnostic Imaging,624.18,2024-01-12
5507,46,Surgery,3441.06,2023-02-02
5508,5971,Rehabilitation,1962.36,2023-01-06
5509,6375,Diagnostic Imaging,546.23,2024-07-26
5510,6260,Chemotherapy,,2024-05-15
5511,2991,Rehabilitation,602.88,2025-07-14
5512,7312,Consultation,351.56,2023-06-09
5513,398,Surgery,14654.32,2022-07-21
5514,1121,Physical Therapy,860.09,2026-01-21
5515,6624,Radiation Therapy,6458.71,2022-09-19
5516,2717,Surgery,10240.36,2025-04-15
5517,1673,Consultation,443.16,2024-07-06
5518,8826,Diagnostic Imaging,958.27,2025-11-24
5519,6638,Physical Therapy,134.69,2025-07-09
5520,1080,Chemotherapy,4940.61,2025-07-30
5521,7677,Physical Therapy,467.38,2024-10-27
5522,1813,Medication,66.99,2024-04-28
5523,7040,Physical Therapy,244.74,2025-08-17
5524,4421,Surgery,11399.92,2023-12-06
5525,6480,Surgery,12289.19,2023-11-29
5526,8568,Laboratory Test,119.59,2022-05-18
5527,4487,Consultation,117.21,2023-06-22
5528,9986,Radiation Therapy,4246.4,2022-10-28
5529,3411,Surgery,14142.15,2024-08-27
5530,6,Rehabilitation,1269.44,2025-02-24
5531,1975,Radiation Therapy,1887.74,2025-02-09
5532,2574,Radiation Therapy,5659.41,2023-09-22
5533,1650,Laboratory Test,300.31,2022-11-30
5534,5497,Chemotherapy,2898.41,2024-08-14
5535,5023,Rehabilitation,1667.85,2022-08-06
5536,804,Consultation,249.08,2022-09-07
5537,997,Physical Therapy,636.77,2024-12-25
5538,8605,Consultation,225.32,2023-01-19
5539,9749,Laboratory Test,85.48,2022-10-10
5540,3761,Surgery,1176.06,2022-09-05
5541,5486,Medication,269.79,2025-12-22
5542,522,Radiation Therapy,4826.81,2024-10-14
5543,5601,Radiation Therapy,1321.25,2022-01-30
5544,9354,Medication,498.22,2022-08-09
5545,8531,Consultation,176.13,2026-01-10
5546,4098,Radiation Therapy,6636.57,2023-01-05
5547,9047,Surgery,13655.82,2023-02-27
5548,6689,Laboratory Test,673.66,2025-07-15
5549,9913,,781.25,2025-09-21
5550,3024,Laboratory Test,363.6,2022-02-28
5551,8345,Physical Therapy,1390.56,2026-01-09
5552,181,Surgery,9625.14,2022-11-07
5553,3928,Chemotherapy,4837.36,2025-06-23
5554,5680,Diagnostic Imaging,1101.91,2024-05-26
5555,8687,Consultation,397.85,2024-09-09
5556,4337,Physical Therapy,728.14,2025-12-16
5557,5796,Laboratory Test,303.23,2025-05-20
5558,7927,Rehabilitation,854.62,2022-11-15
5559,4436,Radiation Therapy,7974.99,2022-12-19
5560,1501,Diagnostic Imaging,1105.62,2025-10-14
5561,9254,Laboratory Test,359.98,2025-07-01
5562,4140,Chemotherapy,6297.75,2023-04-17
5563,613,Diagnostic Imaging,324.52,2025-04-03
5564,6252,Medication,83.62,2022-10-18
5565,1764,Physical Therapy,1286.79,2024-06-24
5566,5425,Rehabilitation,2294.37,2022-10-27
5567,5583,Consultation,455.45,2024-09-10
5568,7683,Physical Therapy,1155.91,2024-11-09
5569,4312,Consultation,212.65,2022-08-20
5570,4197,Consultation,102.53,2023-11-25
5571,7888,Consultation,440.41,2022-07-08
5572,3795,Rehabilitation,667.14,2025-03-25
5573,8129,Chemotherapy,3707.43,2022-01-03
5574,9476,Rehabilitation,2189.79,2022-03-26
5575,8175,Medication,183.17,2023-02-11
5576,4255,Laboratory Test,87.97,2023-11-06
5577,959,Laboratory Test,354.52,2023-01-30
5578,2748,Medication,140.42,2024-09-18
5579,4938,Rehabilitation,2478.15,2022-12-15
5580,772,Surgery,3301.39,2024-09-24
5581,5044,Physical Therapy,639.05,2023-11-24
5582,4490,Consultation,228.59,2022-07-03
5583,5901,Medication,316.15,2023-10-20
5584,9547,Chemotherapy,2099.29,2024-06-29
5585,6172,Diagnostic Imaging,123.56,2025-06-05
5586,2733,Consultation,339.68,2025-07-05
5587,43,Chemotherapy,5286.94,2025-05-09
5588,5240,Consultation,140.28,2024-08-01
5589,1726,Radiation Therapy,3739.09,2024-04-27
5590,5982,Physical Therapy,1223.21,2024-07-15
5591,1497,Physical Therapy,1385.45,2024-04-07
5592,5809,Physical Therapy,1189.08,2024-10-28
5593,6282,Surgery,10188.92,2022-11-28
5594,6112,Diagnostic Imaging,1000.43,2025-01-06
5595,2015,Rehabilitation,2482.7,2023-06-01
5596,9800,Diagnostic Imaging,794.26,2022-05-29
5597,3340,Radiation Therapy,6050.63,2025-06-01
5598,9562,Medication,492.84,2024-08-13
5599,8063,Consultation,439.14,2023-02-20
5600,2551,Medication,56.13,2025-09-05
5601,6857,Radiation Therapy,3297.57,2025-11-18
5602,5116,Rehabilitation,1982.7,2024-01-06
5603,2988,Rehabilitation,2336.65,2022-04-26
5604,1393,Surgery,14047.68,2025-09-16
5605,8563,Surgery,14439.44,2026-01-22
5606,7675,Consultation,495.09,2024-10-01
5607,1853,Physical Therapy,805.46,2023-10-31
5608,8268,Physical Therapy,446.52,2022-06-06
5609,6310,Physical Therapy,1153.66,2022-08-01
5610,7964,Chemotherapy,3619.15,2022-05-18
5611,5241,Radiation Therapy,7586.24,2024-10-12
5612,9397,Laboratory Test,602.17,2022-10-23
5613,7629,Medication,63.27,2024-09-18
5614,8400,Physical Therapy,342.7,2025-07-13
5615,5329,Chemotherapy,4682.14,2025-12-13
5616,5624,Physical Therapy,1351.97,2023-05-21
5617,4714,Physical Therapy,1371.92,2022-08-16
5618,8651,Radiation Therapy,1806.11,2022-10-27
5619,4991,Radiation Therapy,3984.41,2025-05-15
5620,3065,Radiation Therapy,1207.92,2023-10-23
5621,1895,Surgery,9554.65,2025-09-13
5622,8270,Laboratory Test,77.69,2023-08-03
5623,8943,Medication,382.27,2025-05-09
5624,8083,Laboratory Test,611.71,2024-02-15
5625,691,Laboratory Test,241.9,2026-01-13
5626,6012,Physical Therapy,1135.55,2025-04-13
5627,7286,Chemotherapy,8099.88,2025-06-06
5628,1532,Physical Therapy,1215.94,2024-04-26
5629,4410,Laboratory Test,409.68,2023-07-07
5630,5712,Rehabilitation,784.67,2025-04-07
5631,1118,Rehabilitation,368.73,2024-05-09
5632,6913,Diagnostic Imaging,266.99,2025-11-23
5633,6536,Rehabilitation,712.72,2024-08-01
5634,7926,Consultation,126.49,2023-05-25
5635,1784,Diagnostic Imaging,351.25,2023-12-20
5636,3958,Diagnostic Imaging,316.92,2022-04-25
5637,9054,Diagnostic Imaging,338.75,2022-12-19
5638,5110,Laboratory Test,569.45,2022-07-10
5639,5744,Laboratory Test,345.98,2023-11-18
5640,2871,Rehabilitation,2009.79,2024-07-18
5641,2429,Physical Therapy,679.91,2022-12-26
5642,8548,Medication,34.99,2025-01-25
5643,7306,Consultation,364.62,2023-10-07
5644,9403,Surgery,9365.86,2025-05-07
5645,7037,,492.62,2025-05-07
5646,1417,Radiation Therapy,3519.98,2024-05-07
5647,7540,Medication,268.75,2024-01-23
5648,1655,Medication,241.09,2023-05-14
5649,8535,Consultation,77.51,2024-09-15
5650,4723,Medication,142.67,2024-07-06
5651,5447,Laboratory Test,529.54,2022-10-09
5652,3356,Surgery,4478.7,2026-01-15
5653,5213,Medication,92.67,2023-09-09
5654,1791,Medication,418.43,2025-02-11
5655,9529,Rehabilitation,639.42,2022-10-26
5656,6343,Laboratory Test,530.63,2023-04-15
5657,3080,Chemotherapy,8910.49,2024-06-02
5658,3315,Physical Therapy,1295.4,2022-09-21
5659,1733,Consultation,134.59,2025-01-13
5660,4963,Medication,316.23,2023-09-14
5661,1970,Medication,38.85,2025-08-02
5662,1465,Radiation Therapy,1213.98,2024-06-19
5663,888,Medication,383.55,2022-01-28
5664,1214,Medication,204.26,2025-04-20
5665,8913,Laboratory Test,462.03,2024-01-02
5666,3823,Radiation Therapy,1264.89,2023-09-03
5667,9417,Laboratory Test,203.34,2023-05-03
5668,7955,Rehabilitation,2300.41,2023-11-09
5669,7159,Diagnostic Imaging,194.84,2025-03-22
5670,8624,Diagnostic Imaging,492.17,2023-10-16
5671,181,Rehabilitation,1482.02,2023-05-28
5672,977,Laboratory Test,376.72,2023-01-02
5673,9132,Radiation Therapy,6306.44,2022-04-08
5674,852,Consultation,203.78,2025-06-15
5675,738,Medication,326.51,2025-09-16
5676,7434,Physical Therapy,943.42,2024-05-31
5677,676,Diagnostic Imaging,1019.59,2022-01-29
5678,580,Diagnostic Imaging,1048.02,2025-01-07
5679,4387,Medication,400.56,2024-09-16
5680,7770,Medication,387.14,2025-11-23
5681,9606,Radiation Therapy,7682.79,2023-10-04
5682,8924,Consultation,61.54,2024-09-29
5683,7260,Diagnostic Imaging,841.56,2025-06-01
5684,5136,,173.69,2023-04-07
5685,3807,Medication,292.98,2022-06-10
5686,1802,Laboratory Test,621.86,2023-04-30
5687,2735,Chemotherapy,6670.41,2023-04-01
5688,9292,Rehabilitation,1411.86,2023-04-11
5689,4825,Consultation,164.93,2023-03-08
5690,1472,Physical Therapy,1132.67,2025-06-08
5691,6959,Physical Therapy,1146.23,2023-02-23
5692,9480,Chemotherapy,6214.74,2025-06-02
5693,1600,Rehabilitation,446.37,2024-08-17
5694,4426,Laboratory Test,448.29,2024-08-04
5695,5747,Radiation Therapy,1778.21,2025-12-26
5696,9490,Consultation,443.82,2022-03-05
5697,2185,Physical Therapy,934.17,2023-01-29
5698,741,Diagnostic Imaging,711.3,2023-03-08
5699,5981,Laboratory Test,616.79,2025-02-16
5700,1656,Diagnostic Imaging,694.22,2023-12-23
5701,4447,Surgery,3773.13,2024-07-28
5702,9965,Diagnostic Imaging,980.27,2025-12-05
5703,3207,Diagnostic Imaging,1115.4,2022-10-25
5704,8594,Rehabilitation,1245.24,2022-08-21
5705,2286,Rehabilitation,2003.07,2025-04-25
5706,332,Diagnostic Imaging,265.5,2023-08-31
5707,6661,Surgery,7132.16,2023-05-03
5708,7748,Physical Therapy,137.89,2024-08-01
5709,3943,Consultation,69.74,2023-12-19
5710,4221,Laboratory Test,400.83,2024-10-30
5711,3147,Diagnostic Imaging,126.93,2025-09-11
5712,8802,Diagnostic Imaging,517.41,2024-10-23
5713,2756,Physical Therapy,452.01,2023-01-04
5714,4092,Physical Therapy,1394.34,2022-10-30
5715,5047,Physical Therapy,581.35,2022-11-09
5716,7169,Diagnostic Imaging,542.77,2025-10-12
5717,4423,Radiation Therapy,6851.48,2024-10-04
5718,3876,Diagnostic Imaging,443.14,2024-10-19
5719,8512,Radiation Therapy,5748.37,2022-07-09
5720,9272,Consultation,121.68,2024-04-08
5721,4683,Physical Therapy,385.96,2026-01-10
5722,4446,Chemotherapy,5623.15,2023-04-24
5723,3111,Radiation Therapy,5708.57,2025-06-09
5724,3193,Laboratory Test,590.72,2023-10-26
5725,8914,Physical Therapy,1044.35,2023-08-17
5726,2051,Medication,452.99,2024-02-28
5727,3233,Chemotherapy,3021.9,2025-07-28
5728,8287,Physical Therapy,160.24,2024-01-25
5729,9521,Physical Therapy,725.88,2024-01-05
5730,1436,Medication,121.53,2022-04-03
5731,9625,Surgery,4576.05,2025-06-04
5732,188,Radiation Therapy,6463.44,2025-06-22
5733,5428,Diagnostic Imaging,335.69,2022-07-19
5734,1250,Consultation,239.81,2025-11-05
5735,6149,Radiation Therapy,4499.62,2023-11-10
5736,7420,Laboratory Test,587.42,2023-05-31
5737,6426,Laboratory Test,170.95,2024-01-29
5738,5197,Chemotherapy,4704.55,2022-06-23
5739,9261,Laboratory Test,511.8,2024-07-31
5740,382,Laboratory Test,377.31,2022-03-06
5741,2877,Radiation Therapy,4730.24,2023-12-25
5742,1538,Laboratory Test,143.34,2026-01-09
5743,9069,Consultation,197.85,2026-01-03
5744,6491,Rehabilitation,1245.41,2024-11-14
5745,452,Physical Therapy,429.4,2023-10-20
5746,3506,Laboratory Test,276.87,2024-12-05
5747,8918,Surgery,11986.27,2023-11-02
5748,7418,Consultation,303.24,2023-04-05
5749,6181,Rehabilitation,2236.42,2024-10-06
5750,990,Radiation Therapy,7505.79,2024-10-13
5751,2327,Medication,149.83,2022-02-20
5752,7330,Diagnostic Imaging,162.66,2022-06-10
5753,7788,Rehabilitation,1353.99,2025-03-08
5754,5602,Chemotherapy,3815.03,2022-04-11
5755,6088,Consultation,163.96,2023-01-15
5756,4046,Surgery,8217.61,2025-10-15
5757,5954,Chemotherapy,8945.81,2025-10-20
5758,6679,Physical Therapy,436.6,2025-01-05
5759,6898,Medication,169.69,2024-05-22
5760,3172,Physical Therapy,1193.96,2025-06-29
5761,1201,Laboratory Test,177.19,2022-10-02
5762,520,Laboratory Test,85.51,2023-05-17
5763,728,Rehabilitation,333.23,2023-04-17
5764,378,Radiation Therapy,1398.87,2023-08-18
5765,4810,Surgery,4493.01,2024-03-11
5766,4952,Chemotherapy,2140.95,2025-11-13
5767,9078,Diagnostic Imaging,672.95,2025-04-09
5768,1185,Chemotherapy,9029.06,2022-03-07
5769,1842,Surgery,10518.52,2025-07-28
5770,483,Physical Therapy,1103.89,2024-03-18
5771,4421,Surgery,3320.68,2025-08-09
5772,2072,Consultation,279.36,2024-01-05
5773,4692,Physical Therapy,560.1,2022-09-05
5774,6972,Rehabilitation,2210.49,2023-05-18
5775,2745,Consultation,288.56,2025-03-22
5776,1539,Surgery,4140.91,2023-04-19
5777,6401,Surgery,13046.61,2023-03-04
5778,5785,Surgery,1150.39,2024-09-20
5779,3797,Physical Therapy,1464.79,2023-10-08
5780,6160,Rehabilitation,355.59,2024-10-14
5781,4969,Consultation,262.36,2023-04-24
5782,4018,Surgery,8048.38,2025-10-30
5783,191,Chemotherapy,8171.2,2022-07-25
5784,66,Radiation Therapy,1925.93,2025-03-04
5785,9943,Physical Therapy,662.73,2025-11-30
5786,3476,Medication,60.19,2025-12-16
5787,8312,Medication,455.17,2025-05-04
5788,7641,Consultation,393.82,2025-04-30
5789,9365,Physical Therapy,1258.5,2023-07-24
5790,1618,Medication,342.44,2023-08-15
5791,1821,Rehabilitation,1403.49,2025-04-25
5792,1041,Consultation,254.03,2023-03-05
5793,2122,Physical Therapy,1153.0,2025-06-01
5794,4499,Laboratory Test,401.39,2024-10-28
5795,3029,Medication,79.49,2025-03-05
5796,1312,Diagnostic Imaging,170.05,2022-07-19
5797,9488,Consultation,170.4,2022-01-25
5798,8723,Consultation,388.22,2022-07-02
5799,6933,Rehabilitation,1720.56,2026-01-06
5800,4799,Radiation Therapy,1638.12,2024-06-06
5801,3927,Medication,230.95,2023-04-02
5802,4176,Physical Therapy,107.14,2024-05-21
5803,9348,Surgery,3704.64,2022-05-27
5804,5934,Diagnostic Imaging,289.22,2024-09-29
5805,1300,Consultation,236.76,2023-06-26
5806,8193,Laboratory Test,614.83,2023-01-20
5807,9955,Laboratory Test,131.53,2023-04-17
5808,2056,Medication,57.88,2024-01-30
5809,2907,,362.21,2025-05-23
5810,3358,Diagnostic Imaging,520.63,2023-12-20
5811,9195,Physical Therapy,444.33,2026-01-14
5812,4684,Consultation,316.75,2024-08-24
5813,4751,Radiation Therapy,2863.51,2023-09-06
5814,9517,Radiation Therapy,1040.36,2023-11-18
5815,3242,Physical Therapy,162.24,2022-10-11
5816,8896,Chemotherapy,3934.57,2024-10-14
5817,8129,Chemotherapy,3480.76,2025-04-15
5818,9761,Chemotherapy,5796.37,2026-01-02
5819,6286,Laboratory Test,655.64,2024-02-13
5820,1653,Medication,21.25,2022-06-12
5821,3580,Medication,307.18,2025-08-15
5822,8667,Radiation Therapy,5495.29,2024-08-20
5823,494,Physical Therapy,500000.0,2025-01-13
5824,9384,Radiation Therapy,3581.29,2024-03-28
5825,439,Laboratory Test,486.33,2022-10-11
5826,9311,Surgery,11306.64,2023-03-15
5827,8386,Diagnostic Imaging,510.86,2024-08-05
5828,8908,Medication,133.56,2024-02-16
5829,8865,Consultation,410.43,2023-11-04
5830,1288,Diagnostic Imaging,529.49,2025-01-18
5831,5809,Consultation,286.83,2022-04-23
5832,898,Radiation Therapy,7600.76,2022-02-01
5833,8090,Medication,198.9,2023-12-28
5834,6850,Diagnostic Imaging,561.01,2025-12-05
5835,5703,Chemotherapy,7079.54,2022-04-18
5836,3514,Chemotherapy,7815.53,2023-12-16
5837,6540,Radiation Therapy,6810.09,2023-10-09
5838,3382,Consultation,482.74,2023-03-25
5839,3377,Medication,106.36,2024-01-07
5840,6150,Medication,495.23,2022-09-26
5841,1722,Medication,90.68,2025-09-30
5842,2786,Radiation Therapy,1769.85,2024-03-14
5843,7510,Diagnostic Imaging,276.33,2023-10-30
5844,4602,Radiation Therapy,5099.8,2023-11-29
5845,8200,Consultation,161.98,2023-08-17
5846,7317,Physical Therapy,226.45,2023-11-02
5847,6360,Medication,388.73,2023-12-29
5848,1879,Radiation Therapy,2475.61,2024-05-02
5849,3000,Rehabilitation,278.84,2023-11-04
5850,1936,Surgery,4432.39,2024-04-19
5851,9266,Radiation Therapy,7259.26,2023-06-03
5852,8696,Diagnostic Imaging,272.24,2023-05-17
5853,8856,Medication,62.82,2024-11-27
5854,623,Radiation Therapy,2113.22,2022-01-19
5855,3829,Chemotherapy,3245.37,2022-09-11
5856,6227,Rehabilitation,2175.48,2024-07-09
5857,7909,Surgery,4945.19,2024-01-06
5858,4725,Physical Therapy,882.31,2025-02-07
5859,6225,Physical Therapy,211.17,2025-11-04
5860,5050,Physical Therapy,799.33,2025-07-13
5861,9823,Chemotherapy,3008.07,2025-09-08
5862,8781,Surgery,6446.58,2023-04-23
5863,3336,Radiation Therapy,5803.69,2025-04-01
5864,8464,Chemotherapy,4521.65,2022-01-14
5865,9707,Surgery,10472.12,2022-12-04
5866,721,Radiation Therapy,1228.57,2023-10-28
5867,6839,Consultation,350.74,2024-12-11
5868,2423,Chemotherapy,6319.84,2024-10-22
5869,1738,Laboratory Test,500.03,2024-06-20
5870,9247,Diagnostic Imaging,939.58,2024-03-28
5871,981,Diagnostic Imaging,503.84,2024-08-28
5872,5750,Radiation Therapy,1239.56,2025-11-02
5873,1274,Laboratory Test,75.75,2022-04-19
5874,6540,Surgery,13202.07,2024-01-22
5875,9387,Radiation Therapy,5717.81,2022-08-25
5876,5361,Consultation,287.26,2023-07-08
5877,9242,Surgery,5999.81,2024-11-10
5878,4022,Chemotherapy,7775.39,2023-09-01
5879,9560,Rehabilitation,1121.01,2025-03-08
5880,6160,Radiation Therapy,2740.19,2024-08-26
5881,558,Radiation Therapy,6726.33,2024-11-07
5882,1355,Medication ,1933.79,2023-04-09
5883,9324,Consultation,493.7,2022-07-18
5884,9074,Chemotherapy,4949.62,2022-06-19
5885,6040,Diagnostic Imaging,365.32,2024-12-24
5886,6087,Chemotherapy,2385.6,2023-11-05
5887,1314,Surgery,10870.9,2024-11-07
5888,5274,Surgery,10278.06,2022-01-11
5889,791,Chemotherapy,4295.44,2024-09-17
5890,5955,Rehabilitation,1737.57,2023-09-30
5891,1015,Surgery,7868.8,2025-12-04
5892,7293,Physical Therapy,290.86,2024-03-23
5893,859,Physical Therapy,1140.36,2022-12-31
5894,4353,Rehabilitation,1145.13,2023-03-10
5895,7227,Medication,235.9,2023-05-22
5896,5106,Consultation,418.9,2022-11-11
5897,9248,Rehabilitation,2001.6,2022-07-13
5898,2381,Medication,76.43,2023-07-01
5899,6539,Physical Therapy,563.15,2025-04-11
5900,1084,Chemotherapy,7425.2,2025-08-14
5901,1224,Physical Therapy,217.62,2022-04-04
5902,8429,Rehabilitation,455.24,2024-05-29
5903,8300,Chemotherapy,8043.14,2024-01-29
5904,2580,Surgery,13058.1,2022-08-09
5905,461,Diagnostic Imaging,136.39,2024-04-12
5906,8773,Physical Therapy,1000.88,2024-10-08
5907,6310,Medication,68.65,2022-06-16
5908,5876,Rehabilitation,1849.78,2022-09-01
5909,1598,Physical Therapy,730.13,2024-08-29
5910,6549,Chemotherapy,4671.15,2026-01-20
5911,327,Rehabilitation,1424.12,2022-01-30
5912,7063,Medication,420.82,2026-01-26
5913,3870,Rehabilitation,404.87,2023-08-29
5914,5197,Chemotherapy,9287.73,2025-06-18
5915,6737,Medication,37.49,2024-11-30
5916,5965,Radiation Therapy,7111.75,2024-04-14
5917,3847,Diagnostic Imaging,236.35,2022-09-12
5918,9903,Diagnostic Imaging,978.13,2023-12-31
5919,1981,Chemotherapy,5327.56,2022-11-17
5920,6346,Physical Therapy,169.53,2024-03-12
5921,8596,Consultation,287.35,2024-09-12
5922,756,Medication,136.59,2023-12-21
5923,9199,Medication,405.24,2024-04-22
5924,225,Surgery,12335.17,2025-01-24
5925,5942,Consultation,224.04,2024-05-26
5926,5299,Radiation Therapy,3961.26,2022-02-11
5927,2822,Radiation Therapy,1034.91,2023-04-10
5928,6200,Physical Therapy,873.37,2025-04-15
5929,89,Radiation Therapy,1838.65,2024-04-30
5930,5510,Rehabilitation,711.13,2024-02-10
5931,8904,Surgery,14164.61,2025-12-15
5932,136,Laboratory Test,457.8,2025-07-05
5933,729,Radiation Therapy,1345.58,2023-04-09
5934,5028,Chemotherapy,9971.69,2025-09-01
5935,218,Physical Therapy,1482.54,2022-07-15
5936,4722,Diagnostic Imaging,917.39,2023-02-19
5937,6053,Chemotherapy,7200.64,2023-06-25
5938,728,Consultation,181.29,2023-04-29
5939,3335,Diagnostic Imaging,615.18,2025-06-15
5940,2580,Diagnostic Imaging,644.27,2025-10-17
5941,3670,Medication,405.14,2023-03-08
5942,4183,Diagnostic Imaging,194.32,2023-04-14
5943,7567,Radiation Therapy,3595.67,2025-12-10
5944,9936,Surgery,1348.4,2022-11-04
5945,1073,Surgery,14573.3,2023-08-13
5946,6161,Radiation Therapy,6722.41,2022-03-29
5947,9659,Physical Therapy,179.83,2023-07-30
5948,7050,Consultation,189.78,2022-05-07
5949,469,Rehabilitation,206.86,2023-09-20
5950,524,Radiation Therapy,3376.11,2025-12-19
5951,1620,Consultation,64.79,2022-07-23
5952,1345,Surgery,13154.21,2024-10-20
5953,8444,Physical Therapy,827.68,2024-07-15
5954,152,Surgery,1665.42,2022-03-13
5955,1389,Radiation Therapy,6770.71,2023-12-20
5956,1522,Physical Therapy,389.62,2024-09-22
5957,305,Laboratory Test,567.75,2024-10-07
5958,3338,Laboratory Test,498.59,2023-12-02
5959,6723,Physical Therapy,1371.67,2024-10-08
5960,6451,Laboratory Test,184.04,2024-04-09
5961,4551,Rehabilitation,1742.1,2023-10-04
5962,3702,Physical Therapy,900.53,2024-03-23
5963,5302,Surgery,1218.65,2023-07-27
5964,6407,Diagnostic Imaging,419.82,2022-01-02
5965,2087,Rehabilitation,1955.81,2024-03-28
5966,1439,Medication,386.88,2025-06-04
5967,1128,Laboratory Test,368.99,2023-02-16
5968,1661,Laboratory Test,197.36,2024-01-26
5969,2540,Radiation Therapy,6818.75,2023-11-13
5970,1324,Physical Therapy,984.65,2024-06-15
5971,9552,Diagnostic Imaging,986.55,2024-10-11
5972,772,Rehabilitation,748.25,2022-02-09
5973,6844,Diagnostic Imaging,292.28,2022-03-13
5974,4655,Laboratory Test,282.13,2024-05-21
5975,1766,Medication,67.36,2024-08-27
5976,9034,Rehabilitation,1939.09,2023-10-23
5977,3922,Diagnostic Imaging,814.73,2025-07-01
5978,9746,Rehabilitation,599.6,2026-01-02
5979,2308,Laboratory Test,187.46,2024-08-26
5980,1157,Radiation Therapy,3426.26,2023-07-22
5981,7034,Physical Therapy,593.61,2025-09-16
5982,8598,Rehabilitation,1750.68,2023-08-13
5983,2622,Consultation,141.33,2023-07-10
5984,7727,Surgery,10908.67,2026-01-01
5985,7906,Consultation,124.08,2025-08-10
5986,1096,Rehabilitation,830.98,2025-10-12
5987,5019,Medication,224.19,2023-06-16
5988,7675,Physical Therapy,610.97,2023-09-29
5989,4469,Consultation,186.44,2023-02-25
5990,7330,Radiation Therapy,2968.48,2022-08-14
5991,1312,Consultation,421.07,2024-12-30
5992,8622,Rehabilitation,1520.73,2025-03-30
5993,7433,Physical Therapy,1201.65,2025-02-14
5994,513,Diagnostic Imaging,861.02,2022-02-08
5995,3450,Surgery,12772.76,2024-02-02
5996,4024,Medication,498.57,2023-07-04
5997,490,Medication,304.08,2023-09-26
5998,2125,Laboratory Test,624.61,2025-12-11
5999,8561,Diagnostic Imaging,673.08,2022-03-20
6000,4385,Diagnostic Imaging,489.62,2025-05-24
6001,3501,Radiation Therapy,7179.43,2022-02-17
6002,8448,Surgery,1956.98,2025-05-21
6003,6063,Physical Therapy,1138.3,2025-04-17
6004,8518,Chemotherapy,8640.81,2023-03-05
6005,5213,Radiation Therapy,2912.35,2025-01-01
6006,4586,Diagnostic Imaging,330.26,2025-09-20
6007,2345,Chemotherapy,1525.0,2022-11-13
6008,3184,Radiation Therapy,4547.59,2022-11-19
6009,3750,Rehabilitation,2414.61,2024-04-02
6010,9403,Physical Therapy,991.67,2025-10-09
6011,5241,Medication,406.04,2023-11-09
6012,4625,Radiation Therapy,5257.37,2022-11-12
6013,9717,Rehabilitation,2461.5,2023-01-06
6014,1924,Radiation Therapy,5307.4,2023-06-11
6015,6335,Medication,196.99,2022-05-19
6016,1897,Chemotherapy,6001.3,2025-02-04
6017,7160,Chemotherapy,7341.51,2024-05-22
6018,5112,Rehabilitation,2063.75,2023-11-02
6019,9881,Surgery,2695.18,2022-10-24
6020,2700,Radiation Therapy,6696.52,2023-06-22
6021,5949,Physical Therapy,1318.08,2022-08-27
6022,757,Laboratory Test,175.23,2023-01-28
6023,682,Laboratory Test,191.72,2022-09-28
6024,4573,Laboratory Test,257.91,2025-08-31
6025,9469,Chemotherapy,6937.44,2025-12-17
6026,4137,Physical Therapy,1195.89,2024-01-20
6027,1464,Consultation,152.02,2023-03-22
6028,6893,Surgery,9201.16,2023-01-16
6029,5273,Physical Therapy,739.24,2022-10-18
6030,9792,Surgery,4005.21,2025-02-12
6031,9458,Laboratory Test,65.18,2022-04-18
6032,1582,Chemotherapy,7118.62,2025-07-11
6033,3527,Chemotherapy,6750.32,2025-02-06
6034,1515,Laboratory Test,98.82,2025-03-11
6035,8125,Laboratory Test,203.35,2024-11-24
6036,501,Rehabilitation,2413.5,2025-08-05
6037,7259,Laboratory Test,335.08,2026-01-30
6038,7466,Radiation Therapy,7302.62,2022-08-27
6039,4228,Rehabilitation,2302.7,2023-04-03
6040,2863,Rehabilitation,795.81,2024-03-14
6041,9856,Laboratory Test,464.68,2025-12-10
6042,880,Consultation,81.64,2025-12-03
6043,8295,Laboratory Test,603.17,2023-12-02
6044,5677,Chemotherapy,8455.75,2022-05-07
6045,6106,Diagnostic Imaging,1178.16,2025-01-21
6046,3767,Laboratory Test,174.08,2023-12-29
6047,5067,Medication,416.9,2023-07-08
6048,1590,Rehabilitation,2491.27,2025-04-20
6049,450,Radiation Therapy,4089.6,2025-02-27
6050,3307,Diagnostic Imaging,1123.34,2024-01-14
6051,2964,Rehabilitation,2033.6,2025-08-20
6052,61,Consultation,252.67,2025-07-23
6053,5452,Consultation,213.24,2025-05-21
6054,3545,Medication,312.24,2024-03-10
6055,1457,Laboratory Test,673.73,2025-11-07
6056,4469,Consultation,287.98,2022-10-04
6057,7302,Radiation Therapy,7502.26,2022-06-15
6058,1263,Consultation,134.53,2022-09-15
6059,3249,Rehabilitation,899.03,2026-01-29
6060,9125,Diagnostic Imaging,928.94,2023-05-27
6061,4287,Physical Therapy,274.03,2025-07-18
6062,2411,Diagnostic Imaging,552.58,2025-11-02
6063,2975,Rehabilitation,1386.25,2025-09-26
6064,1629,Diagnostic Imaging,216.21,2025-12-05
6065,5345,Medication,82.18,2024-03-28
6066,4779,Physical Therapy,169.47,2025-03-06
6067,2252,Surgery,8474.92,2022-04-06
6068,524,Laboratory Test,266.48,2024-01-09
6069,3299,Laboratory Test,448.38,2023-04-19
6070,3988,Radiation Therapy,3797.96,2024-06-12
6071,7648,Laboratory Test,596.19,2024-12-14
6072,9307,Diagnostic Imaging,578.35,2022-08-16
6073,3292,Physical Therapy,271.53,2022-09-07
6074,5002,Surgery,14312.47,2026-01-09
6075,244,Diagnostic Imaging,781.44,2025-02-05
6076,583,Medication,69.92,2024-07-06
6077,5391,Rehabilitation,1307.78,2022-08-22
6078,3150,Radiation Therapy,7419.78,2023-10-13
6079,2405,Physical Therapy,1433.05,2024-02-18
6080,8730,Radiation Therapy,4242.19,2025-01-10
6081,891,Radiation Therapy,7041.09,2023-12-13
6082,3147,Diagnostic Imaging,206.41,2023-05-25
6083,7884,Chemotherapy,3909.51,2023-01-03
6084,3417,Medication,401.91,2023-10-27
6085,3197,Consultation,264.31,2025-05-13
6086,1000,Consultation,150.23,2023-04-03
6087,4184,Rehabilitation,1106.57,2022-12-09
6088,6231,Laboratory Test,317.02,2025-11-12
6089,8651,Surgery,10949.45,2022-09-21
6090,4160,Diagnostic Imaging,724.44,2024-06-11
6091,9357,Diagnostic Imaging,473.1,2023-04-13
6092,3651,Laboratory Test,612.13,2024-03-03
6093,8180,Medication,129.02,2025-08-27
6094,4012,Rehabilitation,437.63,2025-10-01
6095,1082,Surgery,13768.29,2023-04-24
6096,8599,Chemotherapy,7505.55,2022-08-25
6097,7291,Chemotherapy,5878.53,2025-10-25
6098,5476,Radiation Therapy,2663.55,2023-12-19
6099,9447,Laboratory Test,563.04,2022-11-04
6100,2729,Chemotherapy,8807.75,2022-04-09
6101,7855,Rehabilitation,2132.5,2026-01-27
6102,6731,Diagnostic Imaging,891.59,2023-10-10
6103,9567,Medication,224.7,2023-08-10
6104,4783,Consultation,436.36,2025-03-24
6105,8064,Surgery,14757.59,2022-02-11
6106,3756,Radiation Therapy,6420.22,2022-11-26
6107,7180,Rehabilitation,475.8,2023-05-14
6108,1351,Chemotherapy,9846.73,2022-10-15
6109,8605,Chemotherapy,2144.73,2024-02-19
6110,527,Laboratory Test,575.75,2022-09-20
6111,871,Radiation Therapy,6867.71,2026-01-08
6112,1854,Consultation,353.18,2023-08-07
6113,2922,Physical Therapy,1445.46,2025-10-09
6114,753,Laboratory Test,58.76,2022-06-07
6115,8455,Diagnostic Imaging,621.95,2022-05-06
6116,3094,Rehabilitation,1176.27,2022-06-01
6117,470,Chemotherapy,1643.39,2022-01-08
6118,6139,Radiation Therapy,5662.86,2024-11-06
6119,8952,Medication,494.02,2023-05-18
6120,2628,Chemotherapy,6429.97,2023-08-26
6121,1847,Radiation Therapy,7060.55,2023-07-22
6122,5750,Laboratory Test,106.19,2025-03-04
6123,9257,Physical Therapy,1280.95,2024-05-14
6124,7326,Laboratory Test,513.38,2025-12-24
6125,8724,Medication,288.18,2023-01-05
6126,1773,Laboratory Test,675.36,2024-08-02
6127,1457,Laboratory Test,319.98,2025-03-08
6128,912,Diagnostic Imaging,1061.34,2024-05-08
6129,2846,Physical Therapy,1364.28,2022-07-08
6130,890,Rehabilitation,1252.09,2024-09-23
6131,4000,Radiation Therapy,6365.45,2025-12-21
6132,456,Physical Therapy,919.62,2025-04-25
6133,9265,Medication,115.88,2022-09-11
6134,3509,Diagnostic Imaging,102.08,2022-12-24
6135,8054,Chemotherapy,7442.12,2022-09-26
6136,7291,Chemotherapy,2711.46,2023-12-04
6137,4414,Physical Therapy,1209.36,2025-08-07
6138,5242,Chemotherapy,9208.92,2024-07-26
6139,1811,Chemotherapy,2623.27,2022-04-28
6140,2077,Surgery,3385.08,2023-11-26
6141,1723,Chemotherapy,6794.32,2026-01-13
6142,8735,Rehabilitation,452.09,2023-07-09
6143,3582,Rehabilitation,986.69,2022-06-03
6144,3389,Chemotherapy,2106.02,2023-09-27
6145,8932,Medication,494.29,2022-01-24
6146,8666,Rehabilitation,850.35,2025-10-30
6147,5363,Diagnostic Imaging,1183.2,2024-12-24
6148,9800,Radiation Therapy,3620.37,2023-12-09
6149,3185,Physical Therapy,468.17,2023-07-02
6150,3903,Diagnostic Imaging,1124.44,2025-05-29
6151,9357,Laboratory Test,38.52,2026-01-24
6152,5784,Physical Therapy,686.69,2024-09-17
6153,1881,Medication,473.53,2024-09-03
6154,5491,Chemotherapy,6293.72,2025-03-12
6155,3812,physical therapy,806.26,2022-08-04
6156,8663,Consultation,314.21,2022-02-27
6157,7972,Chemotherapy,4488.27,2023-01-06
6158,2001,Consultation,67.68,2022-08-07
6159,4525,Chemotherapy,9232.16,2024-03-24
6160,7634,Consultation,254.54,2024-04-19
6161,9864,Medication,282.82,2023-07-27
6162,7928,Rehabilitation,298.85,2025-08-11
6163,1933,Diagnostic Imaging,326.58,2022-06-28
6164,749,Chemotherapy,6971.82,2023-03-17
6165,2204,Medication,99.03,2025-12-28
6166,2836,Medication,101.59,2023-12-06
6167,4915,Diagnostic Imaging,705.93,2022-08-05
6168,8834,Chemotherapy,7024.12,2025-06-05
6169,1813,Consultation,57.57,2024-08-01
6170,1795,Physical Therapy,329.72,2023-05-02
6171,8400,Laboratory Test,222.71,2022-03-26
6172,5344,Rehabilitation,2389.98,2022-03-07
6173,6475,Chemotherapy,8654.48,2024-05-12
6174,2509,Physical Therapy,729.86,2025-09-29
6175,7474,Laboratory Test,59.62,2025-12-24
6176,4060,Laboratory Test,562.24,2023-07-24
6177,1400,Medication,444.47,2024-08-13
6178,6729,Consultation,318.64,2023-06-11
6179,8544,Physical Therapy,932.17,2022-09-11
6180,5946,Consultation,116.75,2023-07-17
6181,6872,Medication,457.63,2023-04-23
6182,3545,Physical Therapy,508.68,2022-12-22
6183,8328,Laboratory Test,89.97,2024-01-22
6184,498,Radiation Therapy,5957.55,2022-11-11
6185,5292,Medication,225.81,2023-05-27
6186,6277,Medication,416.81,2025-07-28
6187,9590,Surgery,3373.73,2025-03-05
6188,1515,Medication,483.93,2022-04-14
6189,5710,Radiation Therapy,2453.51,2023-08-18
6190,5942,Medication,416.06,2022-08-24
6191,7847,Rehabilitation,655.86,2023-08-16
6192,7278,Laboratory Test,456.62,2022-06-08
6193,2005,Radiation Therapy,2870.47,2025-03-24
6194,816,Medication,196.07,2024-06-12
6195,419,Radiation Therapy,1336.36,2025-02-09
6196,9430,Medication,152.26,2025-03-30
6197,1400,Medication,26.77,2024-04-23
6198,8800,Physical Therapy,804.06,2024-06-11
6199,7932,Laboratory Test,457.27,2025-01-27
6200,4492,Surgery,7787.5,2025-08-11
6201,1294,Consultation,413.73,2022-02-02
6202,9912,Consultation,310.56,2024-03-16
6203,1915,Radiation Therapy,2993.53,2024-05-11
6204,9473,Laboratory Test,576.81,2025-02-22
6205,2495,Physical Therapy,598.98,2023-10-10
6206,294,Rehabilitation,282.08,2025-01-05
6207,2077,Diagnostic Imaging,506.89,2023-03-13
6208,3548,Radiation Therapy,1751.79,2023-02-24
6209,2589,Physical Therapy,865.74,2026-01-03
6210,1289,Rehabilitation,994.88,2024-01-28
6211,4133,Surgery,3150.21,2024-08-25
6212,3996,Consultation,212.28,2024-12-29
6213,2135,Laboratory Test,388.88,2022-07-21
6214,1489,Consultation,177.83,2024-08-16
6215,7555,Physical Therapy,350.75,2023-01-16
6216,2500,Medication,363.95,2023-06-28
6217,1637,Laboratory Test,274.69,2023-06-09
6218,9028,Medication,235.31,2023-12-26
6219,5009,Medication,31.83,2023-10-07
6220,1486,Consultation,467.0,2024-03-08
6221,8355,Surgery,10031.53,2023-02-09
6222,7083,Consultation,256.84,2025-08-26
6223,8438,Surgery,12589.64,2022-02-04
6224,8528,Medication,58.88,2025-09-20
6225,8630,Surgery,12054.72,2022-11-23
6226,8574,Laboratory Test,98.44,2023-02-15
6227,151,Physical Therapy,391.38,2024-05-21
6228,5448,Radiation Therapy,2768.04,2023-07-25
6229,1983,Surgery,13152.72,2024-06-12
6230,5386,Medication,364.13,2022-01-11
6231,525,Diagnostic Imaging,794.5,2025-07-15
6232,8407,Radiation Therapy,5644.36,2022-03-11
6233,5803,Surgery,10369.05,2023-04-01
6234,5712,Consultation,279.13,2023-07-12
6235,9185,Radiation Therapy,6628.9,2023-08-09
6236,851,Radiation Therapy,1636.48,2024-03-31
6237,6911,Chemotherapy,3582.79,2024-07-01
6238,8624,Radiation Therapy,6606.23,2022-05-14
6239,8215,Radiation Therapy,1254.99,2024-07-12
6240,9950,Medication,467.5,2022-03-07
6241,5117,Diagnostic Imaging,84.11,2024-02-14
6242,6248,Laboratory Test,273.88,2023-07-31
6243,1456,Laboratory Test,113.56,2026-01-24
6244,3217,Physical Therapy,1331.57,2022-01-12
6245,9458,Laboratory Test,594.63,2023-05-11
6246,9414,Medication,178.37,2024-05-31
6247,7857,Chemotherapy,8278.4,2022-12-20
6248,7700,Radiation Therapy,2985.35,2024-10-23
6249,8845,Radiation Therapy,4370.99,2024-05-27
6250,9677,Consultation,126.29,2025-06-11
6251,7741,Physical Therapy,242.37,2025-02-24
6252,5481,Medication,51.85,2024-04-12
6253,1708,Chemotherapy,9707.65,2022-03-08
6254,7224,Chemotherapy,6855.48,2024-07-05
6255,3400,Diagnostic Imaging,1002.53,2024-02-16
6256,4259,Laboratory Test,459.73,2026-01-12
6257,6512,Rehabilitation,2293.21,2023-01-14
6258,2520,Diagnostic Imaging,399.75,2022-04-19
6259,4723,Diagnostic Imaging,431.8,2022-09-06
6260,3345,Chemotherapy,5078.46,2023-07-13
6261,2464,Physical Therapy,811.74,2022-05-16
6262,2670,Radiation Therapy,4842.42,2023-06-13
6263,3210,Physical Therapy,926.32,2025-01-28
6264,2394,Physical Therapy,1439.98,2025-08-28
6265,7594,Surgery,4736.09,2024-09-09
6266,1842,Consultation,107.43,2024-05-22
6267,5410,Diagnostic Imaging,1105.51,2022-09-05
6268,8203,Chemotherapy,3260.15,2025-07-01
6269,9569,Surgery,6358.79,2024-09-28
6270,7857,Laboratory Test,92.02,2023-08-28
6271,4442,Physical Therapy,783.19,2023-11-20
6272,7800,Rehabilitation,827.1,2025-04-26
6273,1079,Radiation Therapy,4987.09,2024-12-31
6274,934,Medication,221.69,2024-09-05
6275,4568,Chemotherapy,4762.57,2025-05-02
6276,2391,Diagnostic Imaging,142.75,2022-03-19
6277,1982,Diagnostic Imaging,779.29,2024-03-21
6278,5388,Rehabilitation,1186.39,2023-12-01
6279,8103,Laboratory Test,570.47,2022-04-13
6280,6253,Physical Therapy,131.53,2025-02-13
6281,3114,Rehabilitation,1735.71,2024-03-12
6282,9210,Chemotherapy,8236.23,2024-05-21
6283,2192,Physical Therapy,1021.79,2022-11-22
6284,8434,Physical Therapy,251.28,2026-01-26
6285,9877,Consultation,276.56,2023-09-15
6286,3721,Diagnostic Imaging,444.56,2023-01-25
6287,68,Physical Therapy,590.13,2025-04-25
6288,7435,Consultation,443.77,2023-06-29
6289,8853,Medication,439.18,2022-09-08
6290,8578,Radiation Therapy,5001.75,2022-02-10
6291,3842,Rehabilitation,1607.57,2023-05-15
6292,5106,Medication,180.86,2023-04-16
6293,8689,Diagnostic Imaging,424.48,2022-09-27
6294,6555,Medication,261.13,2024-08-18
6295,2378,Radiation Therapy,1000.88,2022-11-27
6296,5177,Physical Therapy,714.18,2025-01-04
6297,5867,Laboratory Test,108.98,2024-04-20
6298,8841,Chemotherapy,7350.02,2024-04-15
6299,2525,Medication,133.93,2022-01-10
6300,1599,Rehabilitation,2235.06,2025-01-20
6301,2118,Chemotherapy,2288.16,2022-04-16
6302,632,Medication,408.34,2025-04-19
6303,6201,Radiation Therapy,5060.39,2025-11-14
6304,2979,Laboratory Test,618.74,2022-12-30
6305,1870,Rehabilitation,1407.78,2025-12-02
6306,3721,Consultation,343.69,2025-08-12
6307,5902,Laboratory Test,65.5,2025-02-25
6308,6711,Physical Therapy,1341.42,2024-02-02
6309,4642,Rehabilitation,2055.83,2022-05-07
6310,9366,Rehabilitation,1600.89,2025-13-01
6311,2312,Laboratory Test,356.68,2023-07-03
6312,2865,Diagnostic Imaging,989.93,2026-01-28
6313,3596,Diagnostic Imaging,975.15,2023-08-01
6314,840,Physical Therapy,1138.96,2023-05-05
6315,3010,Surgery,9241.01,2023-12-01
6316,1253,Rehabilitation,363.24,2024-08-10
6317,9644,Consultation,172.95,2024-09-23
6318,9711,Rehabilitation,233.56,2024-02-27
6319,299,Radiation Therapy,1734.36,2022-11-12
6320,5529,Diagnostic Imaging,749.14,2023-06-05
6321,7756,Physical Therapy,288.31,2022-09-05
6322,769,Rehabilitation,1145.63,2022-04-07
6323,8388,Consultation,136.91,2022-10-13
6324,3926,Surgery,5436.15,2022-09-26
6325,7883,Medication,476.63,2025-07-18
6326,194,Diagnostic Imaging,1109.17,2022-02-27
6327,5455,Consultation,212.27,2025-10-12
6328,5478,Diagnostic Imaging,465.7,2024-01-12
6329,6494,Medication,297.84,2023-03-14
6330,5141,Laboratory Test,403.75,2024-09-05
6331,1706,Physical Therapy,799.94,2025-06-15
6332,1940,Consultation,486.44,2022-10-24
6333,5572,Rehabilitation,779.99,2022-08-19
6334,1761,Chemotherapy,1710.61,2025-03-10
6335,6762,Physical Therapy,700.76,2023-11-14
6336,6325,Laboratory Test,310.14,2023-03-05
6337,151,Laboratory Test,561.2,2024-02-12
6338,9236,Surgery,1446.24,2022-10-13
6339,8816,Medication,279.44,2025-03-20
6340,5603,Physical Therapy,1088.96,2023-05-10
6341,6388,Surgery,4302.47,2023-03-26
6342,321,Chemotherapy,4768.98,2022-10-17
6343,8988,Chemotherapy,4949.76,2024-03-01
6344,7202,Surgery,9363.08,2023-04-30
6345,492,Laboratory Test,166.25,2022-04-08
6346,656,Medication,469.54,2024-04-12
6347,8200,Rehabilitation,401.11,2023-02-25
6348,9103,Rehabilitation,690.24,2023-02-15
6349,8157,Diagnostic Imaging,526.32,2022-03-31
6350,2795,Diagnostic Imaging,399.56,2022-03-24
6351,2653,,235.37,2024-06-26
6352,5632,Diagnostic Imaging,877.95,2024-02-16
6353,8417,Surgery,10272.79,2024-04-06
6354,7004,Surgery,8080.35,2024-11-11
6355,8757,Medication,250.31,2024-03-05
6356,3903,Rehabilitation,795.74,2023-05-29
6357,8077,Diagnostic Imaging,363.08,2024-05-08
6358,7887,Radiation Therapy,7697.1,2024-12-08
6359,2661,Consultation,377.18,2023-12-18
6360,6047,Medication,250.0,2025-12-01
6361,6032,Rehabilitation,1984.76,2023-12-12
6362,1250,Diagnostic Imaging,463.93,2022-06-11
6363,2463,Chemotherapy,5218.57,2024-08-27
6364,824,Consultation,388.61,2023-02-21
6365,6647,Surgery,4029.88,2023-11-27
6366,7860,Chemotherapy,7390.69,2022-05-18
6367,9053,Consultation,89.67,2022-03-20
6368,8108,Physical Therapy,1141.22,2022-01-07
6369,1345,Radiation Therapy,7704.85,2025-01-01
6370,420,Surgery,12724.53,2024-06-02
6371,7952,Surgery,12701.56,2022-08-19
6372,434,Consultation,368.97,2023-05-25
6373,6552,Medication,384.89,2023-10-25
6374,9351,Consultation,330.81,2025-04-11
6375,7954,Physical Therapy,576.78,2025-10-06
6376,7585,Medication,485.19,2024-03-15
6377,8519,Consultation,242.9,2024-08-13
6378,1040,Medication,259.6,2023-05-20
6379,9207,Chemotherapy,5046.33,2023-03-23
6380,1230,Physical Therapy,1230.6,2022-08-04
6381,1192,Chemotherapy,7518.62,2024-06-27
6382,6939,Medication,133.89,2024-10-31
6383,2442,Laboratory Test,269.77,2024-03-22
6384,6250,Laboratory Test,503.09,2024-02-15
6385,5201,Diagnostic Imaging,1010.34,2025-12-28
6386,8910,Rehabilitation,2333.14,2025-05-04
6387,5280,Consultation,220.02,2025-03-19
6388,1121,Laboratory Test,316.09,2025-10-14
6389,3948,Chemotherapy,4077.53,2022-02-16
6390,3145,Chemotherapy,7883.51,2022-05-07
6391,2953,Laboratory Test,274.87,2022-02-09
6392,7978,Chemotherapy,3931.62,2023-11-03
6393,3899,Diagnostic Imaging,518.76,2025-06-27
6394,8308,Physical Therapy,380.71,2025-03-24
6395,8831,Rehabilitation,2206.75,2022-11-19
6396,66,,13861.21,2023-05-01
6397,2287,Consultation,354.69,2024-06-28
6398,9855,Diagnostic Imaging,516.66,2025-03-09
6399,2381,Medication,153.86,2022-08-05
6400,6985,Rehabilitation,1353.86,2023-03-12
6401,4276,Surgery,4054.28,2022-12-28
6402,4587,Chemotherapy,6895.28,2024-12-18
6403,9879,Laboratory Test,446.73,2024-12-08
6404,3036,Diagnostic Imaging,480.57,2023-02-20
6405,365,Medication,432.67,2025-10-30
6406,8592,Consultation,424.86,2022-04-15
6407,2553,Laboratory Test,144.05,2025-08-10
6408,6416,Laboratory Test,67.65,2025-01-11
6409,7348,Diagnostic Imaging,912.68,2023-01-15
6410,4161,Consultation,257.0,2022-12-15
6411,673,Laboratory Test,293.16,2025-10-29
6412,4598,Physical Therapy,1165.93,2022-09-12
6413,127,Chemotherapy,5055.46,2023-02-02
6414,8659,Surgery,2620.16,2022-04-25
6415,8456,Consultation,224.05,2022-04-22
6416,339,Chemotherapy,7036.06,2023-07-31
6417,8962,Rehabilitation,352.66,2023-06-14
6418,1661,Physical Therapy,835.62,2022-10-26
6419,4424,Consultation,425.07,2025-12-30
6420,3171,Diagnostic Imaging,852.76,2022-01-23
6421,3514,Diagnostic Imaging,197.79,2023-11-23
6422,6984,Radiation Therapy,6682.72,2022-09-04
6423,6614,Consultation,262.74,2022-02-03
6424,6344,Radiation Therapy,4739.24,2022-02-02
6425,9431,Chemotherapy,6900.37,2023-03-25
6426,7084,Medication,381.44,2024-10-19
6427,5091,Diagnostic Imaging,151.65,2022-12-27
6428,5061,Surgery,9380.43,2022-06-27
6429,3203,Medication,261.46,2023-06-07
6430,7199,Chemotherapy,3935.82,2025-11-19
6431,3424,Surgery,12381.09,2023-10-03
6432,9666,Consultation,403.75,2023-06-02
6433,5360,Chemotherapy,1759.09,2023-05-15
6434,2535,Chemotherapy,2839.89,2023-01-27
6435,5117,Consultation,254.0,2024-03-24
6436,1093,Consultation,452.04,2025-10-11
6437,8020,Laboratory Test,656.79,2022-02-08
6438,34,Radiation Therapy,4714.79,2025-11-14
6439,9588,Rehabilitation,339.34,2025-07-19
6440,9549,Chemotherapy,9506.48,2022-10-01
6441,4418,Medication,41.36,2024-12-10
6442,9203,Chemotherapy,-75.0,2022-09-26
6443,1354,Physical Therapy,1482.51,2022-01-24
6444,301,Diagnostic Imaging,1160.25,2022-02-08
6445,7510,Chemotherapy,8382.08,2022-08-14
6446,3545,Physical Therapy,457.2,2024-09-05
6447,3596,Laboratory Test,191.24,2023-10-06
6448,3026,Rehabilitation,1643.88,2024-11-21
6449,6703,Chemotherapy,8878.22,2023-03-20
6450,6662,Radiation Therapy,1401.34,2024-03-07
6451,2811,Rehabilitation,2094.53,2023-01-29
6452,5904,Diagnostic Imaging,684.98,2023-11-12
6453,8643,Radiation Therapy,3210.78,2022-01-16
6454,4438,Diagnostic Imaging,476.39,2025-02-08
6455,310,Consultation,495.52,2023-04-14
6456,7707,Radiation Therapy,6457.48,2022-08-21
6457,2706,Rehabilitation,2099.71,2024-10-06
6458,5344,Consultation,426.34,2022-11-05
6459,2566,Consultation,319.33,2025-07-21
6460,2992,Physical Therapy,138.09,2022-06-24
6461,1796,Laboratory Test,507.78,2024-12-19
6462,4603,Rehabilitation,1449.54,2025-01-25
6463,1865,Consultation,272.84,2025-03-13
6464,2480,Diagnostic Imaging,1013.76,2023-04-02
6465,3134,Physical Therapy,344.59,2022-07-31
6466,9321,Physical Therapy,872.17,2025-08-01
6467,5121,Chemotherapy,6169.22,2022-11-28
6468,558,Rehabilitation,1902.24,2025-09-13
6469,2669,Radiation Therapy,4651.59,2023-11-08
6470,2920,Medication,425.72,2023-06-26
6471,442,Radiation Therapy,2953.1,2022-08-27
6472,4690,Rehabilitation,577.82,2025-08-21
6473,4838,Chemotherapy,7876.29,2022-06-03
6474,5212,Laboratory Test,221.75,2025-10-03
6475,3598,Rehabilitation,1570.52,2022-12-01
6476,6990,Medication,328.48,2025-07-31
6477,8500,Medication,262.96,2024-02-08
6478,5536,Diagnostic Imaging,153.26,2022-03-21
6479,2226,Diagnostic Imaging,408.75,2024-01-03
6480,5152,Medication,95.89,2022-03-13
6481,6641,Physical Therapy,1184.34,2022-12-04
6482,3044,Radiation Therapy,6342.43,2022-11-29
6483,2352,Surgery,2016.25,2025-05-30
6484,7667,Surgery,1889.23,2023-06-07
6485,3063,Physical Therapy,1354.52,2025-06-28
6486,506,Diagnostic Imaging,625.8,2024-11-13
6487,6156,Rehabilitation,2387.56,2022-02-07
6488,2995,Consultation,196.97,2024-03-13
6489,3430,Surgery,5409.46,2024-07-07
6490,6691,Medication,237.96,2024-03-05
6491,9934,Radiation Therapy,4942.59,2024-08-18
6492,8435,Laboratory Test,82.24,2024-09-11
6493,289,Diagnostic Imaging,397.15,2024-08-14
6494,616,Medication,379.76,2023-05-09
6495,3045,Diagnostic Imaging,499.63,2022-07-26
6496,4894,Diagnostic Imaging,1082.04,2022-08-23
6497,5219,Consultation,210.86,2022-01-17
6498,1778,Physical Therapy,634.44,2024-09-28
6499,8657,Radiation Therapy,6070.28,2026-01-10
6500,221,Laboratory Test,475.77,2022-10-20
6501,6585,Surgery,8507.68,2025-06-03
6502,7583,Consultation,273.09,2023-01-22
6503,6211,Laboratory Test,631.02,2022-11-07
6504,8451,Rehabilitation,1943.26,2024-12-03
6505,8092,Consultation,202.1,2023-09-04
6506,6026,Chemotherapy,7581.13,2024-01-19
6507,4422,Diagnostic Imaging,248.3,2025-05-07
6508,9630,Chemotherapy,3107.91,2023-09-12
6509,3453,Consultation,390.44,2022-09-17
6510,7656,Radiation Therapy,4521.01,2023-01-22
6511,7041,Surgery,1071.64,2023-03-02
6512,1634,Consultation,91.76,2025-01-01
6513,7127,Laboratory Test,578.42,2022-10-12
6514,839,Laboratory Test,669.37,2022-12-08
6515,9005,Laboratory Test,38.82,2024-05-08
6516,1292,Chemotherapy,6717.9,2024-06-29
6517,2330,Radiation Therapy,5878.3,2024-03-25
6518,4047,Consultation,190.14,2025-02-15
6519,4583,Radiation Therapy,1630.21,2024-08-15
6520,2044,Rehabilitation,2307.52,2026-01-12
6521,2668,Rehabilitation,2198.81,2024-05-23
6522,8932,Physical Therapy,1101.7,2025-03-16
6523,2874,Diagnostic Imaging,804.44,2022-12-07
6524,59,Radiation Therapy,6179.22,2026-01-10
6525,2748,Surgery,5125.91,2023-03-21
6526,4604,Medication,369.49,2022-12-20
6527,3619,Radiation Therapy,3399.97,2022-09-24
6528,7031,Physical Therapy,542.82,2023-04-19
6529,9425,Consultation,459.13,2022-08-17
6530,7697,Medication,327.15,2022-03-13
6531,1713,Surgery,1955.58,2023-12-07
6532,5381,Medication,54.02,2022-03-23
6533,679,Radiation Therapy,7083.85,2025-02-17
6534,6102,Laboratory Test,181.88,2022-05-21
6535,3378,Diagnostic Imaging,84.32,2023-07-14
6536,2519,Physical Therapy,238.1,2024-05-30
6537,6265,Medication,411.04,2022-07-08
6538,4190,Radiation Therapy,3931.24,2022-07-04
6539,7694,Diagnostic Imaging,243.4,2023-05-13
6540,2061,Diagnostic Imaging,681.55,2022-07-25
6541,706,Consultation,125.74,2024-02-01
6542,8889,Rehabilitation,1023.66,2024-09-30
6543,818,Radiation Therapy,5405.01,2022-12-16
6544,7777,Chemotherapy,2547.26,2023-09-08
6545,1721,Medication,152.19,2024-02-07
6546,5363,Diagnostic Imaging,736.87,2025-03-17
6547,8965,Laboratory Test,672.83,2024-09-20
6548,5825,Physical Therapy,1176.15,2022-05-04
6549,6779,Medication,274.68,2022-10-07
6550,8309,Radiation Therapy,5419.87,2024-02-14
6551,567,Laboratory Test,335.84,2024-03-12
6552,2275,Chemotherapy,2597.39,2025-03-01
6553,1143,Physical Therapy,164.09,2022-11-07
6554,3269,Surgery,12191.67,2024-07-30
6555,4284,Consultation,318.86,2024-03-17
6556,3206,Surgery,13974.01,2025-05-11
6557,4814,Surgery,14010.32,2023-12-26
6558,1706,Consultation,216.0,2023-11-10
6559,1936,Chemotherapy,4181.37,2025-03-16
6560,3210,Chemotherapy,4977.45,2025-08-16
6561,2301,Physical Therapy,1136.88,2024-07-30
6562,337,Surgery,6034.6,2022-10-06
6563,9653,Rehabilitation,2473.2,2025-07-31
6564,4362,Radiation Therapy,6879.7,2025-03-16
6565,506,Physical Therapy,465.56,2026-01-28
6566,9156,Medication,53.39,2024-05-23
6567,9151,Physical Therapy,283.79,2025-01-10
6568,6342,Surgery,1815.32,2022-08-25
6569,1770,Surgery,7172.61,2022-01-12
6570,2511,Rehabilitation,2067.08,2022-10-14
6571,7193,Surgery,4512.74,2025-02-16
6572,3806,Medication,477.65,2023-12-25
6573,6795,Consultation,337.13,2025-11-12
6574,586,Consultation,343.2,2023-08-24
6575,3811,Physical Therapy,776.4,2025-07-05
6576,3966,Medication,48.79,2022-11-08
6577,3932,Diagnostic Imaging,602.3,2025-03-02
6578,105,Surgery,8641.19,2024-07-28
6579,5905,Radiation Therapy,4784.77,2025-10-28
6580,2316,Chemotherapy,3610.69,2025-05-16
6581,2172,Rehabilitation,633.13,2022-09-19
6582,9256,Rehabilitation,2130.67,2025-11-21
6583,1628,Physical Therapy,319.68,2024-08-06
6584,9432,Surgery,2515.76,2024-05-09
6585,8635,Chemotherapy,1536.75,2023-02-10
6586,7458,Radiation Therapy,3419.84,2023-12-27
6587,1760,Physical Therapy,1031.73,2024-06-11
6588,6408,Medication,194.93,2024-04-03
6589,7526,Consultation,308.5,2025-03-22
6590,6610,Medication,357.5,2023-11-29
6591,2316,Surgery,3873.63,2025-05-12
6592,1610,Surgery,7303.77,2022-12-15
6593,4641,Surgery,2294.47,2022-11-12
6594,1711,Consultation,337.75,2022-10-04
6595,1903,Medication,466.09,2023-10-15
6596,9624,Physical Therapy,671.33,2025-04-06
6597,5412,Surgery,3716.78,2022-05-26
6598,7960,Rehabilitation,405.38,2024-08-16
6599,9842,Consultation,226.66,2025-08-24
6600,6113,Diagnostic Imaging,138.5,2024-11-12
6601,4089,Physical Therapy,310.69,2023-04-05
6602,9527,Diagnostic Imaging,827.72,2022-12-08
6603,8921,Diagnostic Imaging,329.36,2023-09-01
6604,5899,Surgery,5022.71,2022-03-16
6605,9628,Diagnostic Imaging,531.69,2025-01-06
6606,5350,Medication,392.54,2024-12-10
6607,6254,Medication,445.93,2022-01-30
6608,1258,Chemotherapy,5417.75,2023-01-16
6609,5609,Radiation Therapy,3651.49,2023-09-03
6610,7952,Physical Therapy,861.85,2024-03-26
6611,2006,Radiation Therapy,2480.24,2023-09-13
6612,8313,Laboratory Test,587.07,2024-04-15
6613,8368,Diagnostic Imaging,867.97,2024-04-14
6614,5991,Laboratory Test,311.4,2023-12-18
6615,619,Diagnostic Imaging,475.66,2025-03-04
6616,2488,Consultation,190.03,2023-02-15
6617,6492,Medication,289.01,2022-08-16
6618,8295,Surgery,7807.46,2024-05-08
6619,7903,Physical Therapy,1273.33,2022-06-15
6620,3298,Diagnostic Imaging,973.57,2025-11-20
6621,8567,Consultation,394.0,2023-04-19
6622,7007,Rehabilitation,1690.05,2022-08-22
6623,9641,Consultation,116.13,2025-05-12
6624,1461,Radiation Therapy,5219.69,2022-01-06
6625,843,Radiation Therapy,2153.79,2025-06-25
6626,9983,Rehabilitation,461.49,2024-10-08
6627,925,Chemotherapy,9098.91,2025-11-20
6628,7516,Physical Therapy,627.45,2025-10-19
6629,9326,Laboratory Test,344.68,2023-02-11
6630,5772,Physical Therapy,584.85,2023-03-28
6631,2449,Medication,453.17,2022-05-06
6632,8917,Surgery,8243.18,2024-05-04
6633,6082,Physical Therapy,1453.1,2024-01-18
6634,9112,Chemotherapy,4259.22,2022-06-23
6635,7111,Physical Therapy,303.18,2025-06-15
6636,6002,Physical Therapy,393.36,2025-09-25
6637,568,Physical Therapy,854.36,2025-08-16
6638,2953,Chemotherapy,5023.11,2022-11-13
6639,575,Radiation Therapy,4062.17,2023-01-08
6640,2345,Chemotherapy,7993.53,2022-04-26
6641,9472,Laboratory Test,463.43,2023-10-26
6642,5208,Laboratory Test,179.48,2025-06-05
6643,6837,Physical Therapy,801.56,2025-08-16
6644,561,Consultation,63.59,2022-01-14
6645,8764,Consultation,90.76,2024-02-28
6646,3457,Diagnostic Imaging,236.71,2024-09-16
6647,903,Laboratory Test,525.84,2024-09-17
6648,9672,Surgery,9722.57,2023-12-06
6649,4410,Radiation Therapy,7963.75,2022-04-28
6650,4975,Rehabilitation,1666.83,2024-09-06
6651,2623,Rehabilitation,290.42,2023-02-03
6652,2214,Diagnostic Imaging,1194.25,2024-06-25
6653,1773,Surgery,14499.16,2023-12-27
6654,1069,Physical Therapy,1037.35,2022-09-15
6655,7420,Medication,384.08,2025-12-31
6656,6798,Physical Therapy,1008.13,2022-08-19
6657,3425,Medication,252.98,2024-06-04
6658,5828,Laboratory Test,318.74,2024-01-26
6659,112,Chemotherapy,7586.25,2023-12-03
6660,4944,Laboratory Test,361.12,2025-04-11
6661,3896,Chemotherapy,4270.49,2023-09-08
6662,2415,Diagnostic Imaging,386.22,2024-03-15
6663,6369,Radiation Therapy,7702.06,2022-07-15
6664,382,Medication,420.49,2024-07-08
6665,2597,Radiation Therapy,5883.33,2025-03-22
6666,767,Surgery,10376.95,2023-12-12
6667,7663,Chemotherapy,4211.43,2022-06-10
6668,2139,Physical Therapy,809.64,2025-07-13
6669,6007,Chemotherapy,5656.33,2022-03-29
6670,2816,Physical Therapy,1150.24,2023-09-22
6671,8537,Medication,362.42,2023-12-31
6672,9440,Rehabilitation,2277.17,2024-08-03
6673,2110,Chemotherapy,8840.49,2022-02-05
6674,1432,Rehabilitation,310.62,2023-03-01
6675,7071,Medication,434.79,2023-09-04
6676,9539,Chemotherapy,7827.6,2023-09-24
6677,7011,Rehabilitation,2205.88,2025-03-01
6678,4653,Radiation Therapy,3699.64,2025-03-18
6679,7308,Physical Therapy,1479.06,2022-11-04
6680,782,Medication,82.83,2022-07-04
6681,2508,Rehabilitation,560.21,2025-09-07
6682,9624,Radiation Therapy,6592.91,2025-08-30
6683,7345,Surgery,5437.26,2022-08-04
6684,5753,Diagnostic Imaging,836.01,2024-07-08
6685,2202,Chemotherapy,4777.34,2022-12-30
6686,4381,Diagnostic Imaging,405.2,2025-05-19
6687,5521,Surgery,10277.69,2023-11-19
6688,2619,Radiation Therapy,5129.27,2023-06-09
6689,4405,Consultation,88.45,2023-12-21
6690,223,Diagnostic Imaging,295.09,2023-04-13
6691,9243,Consultation,492.28,2025-07-19
6692,7830,Diagnostic Imaging,552.89,2024-05-22
6693,7665,Medication,326.41,2023-09-30
6694,2496,Radiation Therapy,2072.28,2025-12-28
6695,9705,Rehabilitation,547.74,2025-03-24
6696,668,Chemotherapy,5060.91,2024-03-16
6697,7459,Chemotherapy,9877.86,2024-10-31
6698,9230,Rehabilitation,1515.9,2024-03-17
6699,7624,Medication,413.63,2025-10-19
6700,6283,Rehabilitation,441.78,2025-01-03
6701,8526,Surgery,13020.57,2022-02-13
6702,6613,Chemotherapy,7572.68,2025-05-10
6703,3750,Consultation,233.27,2025-11-20
6704,7674,Physical Therapy,1448.36,2025-03-18
6705,2424,Physical Therapy,713.8,2023-05-06
6706,5664,Surgery,6206.88,2022-07-06
6707,6745,Laboratory Test,156.31,2025-09-12
6708,1674,Laboratory Test,67.05,2024-10-30
6709,2868,Surgery,9228.84,2023-06-25
6710,9721,Laboratory Test,671.18,2022-02-14
6711,2755,Radiation Therapy,2940.14,2022-07-21
6712,5526,Radiation Therapy,5759.25,2023-09-27
6713,8555,Diagnostic Imaging,727.91,2022-02-04
6714,2550,Medication,398.61,2023-10-12
6715,7771,Medication,352.55,2023-06-26
6716,8028,Diagnostic Imaging,114.9,2024-09-16
6717,6824,Surgery,1871.05,2022-10-13
6718,7791,Diagnostic Imaging,571.46,2023-06-25
6719,8641,Chemotherapy,6982.29,2023-07-30
6720,230,Laboratory Test,119.95,2024-04-22
6721,7751,Rehabilitation,1749.62,2023-11-11
6722,3425,Rehabilitation,677.97,2022-07-31
6723,3597,Chemotherapy,9768.2,2024-09-01
6724,2332,Physical Therapy,918.31,2024-01-13
6725,9867,Rehabilitation,960.13,2025-08-14
6726,1242,Diagnostic Imaging,840.11,2022-01-15
6727,5300,Physical Therapy,1015.82,2023-10-13
6728,914,Medication,370.86,2022-07-12
6729,8398,Surgery,3932.42,2026-01-14
6730,9613,Laboratory Test,384.99,2022-06-20
6731,6556,Surgery,11063.3,2025-06-18
6732,3330,Chemotherapy,2645.87,2023-08-05
6733,8342,Physical Therapy,1111.89,2025-03-20
6734,8990,Surgery,12595.6,2025-11-22
6735,1493,Surgery,3528.04,2023-01-24
6736,5994,Physical Therapy,617.65,2025-08-07
6737,7769,Diagnostic Imaging,400.05,2022-02-01
6738,6491,Medication,367.01,2023-07-19
6739,6707,Laboratory Test,289.1,2023-05-24
6740,9727,Consultation,369.0,2023-05-06
6741,6396,Physical Therapy,1442.62,2023-01-12
6742,6879,Consultation,172.01,2024-02-06
6743,1660,Medication,484.37,2024-04-01
6744,8327,Medication,303.15,2022-07-31
6745,7274,Laboratory Test,548.72,2022-07-26
6746,4840,Medication,391.98,2023-08-27
6747,5793,Rehabilitation,2428.86,2026-01-16
6748,6064,Consultation,279.97,2022-04-07
6749,3382,Rehabilitation,244.83,2023-12-11
6750,425,Chemotherapy,7365.71,2025-02-02
6751,7025,Rehabilitation,456.68,2023-07-12
6752,5053,Physical Therapy,1465.88,2024-03-21
6753,2419,Diagnostic Imaging,875.12,2023-07-26
6754,2378,Physical Therapy,534.54,2023-03-01
6755,4346,Surgery,3395.78,2023-12-27
6756,294,Rehabilitation,1001.91,2024-10-24
6757,9354,Diagnostic Imaging,884.27,2023-11-05
6758,217,Chemotherapy,9302.41,2025-11-25
6759,5302,Physical Therapy,1225.17,2022-09-02
6760,9756,Laboratory Test,491.69,2022-03-29
6761,5278,Rehabilitation,1951.55,2025-11-22
6762,3264,Surgery,13070.12,2022-12-19
6763,4943,Laboratory Test,267.78,2023-03-31
6764,9337,Radiation Therapy,5046.54,2024-01-12
6765,8795,Surgery,12453.38,2023-03-14
6766,953,Chemotherapy,2271.66,2024-08-24
6767,7246,Radiation Therapy,6566.6,2022-09-14
6768,1793,Rehabilitation,2117.03,2024-01-28
6769,3129,Consultation,120.13,2022-03-30
6770,9490,Surgery,14571.08,2024-05-18
6771,8210,Radiation Therapy,4567.18,2024-12-05
6772,7283,Radiation Therapy,7960.9,2025-10-31
6773,5763,Laboratory Test,241.2,2022-03-14
6774,8568,Diagnostic Imaging,442.69,2023-06-04
6775,5127,Medication,311.45,2022-01-26
6776,6043,Radiation Therapy,5144.75,2025-01-16
6777,275,Medication,282.66,2022-09-21
6778,1150,Laboratory Test,249.07,2025-09-22
6779,1698,Laboratory Test,603.4,2024-10-22
6780,8081,Surgery,14577.57,2025-08-06
6781,156,Rehabilitation,869.18,2023-12-11
6782,9706,Laboratory Test,40.05,2022-10-24
6783,6200,Radiation Therapy,1279.62,2025-06-06
6784,6534,Medication,355.1,2024-08-07
6785,1767,Chemotherapy,3755.3,2022-09-24
6786,5027,Surgery,7333.32,2023-10-02
6787,5209,Consultation,83.28,2025-06-24
6788,9270,Consultation,346.89,2023-07-18
6789,323,Diagnostic Imaging,543.81,2023-09-20
6790,3450,Diagnostic Imaging,391.0,2025-09-08
6791,656,Diagnostic Imaging,452.53,2024-06-11
6792,8220,Chemotherapy,6508.42,2023-12-30
6793,4563,Laboratory Test,165.24,2024-03-12
6794,6704,Radiation Therapy,3005.71,2022-01-21
6795,5509,Rehabilitation,604.06,2025-06-26
6796,3966,Surgery,6106.65,2022-12-17
6797,8997,Surgery,11928.81,2025-06-18
6798,794,Chemotherapy,7162.89,2023-09-21
6799,117,Surgery,11577.03,2022-10-17
6800,4691,Laboratory Test,538.78,2022-08-19
6801,3208,Rehabilitation,2109.1,2025-05-07
6802,6323,Surgery,2197.81,2025-01-04
6803,1164,Rehabilitation,541.12,2023-07-24
6804,9784,Rehabilitation,430.78,2023-03-26
6805,8970,Consultation,449.47,2022-06-05
6806,713,Radiation Therapy,6045.76,2023-09-07
6807,8734,Diagnostic Imaging,111.19,2024-04-11
6808,6087,Consultation,451.2,2023-10-19
6809,3999,Consultation,484.04,2022-06-19
6810,9585,Medication,270.34,2025-04-16
6811,2711,Consultation,336.05,2025-12-10
6812,9014,Physical Therapy,745.81,2026-01-13
6813,406,Surgery,1149.23,2022-10-25
6814,8047,Laboratory Test,559.53,2023-11-08
6815,2322,Rehabilitation,2092.74,2022-06-22
6816,3594,Medication,475.49,2022-03-26
6817,6773,Radiation Therapy,7130.3,2022-10-04
6818,4086,Laboratory Test,345.24,2023-03-30
6819,6573,Diagnostic Imaging,780.62,2023-07-03
6820,7324,Chemotherapy,9252.05,2022-12-22
6821,7684,Surgery,14411.76,2023-08-19
6822,1768,Rehabilitation,939.27,2024-12-14
6823,4052,Diagnostic Imaging,299.17,2023-12-09
6824,2895,Rehabilitation,2459.7,2024-03-23
6825,3621,Consultation,63.6,2025-11-25
6826,9060,Medication,187.83,2024-12-03
6827,5099,Radiation Therapy,4848.5,2024-06-22
6828,551,Laboratory Test,322.65,2025-07-26
6829,1646,Chemotherapy,9659.71,2023-01-09
6830,9989,Radiation Therapy,2139.88,2024-03-27
6831,5278,Medication,37.03,2025-08-12
6832,1222,Physical Therapy,555.08,2023-07-10
6833,6810,Medication,495.12,2025-12-18
6834,3298,Physical Therapy,181.88,2022-01-12
6835,2084,Chemotherapy,3243.36,2022-02-27
6836,4126,Diagnostic Imaging,883.51,2022-06-04
6837,7578,Chemotherapy,7651.43,2023-11-01
6838,5748,Surgery,11655.17,2024-09-07
6839,4864,Laboratory Test,454.79,2024-12-29
6840,4927,Medication,213.33,2023-05-24
6841,29,Diagnostic Imaging,984.64,2024-12-29
6842,8127,Rehabilitation,1224.95,2024-02-09
6843,7402,Consultation,235.13,2025-08-14
6844,8552,Radiation Therapy,4760.07,2024-09-08
6845,2598,Rehabilitation,2104.65,2022-02-16
6846,100,Chemotherapy,6546.02,2025-09-28
6847,1879,Rehabilitation,2208.41,2024-11-18
6848,1662,Rehabilitation,952.88,2025-11-16
6849,5769,Radiation Therapy,2077.06,2024-11-15
6850,8914,Surgery,11357.21,2023-11-24
6851,3426,Medication,222.06,2025-05-22
6852,7806,Physical Therapy,1060.33,2022-02-16
6853,7664,Rehabilitation,2128.29,2023-05-20
6854,3631,Laboratory Test,512.91,2025-03-11
6855,2966,Medication,183.9,2025-07-18
6856,2532,Physical Therapy,636.11,2023-06-01
6857,3591,Surgery,3137.07,2024-04-08
6858,9120,Diagnostic Imaging,605.71,2022-08-21
6859,9251,Consultation,415.26,2023-05-10
6860,9052,Medication,101.26,2025-10-04
6861,5532,Diagnostic Imaging,1124.09,2025-04-11
6862,5446,Chemotherapy,3354.01,2025-02-09
6863,8974,Chemotherapy,9521.71,2024-01-29
6864,1381,Rehabilitation,554.66,2023-08-07
6865,7394,Diagnostic Imaging,121.59,2025-11-28
6866,2547,Medication,131.24,2025-10-19
6867,6879,Consultation,154.65,2024-12-15
6868,9572,Consultation,219.3,2024-07-17
6869,2256,Radiation Therapy,7222.17,2025-05-07
6870,3698,Consultation,229.41,2024-02-17
6871,5624,Physical Therapy,273.22,2022-12-27
6872,4019,Physical Therapy,248.82,2022-05-03
6873,9062,Physical Therapy,597.14,2022-12-13
6874,954,Diagnostic Imaging,127.64,2023-09-01
6875,6297,Physical Therapy,686.02,2022-10-31
6876,9578,Radiation Therapy,6002.23,2024-09-29
6877,1808,Rehabilitation,209.37,2022-12-21
6878,4615,Laboratory Test,347.04,2022-09-24
6879,6144,Consultation,79.03,2022-08-31
6880,7754,Rehabilitation,989.16,2022-06-08
6881,5873,Laboratory Test,577.42,2023-06-09
6882,708,Surgery,1865.38,2022-12-03
6883,4741,Physical Therapy,1344.43,2023-07-07
6884,5098,Radiation Therapy,5097.09,2022-08-31
6885,9547,Surgery,7153.54,2023-08-16
6886,6215,Medication,440.86,2023-12-05
6887,2727,Diagnostic Imaging,309.89,2024-11-20
6888,4932,Diagnostic Imaging,587.83,2025-02-12
6889,6294,Surgery,10605.61,2022-02-15
6890,1477,Laboratory Test,119.83,2022-07-19
6891,1670,Surgery,8062.34,2025-01-26
6892,8087,Consultation,158.9,2023-07-01
6893,5092,Radiation Therapy,5066.61,2024-07-31
6894,3762,Rehabilitation,420.3,2024-02-04
6895,122,Consultation,384.19,2024-11-10
6896,4155,Physical Therapy,260.56,2022-08-12
6897,45,Rehabilitation,208.72,2024-10-14
6898,5820,Medication,38.76,2022-04-18
6899,7926,Consultation,304.46,2022-03-26
6900,5252,Radiation Therapy,3910.9,2024-03-27
6901,8780,Chemotherapy,,2024-04-26
6902,4014,Chemotherapy,5670.73,2025-12-10
6903,3458,Physical Therapy,436.69,2023-07-17
6904,210,Rehabilitation,2036.72,2022-11-28
6905,7441,Rehabilitation,1733.39,2022-04-05
6906,3371,Diagnostic Imaging,1049.19,2026-01-01
6907,5865,Rehabilitation,867.19,2025-06-20
6908,3873,Diagnostic Imaging,1134.48,2022-07-21
6909,8651,Physical Therapy,1214.26,2025-09-25
6910,3708,Medication,245.78,2023-02-15
6911,4268,Consultation,389.04,2024-04-01
6912,2217,Radiation Therapy,7860.94,2025-08-11
6913,3272,Chemotherapy,8408.45,2022-07-24
6914,7189,Medication,442.64,2022-08-16
6915,94,Medication,415.46,2025-03-28
6916,5952,Physical Therapy,1333.63,2023-06-30
6917,4138,Diagnostic Imaging,418.57,2023-02-23
6918,9925,Medication,412.78,2025-10-10
6919,6411,Medication,29.55,2022-05-28
6920,9386,Diagnostic Imaging,158.55,2023-02-12
6921,1489,Medication,382.45,2023-09-24
6922,8244,Medication,300.64,2023-07-21
6923,9367,Laboratory Test,688.87,2025-01-26
6924,7736,Physical Therapy,1389.73,2022-07-23
6925,7894,Consultation,365.03,2023-04-25
6926,5775,Diagnostic Imaging,963.65,2025-05-12
6927,3098,Radiation Therapy,6852.34,2024-09-27
6928,9057,Physical Therapy,533.64,2025-10-19
6929,5297,Physical Therapy,951.35,2024-03-14
6930,8192,Medication,291.2,2022-11-20
6931,4728,Physical Therapy,954.65,2023-07-30
6932,7459,Surgery,5187.78,2022-09-26
6933,999999,Diagnostic Imaging,740.97,2024-01-30
6934,9134,Rehabilitation,2040.64,2022-11-09
6935,3803,Surgery,9536.39,2023-09-04
6936,3454,Medication,169.9,2022-08-19
6937,9774,Rehabilitation,1092.02,2025-05-01
6938,6041,Surgery,8870.35,2024-11-24
6939,6873,Physical Therapy,802.55,2023-08-07
6940,3905,Chemotherapy,4351.25,2025-05-16
6941,1195,Radiation Therapy,1188.08,2024-05-18
6942,1680,Medication,210.03,2025-09-30
6943,3924,Diagnostic Imaging,1146.42,2023-11-03
6944,8782,Medication,100.52,2024-02-19
6945,8703,Rehabilitation,529.81,2022-07-02
6946,748,Medication,425.23,2025-06-11
6947,7425,Rehabilitation,1461.56,2023-11-06
6948,6459,Radiation Therapy,7765.56,2023-10-04
6949,5959,Surgery,2344.23,2022-10-05
6950,1614,Diagnostic Imaging,552.0,2025-03-04
6951,7028,Medication,389.95,2022-06-26
6952,6012,Medication,436.19,2023-05-29
6953,9327,Physical Therapy,1485.62,2022-12-07
6954,6264,Radiation Therapy,2424.26,2024-11-15
6955,9375,Surgery,3377.74,2022-12-13
6956,2949,Surgery,8476.64,2022-07-10
6957,8621,Laboratory Test,378.88,2024-03-22
6958,8985,Diagnostic Imaging,813.54,2025-08-03
6959,3167,Surgery,1294.25,2023-01-07
6960,8295,Rehabilitation,1685.37,2025-08-25
6961,6798,Medication,292.54,2024-12-09
6962,787,Surgery,4482.83,2025-04-14
6963,60,Physical Therapy,594.13,2022-03-09
6964,6536,Consultation,366.9,2022-12-05
6965,9829,Surgery,9568.14,2025-08-27
6966,9298,Surgery,5789.19,2023-06-07
6967,353,Diagnostic Imaging,823.29,2025-07-05
6968,1641,Physical Therapy,1397.06,2023-11-01
6969,9985,Chemotherapy,9797.13,2024-01-19
6970,1916,Chemotherapy,2514.3,2022-11-20
6971,6981,Chemotherapy,1587.97,2024-05-14
6972,4835,Radiation Therapy,5740.17,2024-03-28
6973,4786,Diagnostic Imaging,372.43,2024-10-28
6974,428,Laboratory Test,44.01,2022-06-04
6975,7415,Diagnostic Imaging,173.73,2025-07-03
6976,5551,Radiation Therapy,2352.89,2025-10-12
6977,5683,Laboratory Test,615.74,2022-12-25
6978,6627,Radiation Therapy,5149.18,2022-12-19
6979,49,Consultation,425.69,2025-06-13
6980,7134,,184.25,2023-03-25
6981,7582,Diagnostic Imaging,580.6,2024-09-22
6982,4656,Laboratory Test,531.03,2025-10-08
6983,3817,Radiation Therapy,1309.68,2023-01-16
6984,450,Rehabilitation,2000.44,2024-09-12
6985,5363,Rehabilitation,1325.61,2024-03-29
6986,4790,Radiation Therapy,7648.66,2023-12-08
6987,6146,Radiation Therapy,5031.57,2023-06-19
6988,2190,Rehabilitation,2252.09,2024-12-26
6989,8188,Surgery,3025.44,2022-11-29
6990,3664,Physical Therapy,846.28,2025-04-23
6991,630,Physical Therapy,978.94,2024-08-04
6992,3216,Diagnostic Imaging,82.66,2024-09-29
6993,3986,Diagnostic Imaging,508.44,2022-04-25
6994,3937,Medication,253.75,2025-06-30
6995,7264,Radiation Therapy,7748.78,2025-10-31
6996,6199,Consultation,258.99,2024-01-29
6997,310,Medication,404.59,2025-06-15
6998,5412,Laboratory Test,455.05,2024-10-21
6999,5188,Chemotherapy,4549.3,2025-02-18
7000,5856,Physical Therapy,1268.71,2025-07-22
7001,3707,Consultation,182.28,2022-03-10
7002,5392,Rehabilitation,1785.54,2023-05-03
7003,2854,Laboratory Test,226.93,2025-07-22
7004,2493,Consultation,237.67,2022-02-07
7005,9527,Chemotherapy,8540.11,2023-11-28
7006,9862,Chemotherapy,8019.92,2023-08-26
7007,6260,Laboratory Test,570.75,2024-11-17
7008,9698,Medication,257.1,2022-03-30
7009,2770,Radiation Therapy,5393.97,2025-07-12
7010,9056,Medication,372.12,2024-04-07
7011,5884,Laboratory Test,35.61,2025-07-01
7012,3522,Medication,57.63,2023-02-10
7013,8189,Rehabilitation,420.79,2022-06-28
7014,5877,Laboratory Test,33.07,2022-01-03
7015,9400,Consultation,208.96,2025-12-09
7016,2602,Physical Therapy,1393.13,2023-08-21
7017,3359,Radiation Therapy,2585.33,2025-11-01
7018,71,Chemotherapy,2435.4,2023-12-17
7019,8956,Radiation Therapy,5087.36,2023-08-28
7020,2586,Surgery,4807.18,2025-10-10
7021,6338,Rehabilitation,701.07,2022-05-15
7022,696,Physical Therapy,763.81,2023-08-06
7023,2252,Surgery,5355.81,2025-05-30
7024,6454,Diagnostic Imaging,417.49,2023-12-12
7025,772,Surgery,11728.38,2022-11-05
7026,1759,Diagnostic Imaging,602.79,2024-04-16
7027,1042,Surgery,2651.07,2023-01-26
7028,1435,Diagnostic Imaging,447.35,2025-04-24
7029,8123,Rehabilitation,2011.71,2024-09-01
7030,3824,Laboratory Test,549.62,2022-04-01
7031,9579,Medication,499.04,2023-05-10
7032,6514,Chemotherapy,9219.07,2023-06-26
7033,567,Radiation Therapy,2555.79,2025-08-16
7034,2417,Medication,334.7,2023-06-08
7035,8679,Laboratory Test,426.0,2025-06-18
7036,8055,Laboratory Test,531.33,2022-10-28
7037,9770,Chemotherapy,9176.35,2022-10-08
7038,5906,Physical Therapy,1422.55,2024-02-14
7039,7592,Laboratory Test,107.47,2022-12-30
7040,6187,Chemotherapy,5472.39,2022-03-25
7041,7248,Physical Therapy,1042.67,2023-09-01
7042,4466,Rehabilitation,1122.67,2024-04-06
7043,6553,Laboratory Test,489.83,2023-05-21
7044,5316,Rehabilitation,1455.63,2024-10-20
7045,2308,Rehabilitation,1351.66,2024-06-22
7046,8822,Chemotherapy,3500.14,2024-01-18
7047,6030,Chemotherapy,3869.22,2024-05-07
7048,9616,Laboratory Test,159.75,2023-11-10
7049,2360,Diagnostic Imaging,1057.82,2022-04-19
7050,7417,Consultation,249.14,2023-06-28
7051,4536,Diagnostic Imaging,319.92,2023-08-10
7052,6619,Chemotherapy,7717.52,2025-11-12
7053,7029,Chemotherapy,4036.04,2023-11-02
7054,5885,Diagnostic Imaging,1148.11,2023-06-29
7055,1291,Diagnostic Imaging,262.53,2024-12-30
7056,6387,Laboratory Test,123.56,2024-06-01
7057,9669,Chemotherapy,7513.72,2024-09-20
7058,7539,Surgery,6200.49,2024-04-09
7059,4082,Chemotherapy,1854.94,2025-03-26
7060,2444,Consultation,422.23,2025-08-01
7061,2007,Laboratory Test,608.45,2022-12-04
7062,1617,Consultation,356.57,2022-05-06
7063,1055,Medication,158.42,2024-12-02
7064,404,Medication,469.57,2025-11-01
7065,5240,Rehabilitation,2232.11,2022-10-19
7066,2859,Physical Therapy,120.78,2025-08-18
7067,7774,Laboratory Test,129.74,2023-04-08
7068,9727,Medication,275.71,2022-04-25
7069,1175,Surgery,4906.58,2022-05-08
7070,255,Laboratory Test,461.79,2023-03-20
7071,766,Medication,464.75,2024-03-16
7072,3071,Chemotherapy,9689.82,2025-11-28
7073,711,Surgery,1013.23,2025-03-12
7074,4540,Radiation Therapy,4411.02,2025-10-27
7075,1917,Surgery,1366.7,2023-06-10
7076,6932,Surgery,2758.47,2026-01-28
7077,9574,Rehabilitation,1035.25,2025-05-23
7078,4722,Laboratory Test,471.78,2024-03-26
7079,6981,Laboratory Test,266.91,2024-10-13
7080,6765,Rehabilitation,2450.09,2026-01-02
7081,7985,Medication,43.96,2024-07-19
7082,1598,Surgery,12210.15,2023-07-15
7083,9092,Consultation,408.58,2024-05-13
7084,6864,Radiation Therapy,5943.47,2023-03-18
7085,3053,Chemotherapy,8651.94,2023-03-01
7086,5259,Consultation,85.12,2022-08-08
7087,7278,Laboratory Test,626.16,2024-05-30
7088,7163,Medication,360.6,2025-09-29
7089,7841,Radiation Therapy,3740.63,2022-03-30
7090,1268,Surgery,6541.18,2023-10-14
7091,4602,Laboratory Test,430.34,2023-12-18
7092,6973,Physical Therapy,646.5,2024-02-05
7093,4348,Medication,336.11,2022-08-21
7094,2588,Surgery,5837.46,2024-07-06
7095,6407,Chemotherapy,6547.24,2022-05-06
7096,2525,Surgery,8763.0,2023-06-01
7097,2082,Physical Therapy,729.77,2023-12-20
7098,762,Diagnostic Imaging,950.76,2023-07-20
7099,770,Chemotherapy,8669.69,2022-06-01
7100,3181,Consultation,170.19,2023-09-14
7101,8920,Laboratory Test,298.55,2024-05-20
7102,942,Chemotherapy,6026.92,2024-08-08
7103,6304,Laboratory Test,50.21,2022-10-02
7104,4543,Physical Therapy,1249.96,2022-02-24
7105,3893,Medication,176.16,2024-09-03
7106,6009,Laboratory Test,320.24,2025-11-12
7107,8693,Rehabilitation,1139.89,2022-08-07
7108,4017,Consultation,362.25,2024-09-26
7109,3308,Medication,228.28,2023-10-19
7110,5161,Surgery,2086.01,2024-02-20
7111,6085,Radiation Therapy,1015.83,2022-04-30
7112,7506,Diagnostic Imaging,572.04,2023-08-23
7113,1175,Medication,387.73,2024-09-20
7114,3310,Chemotherapy,8927.06,2023-02-04
7115,5478,Diagnostic Imaging,109.5,2024-12-21
7116,3733,Surgery,7001.18,2024-08-08
7117,808,Physical Therapy,417.74,2024-12-13
7118,315,Diagnostic Imaging,1078.32,2022-06-29
7119,4178,Medication,24.55,2023-05-20
7120,1573,Physical Therapy,531.08,2023-11-20
7121,1122,Chemotherapy,3585.66,2023-10-03
7122,9779,Physical Therapy,1128.75,2022-03-20
7123,7494,Diagnostic Imaging,509.21,2024-06-08
7124,496,Medication,458.03,2024-05-07
7125,9863,Laboratory Test,214.84,2023-12-30
7126,4868,Laboratory Test,70.92,2022-02-04
7127,2540,Radiation Therapy,6368.36,2022-09-08
7128,6154,Laboratory Test,112.46,2025-05-21
7129,4610,Medication,204.75,2022-08-30
7130,296,Diagnostic Imaging,753.77,2025-04-25
7131,5507,Rehabilitation,798.87,2022-01-01
7132,5646,Rehabilitation,2015.81,2023-08-11
7133,5534,Consultation,356.14,2023-08-14
7134,8049,Consultation,73.45,2022-08-31
7135,7463,Radiation Therapy,6460.09,2024-02-08
7136,184,Diagnostic Imaging,1108.91,2024-06-06
7137,4405,Physical Therapy,1387.75,2025-06-15
7138,7189,Diagnostic Imaging,1045.43,2023-10-30
7139,5856,Chemotherapy,9268.47,2022-09-13
7140,8776,Chemotherapy,7182.63,2022-03-14
7141,640,Rehabilitation,1014.07,2022-05-07
7142,9607,Chemotherapy,5594.72,2022-09-16
7143,9424,Surgery,8064.01,2025-07-20
7144,560,Surgery,9634.69,2023-12-03
7145,4687,Rehabilitation,612.01,2025-02-28
7146,1269,Laboratory Test,649.39,2024-05-06
7147,412,Laboratory Test,91.33,2023-06-18
7148,9308,Laboratory Test,121.2,2022-09-03
7149,3766,Consultation,337.31,2024-03-12
7150,6798,Radiation Therapy,1340.09,2025-06-14
7151,8713,Radiation Therapy,2084.15,2023-12-14
7152,6762,Diagnostic Imaging,173.99,2024-01-18
7153,1151,Radiation Therapy,5186.65,2024-05-22
7154,8005,Rehabilitation,2460.73,2022-04-20
7155,6004,Medication,55.38,2025-04-26
7156,7181,Diagnostic Imaging,567.85,2022-12-22
7157,7484,Rehabilitation,1009.52,2025-09-27
7158,4724,Radiation Therapy,6116.2,2024-09-02
7159,4947,Medication,175.78,2022-09-09
7160,1745,Chemotherapy,4559.13,2024-02-17
7161,4510,Consultation,330.91,2023-12-05
7162,9804,Laboratory Test,481.83,2022-04-08
7163,5399,Chemotherapy,4386.74,2025-05-21
7164,8632,Rehabilitation,1649.49,2024-04-24
7165,485,Radiation Therapy,4572.22,2026-01-29
7166,7813,Laboratory Test,363.88,2022-12-30
7167,5407,Physical Therapy,447.68,2024-12-25
7168,1534,Diagnostic Imaging,340.01,2025-08-21
7169,2698,Physical Therapy,556.4,2023-03-03
7170,1360,Physical Therapy,207.92,2024-07-01
7171,1228,Physical Therapy,181.72,2024-07-19
7172,1430,Consultation,306.63,2024-01-21
7173,5429,Diagnostic Imaging,845.9,2023-02-22
7174,8723,Laboratory Test,444.54,2024-03-19
7175,5288,Radiation Therapy,3167.97,2022-10-19
7176,7590,Medication,436.42,2023-04-19
7177,84,Diagnostic Imaging,506.17,2022-01-18
7178,4738,Physical Therapy,593.87,2023-11-23
7179,8303,Rehabilitation,735.16,2025-01-31
7180,8424,Surgery,8317.12,2024-08-31
7181,4530,Consultation,87.04,2025-09-25
7182,623,Radiation Therapy,7257.94,2024-07-28
7183,8397,Surgery,9895.71,2024-08-11
7184,501,Radiation Therapy,7115.49,2022-06-27
7185,5226,Diagnostic Imaging,1039.28,2022-10-14
7186,9448,Rehabilitation,2258.28,2023-07-27
7187,4302,Chemotherapy,1631.88,2024-04-11
7188,2781,Physical Therapy,145.47,2023-06-23
7189,7716,Medication,205.4,2025-11-05
7190,5690,Physical Therapy,1003.89,2023-03-21
7191,9767,Consultation,411.02,2024-10-12
7192,8255,Rehabilitation,1705.25,2025-11-17
7193,3087,Chemotherapy,6214.03,2023-03-01
7194,7980,Diagnostic Imaging,696.02,2024-10-14
7195,4710,Chemotherapy,1945.01,2022-06-29
7196,4799,Medication,199.34,2025-06-29
7197,1936,Laboratory Test,567.8,2025-11-08
7198,2538,Surgery,2954.7,2022-09-16
7199,9650,Consultation,297.47,2023-01-20
7200,2352,Radiation Therapy,3910.79,2025-12-15
7201,9078,Consultation,161.97,2023-05-10
7202,4578,Diagnostic Imaging,883.72,2025-08-01
7203,3409,Radiation Therapy,2894.04,2023-08-20
7204,9044,Consultation,440.64,2025-01-22
7205,9436,Consultation,215.3,2022-12-19
7206,7383,Consultation,131.42,2022-12-06
7207,6350,Surgery,7565.68,2024-05-20
7208,8985,Physical Therapy,1385.85,2022-01-31
7209,8860,Medication,434.85,2023-07-01
7210,7164,Diagnostic Imaging,170.55,2023-08-25
7211,1525,Chemotherapy,1611.74,2024-06-02
7212,2710,Consultation,449.92,2023-04-20
7213,122,Rehabilitation,2086.41,2024-07-10
7214,7355,Radiation Therapy,7982.34,2023-08-16
7215,3292,Chemotherapy,5084.53,2025-12-14
7216,8205,Radiation Therapy,6186.89,2025-09-11
7217,1274,Diagnostic Imaging,130.29,2025-10-03
7218,6218,Medication,426.33,2022-07-18
7219,3773,Physical Therapy,1473.06,2025-07-15
7220,2718,Radiation Therapy,1241.82,2023-11-08
7221,4216,Consultation,400.86,2024-02-17
7222,3142,Medication,296.81,2022-01-04
7223,5376,Physical Therapy,1399.84,2025-04-02
7224,1800,Rehabilitation,1909.57,2025-06-01
7225,7671,Rehabilitation,2153.96,2025-12-17
7226,2939,Laboratory Test,517.38,2024-11-17
7227,4701,Rehabilitation,2042.78,2024-08-07
7228,7188,Radiation Therapy,4649.38,2025-12-14
7229,5870,Medication,59.86,2025-02-12
7230,8769,Radiation Therapy,4247.39,2025-10-19
7231,9211,Surgery,13034.17,2026-01-19
7232,4934,Surgery,3536.27,2022-10-10
7233,8372,Physical Therapy,1237.2,2022-10-23
7234,392,Surgery,10666.04,2023-08-07
7235,1547,Medication,446.8,2026-01-29
7236,9481,Diagnostic Imaging,509.76,2023-01-30
7237,2145,Consultation,249.72,2024-02-18
7238,9421,Consultation,145.15,2024-12-07
7239,7596,Physical Therapy,510.31,2022-02-07
7240,2137,Surgery,10155.7,2024-11-06
7241,5475,Medication,161.04,2022-04-17
7242,4258,Medication,410.43,2024-08-14
7243,4904,Physical Therapy,1132.77,2024-11-13
7244,1147,Laboratory Test,183.19,2023-07-03
7245,6503,Rehabilitation,214.03,2022-08-14
7246,2789,Consultation,445.64,2024-03-01
7247,4739,Physical Therapy,282.22,2024-07-03
7248,7106,Diagnostic Imaging,671.54,2025-11-04
7249,7013,Radiation Therapy,1191.0,2025-03-22
7250,6420,Physical Therapy,812.04,2023-03-17
7251,689,Diagnostic Imaging,756.12,2024-02-28
7252,4689,Chemotherapy,5695.93,2022-04-11
7253,8189,Diagnostic Imaging,770.55,2024-03-04
7254,6892,Medication,419.7,2023-06-12
7255,9451,Consultation,61.88,2025-08-04
7256,5728,Physical Therapy,977.22,2022-02-18
7257,6111,Diagnostic Imaging,94.53,2023-10-08
7258,6767,Physical Therapy,181.35,2025-04-11
7259,5027,Laboratory Test,197.7,2023-04-25
7260,9484,Chemotherapy,9053.05,2023-11-18
7261,2667,Physical Therapy,905.45,2025-09-09
7262,1985,Diagnostic Imaging,445.26,2022-12-24
7263,1846,Chemotherapy,1547.54,2022-03-11
7264,8237,Medication,289.09,2023-02-11
7265,5579,Physical Therapy,1447.24,2025-04-24
7266,7733,Medication,59.82,2023-01-27
7267,644,Laboratory Test,563.72,2023-12-28
7268,3898,Rehabilitation,2296.31,2024-10-05
7269,7469,Medication,313.89,2024-01-13
7270,5529,Rehabilitation,839.17,2022-09-23
7271,7493,Surgery,4517.7,2022-07-02
7272,1159,Chemotherapy,1575.21,2025-02-08
7273,2192,Radiation Therapy,2703.88,2024-11-28
7274,4787,Medication,40.07,2024-11-05
7275,8773,Radiation Therapy,1902.01,2025-10-03
7276,7206,Medication,302.67,2023-07-08
7277,656,Medication,471.18,2024-04-23
7278,2023,Surgery,14473.98,2024-12-04
7279,383,Surgery,3255.61,2023-03-05
7280,5486,Chemotherapy,4076.59,2023-07-24
7281,61,Radiation Therapy,4167.46,2022-06-02
7282,7305,Laboratory Test,469.53,2023-02-14
7283,327,Diagnostic Imaging,110.33,2026-01-30
7284,9163,Radiation Therapy,2997.03,2025-01-16
7285,775,Chemotherapy,9760.33,2023-08-14
7286,1963,Chemotherapy,4632.96,2023-05-03
7287,684,Chemotherapy,4543.17,2022-08-07
7288,4706,Diagnostic Imaging,1110.86,2025-06-15
7289,3951,Rehabilitation,1895.91,2022-11-19
7290,6002,Laboratory Test,356.92,2023-06-11
7291,5686,Rehabilitation,1594.41,2024-05-31
7292,956,Physical Therapy,674.15,2023-11-29
7293,99,Physical Therapy,195.27,2025-10-26
7294,9555,Surgery,7646.32,2022-07-28
7295,4746,Radiation Therapy,4260.71,2022-07-11
7296,9267,Laboratory Test,300.69,2025-08-18
7297,7210,Chemotherapy,3503.64,2022-09-04
7298,8849,Surgery,3507.49,2024-02-26
7299,6269,Rehabilitation,1210.46,2024-12-19
7300,5567,Physical Therapy,1225.55,2022-01-22
7301,3409,Laboratory Test,135.78,2023-02-04
7302,2998,Medication,424.4,2023-10-25
7303,4978,Radiation Therapy,2698.99,2023-12-17
7304,1927,Medication,356.16,2024-04-09
7305,6441,Rehabilitation,837.18,2023-05-07
7306,7161,Consultation,71.97,2025-06-13
7307,2673,Rehabilitation,259.01,2023-02-12
7308,7208,Laboratory Test,626.14,2024-09-07
7309,3481,Rehabilitation,2158.49,2024-02-25
7310,7579,Consultation,225.26,2025-11-15
7311,3201,Medication,112.86,2022-11-24
7312,6184,Surgery,14034.51,2022-10-28
7313,1587,Rehabilitation,1229.09,2023-10-14
7314,7849,Physical Therapy,330.17,2025-02-01
7315,4588,Medication,292.83,2024-03-25
7316,2589,Surgery,6909.76,2024-02-04
7317,8868,Consultation,355.98,2023-12-10
7318,9596,Rehabilitation,1334.92,2022-11-09
7319,7937,Physical Therapy,1043.19,2022-09-15
7320,8615,Consultation,377.11,2023-12-09
7321,9150,Medication,352.09,2026-01-13
7322,4464,Chemotherapy,6820.04,2022-12-26
7323,3900,Radiation Therapy,4857.38,2025-12-01
7324,2231,Rehabilitation,313.85,2022-03-23
7325,6632,Laboratory Test,297.61,2022-03-12
7326,3982,Diagnostic Imaging,548.64,2024-07-31
7327,9034,Radiation Therapy,5824.96,2023-02-18
7328,5905,Physical Therapy,552.4,2024-09-02
7329,9521,Rehabilitation,314.4,2025-04-19
7330,8430,Radiation Therapy,3438.92,2022-11-14
7331,4711,Surgery,3648.03,2023-02-23
7332,4787,Rehabilitation,1181.86,2022-08-04
7333,679,Radiation Therapy,3412.0,2023-10-19
7334,2394,Consultation,483.33,2023-08-27
7335,8814,Laboratory Test,507.29,2022-07-24
7336,5222,Physical Therapy,1305.21,2024-05-30
7337,855,Consultation,431.34,2025-08-05
7338,5624,Laboratory Test,205.44,2022-11-03
7339,6431,Chemotherapy,9927.32,2025-05-09
7340,5254,Consultation,416.99,2025-02-05
7341,3485,Rehabilitation,237.44,2023-11-21
7342,5653,Rehabilitation,1274.18,2022-12-22
7343,4388,Surgery,11474.48,2022-11-11
7344,4783,Rehabilitation,2003.55,2024-03-13
7345,4232,Diagnostic Imaging,1003.0,2024-01-18
7346,8014,Medication,442.97,2025-03-11
7347,51,Rehabilitation,1888.83,2024-05-19
7348,9853,Physical Therapy,828.16,2022-02-06
7349,320,Rehabilitation,484.85,2024-01-31
7350,3760,Chemotherapy,8202.29,2025-12-13
7351,9468,Radiation Therapy,3118.05,2023-10-31
7352,6227,Diagnostic Imaging,160.9,2023-01-25
7353,6138,Medication,264.34,2024-08-14
7354,2726,Rehabilitation,1027.78,2025-10-30
7355,704,Chemotherapy,7910.93,2025-08-18
7356,5991,Physical Therapy,121.71,2023-05-16
7357,7912,Diagnostic Imaging,863.75,2024-08-17
7358,2507,Radiation Therapy,6667.71,2023-10-24
7359,4262,Medication,134.58,2023-12-12
7360,3904,Physical Therapy,1137.37,2023-07-10
7361,9962,Laboratory Test,476.53,2022-02-09
7362,8274,Laboratory Test,560.79,2023-03-12
7363,8852,Medication,242.35,2025-11-09
7364,1252,Surgery,6060.87,2025-05-05
7365,9162,Consultation,148.55,2023-06-11
7366,2099,Physical Therapy,1276.21,2023-05-02
7367,2148,Radiation Therapy,5604.15,2025-08-10
7368,8878,Physical Therapy,154.35,2024-09-01
7369,8254,Laboratory Test,43.28,2025-05-21
7370,7423,Physical Therapy,1086.91,2024-04-28
7371,1095,Medication,143.13,2022-06-10
7372,8185,Physical Therapy,242.96,2023-03-06
7373,8990,Physical Therapy,940.9,2023-12-29
7374,4165,Rehabilitation,1663.97,2024-08-05
7375,7788,Rehabilitation,1354.93,2023-07-03
7376,141,Chemotherapy,2636.35,2022-05-18
7377,7225,Diagnostic Imaging,302.22,2024-04-29
7378,4319,Rehabilitation,2298.87,2023-08-28
7379,3421,Laboratory Test,333.85,2025-09-09
7380,5484,Laboratory Test,561.51,2022-08-13
7381,5211,Diagnostic Imaging,216.96,2024-07-08
7382,2577,Consultation,172.97,2025-02-13
7383,3089,Diagnostic Imaging,310.13,2026-01-30
7384,9819,Medication,382.3,2024-08-17
7385,9318,Laboratory Test,531.73,2025-07-27
7386,2362,Medication,308.92,2022-04-28
7387,4636,Chemotherapy,7892.86,2025-10-27
7388,7620,Physical Therapy,307.83,2025-10-26
7389,828,Radiation Therapy,7992.63,2023-10-23
7390,3503,Laboratory Test,581.48,2022-03-02
7391,9971,Radiation Therapy,6663.01,2023-11-18
7392,2053,Radiation Therapy,7575.98,2023-12-26
7393,2210,Radiation Therapy,3486.43,2022-10-05
7394,6449,Chemotherapy,6244.75,2023-06-19
7395,186,Medication,468.7,2024-04-19
7396,7604,Medication,295.52,2025-10-21
7397,233,Consultation,241.68,2023-04-11
7398,5773,Laboratory Test,420.48,2023-05-07
7399,7378,Chemotherapy,9258.95,2023-02-18
7400,3686,Chemotherapy,4657.01,2025-11-07
7401,4794,Surgery,11340.12,2025-08-12
7402,1782,Consultation,147.81,2023-08-15
7403,7227,Surgery,13741.43,2024-10-20
7404,867,Chemotherapy,3453.37,2023-12-01
7405,4086,Surgery,10313.37,2022-08-20
7406,2373,Medication,108.43,2023-03-22
7407,3366,Rehabilitation,784.08,2025-12-18
7408,4222,Diagnostic Imaging,1157.32,2025-01-18
7409,2012,Physical Therapy,989.07,2023-02-27
7410,5559,Radiation Therapy,7335.18,2022-08-19
7411,7531,Laboratory Test,595.89,2024-06-02
7412,1523,Laboratory Test,216.55,2024-06-13
7413,2469,Laboratory Test,121.67,2022-01-01
7414,7439,Medication,161.8,2022-09-08
7415,7301,Radiation Therapy,3946.75,2023-10-05
7416,3499,Physical Therapy,994.37,2022-04-11
7417,2010,Medication,251.26,2023-08-14
7418,2797,Medication,63.16,2025-06-27
7419,6383,Rehabilitation,221.71,2024-05-10
7420,1155,Surgery,3247.84,2024-08-06
7421,8844,Consultation,364.59,2022-08-03
7422,9659,Medication,127.35,2022-12-21
7423,1825,Diagnostic Imaging,243.52,2024-07-14
7424,8311,Radiation Therapy,1481.8,2022-05-17
7425,9507,Chemotherapy,-10.0,2022-09-09
7426,9193,Diagnostic Imaging,783.44,2022-10-29
7427,9557,Physical Therapy,390.92,2023-01-13
7428,7027,Chemotherapy,5997.7,2022-05-05
7429,8023,Radiation Therapy,4387.56,2024-02-06
7430,8452,Consultation,350.6,2022-06-15
7431,8682,Medication,210.98,2022-06-12
7432,7708,Rehabilitation,1007.7,2025-06-04
7433,7348,Physical Therapy,208.04,2026-01-07
7434,257,Laboratory Test,343.97,2023-01-04
7435,5968,Radiation Therapy,2176.48,2024-12-21
7436,5014,Diagnostic Imaging,1137.69,2022-08-21
7437,904,Medication,450.58,2023-09-11
7438,7732,Surgery,11697.84,2023-10-18
7439,5162,Physical Therapy,585.62,2025-06-23
7440,8377,Rehabilitation,2389.41,2022-06-30
7441,5709,Diagnostic Imaging,739.24,2025-01-27
7442,9990,Physical Therapy,833.88,2022-02-28
7443,7467,Consultation,404.43,2023-07-22
7444,1284,Laboratory Test,511.18,2024-05-10
7445,4949,Medication,326.95,2022-11-18
7446,2566,Consultation,161.85,2024-11-10
7447,878,Medication,428.13,2022-01-20
7448,6219,Diagnostic Imaging,716.79,2023-07-02
7449,83,Laboratory Test,159.19,2026-01-07
7450,675,Medication,329.79,2024-08-06
7451,2548,Physical Therapy,126.35,2024-02-08
7452,4456,Rehabilitation,2007.01,2024-07-19
7453,7334,Medication,498.03,2022-10-16
7454,1351,Radiation Therapy,1518.99,2024-07-09
7455,3043,Diagnostic Imaging,429.84,2024-05-16
7456,7931,Physical Therapy,1430.5,2024-04-25
7457,5780,Chemotherapy,6578.8,2022-01-23
7458,802,Radiation Therapy,4874.99,2024-12-13
7459,6549,Radiation Therapy,1255.15,2022-04-16
7460,3144,Medication,497.42,2023-04-07
7461,5207,Physical Therapy,954.54,2022-09-11
7462,4987,Physical Therapy,433.75,2025-03-23
7463,2194,Laboratory Test,583.82,2022-03-24
7464,5193,Consultation,323.38,2022-10-23
7465,505,Chemotherapy,4743.5,2025-07-17
7466,4903,Medication,364.58,2023-08-11
7467,3678,Radiation Therapy,6870.89,2025-08-10
7468,8249,Surgery,14742.27,2023-12-17
7469,4961,Radiation Therapy,3564.8,2025-12-04
7470,7992,Physical Therapy,364.62,2025-01-28
7471,4599,Medication,90.58,2022-12-06
7472,2649,Physical Therapy,429.21,2024-08-15
7473,2275,Chemotherapy,8537.82,2022-02-15
7474,6216,Diagnostic Imaging,996.78,2023-09-14
7475,1459,Medication,113.16,2023-07-25
7476,1082,Chemotherapy,7066.66,2024-07-25
7477,9424,Rehabilitation,1799.57,2022-02-11
7478,4855,Diagnostic Imaging,485.5,2022-01-21
7479,3062,Chemotherapy,6201.34,2025-11-23
7480,2120,Physical Therapy,698.16,2025-08-30
7481,7478,Rehabilitation,1310.86,2023-09-07
7482,2504,Consultation,103.18,2024-04-18
7483,3612,Consultation,50.66,2025-07-20
7484,218,Diagnostic Imaging,1170.07,2025-02-26
7485,3686,Diagnostic Imaging,852.36,2022-06-11
7486,2425,Diagnostic Imaging,1168.27,2023-06-15
7487,6823,Diagnostic Imaging,477.07,2024-06-18
7488,2226,Surgery,4407.87,2022-01-23
7489,6811,Diagnostic Imaging,768.33,2022-09-06
7490,7276,Rehabilitation,1488.93,2023-07-28
7491,5203,,383.0,2026-01-09
7492,9133,Diagnostic Imaging,855.42,2023-01-09
7493,2074,Diagnostic Imaging,734.33,2023-06-28
7494,6353,Laboratory Test,483.05,2023-12-04
7495,3783,Rehabilitation,820.95,2025-12-24
7496,8529,Chemotherapy,8743.75,2025-02-04
7497,3228,Diagnostic Imaging,793.83,2022-07-27
7498,5550,Chemotherapy,3810.03,2024-10-16
7499,9013,Surgery,8154.75,2023-09-18
7500,8016,Diagnostic Imaging,1077.72,2023-02-26
7501,8268,Laboratory Test,660.93,2024-08-17
7502,7710,Medication,65.35,2025-07-26
7503,864,Rehabilitation,798.52,2025-02-07
7504,7088,Consultation,362.76,2024-11-07
7505,1430,Consultation,112.9,2023-06-17
7506,6970,Rehabilitation,1432.79,2022-09-07
7507,808,Diagnostic Imaging,189.35,2025-09-07
7508,9248,Radiation Therapy,2057.14,2025-11-15
7509,1794,Physical Therapy,680.06,2022-02-17
7510,967,Physical Therapy,1372.95,2022-04-12
7511,7717,Consultation,118.56,2024-01-18
7512,7311,Diagnostic Imaging,405.7,2022-10-24
7513,962,Rehabilitation,1634.22,2023-12-31
7514,9980,Rehabilitation,1399.94,2022-05-17
7515,1920,Diagnostic Imaging,887.64,2023-01-11
7516,9584,Laboratory Test,615.33,2022-03-22
7517,2305,Surgery,11807.24,2023-05-20
7518,8328,Physical Therapy,689.55,2025-07-03
7519,3926,Laboratory Test,288.54,2025-03-28
7520,2674,Consultation,190.08,2025-09-26
7521,7614,Consultation,,2026-01-08
7522,4032,Physical Therapy,1422.46,2022-03-26
7523,8563,Laboratory Test,410.94,2024-10-12
7524,6069,Surgery,14990.85,2023-06-21
7525,2057,Rehabilitation,1657.31,2023-11-26
7526,4151,Surgery,1115.6,2022-11-12
7527,7164,Rehabilitation,1849.2,2023-11-04
7528,988,Chemotherapy,8416.52,2022-06-27
7529,6101,Physical Therapy,889.23,2024-02-20
7530,429,Rehabilitation,520.34,2025-02-22
7531,8667,Consultation,159.07,2022-11-20
7532,1350,Physical Therapy,1225.54,2022-12-03
7533,5789,Laboratory Test,689.38,2024-08-27
7534,1196,Medication,499.77,2023-12-18
7535,1429,Chemotherapy,5399.65,2025-09-03
7536,1169,Consultation,346.97,2024-09-11
7537,2120,Rehabilitation,2258.94,2023-03-05
7538,6329,Chemotherapy,4241.69,2023-10-30
7539,3171,Consultation,124.11,2022-08-07
7540,6893,Radiation Therapy,3519.33,2023-04-03
7541,8706,Medication,339.3,2024-07-28
7542,8446,Diagnostic Imaging,456.28,2023-06-23
7543,9571,Consultation,487.26,2024-01-02
7544,7032,Radiation Therapy,4009.41,2023-08-08
7545,4507,Surgery,9846.77,2024-01-25
7546,3506,Consultation,496.76,2023-04-12
7547,1723,Surgery,2092.93,2022-11-09
7548,8005,Chemotherapy,5762.78,2024-06-24
7549,5468,Physical Therapy,101.04,2023-10-31
7550,8171,Chemotherapy,7667.26,2024-07-31
7551,7903,Laboratory Test,689.42,2022-06-11
7552,2344,Medication,495.33,2023-09-16
7553,4287,Chemotherapy,5390.06,2022-06-07
7554,4926,Rehabilitation,,2025-06-29
7555,1560,Consultation,484.97,2024-05-28
7556,5423,Surgery,8907.87,2024-11-01
7557,5261,Diagnostic Imaging,1171.73,2025-05-03
7558,3695,Diagnostic Imaging,561.59,2025-10-10
7559,6448,Chemotherapy,5146.63,2026-01-01
7560,704,Chemotherapy,3657.73,2022-04-30
7561,9981,Radiation Therapy,4104.82,2022-11-07
7562,2582,Laboratory Test,360.84,2024-11-11
7563,9498,Physical Therapy,229.72,2024-07-21
7564,4948,Surgery,1534.55,2023-12-20
7565,7165,Radiation Therapy,2424.53,2026-01-23
7566,7117,Medication,395.05,2024-04-29
7567,5378,Physical Therapy,224.52,2022-09-25
7568,1629,Diagnostic Imaging,850.31,2025-11-23
7569,3159,Rehabilitation,1010.82,2025-06-15
7570,7918,Radiation Therapy,2385.62,2024-12-02
7571,4045,Medication,114.94,2025-07-07
7572,1680,Radiation Therapy,3225.84,2025-05-18
7573,2082,Consultation,62.86,2026-01-23
7574,4579,Radiation Therapy,3787.76,2025-12-10
7575,4429,Chemotherapy,2639.85,2023-12-13
7576,9012,Consultation,369.78,2023-11-15
7577,2709,Consultation,378.51,2023-04-08
7578,9270,Chemotherapy,8427.32,2023-06-25
7579,8672,Radiation Therapy,7535.33,2022-04-18
7580,6970,Radiation Therapy,2886.73,2024-08-14
7581,8685,Diagnostic Imaging,788.47,2022-04-22
7582,1092,Consultation,251.37,2022-09-08
7583,9768,Rehabilitation,777.34,2022-05-19
7584,7397,Radiation Therapy,4595.48,2023-05-14
7585,4847,Medication,317.49,2022-03-08
7586,5846,Radiation Therapy,6961.33,2023-05-10
7587,512,Rehabilitation,922.97,2024-10-28
7588,6988,Diagnostic Imaging,516.57,2025-05-01
7589,1413,Laboratory Test,271.46,2023-03-10
7590,4010,Radiation Therapy,4087.73,2022-01-31
7591,8362,Surgery,14888.98,2022-07-17
7592,3309,Medication,96.22,2024-07-20
7593,93,Chemotherapy,6043.22,2022-04-10
7594,1870,Chemotherapy,6305.29,2025-04-13
7595,6475,Surgery,13907.19,2022-02-23
7596,6406,Consultation,133.05,2025-01-07
7597,4442,Chemotherapy,9940.65,2026-01-11
7598,1942,Laboratory Test,551.6,2023-05-23
7599,799,Radiation Therapy,7054.14,2025-01-03
7600,5484,Physical Therapy,536.89,2022-08-20
7601,5425,Consultation,109.89,2024-09-27
7602,2057,Consultation,436.73,2022-08-19
7603,7859,Surgery,4484.91,2025-10-06
7604,8881,Laboratory Test,230.87,2025-03-23
7605,9824,Rehabilitation,929.04,2022-12-14
7606,7199,Radiation Therapy,7456.46,2024-10-19
7607,6831,Surgery,9054.78,2023-09-22
7608,9216,Diagnostic Imaging,1002.68,2025-12-10
7609,1169,Diagnostic Imaging,1151.07,2025-04-22
7610,4514,Physical Therapy,1364.53,2024-07-05
7611,1366,Diagnostic Imaging,793.44,2024-09-09
7612,5568,Physical Therapy,1142.94,2024-08-28
7613,3301,Consultation,204.41,2025-04-01
7614,7219,Surgery,14214.98,2024-10-22
7615,3765,Surgery,14579.19,2023-11-22
7616,3959,Chemotherapy,3792.04,2024-05-31
7617,9564,Rehabilitation,594.87,2025-07-24
7618,5228,Medication,334.19,2024-08-24
7619,163,Surgery,3611.93,2024-04-06
7620,8009,Surgery,8932.06,2025-12-16
7621,345,Physical Therapy,780.84,2025-05-11
7622,5806,Surgery,13665.38,2023-01-18
7623,7488,Surgery,11196.12,2024-10-10
7624,2682,Consultation,422.9,2023-05-21
7625,45,Physical Therapy,1458.42,2024-06-21
7626,5030,Radiation Therapy,1262.71,2022-08-30
7627,8807,Consultation,202.23,2024-11-26
7628,1000,Chemotherapy,5952.72,2025-01-03
7629,2966,Radiation Therapy,3437.89,2022-04-04
7630,3528,Medication,467.58,2022-03-20
7631,3756,Laboratory Test,421.62,2023-03-24
7632,6890,Radiation Therapy,6158.62,2026-01-29
7633,8371,Rehabilitation,201.04,2022-05-07
7634,95,Physical Therapy,579.95,2024-01-18
7635,9672,Radiation Therapy,6998.6,2023-08-03
7636,217,Laboratory Test,605.24,2022-02-01
7637,779,Diagnostic Imaging,556.49,2024-07-11
7638,6751,Rehabilitation,437.54,2024-11-13
7639,3054,Consultation,306.36,2023-10-10
7640,6514,Physical Therapy,1443.36,2025-12-06
7641,7481,Rehabilitation,2441.04,2024-11-09
7642,2139,Laboratory Test,346.84,2024-05-30
7643,3503,Rehabilitation,2059.4,2024-06-22
7644,3590,Chemotherapy,3931.8,2025-06-11
7645,3325,Medication,108.01,2023-05-29
7646,6988,Consultation,361.41,2023-02-15
7647,8433,Diagnostic Imaging,220.72,2026-01-28
7648,864,Laboratory Test,299.18,2024-07-25
7649,6798,Medication,401.75,2022-12-07
7650,6193,Laboratory Test,626.85,2022-05-22
7651,9120,Laboratory Test,395.5,2024-04-25
7652,4730,Consultation,140.78,2025-11-20
7653,7056,Diagnostic Imaging,290.57,2025-12-31
7654,6077,Chemotherapy,4659.75,2023-01-02
7655,4768,Physical Therapy,540.59,2025-04-03
7656,6651,Medication,251.06,2022-08-31
7657,1222,Chemotherapy,8068.26,2025-02-06
7658,7657,Medication,410.65,2024-09-15
7659,3551,Consultation,336.24,2025-05-15
7660,3306,Surgery,5636.97,2024-09-20
7661,2660,Chemotherapy,3939.49,2023-11-23
7662,8493,Laboratory Test,91.05,2022-03-27
7663,2473,Rehabilitation,462.56,2024-11-16
7664,1118,Rehabilitation,330.12,2022-11-30
7665,9265,Chemotherapy,8215.71,2025-04-08
7666,9261,Rehabilitation,335.34,2023-11-12
7667,77,Radiation Therapy,3319.56,2023-11-30
7668,1057,Physical Therapy,1156.54,2022-09-19
7669,1482,Physical Therapy,1496.78,2024-02-11
7670,5423,Diagnostic Imaging,960.62,2025-11-24
7671,2286,Radiation Therapy,3255.77,2025-04-15
7672,5076,Radiation Therapy,7439.26,2023-09-16
7673,6083,Consultation,402.59,2022-05-14
7674,8592,Medication,461.54,2023-12-26
7675,2714,Consultation,496.12,2024-08-28
7676,1802,Consultation,414.25,2023-09-14
7677,352,Laboratory Test,492.64,2022-09-05
7678,969,Physical Therapy,1173.22,2024-02-28
7679,7846,Chemotherapy,8858.68,2025-03-16
7680,1408,Rehabilitation,2285.64,2024-02-06
7681,518,Radiation Therapy,5305.46,2023-10-20
7682,3675,Surgery,1337.54,2022-05-27
7683,1992,Rehabilitation,950.27,2024-07-13
7684,6975,Rehabilitation,2369.58,2025-03-02
7685,2053,Consultation,383.32,2023-11-08
7686,8004,Laboratory Test,608.44,2024-05-08
7687,818,Physical Therapy,974.71,2023-05-02
7688,9940,Consultation,380.81,2024-02-20
7689,4426,Chemotherapy,2203.92,2023-10-27
7690,9385,Medication,328.49,2024-01-04
7691,3000,Chemotherapy,5043.17,2025-06-21
7692,2032,Laboratory Test,74.48,2023-09-19
7693,4757,Chemotherapy,8141.44,2023-11-01
7694,1317,Radiation Therapy,1045.11,2024-10-28
7695,5283,Rehabilitation,627.25,2025-08-03
7696,3940,Laboratory Test,326.38,2023-11-06
7697,3861,Medication,234.3,2022-05-24
7698,9686,Laboratory Test,469.46,2024-08-15
7699,3832,Consultation,257.09,2022-07-15
7700,4624,Consultation,219.12,2025-06-30
7701,8604,Laboratory Test,39.33,2024-09-14
7702,4693,Diagnostic Imaging,640.31,2025-05-28
7703,2526,Medication,354.02,2025-11-16
7704,9031,Radiation Therapy,4481.34,2023-01-03
7705,6733,Rehabilitation,2088.52,2025-07-24
7706,3448,Diagnostic Imaging,1074.38,2022-08-11
7707,6615,Physical Therapy,603.76,2022-04-28
7708,547,Physical Therapy,957.28,2023-05-27
7709,2285,Diagnostic Imaging,216.29,2022-03-04
7710,5724,Diagnostic Imaging,998.34,2025-10-17
7711,9462,Diagnostic Imaging,1129.85,2022-06-02
7712,1443,Diagnostic Imaging,685.2,2022-10-18
7713,5740,Chemotherapy,8861.86,2023-11-27
7714,1118,physical therapy,2160.2,2023-04-06
7715,3190,Laboratory Test,68.85,2023-12-11
7716,3457,Rehabilitation,1386.12,2025-06-08
7717,6061,Surgery,4085.28,2023-01-07
7718,3679,Laboratory Test,192.89,2024-10-29
7719,945,Laboratory Test,315.37,2022-09-14
7720,7219,Physical Therapy,1268.21,2024-10-26
7721,6584,Rehabilitation,1341.87,2023-03-27
7722,8447,Laboratory Test,322.75,2023-01-09
7723,9371,Surgery,8248.23,2025-04-25
7724,5804,Rehabilitation,2140.33,2022-01-15
7725,4953,Rehabilitation,1361.1,2022-06-05
7726,2423,Medication,303.79,2024-02-20
7727,8877,Chemotherapy,5324.26,2024-08-13
7728,955,Surgery,3040.08,2025-08-01
7729,5528,Diagnostic Imaging,859.38,2025-07-22
7730,4850,Radiation Therapy,7883.6,2025-12-18
7731,707,Radiation Therapy,7530.61,2022-12-23
7732,2273,Chemotherapy,2955.59,2024-06-11
7733,6033,Surgery,10947.65,2024-04-16
7734,1372,Consultation,331.3,2023-02-03
7735,9896,Physical Therapy,126.11,2025-01-03
7736,4573,Chemotherapy,9101.69,2023-08-02
7737,2160,Chemotherapy,7543.65,2022-04-28
7738,8282,Diagnostic Imaging,1125.16,2026-01-25
7739,777,Chemotherapy,2902.42,2022-10-19
7740,6763,Chemotherapy,3723.06,2025-01-07
7741,8288,Consultation,370.99,2025-02-08
7742,7928,Radiation Therapy,4251.05,2024-03-14
7743,1375,Surgery,8594.6,2023-09-01
7744,627,Medication,231.93,2024-09-21
7745,9232,Radiation Therapy,2602.72,2025-03-24
7746,3175,Surgery,3489.73,2025-08-14
7747,1308,Rehabilitation,1343.69,2023-09-10
7748,7383,Diagnostic Imaging,412.38,2024-09-28
7749,4621,Chemotherapy,2534.53,2023-01-10
7750,5867,Laboratory Test,155.9,2024-10-14
7751,2224,Chemotherapy,6531.47,2022-06-08
7752,5430,Chemotherapy,7906.32,2024-09-19
7753,3702,Medication,287.82,2025-11-06
7754,8258,Surgery,5763.31,2025-12-02
7755,2855,Medication,408.94,2023-12-20
7756,7736,Diagnostic Imaging,465.61,2023-09-10
7757,7820,Chemotherapy,3104.94,2025-08-08
7758,1201,Laboratory Test,353.77,2025-02-15
7759,1324,Medication,379.76,2024-04-04
7760,7660,Rehabilitation,891.69,2025-01-18
7761,9807,Laboratory Test,615.91,2023-11-30
7762,1466,Consultation,329.61,2023-11-29
7763,7891,Consultation,450.33,2022-12-08
7764,4265,Rehabilitation,1212.65,2023-02-28
7765,8669,Consultation,57.35,2023-03-30
7766,690,Laboratory Test,569.38,2022-09-18
7767,1777,Diagnostic Imaging,121.05,2023-06-12
7768,3247,Medication,422.53,2023-05-10
7769,9421,Medication,118.34,2024-10-31
7770,7213,Consultation,58.91,2023-04-30
7771,7550,Laboratory Test,447.23,2023-04-01
7772,8972,Medication,108.1,2024-02-08
7773,7707,Diagnostic Imaging,429.3,2022-12-04
7774,1916,Physical Therapy,945.6,2024-02-01
7775,1504,Consultation,409.44,2024-01-10
7776,7106,Diagnostic Imaging,668.2,2023-09-11
7777,2279,Surgery,13740.04,2023-06-27
7778,6127,Laboratory Test,554.41,2022-03-13
7779,43,Consultation,212.28,2022-10-15
7780,3166,Surgery,2966.64,2025-10-10
7781,1314,Physical Therapy,433.24,2024-04-11
7782,7256,Diagnostic Imaging,720.34,2023-10-19
7783,5803,Radiation Therapy,6301.89,2024-05-01
7784,5664,Rehabilitation,1008.92,2023-09-06
7785,5206,Physical Therapy,318.59,2024-03-05
7786,8244,Diagnostic Imaging,1031.88,2022-12-20
7787,6647,Surgery,7302.04,2022-12-15
7788,5972,Surgery,12437.09,2024-05-14
7789,7994,Diagnostic Imaging,1141.76,2025-06-23
7790,3720,Radiation Therapy,5364.65,2025-12-27
7791,5976,Medication,399.66,2025-06-26
7792,8738,Medication,154.55,2023-11-11
7793,3729,Physical Therapy,248.41,2024-10-06
7794,1327,Diagnostic Imaging,935.38,2023-09-04
7795,4985,Rehabilitation,2463.24,2024-11-04
7796,1775,Chemotherapy,5772.96,2023-02-17
7797,2310,Diagnostic Imaging,103.52,2022-03-05
7798,8028,Consultation,189.52,2022-08-12
7799,7592,Chemotherapy,1937.18,2023-10-13
7800,3897,Consultation,365.41,2026-01-28
7801,5835,Rehabilitation,725.06,2025-05-23
7802,1974,Consultation,269.55,2023-05-16
7803,935,Radiation Therapy,6142.46,2022-05-14
7804,5375,Radiation Therapy,4232.47,2024-08-12
7805,2875,Radiation Therapy,5704.05,2025-05-26
7806,7639,Surgery,14828.26,2024-07-16
7807,3766,Diagnostic Imaging,305.94,2025-12-20
7808,5828,Surgery,14815.16,2024-08-07
7809,6057,Radiation Therapy,6334.82,2025-05-02
7810,4405,Physical Therapy,620.58,2022-04-13
7811,1685,Laboratory Test,335.8,2025-05-18
7812,498,Chemotherapy,9462.39,2024-07-14
7813,8795,Consultation,454.42,2023-05-03
7814,8605,Surgery,7301.61,2024-04-21
7815,7754,Laboratory Test,179.73,2025-05-07
7816,5761,Diagnostic Imaging,200.56,2024-03-28
7817,6515,Medication,290.29,2025-07-27
7818,486,Laboratory Test,352.76,2024-09-21
7819,9277,Chemotherapy,5275.59,2023-11-24
7820,5082,Consultation,297.65,2023-02-27
7821,4942,Physical Therapy,346.9,2023-06-28
7822,2246,Radiation Therapy,1423.58,2023-02-08
7823,6313,Surgery,6117.36,2022-07-07
7824,6643,Laboratory Test,376.17,2025-03-19
7825,2442,Physical Therapy,479.24,2023-03-31
7826,769,Radiation Therapy,1492.3,2024-01-15
7827,1497,Chemotherapy,4340.78,2022-01-25
7828,9178,Chemotherapy,2447.65,2024-06-23
7829,4395,Laboratory Test,402.23,2024-10-02
7830,6285,Physical Therapy,657.61,2024-06-02
7831,208,Diagnostic Imaging,545.88,2022-10-22
7832,6821,Rehabilitation,959.34,2024-08-19
7833,7439,Laboratory Test,453.43,2025-08-20
7834,828,Diagnostic Imaging,888.4,2023-07-26
7835,1394,Rehabilitation,2223.09,2024-02-17
7836,5385,Chemotherapy,2920.73,2023-06-02
7837,6758,Physical Therapy,133.26,2025-04-02
7838,7427,Diagnostic Imaging,1111.71,2022-02-09
7839,4334,Rehabilitation,1689.69,2024-05-13
7840,741,Medication,55.48,2023-12-30
7841,9667,Medication,26.11,2024-01-23
7842,4873,Chemotherapy,4228.76,2023-11-29
7843,312,Physical Therapy,1170.97,2025-10-06
7844,194,Diagnostic Imaging,314.41,2024-11-23
7845,6389,Chemotherapy,5643.21,2022-09-23
7846,6275,Consultation,217.64,2025-01-23
7847,4739,Rehabilitation,1625.63,2022-03-27
7848,1210,Rehabilitation,360.46,2022-09-26
7849,513,Surgery,10183.2,2022-11-21
7850,1311,Medication,285.22,2026-01-13
7851,4009,Surgery,2458.19,2022-09-20
7852,5511,Radiation Therapy,5212.97,2025-12-24
7853,7517,Laboratory Test,691.85,2023-08-22
7854,8869,Surgery,4359.25,2023-04-12
7855,4158,Laboratory Test,30.38,2023-09-06
7856,6444,Consultation,184.09,2025-10-13
7857,2684,Surgery,9639.88,2024-06-11
7858,4987,Medication,338.98,2022-07-11
7859,7831,Diagnostic Imaging,122.21,2026-01-22
7860,6956,Diagnostic Imaging,729.17,2022-12-22
7861,2373,Medication,262.16,2023-03-24
7862,1674,Medication,246.33,2022-08-01
7863,6001,Radiation Therapy,5672.53,2025-12-11
7864,2103,Rehabilitation,586.15,2025-02-12
7865,6297,Surgery,1583.04,2025-04-23
7866,790,Surgery,2905.83,2026-01-01
7867,1620,Diagnostic Imaging,208.2,2024-02-24
7868,8384,Surgery,7944.82,2024-07-21
7869,4528,Diagnostic Imaging,379.41,2025-07-16
7870,3498,Medication,115.77,2023-12-17
7871,7672,Physical Therapy,275.93,2024-12-11
7872,8500,Surgery,4195.23,2025-06-14
7873,4377,Diagnostic Imaging,940.7,2022-07-01
7874,3724,Medication,281.19,2025-06-16
7875,837,Diagnostic Imaging,1126.09,2023-05-14
7876,7981,Physical Therapy,810.76,2022-11-05
7877,5049,Surgery,8100.54,2025-01-27
7878,7974,Surgery,5319.07,2022-06-10
7879,1108,Consultation,227.63,2025-07-28
7880,855,Radiation Therapy,5347.52,2022-06-19
7881,7620,Physical Therapy,240.59,2022-12-02
7882,5835,Medication,463.62,2025-05-24
7883,2802,Radiation Therapy,3876.58,2022-05-16
7884,3920,Radiation Therapy,4968.16,2023-11-18
7885,9489,Medication,302.7,2024-09-21
7886,5819,Physical Therapy,665.64,2024-12-09
7887,1597,Rehabilitation,983.96,2022-05-22
7888,6322,Physical Therapy,886.83,2024-09-06
7889,7353,Surgery,4185.05,2022-05-03
7890,8825,Physical Therapy,449.46,2023-03-13
7891,4078,Chemotherapy,5378.96,2023-04-18
7892,1616,Radiation Therapy,5305.33,2022-04-12
7893,407,Chemotherapy,9038.5,2024-10-08
7894,2363,Laboratory Test,265.77,2023-09-05
7895,1307,Physical Therapy,741.48,2022-09-14
7896,9074,Laboratory Test,515.23,2025-06-21
7897,6510,Physical Therapy,496.54,2022-05-04
7898,850,Laboratory Test,100.98,2025-06-02
7899,9878,Diagnostic Imaging,174.46,2023-12-22
7900,9060,Rehabilitation,768.68,2024-10-31
7901,9514,Consultation,315.83,2026-01-30
7902,3665,Diagnostic Imaging,558.58,2025-05-19
7903,8740,Physical Therapy,917.04,2025-08-11
7904,3737,Chemotherapy,5496.03,2022-08-20
7905,2779,Chemotherapy,7304.6,2023-01-24
7906,3219,Physical Therapy,1454.85,2025-11-21
7907,7544,Surgery,10742.0,2024-12-29
7908,4891,Medication,356.61,2024-03-28
7909,3826,Rehabilitation,1059.78,2023-02-08
7910,7014,Radiation Therapy,2668.49,2022-04-29
7911,6086,Rehabilitation,2295.17,2024-02-27
7912,6673,Radiation Therapy,7127.51,2022-04-23
7913,6102,Chemotherapy,9499.33,2023-02-12
7914,5749,Radiation Therapy,6241.16,2024-01-14
7915,7572,Chemotherapy,6999.09,2022-03-23
7916,1979,Medication,426.27,2022-03-26
7917,8373,Consultation,443.41,2023-04-04
7918,4564,Radiation Therapy,1386.66,2023-12-16
7919,536,Rehabilitation,1779.64,2025-06-27
7920,4682,Medication,189.75,2024-08-12
7921,5933,Chemotherapy,8606.02,2024-03-01
7922,6037,Medication,318.73,2023-11-04
7923,2511,Diagnostic Imaging,929.23,2024-09-06
7924,9521,Physical Therapy,856.66,2024-12-26
7925,9848,Consultation,182.61,2024-04-08
7926,8147,Rehabilitation,957.67,2023-02-15
7927,7628,Rehabilitation,2344.68,2024-11-06
7928,6506,Chemotherapy,9330.74,2025-01-29
7929,1937,Chemotherapy,9592.13,2022-01-05
7930,443,Consultation,389.08,2023-04-25
7931,8243,Surgery,3626.6,2023-09-07
7932,8587,Consultation,485.85,2025-01-08
7933,1296,Rehabilitation,1171.65,2025-04-27
7934,6418,Diagnostic Imaging,350.2,2022-04-23
7935,880,Surgery,4773.51,2022-06-18
7936,5496,Laboratory Test,235.22,2023-11-12
7937,257,Radiation Therapy,4163.19,2023-05-05
7938,1587,Radiation Therapy,3820.12,2024-09-17
7939,4593,Surgery,6976.31,2023-09-13
7940,7128,Consultation,318.78,2024-09-27
7941,7122,Radiation Therapy,1921.16,2025-05-25
7942,2138,Rehabilitation,1368.55,2022-11-23
7943,5586,Surgery,3844.01,2023-09-15
7944,2674,Radiation Therapy,2242.34,2023-12-20
7945,242,Medication,190.68,2022-06-12
7946,81,Surgery,7608.02,2024-11-11
7947,6632,Chemotherapy,9291.45,2022-10-03
7948,436,Radiation Therapy,7509.07,2024-01-29
7949,9492,Laboratory Test,159.54,2023-03-03
7950,6920,Medication,286.43,2025-10-31
7951,2968,Chemotherapy,7205.98,2023-04-08
7952,3968,Rehabilitation,2139.11,2025-12-05
7953,1085,Surgery,13927.14,2022-02-21
7954,4963,Chemotherapy,2407.33,2024-02-28
7955,2653,Diagnostic Imaging,310.5,2024-02-07
7956,7462,Chemotherapy,2886.53,2024-05-02
7957,5677,Rehabilitation,1724.04,2025-07-16
7958,5089,Radiation Therapy,2773.6,2023-07-22
7959,1001,Rehabilitation,389.17,2025-06-15
7960,4807,Surgery,4461.14,2025-06-04
7961,6186,Diagnostic Imaging,327.86,2022-07-06
7962,2465,Diagnostic Imaging,295.71,2024-08-26
7963,94,Laboratory Test,342.95,2022-05-06
7964,5746,Laboratory Test,34.75,2026-01-10
7965,8930,Physical Therapy,1068.76,2024-04-18
7966,3896,Rehabilitation,1661.58,2022-11-04
7967,7544,Chemotherapy,7426.55,2022-12-20
7968,8674,Surgery,9954.12,2022-05-30
7969,9816,Physical Therapy,152.16,2022-05-27
7970,6926,Consultation,403.43,2022-07-01
7971,5269,Chemotherapy,6202.11,2023-01-11
7972,4187,Consultation,112.63,2024-04-17
7973,3068,Surgery,11214.11,2026-01-27
7974,4234,Consultation,77.63,2022-09-26
7975,3472,Rehabilitation,1207.1,2024-12-08
7976,8113,Rehabilitation,1437.08,2023-05-05
7977,5372,Surgery,7505.71,2025-10-26
7978,8708,Laboratory Test,153.62,2022-11-30
7979,5796,Diagnostic Imaging,405.11,2024-02-16
7980,9476,Physical Therapy,458.91,2025-02-04
7981,2031,Surgery,9865.43,2025-07-06
7982,6211,Radiation Therapy,6530.54,2022-01-10
7983,13,Laboratory Test,325.7,2022-09-12
7984,989,Consultation,206.96,2025-05-10
7985,4769,Surgery,7264.74,2024-12-09
7986,1854,Diagnostic Imaging,558.29,2024-09-28
7987,9801,Surgery,2525.21,2022-07-02
7988,933,Rehabilitation,2062.8,2023-05-23
7989,3917,Radiation Therapy,5494.96,2023-06-17
7990,95,Laboratory Test,611.93,2024-06-08
7991,5092,Physical Therapy,162.83,2023-04-08
7992,3529,Laboratory Test,384.9,2024-03-18
7993,1769,Rehabilitation,1222.59,2023-04-18
7994,3652,Physical Therapy,303.37,2024-07-21
7995,7760,Chemotherapy,3987.15,2023-07-19
7996,4281,Rehabilitation,792.31,2023-06-30
7997,696,Laboratory Test,194.1,2023-10-03
7998,3820,Rehabilitation,2385.76,2022-08-20
7999,939,Laboratory Test,665.69,2023-07-09
8000,6760,Rehabilitation,789.75,2022-07-11
8001,8548,Chemotherapy,1838.04,2025-06-23
8002,9174,Physical Therapy,1066.25,2025-10-08
8003,7410,Radiation Therapy,4422.09,2025-12-12
8004,9123,Medication,393.89,2022-08-13
8005,3969,Laboratory Test,336.46,2022-06-25
8006,6095,Consultation,206.86,2024-07-09
8007,9793,Rehabilitation,795.14,2025-04-28
8008,9216,Surgery,4799.35,2023-01-27
8009,971,Rehabilitation,1535.8,2025-07-24
8010,9213,Chemotherapy,8002.42,2022-11-06
8011,2709,Radiation Therapy,4411.9,2025-08-13
8012,1170,Consultation,385.98,2022-06-30
8013,1635,Rehabilitation,588.89,2025-02-23
8014,7356,Laboratory Test,680.14,2023-07-15
8015,7043,Medication,222.0,2023-09-24
8016,3863,Diagnostic Imaging,422.44,2024-05-13
8017,4612,Physical Therapy,1146.58,2023-10-30
8018,8823,Chemotherapy,5648.82,2024-08-23
8019,7223,Diagnostic Imaging,316.55,2022-05-27
8020,1218,Medication,300.77,2023-08-26
8021,7097,Radiation Therapy,6016.3,2022-05-29
8022,4021,Diagnostic Imaging,225.1,2025-10-22
8023,7112,Consultation,251.83,2022-05-24
8024,4677,Surgery,14633.72,2023-01-11
8025,2769,Rehabilitation,2351.51,2022-04-22
8026,4447,Radiation Therapy,3403.28,2024-11-08
8027,6875,Consultation,353.69,2024-05-06
8028,6667,Physical Therapy,447.11,2022-03-01
8029,1192,Chemotherapy,2047.91,2022-11-07
8030,6738,Radiation Therapy,4452.87,2022-05-09
8031,3872,Diagnostic Imaging,404.33,2024-08-13
8032,421,Rehabilitation,391.86,2024-07-13
8033,6708,Radiation Therapy,3205.78,2025-01-06
8034,9560,Chemotherapy,8514.58,2023-09-16
8035,1348,Rehabilitation,715.13,2022-07-22
8036,7449,Radiation Therapy,2594.65,2022-05-27
8037,7552,Consultation,433.14,2022-01-18
8038,2449,Surgery,7541.76,2023-10-19
8039,7518,Rehabilitation,432.28,2024-09-15
8040,2433,Consultation,95.03,2024-03-30
8041,1089,Consultation,302.97,2025-02-09
8042,4186,Medication,498.51,2024-04-06
8043,3709,Consultation,79.33,2022-03-15
8044,3147,Physical Therapy,779.46,2023-11-26
8045,3600,Medication,95.42,2026-01-21
8046,4317,Diagnostic Imaging,674.14,2022-07-22
8047,5150,Chemotherapy,3361.67,2022-01-25
8048,6864,Consultation,221.77,2025-01-13
8049,5212,Diagnostic Imaging,185.9,2025-05-06
8050,1366,Diagnostic Imaging,782.62,2024-08-09
8051,8446,Radiation Therapy,3399.33,2025-11-14
8052,1718,Medication,47.76,2024-11-07
8053,9105,Chemotherapy,8681.99,2023-06-03
8054,4165,Consultation,416.24,2023-07-01
8055,7405,Laboratory Test,145.4,2025-04-10
8056,2149,,1357.08,2024-09-25
8057,3102,Laboratory Test,461.66,2023-07-17
8058,5635,Medication,466.5,2023-02-17
8059,1826,Surgery,13397.8,2024-06-27
8060,5974,Chemotherapy,1667.32,2023-05-03
8061,1178,Medication,186.2,2024-07-24
8062,5556,Consultation,132.74,2023-01-13
8063,5042,Laboratory Test,690.27,2022-08-21
8064,6006,Consultation,430.16,2025-12-31
8065,9155,Radiation Therapy,7100.84,2024-10-30
8066,1310,Physical Therapy,776.02,2025-10-25
8067,4898,Chemotherapy,2056.98,2022-02-14
8068,4049,Rehabilitation,330.11,2025-02-15
8069,6918,Laboratory Test,530.81,2022-02-14
8070,3468,Consultation,191.81,2025-09-13
8071,2160,Radiation Therapy,6205.58,2022-02-20
8072,5874,Diagnostic Imaging,1067.06,2024-04-25
8073,1352,Physical Therapy,1108.14,2025-07-21
8074,5507,Consultation,120.3,2022-08-19
8075,2666,Diagnostic Imaging,836.58,2025-01-12
8076,6316,Physical Therapy,1245.94,2023-04-08
8077,6500,Medication,48.87,2025-12-16
8078,9197,Consultation,377.21,2022-05-16
8079,2349,Radiation Therapy,2376.88,2022-03-04
8080,6943,Radiation Therapy,4551.59,2022-10-04
8081,7262,Laboratory Test,80.74,2025-05-11
8082,1264,Radiation Therapy,3309.79,2024-01-20
8083,8475,Rehabilitation,1062.73,2024-06-20
8084,3941,Diagnostic Imaging,454.1,2024-07-16
8085,9672,Surgery,1137.32,2025-12-30
8086,2023,Chemotherapy,9531.02,2024-05-26
8087,1598,Radiation Therapy,4430.41,2022-12-01
8088,3945,SURGERY,142.33,2025-01-16
8089,7672,Medication,351.82,2024-02-23
8090,9567,Consultation,349.96,2024-04-29
8091,2728,Physical Therapy,561.52,2025-03-21
8092,7682,Physical Therapy,1154.2,2025-09-25
8093,3493,Physical Therapy,1307.27,2023-06-08
8094,2343,Physical Therapy,625.07,2023-02-25
8095,6177,Diagnostic Imaging,302.36,2024-01-21
8096,1680,Diagnostic Imaging,790.94,2024-05-21
8097,2594,Consultation,326.2,2022-10-23
8098,4320,Medication,341.54,2025-05-16
8099,7746,Radiation Therapy,2618.42,2024-12-22
8100,1117,Laboratory Test,568.68,2023-07-23
8101,4546,Consultation,226.72,2022-10-28
8102,9084,Consultation,303.8,2025-04-16
8103,4598,Medication,317.52,2024-12-15
8104,596,Medication,291.65,2024-01-23
8105,6190,Radiation Therapy,1500.19,2024-11-05
8106,5981,Laboratory Test,284.07,2025-08-13
8107,4629,Medication,247.48,2022-10-17
8108,2395,Rehabilitation,2334.72,2025-07-29
8109,1313,Chemotherapy,1514.51,2023-01-28
8110,5649,Medication,210.24,2025-03-26
8111,4035,Medication,495.88,2023-07-22
8112,8725,Surgery,6337.57,2025-01-30
8113,5076,Radiation Therapy,2612.94,2023-09-28
8114,7071,Physical Therapy,106.99,2024-07-11
8115,1824,Medication,395.58,2023-06-24
8116,9894,Laboratory Test,652.61,2022-11-01
8117,3161,Diagnostic Imaging,175.38,2023-09-29
8118,3685,Rehabilitation,1641.2,2024-03-28
8119,2184,Diagnostic Imaging,702.35,2022-11-16
8120,5029,Radiation Therapy,3770.44,2023-05-16
8121,9068,Chemotherapy,3019.95,2025-03-24
8122,4502,Consultation,369.56,2025-11-26
8123,8111,Medication,370.85,2024-11-06
8124,5297,Physical Therapy,642.02,2025-01-20
8125,2047,Consultation,326.59,2025-01-28
8126,7250,Diagnostic Imaging,239.16,2025-03-05
8127,4183,Laboratory Test,597.73,2026-01-04
8128,3746,Medication,496.53,2022-11-14
8129,1843,Chemotherapy,9071.66,2022-09-27
8130,4322,Chemotherapy,2778.03,2023-05-16
8131,9501,Chemotherapy,1818.55,2024-08-24
8132,5376,Consultation,429.46,2022-08-09
8133,8011,Consultation,439.1,2022-07-24
8134,4319,Radiation Therapy,3425.93,2025-05-21
8135,5881,Surgery,10559.05,2023-04-24
8136,6770,Medication,356.8,2023-08-16
8137,1828,Surgery,1699.59,2024-12-10
8138,1274,Chemotherapy,1527.71,2023-03-11
8139,6725,Diagnostic Imaging,158.17,2022-08-29
8140,9692,Surgery,6677.09,2024-10-06
8141,8579,Rehabilitation,2474.88,2024-01-14
8142,570,Physical Therapy,1233.3,2024-10-05
8143,1393,Surgery,1311.78,2023-12-14
8144,9304,Chemotherapy,8144.39,2022-02-02
8145,8358,Diagnostic Imaging,476.39,2022-01-21
8146,2702,Rehabilitation,2002.45,2022-01-01
8147,2318,Radiation Therapy,3353.74,2022-10-12
8148,5117,Consultation,186.75,2023-11-20
8149,9826,Laboratory Test,415.14,2025-12-09
8150,317,Rehabilitation,684.56,2022-08-26
8151,3033,Consultation,485.9,2023-11-02
8152,2429,Chemotherapy,5187.7,2024-01-28
8153,6748,Laboratory Test,669.42,2024-04-21
8154,7926,Radiation Therapy,5302.63,2024-05-23
8155,3853,Radiation Therapy,5605.55,2024-12-10
8156,8274,Radiation Therapy,3070.97,2023-09-10
8157,2163,Radiation Therapy,2117.5,2025-12-07
8158,9469,Surgery,7743.34,2025-06-10
8159,4268,Surgery,6539.02,2023-07-26
8160,7509,Diagnostic Imaging,1130.06,2024-10-25
8161,8681,Chemotherapy,7348.55,2023-03-14
8162,7702,Consultation,236.55,2023-12-15
8163,5978,Laboratory Test,256.0,2022-03-19
8164,8242,Rehabilitation,1553.93,2025-03-19
8165,7733,Medication,112.67,2023-03-17
8166,2848,Surgery,9118.37,2025-04-15
8167,7500,Radiation Therapy,3238.79,2025-01-30
8168,1146,Medication,81.69,2025-12-31
8169,865,Radiation Therapy,1207.27,2025-09-06
8170,5721,Chemotherapy,6507.29,2026-01-01
8171,5930,Rehabilitation,1772.72,2022-10-26
8172,4576,Physical Therapy,1091.13,2023-11-13
8173,700,Laboratory Test,493.83,2025-04-14
8174,5123,Surgery,6161.84,2024-07-18
8175,6553,Physical Therapy,1014.18,2023-10-14
8176,3136,Radiation Therapy,7437.84,2025-09-08
8177,7606,Surgery,1689.18,2023-07-05
8178,1670,Diagnostic Imaging,850.92,2023-06-15
8179,1714,Laboratory Test,159.77,2025-09-20
8180,944,Diagnostic Imaging,988.05,2022-01-20
8181,7018,Laboratory Test,631.5,2025-06-09
8182,5970,Radiation Therapy,1086.41,2024-11-07
8183,4743,Consultation,293.35,2024-06-15
8184,7068,Surgery,10890.67,2023-07-17
8185,3521,Radiation Therapy,7581.01,2023-11-20
8186,2522,Surgery,4088.28,2024-02-13
8187,5624,Surgery,6234.56,2024-12-27
8188,1361,Medication,442.69,2024-07-13
8189,6536,Laboratory Test,476.47,2023-07-05
8190,1131,Medication,289.65,2023-04-10
8191,8931,Physical Therapy,1009.23,2024-01-01
8192,1248,Laboratory Test,668.5,2025-06-04
8193,6449,Physical Therapy,1109.3,2022-10-11
8194,3968,Surgery,2431.66,2023-08-28
8195,740,Physical Therapy,878.36,2025-11-14
8196,6856,Diagnostic Imaging,696.17,2024-10-07
8197,3494,Laboratory Test,44.28,2022-03-04
8198,6293,Medication,215.92,2022-05-11
8199,7519,Chemotherapy,5470.79,2023-09-17
8200,1414,Consultation,453.19,2022-10-31
8201,4416,Chemotherapy,6128.0,2022-08-26
8202,5789,Diagnostic Imaging,168.24,2023-11-23
8203,8439,Surgery,13562.97,2025-11-14
8204,5273,Physical Therapy,399.53,2025-11-25
8205,286,Laboratory Test,285.75,2026-01-27
8206,7246,Surgery,13688.33,2025-01-30
8207,3529,Diagnostic Imaging,947.73,2022-10-13
8208,3816,Radiation Therapy,7063.83,2022-06-28
8209,8606,Diagnostic Imaging,516.24,2024-08-20
8210,9125,Consultation,430.6,2024-11-23
8211,6381,Chemotherapy,7786.71,2025-03-20
8212,491,Medication,262.06,2023-09-13
8213,2267,Laboratory Test,231.16,2023-05-01
8214,9649,Surgery,9280.57,2025-08-22
8215,7457,Diagnostic Imaging,91.79,2024-01-23
8216,3085,Laboratory Test,388.23,2022-03-08
8217,6609,Consultation,285.62,2023-03-22
8218,1668,Surgery,11694.32,2023-06-06
8219,7978,Surgery,9597.53,2025-08-22
8220,3027,Rehabilitation,577.77,2022-12-29
8221,8332,Diagnostic Imaging,816.75,2022-03-17
8222,4399,Rehabilitation,2091.45,2026-01-22
8223,8799,Surgery,6365.52,2025-01-24
8224,5954,Chemotherapy,7865.71,2024-04-11
8225,6783,Medication,368.84,2022-08-16
8226,1806,Medication,277.21,2024-10-25
8227,5052,Physical Therapy,487.52,2025-03-11
8228,9077,Chemotherapy,4190.76,2024-11-04
8229,665,Rehabilitation,1128.66,2023-12-05
8230,8307,Chemotherapy,5810.91,2025-04-18
8231,3827,Rehabilitation,1604.82,2024-01-09
8232,5866,Chemotherapy,4096.8,2024-01-10
8233,4,Chemotherapy,6581.02,2023-02-08
8234,8983,Surgery,4493.84,2026-01-08
8235,154,Laboratory Test,79.52,2025-06-07
8236,5620,Consultation,413.55,2023-01-11
8237,4822,Chemotherapy,6761.06,2022-06-28
8238,9546,Physical Therapy,233.98,2022-03-17
8239,9217,Surgery,10311.5,2024-10-01
8240,3890,Radiation Therapy,6263.55,2022-06-25
8241,8858,Radiation Therapy,5962.09,2023-07-09
8242,8599,Consultation,394.41,2022-03-23
8243,6582,Laboratory Test,335.87,2025-01-21
8244,684,Rehabilitation,237.06,2024-12-23
8245,8220,Medication,305.22,2024-07-16
8246,4725,Rehabilitation,1979.93,2022-03-01
8247,289,Diagnostic Imaging,1140.04,2022-03-05
8248,8861,Radiation Therapy,3050.63,2022-10-30
8249,8432,Rehabilitation,2258.85,2024-11-17
8250,9938,Medication,138.96,2024-06-29
8251,8775,Diagnostic Imaging,568.01,2025-03-23
8252,184,Surgery,8998.81,2023-05-06
8253,1766,Rehabilitation,966.62,2024-02-11
8254,3618,Medication,205.45,2025-05-12
8255,612,Chemotherapy,7016.63,2025-04-19
8256,299,Chemotherapy,4573.32,2024-06-02
8257,3363,Rehabilitation,878.74,2025-08-06
8258,7177,Consultation,394.38,2024-07-25
8259,1668,Radiation Therapy,7918.81,2022-09-12
8260,1101,Chemotherapy,9282.49,2024-08-05
8261,9703,Laboratory Test,332.06,2022-07-14
8262,7272,Laboratory Test,329.6,2025-12-08
8263,8894,Medication,461.31,2022-09-16
8264,2627,Laboratory Test,547.98,2025-06-24
8265,5049,Laboratory Test,225.1,2022-04-10
8266,8392,Chemotherapy,2342.61,2023-06-14
8267,4647,Chemotherapy,6257.81,2022-10-22
8268,8638,Chemotherapy,4768.3,2025-05-26
8269,981,Chemotherapy,2065.61,2025-07-31
8270,1446,Medication,216.46,2024-02-23
8271,6133,Consultation,326.08,2023-03-05
8272,5584,Consultation,154.37,2025-11-12
8273,6023,Chemotherapy,5593.15,2022-03-14
8274,5739,Rehabilitation,933.13,2022-12-12
8275,7060,Diagnostic Imaging,605.37,2022-04-16
8276,830,Chemotherapy,6736.33,2025-04-01
8277,3409,Physical Therapy,1196.91,2023-04-22
8278,5458,Medication,58.32,2024-12-22
8279,2749,Chemotherapy,3792.74,2024-05-07
8280,6728,Chemotherapy,2138.16,2023-05-09
8281,2456,Consultation,386.24,2022-08-10
8282,1642,Radiation Therapy,2014.09,2023-11-25
8283,8996,Chemotherapy,9653.89,2022-02-04
8284,6887,Radiation Therapy,2168.35,2022-11-04
8285,8337,Rehabilitation,1604.32,2024-05-01
8286,6602,Laboratory Test,254.84,2025-09-23
8287,2407,Physical Therapy,259.32,2023-07-30
8288,2295,Physical Therapy,215.48,2022-11-12
8289,6469,Surgery,6280.8,2023-03-23
8290,9039,Laboratory Test,645.98,2023-09-24
8291,5082,Radiation Therapy,6134.44,2022-10-26
8292,7748,Rehabilitation,1424.45,2023-01-28
8293,8605,Physical Therapy,521.97,2024-07-02
8294,3639,Chemotherapy,6973.36,2023-09-13
8295,8288,Chemotherapy,2851.5,2024-12-24
8296,4263,Chemotherapy,2753.69,2022-03-13
8297,7531,Consultation,244.73,2024-07-13
8298,447,Medication,439.08,2024-02-12
8299,3879,Rehabilitation,1158.81,2024-10-05
8300,4397,Consultation,443.73,2022-10-28
8301,3015,Rehabilitation,1924.06,2025-10-03
8302,5889,Diagnostic Imaging,440.78,2023-03-08
8303,7408,Surgery,9884.56,2025-06-14
8304,5444,Chemotherapy,3510.63,2023-08-20
8305,353,Surgery,14179.07,2024-06-29
8306,6930,Laboratory Test,42.83,2023-06-19
8307,3945,Diagnostic Imaging,425.85,2023-11-29
8308,743,Consultation,253.21,2023-01-05
8309,724,Chemotherapy,3561.7,2025-11-09
8310,4372,Diagnostic Imaging,366.33,2024-03-18
8311,8299,Surgery,2698.33,2023-10-27
8312,7428,Physical Therapy,402.82,2025-12-30
8313,2096,Laboratory Test,485.29,2023-09-09
8314,7295,Consultation,82.15,2024-03-02
8315,657,Chemotherapy,6513.6,2025-11-28
8316,8394,Physical Therapy,1415.64,2024-06-23
8317,3743,Radiation Therapy,7431.74,2025-10-04
8318,8875,Laboratory Test,149.28,2024-08-22
8319,1472,Physical Therapy,164.1,2022-05-21
8320,4719,Rehabilitation,1881.54,2025-08-28
8321,6717,Consultation,436.66,2024-07-13
8322,9860,Chemotherapy,7222.43,2022-10-08
8323,9492,Laboratory Test,445.53,2023-12-15
8324,6402,medication,414.02,2025-08-12
8325,3233,Laboratory Test,181.37,2022-03-28
8326,2673,Radiation Therapy,7023.97,2023-05-05
8327,5487,Laboratory Test,246.01,2022-11-24
8328,8038,Diagnostic Imaging,464.13,2025-01-14
8329,3506,Physical Therapy,1203.46,2025-06-03
8330,6292,Rehabilitation,2411.71,2025-10-06
8331,8073,Physical Therapy,463.19,2024-11-28
8332,472,Laboratory Test,257.12,2025-01-10
8333,6206,Medication,86.4,2024-03-22
8334,8448,Surgery,12150.64,2022-03-17
8335,1582,Consultation,301.36,2025-01-20
8336,8494,Laboratory Test,401.29,2024-11-20
8337,3853,Laboratory Test,114.61,2025-08-07
8338,7825,Laboratory Test,352.5,2022-06-27
8339,4761,Medication,145.9,2023-09-17
8340,7714,Medication,474.74,2022-11-10
8341,3081,Chemotherapy,8211.97,2024-12-18
8342,7872,Chemotherapy,8595.98,2024-08-13
8343,1322,Consultation,87.27,2022-08-13
8344,936,Physical Therapy,805.74,2024-02-04
8345,1546,Laboratory Test,552.53,2025-08-16
8346,4754,Chemotherapy,2806.8,2025-10-22
8347,8537,Physical Therapy,1242.78,2023-10-23
8348,2575,Chemotherapy,5423.88,2025-02-06
8349,8147,Physical Therapy,879.27,2023-08-28
8350,5986,Surgery,9523.19,2025-01-28
8351,3676,Radiation Therapy,3171.15,2024-11-26
8352,423,Chemotherapy,1520.27,2023-01-12
8353,7512,Consultation,353.1,2024-04-01
8354,3861,Radiation Therapy,3618.71,2023-06-07
8355,7751,Chemotherapy,8625.2,2022-04-25
8356,5539,Physical Therapy,1133.45,2023-07-05
8357,8848,Diagnostic Imaging,287.54,2023-03-15
8358,265,Physical Therapy,1013.7,2025-04-02
8359,3251,Laboratory Test,158.99,2024-03-27
8360,2551,Diagnostic Imaging,877.25,2024-05-26
8361,7364,Physical Therapy,1018.43,2024-02-26
8362,1457,Diagnostic Imaging,181.6,2022-01-20
8363,7699,Chemotherapy,5795.48,2024-04-18
8364,3069,Consultation,166.98,2022-09-20
8365,7879,Chemotherapy,5693.32,2023-09-12
8366,9689,Laboratory Test,546.91,2022-11-10
8367,3763,Diagnostic Imaging,1160.97,2025-01-05
8368,6938,Diagnostic Imaging,815.08,2023-05-02
8369,1548,Radiation Therapy,5418.66,2025-11-24
8370,2026,Rehabilitation,2255.0,2024-04-12
8371,8295,Laboratory Test,644.18,2023-04-14
8372,4965,Radiation Therapy,3649.82,2022-12-24
8373,5747,Laboratory Test,231.61,2023-05-17
8374,3469,Laboratory Test,248.23,2025-04-05
8375,838,Chemotherapy,3666.53,2024-12-16
8376,2448,Rehabilitation,827.62,2023-07-22
8377,1791,Chemotherapy,5925.81,2024-11-15
8378,8364,Surgery,1640.62,2025-05-08
8379,5667,Rehabilitation,1058.94,2024-02-13
8380,9719,Consultation,431.39,2024-04-24
8381,8867,Medication,71.78,2025-11-13
8382,6429,Physical Therapy,589.54,2023-02-27
8383,2335,Consultation,178.84,2022-04-14
8384,7865,Medication,214.42,2023-03-13
8385,6032,Consultation,333.59,2025-01-16
8386,8160,Physical Therapy,650.34,2024-04-11
8387,1157,Chemotherapy,6642.43,2024-09-15
8388,4372,Medication,92.18,2022-09-29
8389,9577,Rehabilitation,1301.45,2023-11-24
8390,1424,Chemotherapy,5066.17,2024-02-03
8391,2993,Consultation,141.7,2024-12-14
8392,598,Radiation Therapy,3047.86,2024-03-15
8393,5045,Consultation,103.99,2025-01-30
8394,4371,Surgery,9819.25,2022-03-17
8395,6557,Laboratory Test,332.87,2025-11-08
8396,2479,Surgery,2454.86,2025-02-24
8397,212,Consultation,308.9,2024-05-05
8398,1608,Radiation Therapy,3059.22,2024-10-22
8399,3292,Consultation,94.47,2023-02-01
8400,3645,Consultation,159.9,2024-07-16
8401,3506,Surgery,6579.5,2024-06-16
8402,4161,Medication,280.49,2024-07-21
8403,4676,Rehabilitation,484.34,2022-03-05
8404,9097,Laboratory Test,237.4,2024-04-13
8405,4147,Physical Therapy,1259.66,2025-05-10
8406,9501,Rehabilitation,1621.33,2024-06-01
8407,4604,Surgery,4610.71,2023-03-30
8408,2303,Laboratory Test,64.49,2026-01-17
8409,4435,Diagnostic Imaging,938.11,2023-12-04
8410,2052,Medication,66.48,2025-11-17
8411,8663,Consultation,445.07,2024-06-02
8412,4127,Diagnostic Imaging,1075.36,2024-06-07
8413,5072,Physical Therapy,1146.07,2023-05-11
8414,4538,Chemotherapy,3509.33,2024-06-05
8415,2783,Radiation Therapy,6266.52,2024-11-16
8416,1841,Physical Therapy,813.39,2024-07-23
8417,1118,Surgery,14472.95,2022-03-07
8418,4919,Rehabilitation,2017.96,2024-07-31
8419,2439,Laboratory Test,634.1,2023-10-28
8420,9223,Consultation,333.96,2025-08-10
8421,8417,Radiation Therapy,3453.03,2026-01-21
8422,8500,Physical Therapy,173.69,2024-06-23
8423,4761,Medication,34.65,2025-12-29
8424,9875,Chemotherapy,9899.8,2024-04-06
8425,3525,Medication,166.74,2023-07-30
8426,2600,Diagnostic Imaging,1196.95,2022-06-11
8427,6949,Rehabilitation,995.87,2024-03-01
8428,3972,Diagnostic Imaging,1136.6,2022-04-06
8429,1516,Laboratory Test,491.52,2023-10-29
8430,9902,Physical Therapy,163.15,2023-08-02
8431,2806,Medication,391.73,2025-10-07
8432,8141,Medication,113.25,2025-03-23
8433,2557,Consultation,311.44,2024-03-23
8434,4614,Radiation Therapy,1293.55,2023-03-16
8435,5573,Radiation Therapy,1832.46,2024-07-05
8436,2074,Surgery,10767.3,2023-04-04
8437,4866,Consultation,430.74,2025-02-23
8438,5849,Physical Therapy,670.07,2022-07-19
8439,8562,Radiation Therapy,6431.25,2022-09-03
8440,6892,Surgery,6074.54,2022-06-26
8441,7502,Diagnostic Imaging,357.26,2023-06-17
8442,3000,Physical Therapy,997.54,2022-10-26
8443,8114,Surgery,14720.75,2025-10-26
8444,5114,Physical Therapy,424.56,2025-08-06
8445,628,Chemotherapy,5030.21,2023-09-20
8446,2696,Diagnostic Imaging,774.9,2024-11-13
8447,6743,Chemotherapy,8423.3,2022-08-14
8448,8074,Chemotherapy,9416.91,2025-08-20
8449,9926,Diagnostic Imaging,867.94,2024-07-22
8450,2831,Consultation,240.49,2022-07-04
8451,2285,Consultation,228.39,2025-02-08
8452,9511,Radiation Therapy,6911.65,2022-05-13
8453,34,Diagnostic Imaging,976.87,2024-10-13
8454,503,Consultation,430.37,2024-03-16
8455,5980,Physical Therapy,945.2,2022-09-18
8456,9943,Medication,170.48,2025-03-16
8457,1316,Rehabilitation,1162.93,2023-06-01
8458,7646,Laboratory Test,520.27,2024-08-24
8459,4345,Rehabilitation,731.36,2023-01-05
8460,2889,Consultation,192.16,2024-08-05
8461,4379,Surgery,3022.0,2023-10-06
8462,9959,Chemotherapy,2198.38,2024-01-18
8463,4691,Consultation,359.23,2024-04-29
8464,4284,Diagnostic Imaging,930.02,2025-01-28
8465,9132,Physical Therapy,836.14,2023-05-01
8466,8096,Medication,365.21,2022-08-22
8467,3119,Medication,448.19,2022-07-06
8468,3872,Radiation Therapy,5782.46,2022-06-19
8469,175,Rehabilitation,1185.98,2023-11-12
8470,1461,Diagnostic Imaging,992.51,2022-07-08
8471,4623,Medication,381.38,2025-02-01
8472,2700,Radiation Therapy,3910.97,2025-12-10
8473,618,Rehabilitation,1340.98,2025-12-09
8474,2523,Radiation Therapy,6205.62,2024-10-13
8475,2911,Medication,168.27,2023-05-02
8476,9553,Surgery,8555.6,2022-09-16
8477,6153,Radiation Therapy,2872.8,2023-11-07
8478,3593,Surgery,6866.76,2022-09-18
8479,221,Medication,298.06,2024-08-19
8480,1224,Chemotherapy,7005.74,2023-09-21
8481,7106,Consultation,326.94,2022-07-17
8482,161,Diagnostic Imaging,283.52,2023-02-04
8483,9071,Diagnostic Imaging,93.06,2022-07-01
8484,7707,Surgery,10083.79,2022-04-05
8485,8474,Chemotherapy,7057.44,2025-09-20
8486,896,Surgery,4140.08,2023-03-02
8487,9615,Consultation,318.73,2025-11-03
8488,7306,Diagnostic Imaging,893.52,2023-06-06
8489,9584,Rehabilitation,2170.73,2022-07-30
8490,2700,Laboratory Test,305.94,2022-02-24
8491,1346,Surgery,8792.13,2024-03-12
8492,5317,Medication,106.18,2025-07-10
8493,6679,Radiation Therapy,3702.1,2025-03-26
8494,7721,Surgery,6374.22,2025-07-29
8495,6422,Surgery,9134.47,2024-12-16
8496,1003,Chemotherapy,6356.65,2024-12-14
8497,1407,Chemotherapy,3930.03,2023-08-26
8498,7852,Radiation Therapy,2009.17,2024-12-11
8499,9776,Diagnostic Imaging,1035.26,2022-12-19
8500,661,Diagnostic Imaging,997.83,2025-02-03
8501,8206,Radiation Therapy,3183.6,2025-07-24
8502,2776,Radiation Therapy,2997.35,2022-02-12
8503,80,Rehabilitation,732.51,2023-06-08
8504,5963,Laboratory Test,542.2,2024-03-31
8505,8476,Radiation Therapy,7498.73,2022-07-16
8506,9761,Radiation Therapy,7798.27,2025-04-20
8507,9110,Diagnostic Imaging,937.52,2023-03-29
8508,5861,Chemotherapy,8562.21,2024-01-07
8509,8779,Consultation,308.93,2023-03-30
8510,1547,Radiation Therapy,6055.13,2023-07-03
8511,9966,Radiation Therapy,4789.92,2023-12-18
8512,1823,Consultation,393.92,2022-02-15
8513,9089,Medication,479.41,2022-02-18
8514,8243,Laboratory Test,145.48,2022-06-09
8515,3836,Diagnostic Imaging,154.35,2025-04-05
8516,8632,Diagnostic Imaging,457.84,2023-08-04
8517,5246,Rehabilitation,2473.08,2024-03-03
8518,4554,Consultation,419.13,2022-03-14
8519,3620,Rehabilitation,2072.98,2023-02-04
8520,5761,Laboratory Test,104.94,2023-09-08
8521,2399,Diagnostic Imaging,935.12,2022-08-30
8522,5211,Diagnostic Imaging,612.0,2025-06-05
8523,2908,Physical Therapy,742.76,2024-03-28
8524,1751,Physical Therapy,691.75,2024-11-18
8525,6473,Physical Therapy,1394.33,2025-07-23
8526,8171,Physical Therapy,1436.53,2022-12-13
8527,8022,Surgery,12712.16,2023-03-01
8528,7085,Laboratory Test,206.4,2023-10-05
8529,8318,Physical Therapy,1090.85,2026-01-20
8530,3569,Surgery,11855.18,2022-05-22
8531,3076,Radiation Therapy,5953.21,2023-11-12
8532,4605,Laboratory Test,585.92,2023-12-31
8533,717,Consultation,284.75,2025-07-02
8534,6608,Physical Therapy,237.61,2025-05-20
8535,93,Rehabilitation,1663.59,2024-05-17
8536,965,Physical Therapy,1350.15,2025-03-05
8537,2438,Physical Therapy,132.42,2023-11-09
8538,2889,Laboratory Test,169.48,2023-11-03
8539,6758,Chemotherapy,5449.49,2024-08-10
8540,1206,Laboratory Test,359.2,2024-04-27
8541,4930,Medication,165.74,2024-05-27
8542,4299,Rehabilitation,1410.88,2023-11-25
8543,4910,Diagnostic Imaging,427.78,2025-03-18
8544,4219,Rehabilitation,1543.81,2022-06-01
8545,1038,Medication,271.63,2023-04-12
8546,6823,Chemotherapy,7544.05,2023-09-12
8547,5008,Chemotherapy,8171.32,2024-08-16
8548,7626,Diagnostic Imaging,702.76,2023-03-16
8549,5274,Laboratory Test,135.27,2023-11-28
8550,1369,Diagnostic Imaging,985.02,2022-08-08
8551,7717,Laboratory Test,416.11,2024-10-04
8552,5819,Radiation Therapy,3729.32,2025-10-13
8553,2421,Surgery,10681.94,2022-12-03
8554,1040,Surgery,6274.43,2022-08-30
8555,8225,Chemotherapy,9776.62,2023-12-25
8556,9815,Chemotherapy,2106.72,2023-04-07
8557,6849,Laboratory Test,172.42,2023-05-08
8558,1232,Physical Therapy,1489.93,2024-01-27
8559,7312,Radiation Therapy,1884.53,2025-08-12
8560,461,Laboratory Test,75.64,2024-05-16
8561,3978,Surgery,9225.87,2022-06-04
8562,9633,Diagnostic Imaging,284.87,2022-08-28
8563,2999,Radiation Therapy,3216.6,2024-06-25
8564,9831,Chemotherapy,7429.9,2024-08-03
8565,2017,Consultation,122.84,2024-08-30
8566,2890,Diagnostic Imaging,617.34,2022-02-11
8567,1368,Laboratory Test,655.34,2024-06-24
8568,7328,Medication,322.34,2023-12-23
8569,1372,Radiation Therapy,3266.91,2024-11-13
8570,7015,Medication,405.69,2023-11-17
8571,2387,Laboratory Test,431.61,2022-10-27
8572,4860,Rehabilitation,1893.6,2025-03-04
8573,2380,Chemotherapy,7980.66,2023-12-04
8574,2876,Surgery,10380.64,2022-01-22
8575,7913,Rehabilitation,969.52,2024-09-18
8576,3623,Rehabilitation,1664.37,2025-01-20
8577,6273,Chemotherapy,3610.95,2023-02-16
8578,4795,Physical Therapy,430.42,2025-08-15
8579,7199,Surgery,14837.77,2025-05-23
8580,6904,Laboratory Test,420.8,2025-04-03
8581,669,Laboratory Test,662.96,2022-01-20
8582,8069,Chemotherapy,2389.02,2022-03-03
8583,6787,Physical Therapy,254.4,2022-09-25
8584,7981,Surgery,8477.16,2023-11-11
8585,8773,Chemotherapy,1571.76,2023-11-05
8586,6727,Radiation Therapy,1211.87,2026-01-21
8587,8326,Consultation,382.98,2024-08-13
8588,5929,Consultation,170.53,2022-09-29
8589,1107,Rehabilitation,2093.64,2025-07-30
8590,560,Chemotherapy,7267.59,2023-10-01
8591,9620,Physical Therapy,829.96,2023-06-04
8592,9697,Medication,477.94,2024-05-09
8593,7017,Rehabilitation,1281.57,2024-09-09
8594,9271,Diagnostic Imaging,288.51,2024-12-15
8595,4921,Laboratory Test,375.36,2025-10-05
8596,6627,Consultation,102.44,2024-08-27
8597,9033,Diagnostic Imaging,106.16,2024-03-31
8598,7195,Physical Therapy,936.23,2023-07-15
8599,1309,Chemotherapy,7081.87,2023-04-29
8600,6216,Rehabilitation,1846.47,2025-05-15
8601,2151,Physical Therapy,569.3,2025-04-21
8602,3653,Surgery,11988.43,2025-02-14
8603,4895,Radiation Therapy,2538.49,2025-08-26
8604,4911,Radiation Therapy,7415.97,2022-01-31
8605,2844,Rehabilitation,2203.22,2025-08-09
8606,2409,Rehabilitation,644.99,2023-12-06
8607,5468,Consultation,202.37,2024-07-17
8608,843,Radiation Therapy,7581.29,2023-03-03
8609,6874,Diagnostic Imaging,692.26,2024-04-26
8610,5651,Consultation,78.11,2025-11-03
8611,202,Chemotherapy,7997.51,2025-07-02
8612,3012,Surgery,4561.36,2023-03-24
8613,3154,Laboratory Test,252.53,2025-06-07
8614,4845,Diagnostic Imaging,997.67,2024-10-12
8615,242,Medication,237.39,2024-03-08
8616,8550,Radiation Therapy,4283.02,2022-01-28
8617,6598,Surgery,2977.58,2024-08-09
8618,2380,Laboratory Test,531.16,2025-04-03
8619,7655,Rehabilitation,745.88,2023-06-22
8620,6240,Radiation Therapy,2949.71,2022-08-29
8621,3017,Medication,87.46,2022-12-21
8622,5629,Diagnostic Imaging,962.82,2023-03-04
8623,9690,Radiation Therapy,3954.29,2022-09-11
8624,805,Consultation,448.3,2024-02-12
8625,7978,Medication,268.94,2025-10-30
8626,2078,Surgery,6592.01,2022-11-19
8627,2523,Consultation,384.32,2023-03-31
8628,9862,Consultation,182.14,2022-04-30
8629,1243,Consultation,371.83,2023-12-25
8630,810,Radiation Therapy,2151.39,2023-08-18
8631,1629,Radiation Therapy,1398.28,2022-12-17
8632,2321,Chemotherapy,5755.04,2023-10-14
8633,1157,Laboratory Test,263.67,2025-02-07
8634,1389,Surgery,12654.44,2024-02-03
8635,1630,Radiation Therapy,2612.82,2026-01-24
8636,8992,Chemotherapy,6508.19,2024-10-04
8637,6253,Medication,259.72,2024-02-17
8638,8992,Rehabilitation,1852.53,2023-11-19
8639,3647,Rehabilitation,1709.47,2025-01-06
8640,9445,Consultation,290.14,2023-03-27
8641,3600,Diagnostic Imaging,1134.77,2024-12-02
8642,5117,Radiation Therapy,3830.67,2025-06-10
8643,5880,Medication,120.14,2024-12-04
8644,1451,Surgery,13811.95,2023-01-29
8645,8570,Rehabilitation,309.72,2025-10-10
8646,5066,Rehabilitation,970.45,2022-03-29
8647,3259,Medication,243.33,2023-01-06
8648,1728,Rehabilitation,2163.92,2022-08-05
8649,2328,Medication,350.5,2025-05-27
8650,9994,Medication,484.07,2022-06-26
8651,2575,Physical Therapy,545.09,2022-08-29
8652,4176,Radiation Therapy,5828.72,2022-12-07
8653,7184,Physical Therapy,293.59,2024-12-05
8654,4968,Physical Therapy,1101.94,2025-06-08
8655,1972,Physical Therapy,1113.64,2024-10-29
8656,1326,Medication,465.35,2022-01-05
8657,2646,Radiation Therapy,4340.11,2024-05-24
8658,9633,Radiation Therapy,1799.54,2024-01-14
8659,1186,Consultation,236.43,2025-05-16
8660,7317,Chemotherapy,7213.34,2024-09-10
8661,9029,Rehabilitation,968.04,2023-02-01
8662,5677,Physical Therapy,602.89,2025-08-25
8663,212,Rehabilitation,380.57,2025-03-27
8664,4077,Diagnostic Imaging,183.06,2022-06-12
8665,3939,Chemotherapy,,2024-01-30
8666,4827,Medication,322.36,2025-09-21
8667,1598,Medication,326.74,2022-07-18
8668,4389,Chemotherapy,0.0,2023-02-22
8669,4122,Rehabilitation,1332.86,2026-01-16
8670,1583,Physical Therapy,843.78,2022-04-27
8671,5185,Chemotherapy,2837.11,2022-03-21
8672,5637,Radiation Therapy,2863.18,2022-04-04
8673,4116,Chemotherapy,2930.04,2022-04-23
8674,5972,Surgery,8908.32,2024-04-16
8675,1906,Chemotherapy,2709.62,2024-03-31
8676,4629,Physical Therapy,563.06,2025-11-13
8677,7755,Surgery,6867.32,2022-06-07
8678,8846,Chemotherapy,7468.53,2023-06-10
8679,1612,Medication,44.95,2024-06-05
8680,8528,Surgery,3309.18,2023-10-22
8681,7737,Laboratory Test,262.32,2024-03-09
8682,2039,Laboratory Test,416.38,2024-05-19
8683,3848,Physical Therapy,950.37,2025-04-19
8684,4349,Medication,185.79,2026-01-16
8685,8830,Medication,472.14,2026-01-01
8686,2802,Consultation,305.11,2024-02-21
8687,7584,Diagnostic Imaging,644.93,2024-09-26
8688,3650,Chemotherapy,9131.71,2024-10-19
8689,276,Radiation Therapy,7673.81,2023-03-25
8690,9134,Rehabilitation,1952.89,2025-05-14
8691,394,Chemotherapy,7516.23,2026-01-11
8692,7548,Surgery,5896.03,2022-03-16
8693,5150,Laboratory Test,674.21,2022-09-14
8694,2276,Consultation,475.36,2024-01-29
8695,7641,Chemotherapy,5843.0,2022-07-13
8696,8542,Diagnostic Imaging,471.85,2024-03-17
8697,4264,Consultation,436.51,2024-11-24
8698,3117,Rehabilitation,1275.54,2025-02-19
8699,5786,Consultation,273.23,2023-01-29
8700,4891,Surgery,8390.04,2023-10-07
8701,6435,Rehabilitation,1675.61,2024-03-01
8702,7719,Laboratory Test,459.61,2025-09-27
8703,4251,Chemotherapy,1574.03,2022-06-08
8704,393,Chemotherapy,3494.68,2022-07-04
8705,2445,Rehabilitation,1716.64,2025-07-08
8706,6134,Chemotherapy,3315.78,2024-11-21
8707,4221,Physical Therapy,936.44,2022-11-17
8708,6568,Surgery,2465.91,2023-04-25
8709,4224,Diagnostic Imaging,696.17,2023-09-26
8710,4751,Diagnostic Imaging,945.98,2023-02-10
8711,6669,Medication,473.29,2023-02-01
8712,6599,Consultation,79.2,2024-12-17
8713,9560,Physical Therapy,345.91,2022-08-01
8714,3785,Chemotherapy,8749.21,2025-01-11
8715,8204,Rehabilitation,534.98,2024-03-20
8716,4580,Laboratory Test,469.83,2025-09-24
8717,708,Consultation,313.38,2022-09-20
8718,2918,Diagnostic Imaging,337.71,2025-09-02
8719,1765,Diagnostic Imaging,151.8,2025-07-16
8720,9297,Laboratory Test,135.43,2025-02-17
8721,1872,Surgery,5744.98,2023-02-18
8722,7248,Consultation,55.23,2023-12-03
8723,3770,Consultation,441.73,2022-06-12
8724,9459,Medication,446.52,2024-11-15
8725,9924,Surgery,7280.07,2022-02-12
8726,7507,Surgery,13661.35,2023-03-17
8727,2704,Physical Therapy,1357.72,2023-01-29
8728,7949,Radiation Therapy,6955.29,2024-12-16
8729,6219,Diagnostic Imaging,597.47,2023-10-01
8730,7784,Rehabilitation,283.78,2025-02-02
8731,7543,Chemotherapy,4976.4,2023-04-30
8732,6534,Surgery,10782.5,2025-08-06
8733,9732,Physical Therapy,654.67,2025-11-05
8734,2373,Medication,123.77,2023-07-23
8735,9677,Consultation,405.51,2022-08-16
8736,6302,Radiation Therapy,7243.95,2023-06-29
8737,8645,Physical Therapy,948.29,2023-04-19
8738,5009,Radiation Therapy,4593.42,2022-09-04
8739,7391,Laboratory Test,448.62,2025-11-02
8740,2540,Physical Therapy,551.38,2022-03-24
8741,9517,Physical Therapy,462.34,2022-08-01
8742,1949,Medication,356.19,2024-04-11
8743,3831,Laboratory Test,270.5,2024-11-10
8744,893,Physical Therapy,285.13,2022-07-06
8745,4652,Chemotherapy,8336.7,2024-07-03
8746,4678,Surgery,8639.24,2023-02-06
8747,8019,Chemotherapy,6493.85,2025-05-09
8748,7669,Rehabilitation,460.02,2024-02-18
8749,1827,Chemotherapy,6734.3,2022-02-16
8750,2060,Surgery,5151.12,2023-04-07
8751,3858,Consultation,208.61,2022-11-23
8752,9170,Radiation Therapy,5680.24,2023-07-31
8753,673,Rehabilitation,1911.57,2022-08-29
8754,9788,Diagnostic Imaging,523.46,2022-04-15
8755,811,Physical Therapy,316.92,2023-05-09
8756,1018,Chemotherapy,2565.35,2025-07-24
8757,4037,Consultation,133.91,2022-05-10
8758,5832,Rehabilitation,848.34,2025-09-03
8759,6213,Laboratory Test,618.65,2024-12-26
8760,6663,Rehabilitation,779.3,2024-05-16
8761,745,Chemotherapy,9542.66,2023-08-16
8762,6875,Radiation Therapy,1449.99,2024-08-20
8763,4686,Radiation Therapy,4487.45,2024-08-30
8764,8040,Diagnostic Imaging,794.27,2023-09-01
8765,7944,Medication,286.0,2024-10-21
8766,758,Laboratory Test,655.41,2025-10-12
8767,4436,Consultation,195.69,2024-05-13
8768,2647,Physical Therapy,466.08,2025-01-14
8769,2561,Rehabilitation,2185.7,2026-01-28
8770,5887,Diagnostic Imaging,901.94,2025-07-18
8771,892,Radiation Therapy,6449.25,2022-09-27
8772,2078,Laboratory Test,153.74,2025-12-27
8773,8718,Surgery,4855.34,2025-05-20
8774,3382,Diagnostic Imaging,189.01,2026-01-25
8775,112,Medication,478.62,2025-05-30
8776,9642,Medication,165.27,2024-07-06
8777,3559,Radiation Therapy,2280.29,2026-01-20
8778,9132,Laboratory Test,441.03,2023-05-08
8779,7132,Diagnostic Imaging,883.63,2022-09-20
8780,7738,Radiation Therapy,1723.5,2025-05-21
8781,2140,Diagnostic Imaging,327.25,2022-02-07
8782,8183,Medication,43.5,2024-06-15
8783,8932,Radiation Therapy,2192.24,2024-11-25
8784,1272,Chemotherapy,9172.87,2022-10-06
8785,1922,Radiation Therapy,7633.18,2023-11-07
8786,7146,Laboratory Test,227.27,2022-05-10
8787,5004,Consultation,209.99,2024-01-09
8788,1796,Surgery,14490.35,2024-09-29
8789,7016,Radiation Therapy,4872.22,2023-04-19
8790,4007,Consultation,347.26,2023-01-01
8791,1980,Diagnostic Imaging,503.71,2024-11-13
8792,1241,Physical Therapy,706.19,2023-08-12
8793,1348,Radiation Therapy,1881.13,2022-12-11
8794,5046,Laboratory Test,334.33,2023-12-04
8795,4218,Medication,397.88,2023-08-08
8796,2286,Diagnostic Imaging,279.91,2023-10-03
8797,1601,Rehabilitation,1922.26,2023-06-06
8798,1983,Diagnostic Imaging,966.52,2023-07-12
8799,5885,Chemotherapy,5865.89,2025-07-05
8800,583,Laboratory Test,491.37,2024-11-04
8801,7896,Diagnostic Imaging,156.06,2022-07-11
8802,6415,Physical Therapy,443.11,2022-12-07
8803,8117,Surgery,11787.79,2025-08-09
8804,5419,Diagnostic Imaging,1016.1,2025-03-31
8805,181,Medication,334.47,2022-06-25
8806,8768,Consultation,435.12,2022-11-13
8807,2639,Rehabilitation,1295.12,2022-01-27
8808,3350,Physical Therapy,198.77,2022-03-29
8809,7314,Laboratory Test,278.7,2024-01-16
8810,9571,Diagnostic Imaging,665.45,2023-05-29
8811,4508,Rehabilitation,1701.16,2023-02-10
8812,2190,Rehabilitation,628.16,2024-07-19
8813,7012,Laboratory Test,358.39,2022-03-06
8814,8682,Diagnostic Imaging,370.76,2024-05-20
8815,7067,Laboratory Test,412.81,2025-03-04
8816,7478,Diagnostic Imaging,1144.47,2025-12-15
8817,1483,Diagnostic Imaging,768.84,2025-11-30
8818,226,Surgery,3913.34,2024-09-25
8819,8724,Surgery,14119.37,2023-10-24
8820,5149,Rehabilitation,1447.93,2025-09-29
8821,9876,Surgery,8797.2,2022-10-03
8822,4118,Rehabilitation,1736.11,2024-10-30
8823,2079,Laboratory Test,346.15,2023-04-30
8824,9000,Laboratory Test,217.12,2022-06-20
8825,6000,Medication,375.98,2022-08-23
8826,6362,Chemotherapy,8672.46,2023-01-06
8827,1863,Radiation Therapy,7801.98,2023-12-24
8828,1452,Surgery,2892.57,2022-07-23
8829,3123,Rehabilitation,1097.72,2023-02-15
8830,6758,Medication,301.45,2024-05-18
8831,2248,Physical Therapy,308.24,2025-03-21
8832,8514,Medication,234.88,2026-01-16
8833,9765,Laboratory Test,77.68,2023-01-21
8834,9121,Radiation Therapy,3976.74,2024-09-27
8835,5296,Rehabilitation,2474.38,2025-04-30
8836,2049,Physical Therapy,341.45,2022-04-15
8837,8336,Diagnostic Imaging,149.77,2024-06-17
8838,2668,Physical Therapy,1141.75,2024-02-09
8839,6825,Physical Therapy,217.39,2023-08-07
8840,2198,Chemotherapy,3394.07,2025-06-08
8841,7436,Chemotherapy,2566.93,2023-02-06
8842,3541,Laboratory Test,631.77,2024-07-22
8843,8590,Medication,159.93,2022-12-14
8844,6974,Rehabilitation,1291.1,2025-02-04
8845,7482,Radiation Therapy,2002.99,2022-10-22
8846,3351,Medication,145.26,2024-09-27
8847,9042,Radiation Therapy,7650.15,2025-10-27
8848,1222,Physical Therapy,254.92,2025-09-30
8849,5319,Surgery,4144.96,2025-12-20
8850,2649,Consultation,476.33,2025-07-07
8851,8667,Chemotherapy,7846.78,2022-08-26
8852,7602,Rehabilitation,1857.93,2024-02-13
8853,5396,Medication,412.75,2024-01-19
8854,5569,Medication,229.92,2023-12-10
8855,6468,Diagnostic Imaging,965.78,2024-12-17
8856,9119,Diagnostic Imaging,439.35,2025-07-05
8857,5549,Rehabilitation,310.5,2023-10-02
8858,3043,Laboratory Test,477.14,2022-05-26
8859,8216,Surgery,13350.8,2025-01-24
8860,5874,Rehabilitation,2207.63,2022-09-27
8861,1117,Diagnostic Imaging,898.82,2025-09-27
8862,1837,Laboratory Test,339.51,2025-03-11
8863,6562,Chemotherapy,6389.31,2022-11-04
8864,3539,Surgery,13050.18,2025-07-18
8865,8631,Consultation,365.19,2025-06-19
8866,9352,Diagnostic Imaging,405.19,2025-06-12
8867,1709,Radiation Therapy,2506.52,2025-02-14
8868,4652,Diagnostic Imaging,850.34,2024-09-20
8869,8268,Laboratory Test,540.36,2024-06-02
8870,2001,Laboratory Test,,2022-04-27
8871,4156,Medication,198.19,2024-03-15
8872,3427,Surgery,9999.34,2023-08-06
8873,4148,Surgery,9296.99,2025-07-09
8874,4797,Physical Therapy,110.05,2024-11-26
8875,204,Laboratory Test,667.42,2024-05-19
8876,5770,Laboratory Test,174.02,2025-01-31
8877,3210,Physical Therapy,129.16,2023-09-19
8878,3440,Rehabilitation,2257.57,2022-03-23
8879,9641,Radiation Therapy,1919.32,2022-08-01
8880,8498,Diagnostic Imaging,1154.53,2022-03-09
8881,3424,Consultation,256.45,2025-04-15
8882,4661,Diagnostic Imaging,139.07,2025-04-28
8883,9743,Chemotherapy,9764.32,2023-03-17
8884,2490,Physical Therapy,1446.86,2022-11-16
8885,301,Medication,269.45,2025-07-05
8886,7266,Chemotherapy,9487.44,2023-06-25
8887,4281,Medication,388.08,2024-03-30
8888,2736,Rehabilitation,1823.57,2023-12-14
8889,2341,Consultation,411.88,2024-06-14
8890,5975,Consultation,147.9,2022-10-20
8891,5359,Surgery,14521.35,2023-12-28
8892,3322,Surgery,10119.24,2025-10-19
8893,9075,Radiation Therapy,4680.85,2023-12-14
8894,5122,Rehabilitation,753.42,2024-12-29
8895,8091,Consultation,114.95,2025-07-19
8896,9846,Rehabilitation,998.26,2022-04-24
8897,5690,Chemotherapy,2546.36,2025-02-14
8898,8435,Radiation Therapy,2035.6,2026-01-28
8899,5124,Chemotherapy,3347.9,2025-06-04
8900,9168,Medication,65.09,2024-06-27
8901,6665,Physical Therapy,1252.64,2024-04-05
8902,9636,Medication,225.23,2023-02-16
8903,1869,Physical Therapy,1182.52,2024-04-24
8904,7742,Laboratory Test,513.5,2022-10-19
8905,9959,Chemotherapy,2675.41,2023-08-04
8906,6705,Consultation,354.08,2022-02-17
8907,2851,Chemotherapy,5964.31,2025-05-31
8908,3917,Diagnostic Imaging,789.89,2023-06-28
8909,8985,Medication,320.34,2022-09-20
8910,5386,Medication,499.09,2023-05-08
8911,3437,Rehabilitation,934.9,2023-04-28
8912,5374,Medication,261.84,2022-11-08
8913,3314,Surgery,3236.4,2025-04-03
8914,5037,Medication,225.26,2025-07-29
8915,8700,Diagnostic Imaging,255.64,2022-07-02
8916,3529,Medication,413.77,2024-01-15
8917,7954,Medication,84.78,2025-01-26
8918,8261,Radiation Therapy,6968.89,2023-09-04
8919,9611,Rehabilitation,1883.79,2022-12-24
8920,2009,Surgery,14320.87,2024-02-04
8921,8948,Diagnostic Imaging,931.5,2022-10-24
8922,4988,Physical Therapy,819.02,2025-12-28
8923,4865,Chemotherapy,6913.47,2023-03-19
8924,9637,Radiation Therapy,7825.2,2025-11-28
8925,7796,Diagnostic Imaging,119.33,2024-09-20
8926,4574,Physical Therapy,938.82,2022-06-19
8927,1088,Physical Therapy,340.69,2024-12-27
8928,6858,Radiation Therapy,5593.92,2023-03-26
8929,1532,Radiation Therapy,3468.23,2022-07-14
8930,1771,Rehabilitation,1856.37,2022-10-22
8931,9362,Diagnostic Imaging,301.31,2023-08-24
8932,7989,Chemotherapy,4043.16,2022-06-04
8933,7699,Surgery,5310.26,2022-05-26
8934,2311,Chemotherapy,5713.08,2022-06-08
8935,321,Surgery,8002.87,2024-06-24
8936,3496,Surgery,7478.44,2022-08-22
8937,5733,Radiation Therapy,6140.8,2022-05-15
8938,3419,Rehabilitation,1109.13,2025-07-27
8939,3083,Medication,142.86,2025-01-21
8940,3432,Physical Therapy,1346.48,2024-01-30
8941,232,Laboratory Test,624.83,2024-10-24
8942,2395,Chemotherapy,9266.95,2023-12-18
8943,9473,Rehabilitation,1396.96,2025-09-04
8944,5019,Medication,445.03,2023-10-06
8945,3304,Surgery,2420.51,2025-05-07
8946,7035,Diagnostic Imaging,351.33,2023-06-25
8947,8697,Physical Therapy,361.5,2023-12-28
8948,7662,Chemotherapy,8090.0,2023-01-17
8949,5479,Radiation Therapy,7712.96,2022-05-09
8950,2875,Rehabilitation,1940.19,2025-11-10
8951,4713,Physical Therapy,181.2,2025-10-02
8952,9676,Radiation Therapy,3021.58,2024-07-03
8953,9018,Consultation,155.55,2022-10-16
8954,8925,Chemotherapy,4933.62,2023-08-09
8955,1969,Consultation,406.73,2023-06-01
8956,2408,Consultation,446.49,2025-05-01
8957,7995,Rehabilitation,1659.89,2025-06-06
8958,1797,Consultation,209.77,2024-08-29
8959,8742,Radiation Therapy,5206.16,2024-05-07
8960,3212,Physical Therapy,1144.12,2024-04-15
8961,5903,Diagnostic Imaging,1175.6,2024-02-24
8962,912,Physical Therapy,281.74,2023-03-31
8963,8110,Surgery,3662.39,2022-02-06
8964,3233,Physical Therapy,997.38,2025-04-30
8965,3168,Diagnostic Imaging,1129.6,2023-09-18
8966,9696,Medication,333.62,2026-01-28
8967,3425,Diagnostic Imaging,763.05,2024-03-17
8968,6008,Medication,289.04,2025-07-02
8969,1424,Physical Therapy,1325.05,2025-02-15
8970,7671,Radiation Therapy,3787.72,2023-07-26
8971,8299,Chemotherapy,7734.23,2022-08-16
8972,104,Rehabilitation,481.77,2025-10-26
8973,3694,Physical Therapy,803.55,2023-10-15
8974,7975,Rehabilitation,2324.74,2022-09-13
8975,7818,Physical Therapy,962.75,2024-04-08
8976,4410,Chemotherapy,8390.68,2025-05-26
8977,1871,Medication,241.79,2025-09-30
8978,5480,Medication,221.84,2025-11-11
8979,4147,Radiation Therapy,1172.31,2023-02-05
8980,8409,Surgery,8778.6,2022-04-20
8981,8825,Rehabilitation,1785.99,2022-10-18
8982,4371,Surgery,12261.74,2024-02-26
8983,9511,Medication,331.74,2022-02-18
8984,4018,Radiation Therapy,1427.83,2025-05-07
8985,6003,Laboratory Test,190.81,2025-08-18
8986,670,Physical Therapy,130.78,2025-12-24
8987,3944,Physical Therapy,867.38,2026-01-16
8988,4663,Rehabilitation,1867.65,2023-04-10
8989,975,Surgery,10900.38,2023-12-19
8990,5928,Medication,85.49,2023-02-26
8991,2206,Rehabilitation,1036.02,2026-01-12
8992,2728,Radiation Therapy,6721.44,2022-01-11
8993,4198,Radiation Therapy,4052.5,2024-10-27
8994,5532,Diagnostic Imaging,1110.82,2025-03-19
8995,7556,Surgery,8407.82,2025-11-10
8996,371,Consultation,245.36,2025-09-02
8997,9921,Consultation,361.85,2024-02-04
8998,3677,Laboratory Test,444.64,2024-08-05
8999,5149,Laboratory Test,136.57,2023-04-29
9000,9472,Physical Therapy,805.09,2022-05-17
9001,1285,Medication,423.45,2024-03-14
9002,2114,Laboratory Test,326.21,2022-04-15
9003,2196,Radiation Therapy,6388.32,2023-06-27
9004,8502,Chemotherapy,2428.93,2025-11-23
9005,8504,Physical Therapy,199.71,2025-01-29
9006,6311,Chemotherapy,3610.35,2022-09-01
9007,9217,Laboratory Test,503.95,2022-12-05
9008,4,Consultation,342.97,2024-03-27
9009,6396,Consultation,222.08,2025-11-25
9010,8738,Medication,393.37,2025-05-14
9011,9286,Radiation Therapy,6943.56,2025-05-28
9012,999999,Consultation,465.56,2023-11-17
9013,2374,Diagnostic Imaging,801.58,2023-12-06
9014,5663,Surgery,13792.84,2025-10-21
9015,3395,Radiation Therapy,5665.29,2025-10-12
9016,1516,Chemotherapy,2861.43,2023-09-03
9017,2342,Diagnostic Imaging,152.25,2024-07-07
9018,4337,Laboratory Test,694.03,2025-01-30
9019,5320,Radiation Therapy,3994.31,2023-11-03
9020,4833,Surgery,4636.37,2024-11-13
9021,8350,Radiation Therapy,5544.23,2022-10-05
9022,9193,Chemotherapy,4107.39,2023-06-03
9023,3069,Laboratory Test,233.06,2025-10-26
9024,126,Chemotherapy,9029.21,2025-05-04
9025,694,Diagnostic Imaging,411.29,2025-01-26
9026,7919,Diagnostic Imaging,1063.98,2024-09-14
9027,2783,Rehabilitation,2398.04,2024-12-01
9028,8083,Radiation Therapy,1199.58,2025-11-04
9029,1889,Surgery,2384.89,2023-10-20
9030,600,Rehabilitation,2314.78,2024-08-14
9031,5288,Chemotherapy,8138.2,2025-04-01
9032,3110,Laboratory Test,71.97,2025-05-11
9033,8635,Medication,450.69,2022-02-06
9034,608,Radiation Therapy,4441.33,2025-11-02
9035,5749,Chemotherapy,4643.47,2022-03-29
9036,2954,Physical Therapy,1008.93,2022-09-23
9037,6195,Consultation,235.41,2024-04-14
9038,7189,Surgery,1728.53,2023-03-09
9039,6973,Physical Therapy,579.9,2022-11-13
9040,7930,Radiation Therapy,3595.48,2023-01-15
9041,4058,Chemotherapy,9141.76,2023-09-28
9042,725,Chemotherapy,5466.03,2023-02-12
9043,5103,Rehabilitation,368.14,2024-01-28
9044,7228,Laboratory Test,530.45,2023-09-02
9045,9773,Rehabilitation,661.59,2022-09-03
9046,3553,Physical Therapy,604.14,2022-02-27
9047,1365,Chemotherapy,2145.21,2025-07-08
9048,3250,Diagnostic Imaging,1175.3,2024-11-21
9049,7561,Surgery,7905.11,2024-10-29
9050,5542,Consultation,301.93,2023-02-03
9051,1868,Medication,50.41,2025-11-30
9052,5476,Physical Therapy,1476.92,2024-07-03
9053,8938,Physical Therapy,1162.73,2025-10-23
9054,2554,Diagnostic Imaging,939.81,2023-10-02
9055,2725,Radiation Therapy,3506.0,2023-10-15
9056,2220,Laboratory Test,475.58,2023-12-28
9057,114,Medication,413.26,2024-07-08
9058,1874,Diagnostic Imaging,221.07,2025-09-22
9059,8247,Consultation,296.68,2024-03-22
9060,1807,Medication,403.51,2024-04-10
9061,1013,Physical Therapy,112.55,2022-10-03
9062,1784,Chemotherapy,3673.77,2022-05-08
9063,3777,Medication,442.9,2025-09-19
9064,3380,Laboratory Test,558.03,2023-05-21
9065,8411,Rehabilitation,335.94,2023-03-20
9066,4178,Physical Therapy,1485.36,2025-06-21
9067,5813,Chemotherapy,2013.97,2022-10-28
9068,6566,Laboratory Test,293.28,2025-05-13
9069,2024,Surgery,10237.75,2023-10-16
9070,280,Surgery,8831.62,2024-08-05
9071,1374,Surgery,8789.41,2024-01-02
9072,1462,Physical Therapy,142.04,2025-12-19
9073,825,Surgery,7315.59,2023-01-20
9074,3953,Physical Therapy,1484.13,2024-06-24
9075,1531,Consultation,355.17,2023-11-15
9076,4722,Radiation Therapy,7391.37,2024-04-07
9077,3489,Physical Therapy,335.21,2024-10-23
9078,1727,Rehabilitation,2293.57,2023-09-27
9079,698,Radiation Therapy,4603.85,2023-08-28
9080,4952,Rehabilitation,2451.87,2022-04-13
9081,1645,Rehabilitation,347.13,2023-12-10
9082,7723,Consultation,56.04,2026-01-09
9083,3152,Chemotherapy,9000.64,2026-01-30
9084,3562,Consultation,223.49,2023-09-11
9085,3914,Surgery,7586.84,2024-05-24
9086,7167,Physical Therapy,709.99,2022-10-08
9087,662,Laboratory Test,655.74,2023-12-24
9088,6274,Rehabilitation,2314.08,2025-04-30
9089,7150,Physical Therapy,1169.66,2024-04-11
9090,9819,Consultation,280.68,2022-08-04
9091,3009,Radiation Therapy,6415.36,2024-10-14
9092,7091,Rehabilitation,1786.62,2023-04-19
9093,1564,Medication,147.43,2023-04-09
9094,1084,Surgery,2087.88,2023-12-02
9095,8360,Physical Therapy,954.84,2023-09-27
9096,2013,Chemotherapy,4717.36,2025-06-10
9097,4373,Surgery,4527.97,2024-07-18
9098,4533,Rehabilitation,2329.72,2024-04-21
9099,6984,Physical Therapy,135.13,2025-05-25
9100,9903,Diagnostic Imaging,1116.27,2024-01-02
9101,8718,Laboratory Test,81.13,2024-02-02
9102,718,Diagnostic Imaging,120.21,2022-11-01
9103,7484,Chemotherapy,3595.07,2025-06-21
9104,9382,Consultation,194.37,2024-03-17
9105,9539,Medication,361.44,2024-10-31
9106,6262,Rehabilitation,938.27,2025-11-18
9107,8739,Surgery,1701.49,2025-04-09
9108,9441,Laboratory Test,216.39,2025-01-13
9109,642,Medication,445.77,2023-01-24
9110,5155,Laboratory Test,405.45,2023-07-03
9111,213,Radiation Therapy,3725.88,2025-02-13
9112,5986,Medication,254.15,2024-12-03
9113,7754,Radiation Therapy,4704.32,2024-07-18
9114,601,Rehabilitation,2046.43,2023-09-16
9115,4653,Chemotherapy,8055.29,2022-04-29
9116,4331,Consultation,477.91,2022-08-23
9117,5739,Physical Therapy,417.31,2023-09-20
9118,2845,Diagnostic Imaging,841.24,2024-11-11
9119,584,Consultation,460.38,2025-08-06
9120,6973,Radiation Therapy,2070.91,2023-06-21
9121,7693,Physical Therapy,792.78,2023-04-09
9122,2769,Diagnostic Imaging,537.55,2024-06-06
9123,5959,Laboratory Test,447.33,2025-07-21
9124,7615,Radiation Therapy,1343.54,2022-09-04
9125,3322,Laboratory Test,531.41,2025-08-09
9126,7217,Radiation Therapy,7460.41,2023-12-29
9127,283,Diagnostic Imaging,81.71,2024-01-16
9128,7675,Diagnostic Imaging,636.2,2023-10-21
9129,6679,Medication,158.01,2024-03-13
9130,4342,Consultation,475.41,2023-09-15
9131,7195,Surgery,1973.81,2022-09-04
9132,5117,Chemotherapy,9654.05,2022-08-23
9133,3068,Diagnostic Imaging,343.07,2025-08-06
9134,9559,Rehabilitation,1244.42,2022-06-06
9135,90,Rehabilitation,837.41,2025-08-02
9136,4399,Medication,498.74,2025-01-31
9137,5870,Laboratory Test,85.88,2025-10-11
9138,6772,Surgery,3886.36,2024-11-08
9139,9612,Rehabilitation,2055.37,2024-10-20
9140,2470,Diagnostic Imaging,242.45,2023-08-21
9141,5640,Surgery,1939.04,2022-01-02
9142,3502,Radiation Therapy,4570.21,2025-01-27
9143,4555,Laboratory Test,428.24,2026-01-20
9144,4449,Rehabilitation,1085.76,2023-10-20
9145,7626,Radiation Therapy,6699.77,2025-09-09
9146,9403,Medication,179.65,2023-11-21
9147,8588,Consultation,354.56,2022-12-01
9148,9467,Radiation Therapy,1585.52,2022-12-30
9149,4914,Surgery,9183.95,2025-11-03
9150,494,Physical Therapy,471.49,2025-08-09
9151,5901,Chemotherapy,8148.03,2022-09-04
9152,1254,Laboratory Test,401.39,2022-05-03
9153,5086,Surgery,12023.6,2023-01-30
9154,2613,Medication,467.98,2024-08-15
9155,7389,Consultation,238.69,2025-05-01
9156,3315,Medication,186.31,2024-02-11
9157,5335,Medication,412.54,2025-11-07
9158,1387,Rehabilitation,2138.19,2025-02-18
9159,459,Surgery,8924.05,2022-08-07
9160,74,Diagnostic Imaging,142.36,2025-04-28
9161,1131,Rehabilitation,1057.63,2024-04-09
9162,2998,Surgery,2938.76,2022-09-10
9163,2714,Consultation,380.76,2025-02-12
9164,3184,Rehabilitation,2441.99,2024-02-26
9165,5850,Medication,485.19,2025-03-25
9166,2927,Diagnostic Imaging,146.84,2025-07-05
9167,4270,Chemotherapy,6618.68,2023-07-03
9168,871,Surgery,11642.86,2025-01-13
9169,5548,Rehabilitation,1375.23,2023-03-24
9170,6476,Radiation Therapy,7833.52,2024-05-21
9171,5900,Chemotherapy,2681.76,2025-12-22
9172,6879,Laboratory Test,472.78,2025-02-25
9173,731,Diagnostic Imaging,893.3,2025-03-21
9174,1841,Chemotherapy,2582.07,2022-09-28
9175,1537,Chemotherapy,4108.37,2024-08-19
9176,8273,Chemotherapy,2378.53,2022-09-24
9177,8970,Laboratory Test,696.69,2024-12-22
9178,4855,Surgery,10077.54,2024-02-20
9179,2622,Chemotherapy,8200.1,2024-07-13
9180,1757,Physical Therapy,276.99,2023-11-06
9181,6905,Physical Therapy,545.55,2022-09-16
9182,3794,Surgery,11720.09,2023-05-23
9183,4915,Surgery,9826.81,2022-07-28
9184,8599,Rehabilitation,2286.56,2025-01-23
9185,8660,Medication,128.76,2024-03-19
9186,8378,Surgery,1358.54,2025-12-15
9187,4620,Diagnostic Imaging,1048.7,2023-02-24
9188,6840,Medication,491.18,2025-07-06
9189,5420,Consultation,76.55,2025-12-17
9190,6803,Diagnostic Imaging,435.49,2024-10-11
9191,5639,Medication,37.79,2024-12-10
9192,5458,Surgery,12912.39,2022-07-19
9193,8850,Consultation,373.03,2024-04-24
9194,3814,Radiation Therapy,3246.22,2023-09-23
9195,7790,Rehabilitation,1208.32,2024-04-06
9196,750,Diagnostic Imaging,435.21,2023-08-29
9197,5908,Diagnostic Imaging,267.33,2022-01-08
9198,7281,Radiation Therapy,2899.51,2024-01-08
9199,2862,Physical Therapy,1235.23,2024-08-25
9200,1696,Consultation,466.17,2023-01-24
9201,7829,Diagnostic Imaging,888.93,2022-08-08
9202,6416,Laboratory Test,150.46,2023-09-27
9203,219,Surgery,7956.87,2025-02-20
9204,6858,Diagnostic Imaging,1085.3,2024-03-15
9205,4420,Chemotherapy,5805.56,2022-08-13
9206,6286,Laboratory Test,392.45,2023-11-28
9207,860,Rehabilitation,734.23,2024-10-31
9208,6885,Diagnostic Imaging,990.82,2024-02-12
9209,735,Surgery,10203.83,2025-12-13
9210,547,Radiation Therapy,3374.44,2022-04-28
9211,7491,Laboratory Test,303.43,2026-01-02
9212,3464,Chemotherapy,9810.3,2025-01-22
9213,2865,Laboratory Test,147.58,2024-09-22
9214,4353,Laboratory Test,618.29,2024-11-27
9215,6511,Chemotherapy,3474.53,2023-08-03
9216,590,Rehabilitation,897.69,2024-07-24
9217,3988,Surgery,10630.32,2024-04-29
9218,4554,Chemotherapy,2401.69,2025-08-03
9219,9950,Surgery,9497.01,2022-05-11
9220,4262,Surgery,11985.09,2025-05-18
9221,119,Radiation Therapy,5316.64,2025-09-28
9222,7484,Physical Therapy,883.78,2022-09-06
9223,5142,Diagnostic Imaging,694.39,2025-02-16
9224,1158,Surgery,10553.83,2023-08-03
9225,6874,Laboratory Test,546.17,2023-01-14
9226,9873,Diagnostic Imaging,959.2,2023-08-09
9227,297,Radiation Therapy,3972.72,2024-02-06
9228,5721,Radiation Therapy,6403.28,2025-01-19
9229,7021,Diagnostic Imaging,582.73,2025-08-16
9230,8824,Diagnostic Imaging,133.32,2023-06-24
9231,4679,Chemotherapy,9379.53,2025-01-01
9232,1626,Chemotherapy,5136.28,2022-06-03
9233,2944,Medication,172.98,2023-01-01
9234,3450,Medication,170.5,2025-04-30
9235,694,Rehabilitation,711.28,2022-05-07
9236,1227,Consultation,457.03,2025-01-31
9237,1557,Physical Therapy,735.61,2025-02-09
9238,4232,Diagnostic Imaging,348.79,2025-08-23
9239,1613,Radiation Therapy,5751.82,2022-03-08
9240,5594,Physical Therapy,1036.92,2022-03-15
9241,1617,Physical Therapy,470.16,2025-01-06
9242,2377,Diagnostic Imaging,634.92,2022-05-06
9243,5960,Radiation Therapy,1660.76,2023-10-14
9244,8796,Laboratory Test,403.16,2024-08-21
9245,7256,Chemotherapy,9278.72,2025-04-19
9246,3257,Diagnostic Imaging,558.71,2023-05-17
9247,3309,Chemotherapy,7593.6,2024-10-23
9248,9493,Consultation,420.3,2026-01-21
9249,1080,Laboratory Test,396.5,2025-03-08
9250,6089,Chemotherapy,2065.6,2024-11-09
9251,2786,Radiation Therapy,5310.18,2026-01-15
9252,9000,Physical Therapy,660.62,2022-07-14
9253,5553,Rehabilitation,1468.58,2022-11-04
9254,3567,Laboratory Test,291.42,2022-05-31
9255,8153,Physical Therapy,837.96,2025-11-14
9256,3997,Diagnostic Imaging,204.67,2024-09-10
9257,9909,Laboratory Test,610.05,2024-09-24
9258,9601,Diagnostic Imaging,1186.18,2022-04-02
9259,2191,Chemotherapy,3674.94,2024-04-20
9260,693,Physical Therapy,1498.16,2023-08-06
9261,5019,Chemotherapy,6019.44,2025-10-26
9262,153,Surgery,7686.76,2022-05-25
9263,5756,Laboratory Test,278.45,2022-02-01
9264,8496,Surgery,4078.32,2022-06-14
9265,4410,Physical Therapy,114.07,2023-02-22
9266,3002,Physical Therapy,849.78,2024-12-21
9267,5162,Diagnostic Imaging,893.32,2024-07-01
9268,2478,Rehabilitation,407.1,2022-10-20
9269,9169,Radiation Therapy,6425.19,2022-03-30
9270,6949,Rehabilitation,1558.23,2025-06-04
9271,3171,Diagnostic Imaging,566.56,2025-10-01
9272,8032,Radiation Therapy,2369.49,2025-08-01
9273,1239,Consultation,353.37,2023-04-15
9274,7381,Chemotherapy,9828.31,2024-01-04
9275,5082,Radiation Therapy,5901.8,2022-02-28
9276,6354,Physical Therapy,280.55,2025-04-19
9277,7413,Laboratory Test,226.65,2022-04-19
9278,5501,Radiation Therapy,7949.54,2025-09-24
9279,362,Medication,492.46,2022-07-12
9280,4364,Laboratory Test,582.71,2025-11-04
9281,4237,Radiation Therapy,2674.29,2024-07-19
9282,4002,Diagnostic Imaging,939.36,2022-11-28
9283,6341,Laboratory Test,225.3,2022-10-20
9284,1433,Radiation Therapy,2717.82,2023-08-17
9285,6724,Medication,326.23,2025-09-03
9286,588,Chemotherapy,7455.03,2022-10-04
9287,4523,Radiation Therapy,3849.91,2024-02-15
9288,7535,Consultation,448.18,2024-09-21
9289,7616,Surgery,13664.13,2023-05-03
9290,4780,Diagnostic Imaging,820.03,2025-10-11
9291,7812,Rehabilitation,946.25,2024-06-01
9292,4726,Diagnostic Imaging,216.55,2023-03-15
9293,9418,Radiation Therapy,1231.07,2022-09-20
9294,7583,Consultation,142.65,2024-12-18
9295,1701,Surgery,9914.21,2023-02-20
9296,1531,Radiation Therapy,7286.79,2024-03-04
9297,144,Physical Therapy,1093.1,2025-08-29
9298,6200,Medication,380.76,2024-08-01
9299,5244,Chemotherapy,7093.92,2023-12-09
9300,3097,Laboratory Test,512.85,2025-10-10
9301,4298,Medication,216.88,2023-03-01
9302,9097,Diagnostic Imaging,173.91,2022-12-20
9303,9669,Surgery,10528.21,2022-02-23
9304,843,Diagnostic Imaging,228.73,2023-10-01
9305,2582,Radiation Therapy,1425.01,2022-01-01
9306,3550,Physical Therapy,951.66,2022-01-04
9307,5066,Medication,98.06,2025-09-22
9308,1284,Rehabilitation,1123.33,2023-04-20
9309,847,Surgery,9306.05,2025-07-03
9310,3838,Laboratory Test,106.7,2024-10-30
9311,7290,Diagnostic Imaging,341.37,2022-09-24
9312,990,Surgery,9233.62,2023-04-13
9313,5823,Radiation Therapy,5206.47,2025-06-20
9314,3103,Diagnostic Imaging,343.38,2022-09-26
9315,9651,Consultation,420.19,2024-11-18
9316,7921,Physical Therapy,441.84,2022-09-05
9317,4656,Surgery,5784.23,2024-11-08
9318,4291,Laboratory Test,379.48,2022-11-27
9319,8284,Laboratory Test,532.1,2025-10-27
9320,4113,Radiation Therapy,4680.54,2025-04-11
9321,4103,Laboratory Test,83.43,2022-02-19
9322,5144,Medication,266.77,2025-12-06
9323,2772,Consultation,60.02,2024-06-26
9324,9380,Rehabilitation,1897.11,2022-05-17
9325,7992,Laboratory Test,276.05,2025-09-15
9326,270,Laboratory Test,454.82,2025-07-02
9327,8755,Medication,108.95,2023-10-03
9328,7318,Consultation,82.22,2023-06-06
9329,5041,Rehabilitation,1104.97,2023-07-13
9330,5727,Laboratory Test,534.97,2023-04-10
9331,2099,Chemotherapy,7633.28,2023-07-14
9332,8259,Diagnostic Imaging,790.21,2025-03-29
9333,2539,Laboratory Test,345.74,2023-05-29
9334,6980,Chemotherapy,5259.6,2023-04-16
9335,941,Consultation,282.97,2024-07-07
9336,9103,Physical Therapy,455.33,2025-03-17
9337,4171,Medication,210.11,2022-03-26
9338,6782,Consultation,308.71,2025-12-28
9339,75,Rehabilitation,1336.81,2023-09-01
9340,7389,Medication,436.85,2022-05-19
9341,7731,Physical Therapy,953.63,2023-11-18
9342,4227,Laboratory Test,545.6,2025-04-28
9343,3766,Consultation,301.29,2024-06-24
9344,882,Surgery,14098.26,2022-02-24
9345,4462,Chemotherapy,3488.69,2025-06-23
9346,4663,Consultation,145.97,2025-01-05
9347,647,Surgery,14783.22,2024-02-26
9348,5105,Diagnostic Imaging,201.04,2023-08-26
9349,2752,Chemotherapy,8147.83,2023-02-26
9350,6275,Diagnostic Imaging,96.3,2023-10-24
9351,6656,Laboratory Test,699.74,2022-02-20
9352,3739,Physical Therapy,1125.04,2024-02-23
9353,7731,Radiation Therapy,2710.55,2025-07-19
9354,383,Rehabilitation,2151.26,2025-06-06
9355,2730,Chemotherapy,5765.26,2024-04-08
9356,5689,Consultation,317.33,2024-02-14
9357,9322,Radiation Therapy,1994.76,2023-05-12
9358,1596,Rehabilitation,393.69,2024-04-13
9359,8635,Chemotherapy,4029.45,2025-02-06
9360,8914,Surgery,9903.76,2023-01-03
9361,8620,Laboratory Test,675.56,2023-02-13
9362,9947,Consultation,490.26,2024-08-15
9363,3294,Diagnostic Imaging,583.13,2022-12-27
9364,4230,Laboratory Test,160.86,2025-10-13
9365,2009,Physical Therapy,837.25,2024-12-27
9366,919,Laboratory Test,340.6,2022-04-01
9367,2740,Consultation,247.84,2023-08-15
9368,1727,Consultation,205.11,2022-12-28
9369,2756,Laboratory Test,529.02,2022-07-30
9370,7902,Rehabilitation,622.61,2025-02-21
9371,6006,Diagnostic Imaging,543.19,2025-03-23
9372,6435,Diagnostic Imaging,477.72,2025-08-16
9373,1085,Laboratory Test,492.93,2022-10-17
9374,7134,Medication,492.04,2023-06-25
9375,8460,Rehabilitation,328.65,2025-07-02
9376,8848,Diagnostic Imaging,521.5,2022-08-20
9377,4718,Consultation,427.12,2025-03-08
9378,3594,Consultation,161.42,2025-01-25
9379,963,Physical Therapy,1418.43,2022-12-26
9380,528,Radiation Therapy,1125.46,2023-11-02
9381,504,Rehabilitation,2010.03,2026-01-30
9382,1053,Rehabilitation,788.88,2022-04-16
9383,6718,Consultation,469.58,2023-08-28
9384,9334,Physical Therapy,1032.48,2026-01-11
9385,4335,Diagnostic Imaging,824.39,2024-02-12
9386,3095,Radiation Therapy,1754.95,2024-04-10
9387,2405,Rehabilitation,1295.83,2023-12-05
9388,4506,Rehabilitation,1739.65,2022-03-17
9389,6248,Consultation,187.95,2024-08-28
9390,2901,Diagnostic Imaging,233.98,2023-01-21
9391,9094,Rehabilitation,1929.3,2024-01-04
9392,6063,Laboratory Test,71.48,2022-09-17
9393,7462,Laboratory Test,37.36,2022-06-04
9394,944,Physical Therapy,400.63,2023-05-29
9395,6718,Diagnostic Imaging,1153.32,2025-07-05
9396,9509,Physical Therapy,636.2,2022-10-31
9397,3737,Consultation,82.79,2025-06-02
9398,4068,Physical Therapy,737.69,2022-08-08
9399,5144,Rehabilitation,2428.93,2023-01-29
9400,1487,Medication,186.61,2022-10-02
9401,1909,Surgery,6367.93,2025-08-12
9402,5186,Chemotherapy,4664.54,2023-05-05
9403,7228,Diagnostic Imaging,343.8,2024-11-22
9404,3911,Medication,68.49,2024-01-25
9405,5604,Consultation,383.81,2023-05-16
9406,2022,Diagnostic Imaging,551.26,2024-11-04
9407,1766,Medication,96.21,2023-08-13
9408,6474,Chemotherapy,9308.78,2025-04-24
9409,689,Radiation Therapy,1163.11,2026-01-06
9410,5260,Consultation,107.46,2024-11-23
9411,9046,Laboratory Test,685.24,2022-06-11
9412,895,Diagnostic Imaging,1027.12,2023-03-11
9413,7421,Medication,272.25,2022-02-10
9414,5975,Physical Therapy,1026.39,2022-07-02
9415,8930,Rehabilitation,1519.91,2023-11-10
9416,9812,physical therapy,273.66,2023-06-24
9417,3765,Laboratory Test,140.92,2024-06-22
9418,7607,Consultation,197.47,2023-09-18
9419,8721,Laboratory Test,352.97,2023-09-03
9420,339,Surgery,14139.98,2024-09-24
9421,4359,Surgery,2602.89,2022-05-29
9422,4518,Medication,430.09,2022-02-15
9423,7665,Rehabilitation,622.67,2022-05-26
9424,8860,Consultation,96.59,2025-04-23
9425,9036,Consultation,84.81,2025-02-18
9426,2817,Surgery,11253.33,2023-02-26
9427,1529,Physical Therapy,1039.24,2022-07-18
9428,5468,Medication,84.65,2023-09-30
9429,2689,Medication,453.16,2025-10-14
9430,2592,Diagnostic Imaging,866.92,2024-04-12
9431,1479,Physical Therapy,1047.63,2023-10-04
9432,5333,Radiation Therapy,3436.85,2022-06-27
9433,4094,Rehabilitation,1845.58,2023-07-15
9434,7103,Rehabilitation,781.95,2025-02-09
9435,3252,Rehabilitation,888.85,2025-09-11
9436,1427,Physical Therapy,,2022-08-06
9437,9253,Laboratory Test,678.0,2022-05-16
9438,8492,Diagnostic Imaging,919.24,2023-10-17
9439,8012,Chemotherapy,5399.65,2022-06-12
9440,4390,Physical Therapy,1086.47,2023-08-30
9441,230,Chemotherapy,2060.23,2022-08-05
9442,7462,Surgery,3433.37,2024-08-22
9443,3258,Physical Therapy,164.49,2023-09-13
9444,9277,Laboratory Test,413.31,2022-01-28
9445,9405,Consultation,69.81,2023-11-05
9446,2310,Consultation,125.34,2022-08-10
9447,6953,Chemotherapy,6779.51,2022-10-22
9448,8240,Physical Therapy,918.81,2022-05-07
9449,5539,Radiation Therapy,5873.1,2023-02-13
9450,3553,Radiation Therapy,1977.9,2023-05-16
9451,6738,Physical Therapy,1373.72,2025-09-05
9452,9997,Medication,40.11,2022-11-21
9453,1867,Chemotherapy,6737.21,2025-02-10
9454,3881,Chemotherapy,4065.46,2022-04-28
9455,5230,Medication,48.05,2022-09-27
9456,8475,Diagnostic Imaging,1045.89,2022-03-31
9457,865,Physical Therapy,1338.59,2022-04-16
9458,8077,Diagnostic Imaging,577.14,2022-07-22
9459,8040,Surgery,12946.76,2022-05-31
9460,7867,Radiation Therapy,7304.82,2025-09-28
9461,6123,Radiation Therapy,6614.0,2023-04-02
9462,2301,Surgery,12461.34,2024-01-21
9463,6673,Physical Therapy,1476.36,2023-06-16
9464,636,Physical Therapy,773.62,2025-01-06
9465,335,Surgery,3760.3,2023-07-01
9466,2672,Rehabilitation,1450.09,2024-12-01
9467,1741,Radiation Therapy,6897.24,2025-11-24
9468,6434,Diagnostic Imaging,252.37,2025-07-15
9469,7656,Surgery,7534.03,2023-07-04
9470,2015,Diagnostic Imaging,480.48,2025-12-24
9471,8525,Medication,203.61,2024-11-13
9472,1304,Diagnostic Imaging,164.45,2022-08-28
9473,7744,Diagnostic Imaging,156.73,2025-02-19
9474,3128,Rehabilitation,1347.07,2023-05-01
9475,71,Consultation,452.68,2022-02-23
9476,10,Diagnostic Imaging,467.79,2022-05-31
9477,1315,Chemotherapy,9664.15,2023-10-02
9478,2897,Physical Therapy,257.19,2023-02-22
9479,290,Physical Therapy,778.28,2022-05-01
9480,4539,Physical Therapy,592.37,2024-10-20
9481,2740,Laboratory Test,340.28,2023-03-16
9482,9377,Radiation Therapy,7931.0,2023-03-10
9483,4315,Physical Therapy,476.84,2023-08-08
9484,1094,Physical Therapy,746.07,2024-03-13
9485,6648,Surgery,14157.97,2022-02-27
9486,604,Diagnostic Imaging,835.21,2023-09-09
9487,7691,Diagnostic Imaging,521.85,2024-12-06
9488,7091,Diagnostic Imaging,756.23,2022-11-10
9489,1493,Rehabilitation,1548.89,2025-11-07
9490,9494,Chemotherapy,6324.01,2023-01-21
9491,1412,Surgery,11771.56,2024-07-21
9492,5411,Chemotherapy,6112.87,2022-03-23
9493,357,Medication,349.65,2023-11-05
9494,574,Consultation,417.42,2024-06-24
9495,4553,Laboratory Test,489.42,2022-11-27
9496,6225,Physical Therapy,244.71,2022-03-20
9497,6020,Laboratory Test,575.39,2024-02-24
9498,7251,Rehabilitation,299.01,2025-06-23
9499,2731,Medication,99.81,2024-07-30
9500,2551,Physical Therapy,352.46,2023-01-28
9501,9461,Chemotherapy,5023.83,2022-06-21
9502,9385,Medication,201.88,2025-12-21
9503,8190,Medication,193.77,2025-08-23
9504,2329,Surgery,3679.33,2024-03-25
9505,1300,Rehabilitation,437.11,2022-06-07
9506,7722,Medication,410.45,2024-01-24
9507,5152,Chemotherapy,8252.74,2025-07-22
9508,3811,Rehabilitation,768.86,2023-08-03
9509,2817,Diagnostic Imaging,673.38,2025-11-24
9510,6754,Chemotherapy,9994.44,2024-02-22
9511,9503,Radiation Therapy,7731.84,2024-09-12
9512,165,Consultation,462.33,2023-06-07
9513,463,Chemotherapy,8124.11,2022-07-26
9514,3085,Physical Therapy,1442.78,2023-04-12
9515,7165,Chemotherapy,6885.38,2022-02-27
9516,616,Chemotherapy,4329.61,2024-12-07
9517,5019,Radiation Therapy,6353.66,2025-08-14
9518,1967,Laboratory Test,158.88,2023-12-20
9519,6418,Laboratory Test,89.31,2022-01-17
9520,490,Radiation Therapy,5719.71,2025-01-03
9521,9389,Radiation Therapy,1359.52,2024-04-11
9522,698,Chemotherapy,2956.78,2022-05-04
9523,5448,Laboratory Test,53.19,2024-11-30
9524,7338,Diagnostic Imaging,185.5,2023-03-30
9525,4291,Rehabilitation,1564.63,2022-04-21
9526,8423,Rehabilitation,1578.26,2025-08-14
9527,4789,Radiation Therapy,1288.14,2025-10-21
9528,2077,Physical Therapy,1184.76,2022-09-16
9529,7831,Diagnostic Imaging,254.83,2022-10-08
9530,3484,Surgery,11687.06,2024-07-19
9531,917,Surgery,6257.69,2025-12-12
9532,1511,Radiation Therapy,6857.93,2025-02-24
9533,8724,Laboratory Test,505.74,2025-03-08
9534,3805,Medication,319.9,2025-03-07
9535,4471,Surgery,12004.96,2022-02-17
9536,1389,Laboratory Test,114.24,2023-03-22
9537,2581,Radiation Therapy,6017.59,2022-11-20
9538,3971,Chemotherapy,6849.5,2025-03-22
9539,1115,,481.25,2022-11-03
9540,1616,Medication,378.53,2022-09-16
9541,6944,Physical Therapy,1254.65,2025-02-23
9542,9431,Radiation Therapy,3607.94,2023-04-21
9543,5616,Rehabilitation,337.33,2024-07-27
9544,3242,Radiation Therapy,1949.84,2026-01-24
9545,7441,Consultation,176.01,2022-04-28
9546,2532,Consultation,90.23,2024-08-08
9547,3546,Physical Therapy,289.21,2022-06-28
9548,5595,Consultation,368.67,2023-10-06
9549,8348,Laboratory Test,330.84,2023-12-29
9550,9259,Laboratory Test,614.08,2023-10-17
9551,9305,Diagnostic Imaging,649.79,2024-05-07
9552,5967,Laboratory Test,290.88,2026-01-12
9553,1798,Consultation,442.39,2024-06-29
9554,6172,Consultation,311.74,2023-05-03
9555,3092,Medication,434.41,2023-02-08
9556,3141,Physical Therapy,1202.88,2023-07-28
9557,9700,Radiation Therapy,1989.45,2022-11-29
9558,749,Rehabilitation,2308.7,2025-07-10
9559,74,Consultation,193.34,2023-01-04
9560,9743,Chemotherapy,5551.34,2025-05-21
9561,2708,Diagnostic Imaging,116.51,2023-02-07
9562,3220,Medication,201.33,2023-09-13
9563,8077,Medication,21.47,2024-05-13
9564,9374,Rehabilitation,2198.99,2025-03-08
9565,4220,Laboratory Test,279.43,2025-07-21
9566,177,Consultation,405.44,2022-01-12
9567,2157,Physical Therapy,934.26,2024-03-20
9568,7953,Radiation Therapy,5488.33,2025-06-19
9569,129,Physical Therapy,309.05,2025-11-22
9570,4746,Laboratory Test,167.97,2023-08-24
9571,9279,Surgery,5518.88,2022-07-31
9572,3963,Physical Therapy,1163.85,2025-08-23
9573,5340,Physical Therapy,1166.17,2022-02-25
9574,3519,Chemotherapy,6559.18,2022-12-07
9575,8887,Laboratory Test,50.13,2023-10-11
9576,8444,Medication,138.43,2023-09-29
9577,4562,Laboratory Test,324.83,2025-01-22
9578,1266,Medication,368.82,2023-05-18
9579,7672,Diagnostic Imaging,624.05,2023-09-11
9580,2965,Physical Therapy,987.05,2022-07-09
9581,8387,Surgery,7771.81,2024-05-10
9582,2955,Surgery,14781.21,2025-04-23
9583,7855,Physical Therapy,980.62,2023-04-27
9584,5678,Physical Therapy,681.54,2022-01-28
9585,1057,Diagnostic Imaging,441.42,2022-12-01
9586,7725,Physical Therapy,1407.69,2025-09-26
9587,4243,Consultation,489.02,2023-03-16
9588,6437,Medication,499.98,2024-10-06
9589,9871,Physical Therapy,1289.71,2023-01-28
9590,8368,Rehabilitation,1624.45,2025-12-12
9591,132,Rehabilitation,2193.19,2023-11-24
9592,6852,Rehabilitation,2439.43,2025-11-21
9593,1184,Chemotherapy,7863.04,2025-03-05
9594,9326,Rehabilitation,1809.89,2022-07-21
9595,4314,Physical Therapy,1144.33,2025-12-26
9596,8882,Radiation Therapy,7556.69,2022-05-26
9597,345,Rehabilitation,1568.02,2025-10-11
9598,6815,Chemotherapy,2937.5,2025-02-23
9599,70,Physical Therapy,1089.87,2024-08-14
9600,1392,Diagnostic Imaging,556.65,2025-05-09
9601,8178,Medication,47.35,2022-11-02
9602,6581,Chemotherapy,9742.4,2023-11-20
9603,4437,Physical Therapy,1045.82,2025-11-06
9604,9397,Physical Therapy,1105.43,2023-06-10
9605,243,Chemotherapy,8816.05,2023-06-19
9606,835,Surgery,3754.53,2024-11-06
9607,8239,Laboratory Test,237.29,2022-01-01
9608,9815,Diagnostic Imaging,936.52,2023-12-24
9609,1956,Radiation Therapy,5223.12,2023-12-05
9610,7645,Surgery,3043.15,2024-07-08
9611,7376,Diagnostic Imaging,510.7,2022-01-15
9612,8750,Diagnostic Imaging,746.69,2024-05-21
9613,2821,Chemotherapy,8903.7,2025-09-07
9614,8596,Rehabilitation,2241.37,2025-04-20
9615,1665,Chemotherapy,4100.1,2024-07-09
9616,8741,Surgery,3742.21,2024-07-08
9617,9351,Radiation Therapy,2121.69,2022-11-07
9618,7004,Surgery,12734.51,2025-03-04
9619,5538,Consultation,208.53,2025-11-17
9620,5984,Medication,213.91,2025-09-01
9621,6515,Diagnostic Imaging,411.79,2024-08-09
9622,5581,Laboratory Test,466.69,2022-05-27
9623,2295,Radiation Therapy,3055.09,2025-05-13
9624,846,Consultation,229.73,2024-02-24
9625,5711,Surgery,14742.15,2023-02-08
9626,9369,Physical Therapy,783.48,2023-12-13
9627,5955,Radiation Therapy,4265.11,2024-02-15
9628,7969,Diagnostic Imaging,790.55,2023-04-10
9629,7657,Diagnostic Imaging,213.47,2023-05-20
9630,2054,Chemotherapy,4596.1,2024-03-18
9631,7272,Chemotherapy,5860.09,2025-01-28
9632,6269,Medication,314.64,2022-10-26
9633,1193,Medication,351.04,2024-06-19
9634,2886,Laboratory Test,692.81,2025-01-23
9635,9127,Medication,479.88,2024-03-07
9636,3133,Rehabilitation,2242.64,2025-06-02
9637,9085,Laboratory Test,650.34,2022-08-03
9638,1466,Chemotherapy,7816.51,2023-09-10
9639,8660,Medication,42.85,2023-08-18
9640,6196,Surgery,13882.7,2023-09-29
9641,167,Chemotherapy,2361.28,2025-11-11
9642,1879,Consultation,166.9,2024-04-04
9643,2558,Rehabilitation,837.06,2025-09-05
9644,7014,Consultation,401.35,2024-12-24
9645,7436,Radiation Therapy,4707.63,2024-06-28
9646,1122,Diagnostic Imaging,565.26,2024-02-18
9647,2870,Medication,145.5,2022-07-09
9648,3946,Diagnostic Imaging,466.33,2025-03-05
9649,2484,Rehabilitation,317.4,2025-10-23
9650,294,Chemotherapy,2880.27,2022-12-26
9651,290,Physical Therapy,382.61,2026-01-05
9652,2134,Surgery,2291.72,2025-08-26
9653,379,Laboratory Test,224.3,2024-05-26
9654,7091,Chemotherapy,8001.9,2022-03-09
9655,2240,Rehabilitation,820.77,2022-01-18
9656,6675,Chemotherapy,2565.5,2023-10-21
9657,169,Radiation Therapy,3937.34,2022-07-14
9658,3088,Consultation,72.37,2025-04-26
9659,5622,Diagnostic Imaging,488.7,2025-06-22
9660,3720,Diagnostic Imaging,536.84,2022-02-27
9661,2588,Surgery,13863.75,2022-01-15
9662,3343,Diagnostic Imaging,931.96,2025-07-11
9663,3989,Rehabilitation,923.59,2023-05-26
9664,6296,Radiation Therapy,6934.36,2022-12-31
9665,4518,Diagnostic Imaging,892.76,2022-12-29
9666,2493,Radiation Therapy,7424.49,2025-02-05
9667,5328,Radiation Therapy,1738.27,2024-11-10
9668,4162,Physical Therapy,1322.3,2023-02-04
9669,3724,Rehabilitation,2324.99,2024-11-26
9670,4350,Rehabilitation,242.05,2023-09-30
9671,5376,Medication,166.6,2022-01-04
9672,2430,Diagnostic Imaging,332.09,2025-05-01
9673,8288,Physical Therapy,1193.87,2022-02-19
9674,1322,Chemotherapy,3157.46,2025-12-12
9675,1235,Diagnostic Imaging,559.0,2024-03-28
9676,3145,Consultation,198.69,2024-11-02
9677,2863,Rehabilitation,1020.48,2025-01-29
9678,1790,Diagnostic Imaging,1007.1,2022-09-01
9679,9666,Diagnostic Imaging,198.39,2023-08-25
9680,1636,Laboratory Test,68.78,2025-09-12
9681,6058,Diagnostic Imaging,801.65,2023-07-12
9682,4135,Chemotherapy,5187.62,2025-07-25
9683,8265,Chemotherapy,5013.61,2024-09-23
9684,2112,Consultation,82.7,2022-12-23
9685,7531,Consultation,189.56,2024-05-17
9686,409,Medication,186.48,2022-06-22
9687,8363,Medication,29.65,2025-03-08
9688,4590,Radiation Therapy,5340.76,2023-04-23
9689,485,Consultation,369.2,2025-04-22
9690,8264,Medication,68.01,2025-01-12
9691,3253,Medication,412.87,2024-03-14
9692,8741,Physical Therapy,1004.78,2024-11-12
9693,8266,Chemotherapy,7823.45,2022-03-24
9694,706,Physical Therapy,1480.58,2025-07-13
9695,6013,Rehabilitation,351.5,2025-11-08
9696,5599,Medication,224.82,2025-03-20
9697,3971,Diagnostic Imaging,344.67,2022-02-17
9698,7170,Radiation Therapy,2458.45,2023-02-28
9699,787,Diagnostic Imaging,86.16,2024-11-08
9700,7431,Physical Therapy,975.49,2023-09-29
9701,2815,Physical Therapy,756.19,2022-04-11
9702,324,Diagnostic Imaging,1095.9,2024-10-03
9703,7409,Surgery,2965.39,2023-08-19
9704,8426,Radiation Therapy,3509.54,2024-10-16
9705,9176,Laboratory Test,553.79,2024-06-04
9706,4744,Physical Therapy,1273.45,2025-02-20
9707,7941,Diagnostic Imaging,203.03,2025-05-01
9708,8241,Physical Therapy,140.53,2024-04-01
9709,8018,Radiation Therapy,2004.07,2022-08-04
9710,2496,Rehabilitation,739.73,2025-06-13
9711,7075,Consultation,494.31,2025-08-09
9712,4335,Laboratory Test,232.38,2024-06-18
9713,3711,Rehabilitation,985.14,2023-07-29
9714,4792,Diagnostic Imaging,258.25,2022-06-22
9715,8953,Radiation Therapy,3199.61,2023-02-19
9716,7087,Surgery,11344.87,2022-12-26
9717,6006,Laboratory Test,540.22,2025-05-07
9718,7631,Chemotherapy,2196.41,2023-04-29
9719,9595,Laboratory Test,610.91,2022-11-10
9720,9225,Physical Therapy,229.4,2024-08-16
9721,2405,Physical Therapy,679.15,2022-02-16
9722,2576,Medication,460.64,2024-05-21
9723,73,Physical Therapy,1435.05,2025-07-26
9724,8304,Laboratory Test,424.81,2025-06-18
9725,7132,Medication,248.24,2024-12-28
9726,2895,Medication,372.01,2022-08-31
9727,3788,Radiation Therapy,7624.13,2025-01-29
9728,7137,Medication,246.27,2023-05-04
9729,4165,Chemotherapy,5103.33,2023-06-26
9730,6694,Radiation Therapy,4744.63,2025-08-12
9731,8407,Chemotherapy,9034.29,2025-07-10
9732,2605,Surgery,4354.04,2024-06-15
9733,9688,Diagnostic Imaging,428.72,2025-01-28
9734,8948,Chemotherapy,5534.17,2022-07-16
9735,2140,Surgery,7917.29,2022-11-04
9736,249,Diagnostic Imaging,208.35,2025-12-28
9737,5395,Consultation,373.41,2024-07-09
9738,9908,,14194.32,2022-06-26
9739,2996,Radiation Therapy,3815.18,2025-03-09
9740,5786,Medication,98.99,2022-02-16
9741,1173,Radiation Therapy,6176.49,2023-09-03
9742,9456,Rehabilitation,638.14,2023-03-30
9743,85,Medication,498.85,2025-01-10
9744,3786,Consultation,265.54,2023-07-15
9745,6917,Medication,305.45,2024-06-13
9746,832,Chemotherapy,4372.78,2023-04-08
9747,9913,Rehabilitation,1807.81,2022-07-25
9748,905,Laboratory Test,222.76,2024-03-12
9749,3103,Radiation Therapy,6124.03,2023-04-10
9750,3584,Radiation Therapy,7320.76,2024-09-01
9751,2864,Consultation,371.5,2022-11-23
9752,7616,Diagnostic Imaging,311.54,2023-05-27
9753,8334,Consultation,349.9,2022-12-13
9754,6121,Physical Therapy,416.52,2023-10-07
9755,7019,Chemotherapy,7396.84,2023-11-12
9756,3649,Laboratory Test,424.1,2024-02-19
9757,3094,Surgery,12017.08,2022-06-03
9758,6803,Physical Therapy,632.89,2025-11-27
9759,2814,Radiation Therapy,1885.63,2024-08-17
9760,2843,Consultation,313.02,2025-03-14
9761,7838,Chemotherapy,3710.16,2024-08-18
9762,5068,Physical Therapy,858.36,2024-12-30
9763,7507,Consultation,436.0,2025-11-18
9764,2211,Surgery,7751.43,2024-02-09
9765,1215,Physical Therapy,1009.83,2024-05-06
9766,3945,Diagnostic Imaging,1184.01,2022-03-12
9767,2456,Laboratory Test,290.4,2024-09-12
9768,6399,Consultation,67.34,2024-07-13
9769,2732,Surgery,5153.84,2024-07-19
9770,1393,Diagnostic Imaging,573.29,2025-09-29
9771,3407,Medication,349.18,2025-04-25
9772,5747,Radiation Therapy,1684.71,2022-09-26
9773,7880,Diagnostic Imaging,741.25,2023-01-25
9774,9442,Diagnostic Imaging,910.73,2026-01-13
9775,6892,Rehabilitation,909.88,2024-04-07
9776,6701,Consultation,,2024-01-10
9777,2335,Physical Therapy,653.22,2024-10-27
9778,6936,Medication,324.45,2023-07-30
9779,5681,Physical Therapy,1305.54,2023-05-13
9780,400,Physical Therapy,360.98,2025-06-03
9781,1894,Laboratory Test,72.78,2023-03-29
9782,9932,Surgery,8178.86,2024-08-15
9783,5080,Surgery,7300.45,2024-02-07
9784,1200,Rehabilitation,255.91,2024-06-09
9785,1166,Radiation Therapy,3997.48,2022-01-24
9786,4078,Diagnostic Imaging,897.39,2025-03-27
9787,1738,Consultation,299.34,2024-01-05
9788,9552,Chemotherapy,8778.83,2022-03-13
9789,9715,Rehabilitation,753.61,2022-10-12
9790,2028,Consultation,256.59,2025-09-30
9791,7066,Laboratory Test,558.21,2023-03-11
9792,892,Medication,324.12,2022-12-26
9793,5429,Rehabilitation,2307.4,2024-01-24
9794,7766,Surgery,1716.21,2024-06-06
9795,8006,Radiation Therapy,3129.5,2024-12-01
9796,9841,Diagnostic Imaging,519.22,2025-12-13
9797,6720,Diagnostic Imaging,314.62,2024-07-01
9798,5587,Surgery,11858.24,2023-09-17
9799,7027,Physical Therapy,1306.65,2025-05-18
9800,275,Physical Therapy,583.13,2022-07-12
9801,7453,Chemotherapy,2152.3,2023-07-06
9802,4143,Chemotherapy,9085.69,2023-02-13
9803,7403,Radiation Therapy,2329.9,2023-11-27
9804,6159,Physical Therapy,1228.88,2022-07-29
9805,8487,Rehabilitation,1403.84,2024-02-29
9806,3349,Chemotherapy,9603.28,2023-04-09
9807,525,Physical Therapy,1398.13,2023-09-25
9808,9463,Medication,272.13,2023-12-20
9809,3663,Chemotherapy,4385.11,2025-11-17
9810,9518,Rehabilitation,2041.54,2025-11-27
9811,7098,Physical Therapy,837.9,2023-05-20
9812,7824,Laboratory Test,470.0,2025-03-22
9813,6421,Diagnostic Imaging,734.85,2022-12-07
9814,5550,Radiation Therapy,3219.6,2024-01-07
9815,6178,Radiation Therapy,1270.08,2022-09-28
9816,2318,Medication,376.88,2022-02-15
9817,9430,Consultation,264.91,2023-01-23
9818,9503,Physical Therapy,325.76,2026-01-13
9819,7352,Diagnostic Imaging,1007.21,2024-10-21
9820,8770,Rehabilitation,750.15,2022-07-17
9821,6718,Medication,344.66,2025-09-24
9822,6287,Surgery,10512.22,2024-04-11
9823,9807,Physical Therapy,805.86,2024-08-08
9824,4045,Chemotherapy,6416.06,2023-12-01
9825,490,Medication,176.64,2024-01-31
9826,1050,Physical Therapy,240.87,2022-08-26
9827,5543,Laboratory Test,433.75,2023-07-17
9828,6629,Diagnostic Imaging,603.9,2024-07-11
9829,6732,Physical Therapy,712.26,2022-02-16
9830,9711,Radiation Therapy,5566.84,2025-09-18
9831,3676,Diagnostic Imaging,824.72,2025-07-02
9832,2356,Medication,490.81,2023-09-25
9833,353,Chemotherapy,4632.31,2023-12-19
9834,5790,Consultation,380.86,2023-02-11
9835,7823,Chemotherapy,4159.88,2025-11-13
9836,2563,Medication,40.65,2022-04-14
9837,6715,Radiation Therapy,7309.43,2023-02-17
9838,9326,Consultation,311.25,2025-02-09
9839,3399,Radiation Therapy,2581.86,2025-07-06
9840,4169,Consultation,289.01,2024-05-25
9841,2008,Rehabilitation,1062.45,2025-06-02
9842,2307,Rehabilitation,2103.71,2026-01-01
9843,1025,Rehabilitation,2439.36,2026-01-07
9844,8750,Consultation,309.29,2023-10-27
9845,9445,Physical Therapy,1246.22,2025-06-11
9846,5389,Consultation,74.16,2023-04-04
9847,3538,Surgery,10960.23,2025-10-17
9848,2593,Medication,31.66,2022-09-15
9849,5394,Rehabilitation,749.52,2025-04-21
9850,3516,Radiation Therapy,5546.87,2022-09-18
9851,9426,Medication,412.66,2024-08-11
9852,5527,Medication,369.83,2024-07-21
9853,2244,Radiation Therapy,3039.9,2025-08-08
9854,9043,Rehabilitation,1854.12,2024-03-28
9855,4160,Radiation Therapy,6454.12,2026-01-16
9856,5702,Radiation Therapy,7749.26,2024-09-17
9857,4169,Radiation Therapy,4572.32,2024-07-17
9858,1998,Chemotherapy,6159.29,2025-09-05
9859,6220,Chemotherapy,3938.65,2023-12-28
9860,7984,Physical Therapy,1467.64,2024-08-04
9861,7012,Radiation Therapy,4516.01,2024-04-26
9862,5867,Diagnostic Imaging,260.16,2023-10-23
9863,7391,Surgery,10719.35,2025-03-04
9864,9374,Medication,428.4,2023-10-19
9865,3286,Laboratory Test,382.15,2025-02-05
9866,3002,Chemotherapy,6512.38,2024-02-08
9867,441,Consultation,370.31,2025-06-15
9868,3761,Laboratory Test,207.33,2024-05-31
9869,4856,Medication,353.07,2022-06-20
9870,3354,Radiation Therapy,3509.91,2024-09-16
9871,9191,Medication,369.87,2023-06-19
9872,4438,Medication,406.73,2025-10-07
9873,5492,Physical Therapy,706.88,2023-07-24
9874,9364,Surgery,11379.59,2022-11-11
9875,8608,Physical Therapy,491.08,2024-12-11
9876,3566,Laboratory Test,336.33,2022-06-21
9877,2754,Diagnostic Imaging,332.19,2024-05-27
9878,3536,Medication,342.39,2024-05-06
9879,881,Rehabilitation,306.43,2022-11-10
9880,23,Physical Therapy,1008.02,2023-12-28
9881,1524,Chemotherapy,9853.6,2023-12-07
9882,8590,Laboratory Test,194.41,2025-07-26
9883,9249,Consultation,112.77,2022-06-18
9884,1903,Rehabilitation,359.0,2025-07-16
9885,8221,Diagnostic Imaging,816.2,2022-06-29
9886,6072,Surgery,3968.2,2024-11-22
9887,9887,Consultation,295.02,2022-03-03
9888,4452,Medication,146.47,2022-02-08
9889,935,Radiation Therapy,5979.98,2022-04-30
9890,2106,Surgery,2527.65,2025-11-22
9891,1005,Diagnostic Imaging,1188.78,2025-04-13
9892,339,Diagnostic Imaging,166.89,2022-12-22
9893,9305,Physical Therapy,1254.53,2025-08-02
9894,949,Laboratory Test,561.49,2022-05-05
9895,8906,Consultation,285.17,2023-01-08
9896,1281,Radiation Therapy,7726.0,2024-02-28
9897,715,Chemotherapy,5172.34,2023-12-01
9898,2816,Medication,478.2,2022-06-07
9899,6558,Medication,156.57,2022-09-15
9900,2538,Diagnostic Imaging,659.5,2023-10-11
9901,4022,Surgery,14317.64,2024-10-27
9902,8753,Laboratory Test,417.34,2024-09-29
9903,3204,Laboratory Test,87.37,2023-08-16
9904,9257,Laboratory Test,65.44,2024-12-22
9905,4483,Consultation,464.14,2024-04-08
9906,2384,Laboratory Test,411.07,2025-09-10
9907,1964,Chemotherapy,9603.49,2022-01-17
9908,926,Physical Therapy,677.27,2024-09-23
9909,5134,Diagnostic Imaging,501.25,2023-01-16
9910,7010,Diagnostic Imaging,142.06,2025-04-30
9911,3968,Diagnostic Imaging,230.9,2025-09-15
9912,4193,Rehabilitation,1506.39,2024-01-19
9913,2610,Diagnostic Imaging,594.5,2024-08-15
9914,9597,Radiation Therapy,6137.76,2022-12-02
9915,9274,Surgery,7837.78,2024-01-19
9916,6865,Physical Therapy,1270.54,2025-11-03
9917,7164,Surgery,8149.5,2023-01-06
9918,522,Chemotherapy,4889.17,2024-04-07
9919,7934,Radiation Therapy,2510.11,2025-09-04
9920,523,Diagnostic Imaging,733.88,2022-12-08
9921,1842,Laboratory Test,579.0,2022-08-07
9922,6032,Laboratory Test,132.53,2025-12-03
9923,6726,Surgery,8783.61,2023-09-05
9924,5128,Diagnostic Imaging,200.22,2026-01-27
9925,5239,Rehabilitation,593.7,2024-05-28
9926,2966,Surgery,2735.28,2025-05-25
9927,292,Rehabilitation,1365.64,2022-07-11
9928,3445,Rehabilitation,1435.94,2024-04-22
9929,6881,Medication,496.07,2024-05-22
9930,3531,Medication,499.78,2026-01-26
9931,2654,Chemotherapy,5830.86,2025-09-08
9932,8276,Radiation Therapy,6269.34,2023-10-28
9933,527,Medication,140.47,2024-03-03
9934,8199,Rehabilitation,1097.62,2024-03-14
9935,3518,Radiation Therapy,1848.63,2025-12-14
9936,1652,Medication,310.41,2025-01-23
9937,3379,Consultation,342.03,2024-08-31
9938,2391,Laboratory Test,530.7,2023-09-23
9939,9278,Consultation,385.63,2025-02-20
9940,6411,Diagnostic Imaging,401.04,2022-07-11
9941,470,Surgery,2282.05,2022-02-18
9942,6076,Laboratory Test,101.51,2025-09-05
9943,1906,Chemotherapy,7638.1,2024-07-23
9944,6349,Rehabilitation,2229.06,2026-01-20
9945,3547,Medication,159.12,2022-02-06
9946,4499,Consultation,78.07,2025-01-30
9947,7240,Consultation,351.89,2025-02-28
9948,2713,Consultation,162.24,2022-02-28
9949,1246,Radiation Therapy,2027.55,2025-06-24
9950,1401,Medication,268.92,2023-09-17
9951,8199,Consultation,405.85,2022-05-22
9952,9297,Chemotherapy,3747.07,2024-12-25
9953,1323,Consultation,110.21,2023-07-20
9954,4840,Chemotherapy,7640.71,2022-02-19
9955,8505,Medication,144.21,2022-12-12
9956,4091,Consultation,68.45,2023-02-14
9957,7751,Medication,350.41,2023-01-01
9958,4495,Chemotherapy,2024.69,2025-09-20
9959,5732,Surgery,7206.37,2025-04-03
9960,5021,Laboratory Test,421.31,2022-10-25
9961,6268,Surgery,13830.37,2023-03-29
9962,4829,Rehabilitation,2404.4,2022-06-13
9963,2728,Radiation Therapy,1929.02,2022-06-22
9964,4227,Medication,150.98,2025-12-19
9965,860,Surgery,1108.33,2023-06-27
9966,811,Diagnostic Imaging,238.76,2025-09-19
9967,878,Medication,107.27,2025-08-11
9968,5589,Medication,310.61,2023-08-29
9969,2617,Laboratory Test,555.54,2022-08-29
9970,2682,Diagnostic Imaging,614.04,2023-03-31
9971,3700,Rehabilitation,2423.5,2023-05-02
9972,833,Rehabilitation,1309.76,2025-02-19
9973,3503,Rehabilitation,1759.1,2024-08-17
9974,2172,Diagnostic Imaging,697.8,2022-06-19
9975,8724,Chemotherapy,3032.27,2022-04-16
9976,8514,Medication,209.34,2023-08-25
9977,1662,Surgery,12270.72,2024-08-05
9978,3435,Diagnostic Imaging,1103.52,2024-01-22
9979,7039,Diagnostic Imaging,806.74,2024-08-22
9980,7024,Physical Therapy,710.41,2022-09-29
9981,742,Chemotherapy,9295.29,2025-11-28
9982,2227,Rehabilitation,1103.54,2023-09-18
9983,9321,Laboratory Test,693.83,2024-06-29
9984,9541,Consultation,447.45,2023-04-22
9985,7875,Radiation Therapy,5823.94,2025-12-09
9986,5160,Radiation Therapy,7267.31,2022-02-27
9987,2288,Chemotherapy,3138.28,2022-06-23
9988,8454,Rehabilitation,2086.81,2022-02-14
9989,3119,Chemotherapy,3224.6,2022-02-19
9990,4967,Chemotherapy,7061.42,2022-02-15
9991,2750,Consultation,247.82,2022-07-05
9992,8885,Radiation Therapy,4034.04,2024-12-27
9993,2487,Physical Therapy,1465.95,2023-05-24
9994,305,Rehabilitation,2353.91,2022-04-30
9995,6556,Surgery,11711.82,2024-04-16
9996,2573,Chemotherapy,3309.14,2022-04-06
9997,7454,Diagnostic Imaging,207.87,2023-08-17
9998,4268,Physical Therapy,180.02,2024-07-05
9999,2157,Consultation,465.24,2022-10-13
10000,5860,Consultation,416.84,2023-11-30
10001,7773,Laboratory Test,600.36,2024-09-16
10002,8223,Surgery,4842.03,2024-04-10
10003,8514,Laboratory Test,576.49,2025-08-23
10004,2191,Surgery,3557.42,2024-01-18
10005,5326,Diagnostic Imaging,783.9,2025-12-13
10006,2897,Laboratory Test,624.04,2022-05-11
10007,7184,Diagnostic Imaging,373.92,2022-06-29
10008,9393,Physical Therapy,471.21,2022-10-19
10009,5181,Diagnostic Imaging,126.85,2024-05-24
10010,3258,Chemotherapy,1662.08,2024-06-27
10011,7349,Physical Therapy,973.01,2025-06-12
10012,3256,Diagnostic Imaging,458.12,2023-02-23
10013,5050,Diagnostic Imaging,518.62,2023-01-22
10014,2663,Medication,395.1,2025-07-26
10015,6379,Rehabilitation,393.87,2025-07-17
10016,1904,Diagnostic Imaging,194.16,2024-01-15
10017,4765,Physical Therapy,931.49,2023-09-04
10018,2675,Chemotherapy,8935.62,2024-01-04
10019,8768,Chemotherapy,5001.33,2025-04-29
10020,7316,Radiation Therapy,5079.01,2025-02-01
10021,4078,Chemotherapy,3029.46,2024-04-09
10022,6855,Physical Therapy,376.49,2022-02-27
10023,8739,Laboratory Test,669.37,2022-04-06
10024,5875,Diagnostic Imaging,729.88,2024-01-19
10025,6330,Laboratory Test,520.1,2025-07-30
10026,2188,Radiation Therapy,5643.29,2025-06-17
10027,2972,Laboratory Test,187.42,2025-01-08
10028,5071,Diagnostic Imaging,964.88,2025-01-03
10029,2121,Medication,262.34,2025-10-20
10030,3144,Physical Therapy,830.95,2022-06-21
10031,816,Diagnostic Imaging,498.08,2023-04-06
10032,6223,Diagnostic Imaging,979.69,2024-11-11
10033,6342,Physical Therapy,1463.5,2024-05-12
10034,1589,Radiation Therapy,5904.98,2023-05-25
10035,889,Laboratory Test,350.23,2022-03-04
10036,694,Medication,400.36,2023-07-20
10037,8577,Medication,119.88,2023-08-25
10038,3240,Radiation Therapy,2410.48,2022-06-15
10039,1328,Laboratory Test,552.21,2025-02-04
10040,4079,Rehabilitation,789.24,2023-11-28
10041,7440,Surgery,4178.46,2025-04-06
10042,6637,Surgery,4446.56,2022-04-21
10043,8624,Rehabilitation,1592.19,2023-07-22
10044,7325,Laboratory Test,166.38,2023-08-21
10045,4846,Radiation Therapy,6183.46,2024-05-23
10046,1234,Rehabilitation,1584.52,2025-10-26
10047,1833,Consultation,415.39,2024-12-12
10048,9849,Radiation Therapy,2751.89,2022-07-09
10049,5450,Rehabilitation,744.4,2023-06-12
10050,8289,Laboratory Test,284.58,2022-10-18
10051,2266,Consultation,226.73,2024-01-01
10052,1690,Consultation,239.76,2024-06-17
10053,9579,Physical Therapy,618.3,2022-08-06
10054,8334,Consultation,276.21,2023-04-11
10055,7959,Diagnostic Imaging,741.57,2023-08-08
10056,3379,Diagnostic Imaging,726.15,2023-12-10
10057,1089,Physical Therapy,133.54,2025-09-01
10058,4748,Medication,90.52,2022-02-08
10059,9044,Laboratory Test,663.42,2025-10-07
10060,9459,Rehabilitation,2102.02,2024-11-09
10061,6418,Radiation Therapy,1386.9,2024-08-01
10062,8616,Physical Therapy,366.9,2023-03-19
10063,7907,Chemotherapy,2950.92,2026-01-08
10064,607,Chemotherapy,9877.99,2025-05-08
10065,5816,Medication,240.94,2023-02-25
10066,8539,Physical Therapy,882.62,2025-11-24
10067,8359,Diagnostic Imaging,1163.54,2023-06-10
10068,525,Radiation Therapy,3419.49,2023-11-11
10069,4194,Consultation,133.42,2024-02-04
10070,9522,Medication,404.67,2024-10-06
10071,695,Medication,414.13,2023-05-31
10072,8343,Chemotherapy,7220.48,2024-03-29
10073,9642,Radiation Therapy,7708.48,2026-01-12
10074,8041,Laboratory Test,224.39,2023-08-24
10075,7899,Consultation,485.67,2022-11-29
10076,84,Laboratory Test,151.09,2024-07-15
10077,8237,Diagnostic Imaging,326.13,2024-03-05
10078,6279,Chemotherapy,8013.1,2023-01-27
10079,3452,Laboratory Test,477.94,2025-08-11
10080,4870,Laboratory Test,206.26,2024-04-16
10081,9674,Diagnostic Imaging,1062.85,2023-05-26
10082,6382,Physical Therapy,715.07,2025-05-24
10083,5253,Laboratory Test,294.13,2022-08-28
10084,8610,Chemotherapy,4924.53,2025-10-01
10085,9603,Surgery,5370.94,2022-11-18
10086,9346,Medication,444.14,2025-03-13
10087,2918,Radiation Therapy,4202.63,2025-01-03
10088,6807,Medication,229.56,2025-01-21
10089,7546,Physical Therapy,1210.58,2022-05-08
10090,5700,Chemotherapy,9051.59,2024-12-01
10091,2488,Surgery,1221.6,2025-10-14
10092,344,Surgery,5673.34,2022-03-10
10093,5868,Surgery,5653.91,2023-09-17
10094,2051,Consultation,207.83,2022-08-17
10095,13,Surgery,13227.18,2025-10-08
10096,4688,Diagnostic Imaging,975.22,2023-01-24
10097,8114,Laboratory Test,461.23,2022-07-24
10098,8134,Consultation,463.23,2025-02-06
10099,7608,Physical Therapy,858.14,2025-11-17
10100,2972,Diagnostic Imaging,1092.82,2023-03-01
10101,6279,Physical Therapy,232.37,2023-01-30
10102,9865,Physical Therapy,659.83,2025-09-08
10103,246,Surgery,1464.37,2022-07-28
10104,6309,Surgery,7269.0,2025-06-17
10105,5393,Laboratory Test,628.46,2022-08-10
10106,6980,Medication,68.78,2024-02-20
10107,9353,Consultation,75.37,2025-03-26
10108,4925,Consultation,410.23,2025-05-31
10109,391,Consultation,331.98,2025-07-18
10110,2801,Medication,314.01,2025-04-22
10111,4220,Physical Therapy,876.05,2024-09-30
10112,4663,Diagnostic Imaging,865.92,2022-02-23
10113,8720,Consultation,279.09,2024-03-06
10114,7143,Chemotherapy,9606.1,2022-07-27
10115,8618,Radiation Therapy,5579.79,2025-02-02
10116,719,Consultation,289.28,2025-10-23
10117,4756,Physical Therapy,1414.49,2023-04-30
10118,6939,Surgery,14057.84,2025-01-01
10119,3955,Laboratory Test,519.37,2024-11-11
10120,7391,Physical Therapy,1369.11,2024-12-19
10121,5797,Radiation Therapy,2128.16,2024-03-21
10122,2899,Diagnostic Imaging,872.45,2024-06-25
10123,7007,Physical Therapy,236.69,2025-07-06
10124,6926,Radiation Therapy,5984.81,2023-05-12
10125,1780,Physical Therapy,631.68,2022-11-24
10126,9037,Radiation Therapy,4973.92,2025-08-13
10127,4048,Radiation Therapy,5514.6,2022-01-15
10128,9234,Radiation Therapy,3866.84,2023-10-12
10129,3624,Medication,469.54,2024-08-29
10130,5823,Chemotherapy,1518.79,2023-07-20
10131,928,Chemotherapy,3316.2,2024-11-17
10132,7051,Surgery,14342.56,2023-03-06
10133,5392,Surgery,6494.22,2022-12-09
10134,5701,Medication,395.29,2022-03-04
10135,270,Surgery,7267.92,2023-12-11
10136,5803,Surgery,3645.33,2023-12-28
10137,4840,Consultation,399.2,2022-02-19
10138,1546,Rehabilitation,419.63,2025-06-04
10139,23,Diagnostic Imaging,582.56,2025-12-16
10140,8301,Consultation,71.21,2022-07-26
10141,2430,Laboratory Test,382.1,2024-05-27
10142,9126,Diagnostic Imaging,699.21,2025-04-08
10143,8679,Medication,495.92,2025-10-24
10144,8447,Rehabilitation,1713.19,2022-04-12
10145,6815,Radiation Therapy,1207.71,2024-10-02
10146,3801,Physical Therapy,443.77,2022-11-21
10147,9238,Radiation Therapy,4431.53,2025-11-05
10148,3127,Radiation Therapy,6282.08,2022-08-01
10149,503,Medication,292.48,2023-03-20
10150,5304,Laboratory Test,565.51,2024-09-02
10151,3720,Medication,400.7,2025-05-31
10152,161,Diagnostic Imaging,206.0,2023-08-28
10153,5847,Diagnostic Imaging,874.26,2022-01-13
10154,7435,Surgery,10538.26,2024-08-27
10155,1763,Radiation Therapy,3933.82,2022-11-24
10156,5980,Rehabilitation,794.91,2025-11-03
10157,500,Radiation Therapy,6941.74,2024-07-19
10158,4580,Surgery,8343.82,2022-05-04
10159,1850,Laboratory Test,86.56,2023-06-25
10160,7400,Chemotherapy,6139.53,2024-05-03
10161,64,Consultation,428.13,2025-06-28
10162,2979,Rehabilitation,854.99,2025-12-25
10163,644,Diagnostic Imaging,568.57,2022-12-11
10164,40,Radiation Therapy,1511.55,2022-04-24
10165,7123,Physical Therapy,1269.68,2023-05-25
10166,8058,Rehabilitation,775.99,2025-06-30
10167,527,Physical Therapy,1360.54,2022-11-04
10168,772,Rehabilitation,1472.24,2023-01-02
10169,5937,Chemotherapy,9085.19,2023-06-10
10170,5191,Surgery,13079.31,2022-07-09
10171,5204,Radiation Therapy,4965.62,2024-10-11
10172,2762,Diagnostic Imaging,798.86,2026-01-27
10173,917,Diagnostic Imaging,86.16,2025-02-04
10174,9668,Chemotherapy,3674.39,2025-02-09
10175,6557,Rehabilitation,2374.78,2025-06-25
10176,2290,Surgery,1323.01,2026-01-07
10177,4125,Medication,417.8,2024-12-04
10178,1280,Chemotherapy,4143.6,2025-02-02
10179,8577,Rehabilitation,960.04,2022-12-26
10180,248,Diagnostic Imaging,827.9,2022-02-28
10181,7759,Radiation Therapy,7979.29,2022-09-28
10182,6888,Laboratory Test,139.76,2024-06-17
10183,7681,Physical Therapy,948.01,2022-10-20
10184,9516,Diagnostic Imaging,329.36,2024-10-26
10185,679,Laboratory Test,175.87,2025-10-24
10186,4535,Consultation,260.55,2025-12-08
10187,768,Rehabilitation,962.35,2024-05-10
10188,2438,Laboratory Test,420.4,2025-09-12
10189,5948,Diagnostic Imaging,140.39,2022-12-30
10190,3754,Surgery,11955.15,2025-09-02
10191,5280,Radiation Therapy,6698.61,2025-05-10
10192,8714,Radiation Therapy,1196.88,2024-08-21
10193,7773,Consultation,368.66,2024-07-28
10194,7102,Rehabilitation,2172.08,2025-11-04
10195,9293,Consultation,193.46,2025-10-17
10196,7457,Surgery,5845.09,2022-04-27
10197,2304,Radiation Therapy,7801.57,2022-10-22
10198,3146,Consultation,405.82,2024-01-05
10199,9469,Laboratory Test,229.53,2025-01-30
10200,3927,Radiation Therapy,2836.81,2022-02-21
10201,5790,Rehabilitation,1580.74,2024-08-06
10202,5198,Radiation Therapy,3385.01,2022-07-22
10203,1704,Medication,259.56,2024-07-19
10204,1758,Consultation,156.85,2023-04-08
10205,5354,Diagnostic Imaging,295.29,2023-01-27
10206,3189,Physical Therapy,1448.72,2023-02-06
10207,4031,Physical Therapy,405.4,2024-02-04
10208,2800,Medication,104.69,2024-08-06
10209,935,Laboratory Test,135.89,2022-04-09
10210,3891,Physical Therapy,394.59,2023-11-18
10211,5848,Consultation,426.43,2024-08-15
10212,4206,Rehabilitation,1658.75,2025-03-25
10213,4862,Radiation Therapy,7772.96,2024-09-20
10214,8750,Laboratory Test,580.76,2022-10-12
10215,5829,Surgery,14430.85,2024-10-11
10216,1903,Medication,126.9,2022-08-14
10217,4740,Physical Therapy,463.91,2023-12-19
10218,3613,Radiation Therapy,7788.6,2022-04-20
10219,8438,Consultation,442.23,2024-12-04
10220,8834,Laboratory Test,383.98,2025-06-08
10221,7521,Medication,389.59,2023-03-26
10222,9302,Laboratory Test,561.96,2024-09-06
10223,4676,Consultation,362.02,2022-09-11
10224,7161,Medication,314.29,2022-10-10
10225,3200,Chemotherapy,7260.78,2023-04-08
10226,1870,Radiation Therapy,2352.74,2025-03-04
10227,672,Diagnostic Imaging,581.23,2025-04-08
10228,7050,Physical Therapy,1274.95,2025-01-06
10229,5881,Physical Therapy,215.1,2022-12-18
10230,1823,Surgery,1499.48,2024-02-06
10231,7180,Medication,275.33,2022-06-09
10232,4125,Medication,128.55,2025-12-12
10233,1138,Physical Therapy,846.8,2024-11-10
10234,6439,Surgery,11919.19,2024-08-23
10235,2777,Consultation,337.03,2023-12-05
10236,4921,Diagnostic Imaging,355.39,2023-06-28
10237,1992,Radiation Therapy,1714.17,2024-10-05
10238,3524,Consultation,113.48,2024-03-24
10239,4076,Rehabilitation,1909.22,2025-05-28
10240,128,Diagnostic Imaging,1019.14,2024-05-26
10241,2648,Rehabilitation,1572.43,2023-02-19
10242,9265,Laboratory Test,479.42,2023-11-29
10243,4063,Physical Therapy,1438.75,2025-09-12
10244,2649,Medication,429.69,2025-11-20
10245,267,Consultation,250.8,2023-03-25
10246,1321,Diagnostic Imaging,282.19,2022-03-23
10247,9128,Radiation Therapy,120000.0,2023-03-09
10248,6242,Rehabilitation,862.0,2023-03-20
10249,7942,Rehabilitation,1749.23,2022-07-27
10250,2616,Physical Therapy,435.92,2022-06-13
10251,951,Medication,261.65,2025-05-17
10252,995,Surgery,5606.44,2025-06-17
10253,4762,Consultation,499.43,2022-06-26
10254,7686,Consultation,317.69,2023-10-28
10255,209,Consultation,126.95,2024-04-10
10256,5991,Consultation,136.24,2024-12-17
10257,4539,Laboratory Test,352.38,2024-02-29
10258,7765,Diagnostic Imaging,1072.42,2024-09-02
10259,9243,Laboratory Test,532.9,2024-11-07
10260,5072,Radiation Therapy,5168.07,2025-02-20
10261,5247,Consultation,467.11,2025-02-03
10262,4784,Surgery,12219.91,2022-05-11
10263,966,Laboratory Test,359.8,2023-05-22
10264,1499,Rehabilitation,1481.23,2025-08-08
10265,4625,Consultation,227.48,2022-12-30
10266,5747,Rehabilitation,274.99,2024-11-06
10267,3445,Rehabilitation,314.32,2024-01-21
10268,6719,Surgery,2531.16,2025-01-15
10269,1319,Diagnostic Imaging,1176.81,2026-01-17
10270,28,Physical Therapy,351.66,2023-04-30
10271,5962,Consultation,484.08,2025-03-14
10272,3861,Physical Therapy,951.66,2025-01-23
10273,1079,Medication,223.56,2024-04-23
10274,550,Medication,202.48,2025-04-15
10275,5286,Chemotherapy,4475.29,2025-09-23
10276,9388,Physical Therapy,1358.52,2025-11-18
10277,1710,Surgery,11571.87,2025-02-16
10278,5889,Rehabilitation,2376.37,2025-09-11
10279,854,Medication,175.2,2025-06-19
10280,2573,Chemotherapy,8206.04,2025-06-05
10281,9166,Rehabilitation,2470.84,2025-04-25
10282,4985,Radiation Therapy,6468.03,2026-01-24
10283,4032,Physical Therapy,608.14,2025-05-12
10284,3100,Diagnostic Imaging,855.14,2024-04-12
10285,5421,Radiation Therapy,7348.61,2025-04-29
10286,1950,Diagnostic Imaging,273.13,2022-10-05
10287,7868,Consultation,407.69,2023-05-21
10288,544,Rehabilitation,491.29,2024-03-08
10289,6569,Chemotherapy,4902.41,2022-03-17
10290,2732,Radiation Therapy,4983.78,2024-08-22
10291,1925,Rehabilitation,510.34,2023-09-24
10292,7554,Rehabilitation,1465.98,2022-07-22
10293,1455,Diagnostic Imaging,750.02,2023-03-30
10294,8924,Surgery,5599.39,2025-01-04
10295,1860,Radiation Therapy,5261.64,2022-10-16
10296,2979,Physical Therapy,323.71,2025-06-16
10297,3473,Diagnostic Imaging,913.83,2022-10-14
10298,4707,Surgery,3473.88,2025-04-18
10299,3419,Laboratory Test,387.43,2022-03-05
10300,7957,Consultation,495.79,2025-06-27
10301,6135,Physical Therapy,384.62,2022-01-15
10302,9341,Physical Therapy,1023.03,2022-10-09
10303,349,Physical Therapy,265.29,2024-02-09
10304,9848,Consultation,393.52,2025-09-27
10305,6599,Surgery,9861.16,2025-04-17
10306,6890,Consultation,474.37,2023-09-11
10307,2893,Surgery,12899.79,2024-01-04
10308,2772,Diagnostic Imaging,511.29,2022-01-17
10309,8630,Chemotherapy,2078.32,2023-01-11
10310,7124,Consultation,335.78,2023-01-24
10311,5874,Surgery,9228.57,2026-01-25
10312,727,Laboratory Test,260.2,2023-07-09
10313,1381,Radiation Therapy,4742.09,2023-05-21
10314,328,Chemotherapy,2878.75,2023-09-27
10315,7069,Diagnostic Imaging,852.3,2022-07-17
10316,8808,Medication,430.82,2024-05-05
10317,9136,Physical Therapy,1069.98,2022-12-01
10318,6087,Laboratory Test,241.99,2022-07-12
10319,2590,Radiation Therapy,7721.65,2022-09-28
10320,1455,Physical Therapy,157.86,2025-01-26
10321,3375,Diagnostic Imaging,412.85,2022-01-02
10322,266,Diagnostic Imaging,1198.0,2022-02-27
10323,2815,Chemotherapy,2091.96,2025-09-16
10324,6371,Consultation,286.68,2023-09-26
10325,3850,Medication,434.75,2024-08-21
10326,4604,Rehabilitation,1318.69,2022-03-03
10327,4041,Consultation,322.58,2024-06-17
10328,9549,Chemotherapy,1659.33,2023-01-27
10329,426,Physical Therapy,881.05,2023-01-01
10330,1979,Diagnostic Imaging,322.18,2023-12-28
10331,4651,Medication,376.0,2022-06-07
10332,3677,Rehabilitation,1857.65,2024-12-29
10333,1909,Surgery,5463.2,2022-10-04
10334,931,Consultation,463.53,2024-10-23
10335,3999,Surgery,6549.29,2025-03-22
10336,3260,Physical Therapy,854.47,2024-11-27
10337,7157,Laboratory Test,422.72,2024-10-17
10338,6460,Surgery,10216.28,2024-01-09
10339,6186,Diagnostic Imaging,649.72,2023-10-14
10340,6863,Surgery,4621.87,2025-05-25
10341,5720,Laboratory Test,411.23,2022-06-11
10342,5149,Diagnostic Imaging,649.99,2022-04-05
10343,5217,Physical Therapy,1128.37,2024-10-23
10344,7183,Consultation,428.31,2025-07-18
10345,7550,Laboratory Test,589.74,2025-01-25
10346,7758,Surgery,11132.49,2025-02-14
10347,8592,Surgery,8600.27,2024-01-01
10348,6927,Diagnostic Imaging,405.06,2022-07-15
10349,6484,Consultation,177.1,2024-01-28
10350,6726,Medication,332.87,2025-05-02
10351,8768,Radiation Therapy,1307.58,2023-08-12
10352,624,Chemotherapy,8159.9,2025-01-30
10353,9613,Surgery,-100.0,2023-12-05
10354,8109,Physical Therapy,631.61,2023-10-17
10355,2136,Physical Therapy,193.44,2025-05-18
10356,8461,Chemotherapy,,2026-01-14
10357,2808,Laboratory Test,341.42,2024-12-02
10358,143,Surgery,5081.31,2022-02-14
10359,4221,Physical Therapy,1240.35,2022-08-20
10360,6502,Diagnostic Imaging,341.36,2022-12-09
10361,7896,Surgery,13825.53,2023-03-24
10362,9988,Medication,462.11,2023-10-08
10363,1700,Radiation Therapy,1222.79,2025-04-16
10364,1414,Diagnostic Imaging,852.21,2024-04-23
10365,7474,Laboratory Test,551.17,2024-01-16
10366,6861,Chemotherapy,2374.69,2024-03-17
10367,7639,Physical Therapy,927.13,2023-12-13
10368,4602,Radiation Therapy,5190.35,2024-06-09
10369,7198,Surgery,11025.41,2023-08-03
10370,8887,Radiation Therapy,1316.1,2025-10-27
10371,5881,Rehabilitation,842.14,2025-02-12
10372,1895,Chemotherapy,2421.88,2023-11-03
10373,7512,Surgery,11521.06,2023-01-13
10374,5351,Laboratory Test,94.39,2022-04-16
10375,1489,Surgery,13219.47,2023-01-01
10376,1374,Surgery,6480.64,2024-04-13
10377,4982,Physical Therapy,400.04,2022-03-19
10378,8747,Physical Therapy,1246.59,2022-08-20
10379,3333,Chemotherapy,3964.15,2024-04-18
10380,7753,Radiation Therapy,4270.92,2023-06-12
10381,602,Physical Therapy,643.74,2025-03-01
10382,4496,Medication,273.0,2025-07-20
10383,4104,Diagnostic Imaging,132.54,2024-10-31
10384,772,Diagnostic Imaging,315.27,2023-01-30
10385,7803,Diagnostic Imaging,268.44,2024-01-31
10386,4695,Surgery,14321.32,2025-10-29
10387,8854,Physical Therapy,961.38,2025-07-21
10388,8005,Laboratory Test,556.09,2023-11-17
10389,1323,Radiation Therapy,4786.8,2024-02-27
10390,8078,Diagnostic Imaging,1107.26,2024-12-23
10391,5665,Rehabilitation,799.62,2024-04-04
10392,8194,Radiation Therapy,2788.69,2023-12-27
10393,674,Consultation,140.53,2024-09-16
10394,2808,Physical Therapy,734.99,2023-11-04
10395,1299,Surgery,9606.83,2023-04-23
10396,3590,Chemotherapy,6389.84,2025-03-22
10397,1895,Diagnostic Imaging,948.3,2022-10-18
10398,1121,Physical Therapy,984.47,2023-12-13
10399,4982,Radiation Therapy,5834.7,2022-06-13
10400,8937,Medication,202.58,2025-08-17
10401,1665,Diagnostic Imaging,132.92,2024-05-01
10402,6860,Rehabilitation,245.19,2024-10-02
10403,8815,Rehabilitation,2147.95,2022-04-23
10404,8373,Physical Therapy,639.62,2025-07-31
10405,1021,Medication,315.39,2022-09-16
10406,3391,Medication,382.0,2024-01-08
10407,392,Medication,236.47,2023-03-10
10408,1422,Medication,393.13,2022-05-24
10409,946,Radiation Therapy,6082.19,2023-06-04
10410,880,Rehabilitation,1205.51,2024-01-15
10411,1119,Chemotherapy,7007.22,2025-02-08
10412,5527,Laboratory Test,208.89,2024-09-17
10413,5883,Medication,467.12,2026-01-11
10414,8199,Surgery,4209.93,2022-05-29
10415,1314,Radiation Therapy,5281.46,2025-07-16
10416,3615,Consultation,260.03,2024-08-11
10417,5969,Radiation Therapy,1868.52,2025-12-08
10418,7779,Radiation Therapy,2478.9,2023-02-23
10419,5969,Diagnostic Imaging,946.92,2024-08-17
10420,1296,Medication,420.96,2026-01-05
10421,6058,Surgery,5487.18,2022-07-27
10422,3169,,543.27,2022-07-15
10423,7510,Chemotherapy,3144.51,2024-08-02
10424,6234,Chemotherapy,7178.82,2023-10-23
10425,4434,Radiation Therapy,3335.73,2023-12-20
10426,2064,Laboratory Test,98.09,2024-03-25
10427,2125,Rehabilitation,1137.68,2023-07-05
10428,4723,Medication,167.56,2023-03-06
10429,3468,Radiation Therapy,1016.27,2023-06-15
10430,1432,Consultation,441.89,2025-12-04
10431,1087,Consultation,227.44,2023-07-16
10432,114,Physical Therapy,1116.66,2023-03-24
10433,999999,Surgery,14212.37,2025-04-19
10434,1876,Rehabilitation,2157.21,2023-03-23
10435,231,Rehabilitation,728.98,2024-07-29
10436,7010,Consultation,399.4,2025-05-25
10437,8565,Laboratory Test,678.17,2023-09-22
10438,7383,Physical Therapy,952.89,2023-05-15
10439,8014,Physical Therapy,1147.39,2025-10-06
10440,7199,Chemotherapy,9219.31,2024-06-15
10441,1282,Laboratory Test,290.78,2022-05-10
10442,5893,Rehabilitation,1192.12,2022-03-09
10443,8214,Consultation,471.49,2025-12-17
10444,1732,Surgery,9520.2,2025-08-24
10445,8708,Diagnostic Imaging,511.28,2022-11-29
10446,6661,Laboratory Test,111.36,2022-06-30
10447,9483,Chemotherapy,8550.61,2025-06-03
10448,2088,Chemotherapy,5256.97,2025-01-21
10449,758,Rehabilitation,2492.02,2023-11-01
10450,3506,Physical Therapy,337.01,2024-09-10
10451,5276,Radiation Therapy,5844.35,2022-04-30
10452,9353,Medication,75.77,2022-06-28
10453,3128,Consultation,433.1,2025-12-25
10454,6663,Diagnostic Imaging,394.71,2023-10-09
10455,7679,Radiation Therapy,5806.56,2025-09-16
10456,5224,Radiation Therapy,5336.9,2025-05-12
10457,6856,Chemotherapy,1787.86,2024-02-28
10458,9265,Laboratory Test,301.58,2024-05-05
10459,5499,Physical Therapy,1281.27,2023-04-13
10460,7905,Surgery,10057.04,2024-05-29
10461,9785,Consultation,158.42,2025-09-07
10462,7812,Diagnostic Imaging,348.32,2024-05-21
10463,2156,Diagnostic Imaging,1095.62,2025-10-27
10464,3385,Radiation Therapy,3429.51,2024-01-09
10465,8220,Laboratory Test,260.0,2025-10-13
10466,8921,Rehabilitation,1841.4,2025-12-22
10467,6585,Consultation,282.7,2025-03-15
10468,8397,Laboratory Test,568.36,2023-09-04
10469,3280,Diagnostic Imaging,628.62,2025-05-14
10470,1060,Medication,174.6,2024-11-17
10471,9393,Surgery,2945.83,2025-01-21
10472,4246,Radiation Therapy,6150.66,2024-10-25
10473,6614,Laboratory Test,333.97,2023-08-18
10474,3397,Rehabilitation,911.96,2024-03-29
10475,5542,Consultation,84.93,2023-04-30
10476,763,Chemotherapy,9356.16,2023-08-06
10477,3357,Radiation Therapy,5854.68,2024-04-21
10478,2263,Rehabilitation,652.08,2022-02-14
10479,440,Surgery,2405.91,2024-04-03
10480,9438,Surgery,7362.99,2024-07-05
10481,9088,Laboratory Test,269.54,2026-01-08
10482,1480,Diagnostic Imaging,415.61,2023-06-23
10483,317,Consultation,194.36,2024-10-28
10484,632,Surgery,13955.99,2024-07-05
10485,8242,Physical Therapy,832.93,2022-01-05
10486,6855,Laboratory Test,33.89,2023-05-23
10487,2135,Medication,477.91,2022-09-12
10488,8656,Physical Therapy,1297.12,2025-09-04
10489,8377,Diagnostic Imaging,471.29,2025-03-03
10490,9936,Physical Therapy,586.94,2022-12-16
10491,7784,Chemotherapy,4710.23,2023-05-08
10492,5953,Physical Therapy,220.54,2024-08-26
10493,1780,Diagnostic Imaging,298.68,2023-07-14
10494,7607,Rehabilitation,1225.79,2024-01-08
10495,1276,Diagnostic Imaging,1149.48,2024-10-14
10496,7708,Surgery,5822.58,2023-07-10
10497,3457,Radiation Therapy,4503.75,2022-06-29
10498,8168,Radiation Therapy,2525.56,2025-04-10
10499,2549,Consultation,314.26,2026-01-05
10500,3850,Radiation Therapy,2788.86,2024-08-18
10501,9691,Medication,307.87,2024-11-09
10502,4709,Consultation,226.78,2023-01-29
10503,5697,Laboratory Test,203.14,2025-05-20
10504,3232,Diagnostic Imaging,1037.44,2023-10-10
10505,2323,Radiation Therapy,1202.34,2025-03-03
10506,8291,Surgery,11195.17,2024-06-14
10507,6721,Laboratory Test,196.37,2024-03-13
10508,9082,Rehabilitation,602.61,2022-03-23
10509,4132,Diagnostic Imaging,896.14,2024-03-22
10510,9403,Diagnostic Imaging,82.62,2024-12-20
10511,8371,Rehabilitation,1122.51,2023-10-25
10512,8260,Diagnostic Imaging,709.58,2024-03-11
10513,1064,Consultation,390.1,2022-12-18
10514,2264,Surgery,5615.56,2022-04-18
10515,2378,Diagnostic Imaging,657.49,2025-03-07
10516,1752,Rehabilitation,1700.93,2025-02-26
10517,3412,Medication,301.39,2023-05-13
10518,312,Diagnostic Imaging,397.77,2024-09-11
10519,7710,Medication,269.09,2025-08-03
10520,9389,Consultation,214.02,2024-02-24
10521,3781,Chemotherapy,7624.88,2023-11-12
10522,999999,Physical Therapy,424.04,2025-07-21
10523,59,Radiation Therapy,3731.09,2024-03-12
10524,2921,Consultation,354.61,2024-09-05
10525,5046,Physical Therapy,227.25,2022-09-29
10526,2824,Radiation Therapy,5652.97,2024-06-09
10527,6340,Surgery,4162.29,2023-10-01
10528,9868,Consultation,487.34,2022-05-03
10529,1118,Radiation Therapy,3977.97,2025-01-12
10530,6734,Radiation Therapy,2923.55,2022-06-24
10531,4751,Consultation,182.76,2025-03-31
10532,7433,Medication,224.87,2022-12-18
10533,1359,Physical Therapy,1124.74,2024-10-24
10534,5657,Diagnostic Imaging,1016.54,2023-11-04
10535,3895,Physical Therapy,1102.71,2023-07-21
10536,7803,Consultation,317.81,2023-09-29
10537,3058,Physical Therapy,727.76,2023-04-13
10538,6962,Rehabilitation,788.63,2025-10-03
10539,9338,Consultation,385.91,2023-09-13
10540,9434,Chemotherapy,2378.64,2025-01-19
10541,5469,Consultation,57.34,2022-02-26
10542,5804,Radiation Therapy,2158.37,2022-02-27
10543,2814,Rehabilitation,2014.47,2024-02-05
10544,7131,Chemotherapy,2723.76,2025-08-14
10545,2621,Consultation,185.76,2023-04-21
10546,9540,Radiation Therapy,2960.15,2024-01-01
10547,5848,Surgery,9172.0,2025-09-08
10548,5033,Medication,222.39,2022-05-01
10549,7268,Radiation Therapy,2422.6,2023-12-15
10550,9863,Chemotherapy,7199.29,2022-05-18
10551,2626,Surgery,1941.54,2025-05-15
10552,3147,Diagnostic Imaging,1082.1,2024-07-06
10553,8145,Diagnostic Imaging,1031.79,2022-12-22
10554,364,Diagnostic Imaging,829.31,2024-06-24
10555,2879,Surgery,4789.37,2024-09-03
10556,2058,Chemotherapy,9620.61,2024-08-13
10557,5379,Chemotherapy,7845.25,2023-02-02
10558,4182,Rehabilitation,2496.07,2022-01-27
10559,2348,Rehabilitation,1117.39,2025-11-27
10560,6330,Chemotherapy,5406.96,2025-08-23
10561,1765,Medication,57.57,2025-08-27
10562,2158,Physical Therapy,566.13,2023-02-01
10563,7573,Radiation Therapy,1386.53,2024-11-06
10564,8818,Chemotherapy,8367.24,2022-09-28
10565,5862,Surgery,1115.05,2022-01-06
10566,9896,Medication,337.81,2024-04-03
10567,5244,Consultation,378.62,2024-11-23
10568,7840,Laboratory Test,269.56,2024-08-01
10569,2551,Physical Therapy,455.3,2024-08-04
10570,8549,Radiation Therapy,2300.36,2023-04-17
10571,6707,Chemotherapy,5856.52,2024-02-21
10572,3703,Chemotherapy,1848.02,2022-03-11
10573,312,Surgery,4368.18,2023-07-09
10574,3735,Chemotherapy,4341.29,2025-11-22
10575,5210,Diagnostic Imaging,792.04,2023-03-16
10576,5513,Diagnostic Imaging,799.22,2023-12-09
10577,464,Physical Therapy,986.02,2025-08-24
10578,7386,Laboratory Test,289.67,2022-10-07
10579,6734,Chemotherapy,9714.03,2023-08-20
10580,1989,Consultation,273.9,2022-02-28
10581,5928,Radiation Therapy,4831.81,2022-11-03
10582,7805,Consultation,53.39,2025-03-22
10583,8581,Laboratory Test,594.82,2023-06-22
10584,7377,Surgery,9348.32,2023-08-05
10585,1631,Diagnostic Imaging,723.69,2024-10-01
10586,9693,Surgery,9452.3,2024-03-09
10587,7935,Consultation,255.82,2023-12-17
10588,1,Chemotherapy,8772.49,2025-03-15
10589,1969,Rehabilitation,889.36,2023-10-25
10590,4112,Consultation,440.78,2024-07-25
10591,2343,Laboratory Test,507.03,2025-09-27
10592,5733,Surgery,,2025-02-12
10593,5641,Medication,122.35,2024-10-13
10594,2626,Chemotherapy,6854.45,2025-06-10
10595,9616,Chemotherapy,9896.06,2023-11-10
10596,4046,Chemotherapy,9338.94,2023-12-17
10597,2118,Chemotherapy,7460.35,2025-06-26
10598,8069,Rehabilitation,575.46,2022-08-12
10599,5084,Medication,22.88,2024-10-10
10600,1416,Physical Therapy,1309.38,2023-07-23
10601,2058,Rehabilitation,284.78,2026-01-18
10602,8989,Surgery,12258.08,2025-03-31
10603,5241,Surgery,9461.76,2022-05-04
10604,5036,Rehabilitation,2131.25,2022-12-13
10605,760,Chemotherapy,7383.38,2024-02-26
10606,8160,Radiation Therapy,5326.44,2024-05-29
10607,2948,Diagnostic Imaging,719.02,2023-12-25
10608,580,Rehabilitation,2062.31,2022-06-24
10609,2882,Laboratory Test,293.76,2025-07-23
10610,3540,Chemotherapy,3841.36,2024-03-08
10611,6323,Radiation Therapy,6102.13,2024-07-08
10612,2110,Medication,302.33,2024-11-04
10613,3434,Rehabilitation,2471.08,2024-08-30
10614,5960,Rehabilitation,292.32,2025-08-23
10615,619,Diagnostic Imaging,362.33,2023-12-26
10616,40,Physical Therapy,1411.58,2024-03-27
10617,8719,Consultation,334.94,2025-11-08
10618,9508,Radiation Therapy,2349.12,2022-06-08
10619,581,Radiation Therapy,3328.0,2025-01-01
10620,520,Surgery,3478.05,2022-08-14
10621,1634,Rehabilitation,1757.76,2022-02-01
10622,6014,Radiation Therapy,2581.28,2025-10-24
10623,7142,Radiation Therapy,2710.28,2022-05-18
10624,387,Radiation Therapy,2098.02,2024-01-25
10625,7862,Rehabilitation,1337.32,2024-05-26
10626,6477,Radiation Therapy,5935.45,2024-03-26
10627,3505,Radiation Therapy,3615.22,2024-03-26
10628,8086,Physical Therapy,478.73,2024-07-21
10629,7337,Radiation Therapy,7132.27,2024-09-22
10630,4401,Radiation Therapy,2686.38,2022-02-22
10631,930,Rehabilitation,1742.09,2025-02-02
10632,4771,Rehabilitation,574.21,2023-08-10
10633,3777,Radiation Therapy,7953.47,2022-09-17
10634,3964,Rehabilitation,315.84,2023-01-31
10635,9184,Laboratory Test,195.56,2024-07-06
10636,3752,Radiation Therapy,4140.15,2022-05-03
10637,6794,Rehabilitation,1711.68,2025-01-03
10638,5019,Laboratory Test,558.26,2023-06-30
10639,5019,Laboratory Test,347.88,2024-08-08
10640,1171,Diagnostic Imaging,1124.76,2023-10-28
10641,2086,Physical Therapy,608.42,2025-03-30
10642,1676,Medication,124.79,2024-03-05
10643,276,Physical Therapy,580.93,2025-05-27
10644,4770,Radiation Therapy,5484.26,2022-12-16
10645,457,Physical Therapy,546.1,2024-04-12
10646,9190,Physical Therapy,1451.92,2023-02-25
10647,8947,Diagnostic Imaging,207.92,2022-09-07
10648,9704,Chemotherapy,5482.32,2023-01-05
10649,247,Diagnostic Imaging,531.15,2023-08-07
10650,9338,Chemotherapy,8648.55,2023-05-14
10651,4788,Medication,203.0,2022-10-15
10652,4599,Physical Therapy,543.93,2024-05-02
10653,6214,Physical Therapy,1093.61,2023-11-23
10654,3395,Consultation,298.25,2022-10-20
10655,1126,Physical Therapy,156.01,2024-08-05
10656,9004,Chemotherapy,3950.75,2022-06-04
10657,7283,Diagnostic Imaging,1073.96,2022-12-27
10658,6845,Laboratory Test,691.85,2023-11-14
10659,1109,Diagnostic Imaging,563.24,2024-10-07
10660,5805,Surgery,7693.82,2023-08-15
10661,9117,Medication,184.11,2025-05-15
10662,4724,Chemotherapy,9103.57,2023-08-14
10663,4319,Medication,376.09,2024-09-23
10664,3591,Consultation,366.09,2022-01-18
10665,4517,Consultation,199.73,2024-08-07
10666,8678,Radiation Therapy,1871.11,2025-08-24
10667,3374,Laboratory Test,487.14,2022-09-20
10668,5246,Rehabilitation,364.15,2025-01-12
10669,3466,Surgery,12004.9,2023-03-07
10670,6771,Consultation,195.83,2022-10-05
10671,879,Rehabilitation,2381.32,2022-05-24
10672,5680,Radiation Therapy,3338.4,2023-01-10
10673,999999,Surgery,7547.07,2024-07-05
10674,6689,Surgery,14548.51,2024-08-28
10675,7564,Medication,204.75,2023-09-21
10676,27,Physical Therapy,1064.34,2024-01-22
10677,4623,Chemotherapy,2449.2,2024-04-20
10678,1903,Surgery,7229.68,2025-02-08
10679,1701,Chemotherapy,5983.4,2022-01-18
10680,4465,Medication,347.32,2023-07-06
10681,4305,Rehabilitation,2443.56,2022-01-01
10682,1141,Surgery,10577.69,2024-10-29
10683,5971,Medication,487.75,2022-03-29
10684,8903,Rehabilitation,1867.65,2026-01-22
10685,5136,Rehabilitation,2356.07,2022-09-26
10686,8063,Medication,128.03,2022-11-08
10687,4339,Medication,267.48,2024-11-22
10688,8765,Diagnostic Imaging,709.86,2023-09-23
10689,7877,Physical Therapy,1405.36,2024-01-10
10690,4421,Consultation,243.78,2024-04-01
10691,7341,Chemotherapy,2942.48,2023-09-03
10692,9815,Rehabilitation,2074.46,2025-07-07
10693,8357,Consultation,488.01,2022-09-16
10694,5745,Rehabilitation,2075.84,2022-07-03
10695,7274,Rehabilitation,1048.62,2025-10-29
10696,4203,Rehabilitation,1007.23,2023-03-31
10697,2003,Diagnostic Imaging,215.64,2024-08-14
10698,7758,Consultation,420.51,2023-01-08
10699,2788,Diagnostic Imaging,496.2,2025-07-25
10700,9546,Consultation,135.68,2025-02-15
10701,7456,Laboratory Test,47.05,2025-09-17
10702,2091,Chemotherapy,1549.72,2025-10-04
10703,3124,Rehabilitation,2327.0,2025-08-15
10704,5375,Physical Therapy,1218.56,2024-08-29
10705,3273,Laboratory Test,344.22,2023-03-28
10706,2725,Laboratory Test,395.72,2024-10-09
10707,2175,Surgery,7107.76,2025-08-28
10708,5048,Surgery,6360.28,2024-07-01
10709,9397,Surgery,4797.89,2023-01-03
10710,1721,Rehabilitation,372.88,2024-04-12
10711,972,Consultation,275.12,2025-08-13
10712,1739,Surgery,9983.3,2023-12-18
10713,9933,Rehabilitation,288.06,2023-12-24
10714,9829,Laboratory Test,99.47,2023-02-25
10715,8036,Radiation Therapy,4859.33,2023-03-19
10716,2043,Laboratory Test,629.78,2023-02-06
10717,5885,Radiation Therapy,3273.73,2022-05-22
10718,7865,Medication,156.11,2022-03-23
10719,6679,Laboratory Test,74.18,2025-07-28
10720,2660,Chemotherapy,9847.42,2023-09-29
10721,2387,Radiation Therapy,3555.25,2023-09-30
10722,7898,Rehabilitation,1294.5,2025-05-03
10723,3587,Radiation Therapy,5268.92,2022-11-08
10724,3634,Diagnostic Imaging,142.82,2025-04-06
10725,48,Laboratory Test,299.72,2025-02-17
10726,1868,Medication,185.0,2025-09-16
10727,4389,Medication,311.6,2025-11-24
10728,7912,Radiation Therapy,2897.82,2023-05-31
10729,5235,Physical Therapy,327.98,2025-09-19
10730,9810,Physical Therapy,1364.52,2025-09-16
10731,5543,Rehabilitation,351.91,2023-04-06
10732,5581,Rehabilitation,775.56,2022-09-24
10733,6924,Radiation Therapy,7073.96,2022-07-01
10734,1023,Laboratory Test,57.01,2025-04-29
10735,8267,Physical Therapy,459.26,2025-07-23
10736,1091,Rehabilitation,922.51,2024-04-29
10737,6617,Radiation Therapy,5179.72,2022-05-01
10738,8309,Physical Therapy,341.18,2024-01-10
10739,6516,Rehabilitation,1760.64,2024-03-24
10740,9001,Laboratory Test,264.41,2025-06-05
10741,5399,Laboratory Test,533.57,2025-03-14
10742,7226,Physical Therapy,1459.08,2022-07-22
10743,6876,Surgery,4260.59,2024-05-08
10744,2120,Diagnostic Imaging,565.7,2025-02-23
10745,3632,Rehabilitation,1687.98,2024-06-22
10746,5723,Consultation,263.51,2022-06-08
10747,4942,Chemotherapy,5748.74,2024-10-15
10748,2584,Diagnostic Imaging,497.63,2024-03-12
10749,5845,Physical Therapy,939.67,2024-04-12
10750,4930,Surgery,4406.3,2024-08-19
10751,9124,Diagnostic Imaging,1123.05,2022-08-23
10752,5117,Radiation Therapy,7378.43,2025-01-21
10753,4160,Consultation,254.35,2022-04-09
10754,9625,Radiation Therapy,6553.02,2024-07-19
10755,199,Radiation Therapy,5718.53,2024-03-14
10756,1993,Surgery,7845.35,2023-11-26
10757,4140,Medication,201.5,2022-07-21
10758,8441,Medication,291.2,2022-07-24
10759,6511,Surgery,14246.32,2023-05-15
10760,3108,Rehabilitation,1701.42,2023-07-30
10761,2128,Chemotherapy,6082.99,2025-08-30
10762,1138,Chemotherapy,2983.06,2024-06-29
10763,823,Radiation Therapy,2469.91,2024-09-30
10764,5201,Radiation Therapy,7930.33,2022-06-05
10765,9336,Consultation,494.12,2023-10-03
10766,6835,Rehabilitation,720.34,2024-01-01
10767,9341,Physical Therapy,704.4,2025-06-27
10768,7705,Diagnostic Imaging,312.67,2025-08-18
10769,3605,Medication,205.0,2022-10-28
10770,4676,Surgery,1888.93,2025-06-14
10771,7489,Radiation Therapy,5110.57,2025-01-04
10772,3162,Consultation,443.34,2024-05-23
10773,5147,Radiation Therapy,3014.7,2022-03-05
10774,6441,Chemotherapy,4600.06,2024-05-04
10775,5515,Medication,79.77,2022-01-13
10776,4608,Physical Therapy,612.37,2023-04-18
10777,7046,Laboratory Test,136.68,2024-10-31
10778,2594,Rehabilitation,1599.87,2023-10-09
10779,98,Consultation,195.91,2023-07-01
10780,1487,Radiation Therapy,6221.29,2024-03-04
10781,3540,Consultation,485.68,2024-12-09
10782,7924,Chemotherapy,5760.84,2024-10-18
10783,650,Surgery,8146.21,2024-05-01
10784,3305,Diagnostic Imaging,1124.56,2025-11-28
10785,984,Rehabilitation,2365.42,2023-05-23
10786,5706,Diagnostic Imaging,850.51,2023-01-15
10787,1357,Physical Therapy,694.46,2024-02-07
10788,9173,Diagnostic Imaging,151.29,2024-01-28
10789,5876,Physical Therapy,991.44,2025-10-06
10790,4438,Laboratory Test,403.5,2025-12-27
10791,3780,Chemotherapy,6472.34,2024-09-14
10792,1623,Consultation,120.18,2024-07-11
10793,4721,Medication,180.55,2023-08-20
10794,1863,Physical Therapy,1274.07,2023-07-24
10795,9437,Laboratory Test,83.83,2022-09-07
10796,9485,Diagnostic Imaging,516.06,2024-01-18
10797,7290,Physical Therapy,1141.05,2022-07-07
10798,492,Surgery,11808.8,2024-11-15
10799,3709,Medication,480.11,2023-05-24
10800,8950,Physical Therapy,1248.23,2022-01-29
10801,1275,Physical Therapy,1297.07,2022-07-19
10802,9874,Rehabilitation,560.44,2026-01-22
10803,2510,Physical Therapy,308.09,2025-07-23
10804,7668,Medication,485.23,2024-02-08
10805,2743,Rehabilitation,1873.51,2024-10-14
10806,604,Medication,263.68,2025-09-24
10807,5400,Diagnostic Imaging,670.23,2026-01-25
10808,6974,Medication,440.61,2025-04-05
10809,8056,Chemotherapy,6001.85,2022-06-24
10810,8249,Laboratory Test,463.56,2023-02-10
10811,744,Chemotherapy,1952.04,2023-10-02
10812,2249,Laboratory Test,258.06,2022-10-22
10813,7380,Consultation,445.99,2023-12-12
10814,9072,Chemotherapy,7119.24,2022-08-13
10815,7769,Physical Therapy,717.14,2023-04-01
10816,6616,Surgery,1163.09,2025-10-20
10817,214,Medication,184.29,2022-06-04
10818,2365,Diagnostic Imaging,1022.16,2022-01-24
10819,5987,Surgery,2207.43,2025-10-30
10820,266,Surgery,5651.32,2024-05-22
10821,988,Surgery,9407.42,2022-02-09
10822,653,Laboratory Test,474.11,2025-06-13
10823,4376,Consultation,259.25,2024-04-08
10824,566,Surgery,9134.68,2023-01-06
10825,3413,Medication,234.02,2025-06-23
10826,9081,Physical Therapy,920.45,2023-05-31
10827,3532,Diagnostic Imaging,450.29,2024-12-06
10828,6557,Diagnostic Imaging,1153.29,2025-09-28
10829,9247,Physical Therapy,148.76,2025-09-29
10830,9835,Laboratory Test,235.06,2024-07-12
10831,5110,Radiation Therapy,6948.35,2024-06-09
10832,1031,Surgery,1463.36,2022-02-25
10833,1038,Surgery,11518.61,2023-09-30
10834,4300,Physical Therapy,909.19,2022-05-10
10835,9574,Consultation,154.78,2022-07-01
10836,9942,Laboratory Test,389.03,2025-10-27
10837,7101,Diagnostic Imaging,229.37,2025-07-05
10838,5793,Consultation,430.13,2024-12-26
10839,4830,Physical Therapy,709.11,2024-01-19
10840,6992,Radiation Therapy,5082.97,2025-07-03
10841,8134,Diagnostic Imaging,749.68,2023-11-13
10842,2216,Radiation Therapy,3916.69,2022-12-04
10843,3895,Diagnostic Imaging,645.4,2025-08-05
10844,2423,Chemotherapy,9470.83,2025-08-04
10845,4227,Surgery,14530.66,2025-01-30
10846,1758,Medication,218.99,2025-03-25
10847,9746,Rehabilitation,213.73,2022-07-05
10848,9332,Laboratory Test,53.62,2022-11-24
10849,8077,Consultation,278.82,2023-04-19
10850,5440,Diagnostic Imaging,519.43,2023-01-10
10851,9955,Consultation,371.01,2023-12-23
10852,7960,Medication,177.38,2025-11-14
10853,9943,Surgery,12838.19,2024-06-24
10854,561,Consultation,277.47,2023-04-30
10855,811,Consultation,224.98,2022-06-29
10856,9330,Consultation,89.96,2023-03-01
10857,3558,Medication,78.11,2022-09-11
10858,109,Radiation Therapy,4586.68,2022-06-13
10859,2696,Laboratory Test,672.74,2024-04-28
10860,4853,Chemotherapy,7716.24,2024-10-13
10861,9696,Chemotherapy,8227.43,2024-08-24
10862,9850,Chemotherapy,3517.48,2023-09-15
10863,6442,Chemotherapy,5545.52,2024-01-05
10864,632,Medication,90.87,2024-01-04
10865,2617,Rehabilitation,2330.64,2022-04-05
10866,4383,Radiation Therapy,3964.3,2023-10-18
10867,4871,Diagnostic Imaging,791.14,2025-07-17
10868,6232,Rehabilitation,2266.42,2022-05-10
10869,8162,Medication,31.67,2022-11-07
10870,6511,Consultation,117.3,2022-10-16
10871,420,Medication,37.4,2023-05-08
10872,6406,Medication,292.11,2023-07-25
10873,3560,Radiation Therapy,4468.62,2024-07-01
10874,3384,Physical Therapy,1332.94,2022-06-20
10875,1740,Chemotherapy,8172.85,2024-08-08
10876,8616,Rehabilitation,434.46,2025-06-27
10877,3582,Diagnostic Imaging,663.43,2022-08-31
10878,2586,Medication,342.79,2022-09-01
10879,2180,Chemotherapy,4132.49,2023-02-08
10880,4801,Medication,273.8,2025-12-15
10881,4078,Laboratory Test,325.75,2023-06-14
10882,1533,Chemotherapy,8767.36,2022-01-31
10883,7030,Physical Therapy,825.88,2024-08-25
10884,7196,Physical Therapy,1127.3,2024-06-06
10885,7818,Laboratory Test,662.56,2024-07-24
10886,5664,Laboratory Test,298.11,2025-03-28
10887,4592,Physical Therapy,1225.93,2024-08-21
10888,9041,Physical Therapy,1255.83,2022-12-29
10889,8151,Surgery,9679.67,2025-01-02
10890,4811,Medication,21.28,2022-04-11
10891,2450,Diagnostic Imaging,1012.47,2023-05-29
10892,3765,Consultation,61.77,2022-07-10
10893,708,Chemotherapy,7808.27,2022-03-27
10894,1872,Medication,491.75,2024-06-25
10895,3271,Radiation Therapy,7121.65,2025-06-23
10896,4787,Diagnostic Imaging,1150.59,2023-08-05
10897,203,Laboratory Test,391.44,2022-01-31
10898,3916,Rehabilitation,1461.4,2022-06-25
10899,7146,Chemotherapy,9549.23,2023-01-28
10900,1168,Rehabilitation,634.28,2023-08-14
10901,3042,Rehabilitation,457.31,2022-02-21
10902,2867,Chemotherapy,3612.67,2023-08-29
10903,9920,Medication,348.42,2022-12-30
10904,8687,Physical Therapy,381.21,2022-10-17
10905,7679,Physical Therapy,677.5,2023-06-28
10906,5226,Consultation,308.37,2024-01-26
10907,3286,Laboratory Test,124.68,2025-06-06
10908,7686,Chemotherapy,2262.78,2025-05-06
10909,4907,Surgery,4232.84,2025-10-02
10910,7265,Laboratory Test,628.79,2023-06-04
10911,6025,Radiation Therapy,7874.56,2026-01-11
10912,2382,Rehabilitation,1746.69,2022-10-15
10913,6457,Radiation Therapy,7885.82,2025-04-05
10914,1902,Rehabilitation,2121.83,2022-01-24
10915,7837,Laboratory Test,138.91,2025-11-06
10916,9889,Consultation,381.78,2024-09-03
10917,3990,Surgery,2494.18,2022-01-12
10918,7133,Physical Therapy,1344.06,2025-01-21
10919,6126,Consultation,300.75,2024-03-11
10920,7412,Diagnostic Imaging,708.97,2024-03-06
10921,9587,Consultation,343.48,2023-12-19
10922,7306,Diagnostic Imaging,470.43,2022-09-20
10923,9816,Laboratory Test,515.62,2025-12-05
10924,515,Consultation,496.81,2023-07-28
10925,9262,Consultation,299.7,2025-08-20
10926,8581,Rehabilitation,1997.11,2022-03-29
10927,3182,Radiation Therapy,5955.13,2024-12-21
10928,1109,Physical Therapy,924.31,2023-10-01
10929,6162,Diagnostic Imaging,960.11,2025-02-14
10930,8831,Surgery,12908.88,2023-08-09
10931,9942,Laboratory Test,609.85,2024-01-24
10932,2464,Consultation,171.45,2022-11-19
10933,6563,Physical Therapy,709.42,2024-08-01
10934,2192,Medication,31.75,2024-12-15
10935,2892,Physical Therapy,684.98,2023-02-21
10936,3717,Consultation,71.97,2025-04-12
10937,948,Rehabilitation,943.05,2022-09-26
10938,6978,Chemotherapy,2501.91,2024-01-01
10939,5842,Rehabilitation,1923.92,2025-13-01
10940,3482,Rehabilitation,490.2,2022-07-24
10941,6720,Chemotherapy,8445.85,2025-01-21
10942,3806,Laboratory Test,50.93,2024-12-11
10943,4737,Radiation Therapy,4263.96,2025-03-01
10944,8114,Medication,206.3,2022-12-05
10945,5427,Diagnostic Imaging,754.94,2022-07-21
10946,9416,Surgery,7764.85,2025-02-03
10947,1064,Laboratory Test,406.22,2022-03-05
10948,8142,Rehabilitation,1078.86,2024-09-22
10949,5549,Physical Therapy,740.35,2025-04-14
10950,2889,Consultation,187.68,2023-07-24
10951,5167,Consultation,193.86,2022-02-13
10952,359,Diagnostic Imaging,869.04,2024-12-08
10953,1946,Consultation,331.05,2025-03-10
10954,9350,Rehabilitation,1019.19,2024-09-16
10955,9108,Radiation Therapy,5808.38,2025-03-28
10956,534,Chemotherapy,4945.5,2024-12-23
10957,1698,Radiation Therapy,1856.69,2025-07-27
10958,4046,Chemotherapy,1658.39,2024-01-13
10959,3550,Medication,316.35,2023-12-20
10960,4329,Rehabilitation,1862.64,2022-05-28
10961,8952,Rehabilitation,1070.78,2024-02-16
10962,1170,Physical Therapy,539.02,2022-06-02
10963,3501,Consultation,127.94,2024-11-09
10964,2788,Surgery,13923.7,2023-12-30
10965,4711,Physical Therapy,1235.59,2023-02-16
10966,4505,Physical Therapy,705.66,2025-05-16
10967,7052,Consultation,368.61,2023-01-14
10968,3395,Diagnostic Imaging,474.86,2024-03-18
10969,410,Radiation Therapy,4226.98,2024-10-16
10970,2890,Radiation Therapy,4181.54,2023-10-02
10971,810,Consultation,396.11,2023-12-04
10972,9892,Radiation Therapy,2430.19,2022-07-12
10973,4793,Chemotherapy,1796.74,2024-10-27
10974,2836,Rehabilitation,2186.1,2024-06-26
10975,1582,Consultation,269.23,2022-12-14
10976,8580,Surgery,11086.37,2022-10-18
10977,9364,Rehabilitation,278.94,2023-02-06
10978,2234,Diagnostic Imaging,344.63,2023-10-18
10979,6544,Physical Therapy,145.52,2025-02-16
10980,6468,Diagnostic Imaging,907.7,2023-05-28
10981,1951,Rehabilitation,1894.18,2025-09-08
10982,951,Radiation Therapy,5553.64,2026-01-14
10983,4587,Radiation Therapy,2063.75,2025-01-30
10984,8343,Physical Therapy,411.01,2024-10-06
10985,5451,Consultation,113.28,2024-07-20
10986,4988,Medication,271.95,2022-04-19
10987,9648,Physical Therapy,306.65,2025-02-23
10988,2822,Chemotherapy,3450.06,2022-05-09
10989,5681,Chemotherapy,3293.68,2026-01-07
10990,8719,Diagnostic Imaging,1074.17,2023-06-24
10991,4083,Consultation,60.79,2024-01-23
10992,1805,Radiation Therapy,6823.15,2025-08-14
10993,9871,Consultation,226.36,2025-01-27
10994,4598,Medication,268.99,2023-01-14
10995,6864,Diagnostic Imaging,1000.21,2024-10-19
10996,3685,Medication,228.45,2023-11-05
10997,6749,Radiation Therapy,3399.96,2025-12-03
10998,3196,Radiation Therapy,7058.55,2025-03-04
10999,167,Diagnostic Imaging,191.18,2025-06-21
11000,5707,Rehabilitation,911.61,2025-05-12
11001,8254,Surgery,13620.81,2024-08-28
11002,504,Radiation Therapy,1668.25,2022-10-20
11003,5160,Diagnostic Imaging,427.93,2022-10-10
11004,5340,Laboratory Test,565.41,2023-11-16
11005,5174,Rehabilitation,1076.52,2023-10-04
11006,3732,Rehabilitation,2398.15,2022-01-09
11007,8714,Rehabilitation,2042.51,2024-07-25
11008,5518,Surgery,1068.26,2023-04-27
11009,7122,Diagnostic Imaging,464.92,2025-06-02
11010,5093,Diagnostic Imaging,583.98,2022-06-12
11011,976,Rehabilitation,1832.73,2025-10-27
11012,5018,Rehabilitation,1656.05,2024-11-24
11013,1349,Physical Therapy,1069.56,2023-04-09
11014,1620,Surgery,1772.42,2025-09-01
11015,7896,Medication,176.92,2025-12-03
11016,8076,Medication,379.28,2026-01-10
11017,1965,Laboratory Test,654.36,2024-09-15
11018,2821,Surgery,14889.92,2025-03-13
11019,4860,Radiation Therapy,5544.32,2022-07-25
11020,7303,Radiation Therapy,4301.6,2024-08-30
11021,6432,Radiation Therapy,6061.04,2026-01-29
11022,4016,Rehabilitation,635.02,2024-04-21
11023,3143,Laboratory Test,506.37,2022-12-16
11024,4761,Laboratory Test,142.61,2025-05-08
11025,6109,Rehabilitation,2325.56,2022-09-12
11026,5936,Consultation,386.22,2025-10-07
11027,2106,Laboratory Test,83.9,2026-01-22
11028,3438,Chemotherapy,8189.53,2025-08-03
11029,9893,Medication,450.27,2025-08-29
11030,8196,Laboratory Test,606.24,2023-04-26
11031,9307,Diagnostic Imaging,410.18,2023-10-01
11032,94,Laboratory Test,681.89,2024-11-18
11033,9521,Radiation Therapy,2971.08,2023-08-12
11034,6691,Chemotherapy,3920.76,2023-02-12
11035,7657,Radiation Therapy,6344.87,2022-05-21
11036,41,Diagnostic Imaging,643.61,2022-08-15
11037,8782,Diagnostic Imaging,1125.64,2023-12-11
11038,310,Rehabilitation,1200.46,2022-09-23
11039,823,Rehabilitation,1885.05,2023-12-18
11040,2339,Diagnostic Imaging,1103.23,2025-11-16
11041,7443,Medication,158.06,2022-01-27
11042,6116,Chemotherapy,2974.49,2025-01-22
11043,5422,Physical Therapy,131.46,2024-03-28
11044,2040,Rehabilitation,2053.27,2022-09-16
11045,8693,Consultation,447.75,2025-01-12
11046,6208,Chemotherapy,7927.41,2024-07-25
11047,9044,Laboratory Test,294.62,2022-12-23
11048,9470,Diagnostic Imaging,842.82,2022-11-25
11049,4487,Chemotherapy,6243.45,2025-06-14
11050,3703,Laboratory Test,532.95,2023-05-15
11051,767,Diagnostic Imaging,830.68,2025-12-12
11052,6492,Laboratory Test,649.01,2023-03-16
11053,8167,Medication,482.9,2023-06-11
11054,6080,Consultation,344.22,2024-04-11
11055,8065,Chemotherapy,9411.61,2024-10-17
11056,6374,Consultation,484.14,2023-05-15
11057,2208,Laboratory Test,575.2,2022-10-19
11058,3638,Medication,124.6,2023-08-17
11059,6207,Surgery,12184.56,2022-12-19
11060,9830,Radiation Therapy,4577.7,2024-10-27
11061,4540,Diagnostic Imaging,729.65,2022-11-18
11062,9521,Rehabilitation,998.54,2024-06-09
11063,7602,Medication,127.97,2025-03-02
11064,3553,Chemotherapy,7814.53,2024-04-16
11065,4200,Surgery,10972.84,2023-05-08
11066,9251,Rehabilitation,1967.03,2025-08-06
11067,8544,Medication,258.5,2025-10-26
11068,6505,Radiation Therapy,3340.07,2023-06-13
11069,6965,Radiation Therapy,4668.29,2025-05-17
11070,4942,Physical Therapy,1392.63,2024-05-28
11071,7076,Surgery,6434.63,2024-11-06
11072,8914,Surgery,6425.12,2023-12-26
11073,9738,Rehabilitation,1977.58,2023-10-29
11074,780,Radiation Therapy,2531.38,2022-12-31
11075,6107,Laboratory Test,558.64,2025-06-19
11076,5418,Laboratory Test,574.04,2023-07-07
11077,2556,Consultation,211.54,2025-05-30
11078,5044,Radiation Therapy,3587.88,2022-03-21
11079,9603,Consultation,295.5,2025-01-06
11080,998,Surgery,11768.51,2022-03-22
11081,2135,Diagnostic Imaging,1100.38,2022-12-10
11082,9690,Surgery,6609.38,2023-08-29
11083,1723,Diagnostic Imaging,352.47,2025-09-23
11084,8604,Chemotherapy,3777.75,2024-05-19
11085,9692,Rehabilitation,417.58,2024-10-17
11086,7752,Laboratory Test,392.79,2022-01-11
11087,8332,Consultation,222.71,2023-04-27
11088,2256,Rehabilitation,725.55,2022-08-30
11089,3165,Surgery,12261.0,2022-03-02
11090,1335,Rehabilitation,1010.48,2024-01-27
11091,9272,Diagnostic Imaging,387.28,2025-09-24
11092,4672,Physical Therapy,622.93,2025-01-21
11093,5957,Laboratory Test,354.97,2022-08-17
11094,5645,Diagnostic Imaging,318.43,2022-11-24
11095,7799,Consultation,286.46,2022-06-24
11096,8743,Radiation Therapy,5311.81,2026-01-28
11097,7603,Surgery,3193.36,2025-08-19
11098,2319,Surgery,5434.59,2022-04-24
11099,5929,Rehabilitation,790.0,2023-06-06
11100,7458,Diagnostic Imaging,283.74,2022-09-21
11101,1307,Laboratory Test,492.82,2023-12-25
11102,8363,Medication,29.87,2024-06-25
11103,3634,Laboratory Test,142.03,2023-11-14
11104,7774,Radiation Therapy,1351.09,2023-09-19
11105,8898,Laboratory Test,393.17,2022-01-17
11106,6751,Rehabilitation,1489.57,2022-10-26
11107,8840,Chemotherapy,2594.41,2024-07-29
11108,2240,Chemotherapy,6783.94,2022-03-08
11109,6386,Diagnostic Imaging,640.18,2023-11-08
11110,669,Chemotherapy,8219.84,2024-12-30
11111,3716,Radiation Therapy,2051.86,2025-08-12
11112,2386,Surgery,2191.47,2024-08-08
11113,4991,Chemotherapy,6353.68,2023-01-03
11114,7267,Rehabilitation,1337.77,2025-02-09
11115,3585,Laboratory Test,487.18,2025-06-03
11116,5104,Surgery,10533.39,2023-08-10
11117,711,Consultation,347.83,2023-02-13
11118,613,Radiation Therapy,6450.2,2023-11-05
11119,8704,Medication,139.0,2025-01-06
11120,1367,Diagnostic Imaging,521.26,2025-07-29
11121,2673,Chemotherapy,8148.51,2023-10-20
11122,1988,Laboratory Test,206.83,2023-10-02
11123,8534,Chemotherapy,2914.63,2025-04-14
11124,9079,Surgery,14387.9,2023-10-08
11125,6792,Chemotherapy,1551.11,2022-08-01
11126,218,Rehabilitation,960.24,2022-10-14
11127,3664,Medication,370.93,2023-03-05
11128,8201,Medication,173.83,2024-11-03
11129,8159,Consultation,470.08,2023-09-10
11130,3749,Surgery,11499.75,2025-10-13
11131,2583,Surgery,12478.21,2022-10-17
11132,5632,Diagnostic Imaging,579.82,2022-10-17
11133,7301,Consultation,328.94,2024-10-02
11134,4097,Medication,463.5,2023-04-05
11135,9482,Radiation Therapy,2547.69,2024-12-25
11136,9873,Diagnostic Imaging,642.61,2025-05-16
11137,6626,Physical Therapy,164.99,2025-01-01
11138,8478,Medication,366.43,2024-02-23
11139,7053,Physical Therapy,605.55,2024-03-08
11140,2392,Consultation,101.07,2022-09-01
11141,4809,Diagnostic Imaging,177.22,2024-06-08
11142,4515,Chemotherapy,4750.44,2023-01-22
11143,2959,Rehabilitation,1280.63,2024-06-29
11144,11,Rehabilitation,1880.05,2024-10-27
11145,9418,Consultation,354.7,2023-09-20
11146,8641,Surgery,12410.31,2024-03-01
11147,6221,Radiation Therapy,2355.43,2022-06-26
11148,73,Rehabilitation,237.24,2025-04-08
11149,8385,Physical Therapy,1485.94,2024-02-23
11150,8134,Surgery,8345.74,2023-05-08
11151,7896,Radiation Therapy,1844.36,2022-10-09
11152,1833,Chemotherapy,7029.17,2024-02-08
11153,887,Surgery,13321.18,2024-02-05
11154,6654,Laboratory Test,423.47,2023-09-20
11155,3645,Consultation,130.89,2023-11-15
11156,2050,Medication ,9439.04,2022-03-06
11157,3151,Medication,247.4,2024-03-31
11158,1182,Medication,429.57,2024-12-23
11159,8578,Physical Therapy,1262.75,2025-01-12
11160,8642,Consultation,276.85,2023-10-26
11161,1804,Diagnostic Imaging,610.53,2022-05-17
11162,529,Medication,28.14,2026-01-01
11163,1015,Chemotherapy,8186.55,2025-07-03
11164,2198,Consultation,243.32,2023-09-25
11165,7759,Laboratory Test,595.81,2024-10-25
11166,6635,Physical Therapy,702.64,2023-02-17
11167,6799,Physical Therapy,256.73,2023-08-29
11168,6094,Medication,305.9,2025-08-27
11169,1381,Consultation,201.4,2023-07-27
11170,8542,Physical Therapy,580.63,2022-12-17
11171,7200,Rehabilitation,1123.75,2023-04-18
11172,4178,Medication,439.17,2024-04-04
11173,9845,Laboratory Test,111.41,2022-07-09
11174,8704,Physical Therapy,633.07,2024-03-20
11175,4936,Rehabilitation,1910.73,2025-10-30
11176,6126,Chemotherapy,4002.35,2024-04-15
11177,8235,Laboratory Test,643.39,2024-04-26
11178,153,Surgery,3291.97,2025-03-04
11179,1134,Chemotherapy,7183.12,2023-12-24
11180,6095,Medication,485.1,2022-07-17
11181,6434,Consultation,169.68,2025-05-13
11182,8766,Laboratory Test,434.2,2023-09-18
11183,154,Laboratory Test,96.81,2023-02-23
11184,7116,Consultation,452.39,2024-10-07
11185,2905,Consultation,54.68,2024-03-30
11186,6558,Surgery,8313.71,2025-08-17
11187,2295,Consultation,155.35,2024-04-06
11188,8517,Chemotherapy,8016.24,2025-12-26
11189,4083,Physical Therapy,810.02,2024-03-12
11190,2001,Rehabilitation,2342.12,2023-12-20
11191,7720,Radiation Therapy,7476.11,2025-04-27
11192,7242,Surgery,9523.8,2022-11-19
11193,344,Chemotherapy,4933.39,2022-12-20
11194,2566,Physical Therapy,1301.46,2024-03-19
11195,9719,Radiation Therapy,4942.72,2022-08-28
11196,7880,Radiation Therapy,3829.44,2024-12-06
11197,8615,Surgery,2879.71,2023-08-18
11198,81,Medication,53.07,2023-01-01
11199,8314,Rehabilitation,1540.53,2023-06-27
11200,1633,Consultation,324.92,2024-01-16
11201,308,Chemotherapy,9177.01,2024-05-29
11202,9541,Medication,371.3,2023-03-22
11203,9603,Rehabilitation,2036.33,2024-03-26
11204,9645,Rehabilitation,1817.84,2023-04-23
11205,8833,Medication,33.24,2022-05-12
11206,6363,Chemotherapy,1528.79,2024-11-05
11207,4646,Physical Therapy,122.25,2023-01-19
11208,3084,Rehabilitation,1907.75,2024-12-20
11209,37,Chemotherapy,5478.09,2024-07-06
11210,7444,Rehabilitation,746.59,2023-07-30
11211,2159,Laboratory Test,522.8,2025-01-26
11212,3827,Diagnostic Imaging,513.17,2023-03-24
11213,9795,Consultation,495.42,2025-09-14
11214,5747,Rehabilitation,936.41,2025-08-24
11215,3569,Surgery,13702.12,2022-12-09
11216,9198,Physical Therapy,961.99,2022-10-06
11217,4845,Physical Therapy,1069.0,2025-07-05
11218,5282,Medication,110.59,2023-03-20
11219,1497,Physical Therapy,1180.96,2022-05-12
11220,8782,Radiation Therapy,5794.15,2022-09-27
11221,3003,Consultation,131.43,2024-01-07
11222,3188,Chemotherapy,1817.26,2025-11-18
11223,4619,Radiation Therapy,3103.37,2022-10-10
11224,5896,Diagnostic Imaging,832.18,2024-01-13
11225,7004,Diagnostic Imaging,527.72,2025-10-06
11226,2709,Medication,499.36,2022-10-27
11227,5788,Physical Therapy,693.02,2025-11-23
11228,8668,Consultation,411.99,2025-05-09
11229,3759,Chemotherapy,4927.36,2024-03-03
11230,1364,Laboratory Test,259.89,2024-12-15
11231,2913,Surgery,3192.52,2024-07-11
11232,5562,Diagnostic Imaging,421.36,2024-02-13
11233,1262,Laboratory Test,631.93,2024-03-21
11234,4456,,217.0,2025-03-24
11235,5125,Medication,399.15,2022-08-12
11236,9530,Laboratory Test,342.93,2023-02-28
11237,7026,Surgery,14089.55,2022-02-01
11238,6545,Diagnostic Imaging,929.97,2025-02-21
11239,2643,Medication,299.57,2026-01-17
11240,7235,,957.13,2022-06-20
11241,3300,Consultation,98.15,2023-09-14
11242,1353,Radiation Therapy,5881.71,2022-05-18
11243,891,Chemotherapy,9500.27,2023-10-16
11244,2883,Surgery,7149.96,2024-11-15
11245,4705,Surgery,13001.92,2024-08-16
11246,5919,Diagnostic Imaging,793.13,2022-07-30
11247,7249,Chemotherapy,7578.42,2025-02-19
11248,3573,Laboratory Test,384.95,2023-08-25
11249,542,Surgery,11616.43,2023-03-08
11250,7913,Surgery,7410.24,2025-06-18
11251,4855,Radiation Therapy,1887.61,2022-06-11
11252,4029,Chemotherapy,4654.9,2022-05-08
11253,5069,Surgery,10367.35,2025-09-04
11254,3259,Physical Therapy,597.03,2022-01-01
11255,7591,Chemotherapy,8886.08,2023-07-23
11256,5255,Consultation,226.33,2023-09-23
11257,7395,Surgery,2686.8,2024-01-31
11258,3554,Diagnostic Imaging,859.49,2024-08-10
11259,8118,Laboratory Test,288.17,2023-09-06
11260,3474,Diagnostic Imaging,833.13,2022-11-24
11261,7227,Diagnostic Imaging,803.49,2023-02-13
11262,1657,Diagnostic Imaging,346.1,2024-07-24
11263,2563,Diagnostic Imaging,977.8,2025-02-25
11264,1093,Physical Therapy,1392.42,2025-06-07
11265,1512,Physical Therapy,400.35,2024-09-21
11266,7495,Surgery,13606.26,2024-09-07
11267,5325,Physical Therapy,557.14,2024-08-19
11268,1996,Chemotherapy,6627.88,2023-11-06
11269,5194,Chemotherapy,2794.26,2024-07-26
11270,2425,Physical Therapy,1327.29,2026-01-24
11271,9118,Diagnostic Imaging,763.38,2024-03-22
11272,2205,Laboratory Test,565.99,2024-06-17
11273,8679,Diagnostic Imaging,993.39,2024-07-09
11274,6012,Rehabilitation,366.0,2022-12-19
11275,1647,Medication,293.14,2022-08-23
11276,4130,Rehabilitation,1101.03,2025-06-26
11277,5064,Rehabilitation,1417.97,2025-03-02
11278,8555,Medication,226.57,2023-10-19
11279,5704,Medication,42.46,2023-07-29
11280,4222,Consultation,359.72,2022-03-05
11281,672,Consultation,121.25,2023-10-10
11282,7270,Consultation,150.17,2024-03-24
11283,2893,Consultation,93.19,2022-06-17
11284,9091,Medication,216.62,2022-04-16
11285,6879,Chemotherapy,6619.19,2022-06-20
11286,4739,Chemotherapy,6079.3,2024-03-13
11287,1191,Chemotherapy,6563.61,2022-01-16
11288,4107,Laboratory Test,352.32,2025-07-06
11289,7657,Medication,361.03,2023-09-24
11290,6965,Medication,257.24,2022-10-16
11291,6217,Surgery,7520.51,2023-10-24
11292,5650,Diagnostic Imaging,592.19,2025-05-26
11293,1118,Surgery,9725.85,2025-01-26
11294,8343,Laboratory Test,103.33,2025-05-12
11295,235,Consultation,345.74,2023-06-24
11296,9006,Radiation Therapy,2313.77,2025-02-06
11297,4191,Surgery,5539.52,2026-01-20
11298,7415,Radiation Therapy,1477.4,2025-08-20
11299,375,Consultation,183.09,2023-11-12
11300,7606,Consultation,270.27,2022-02-01
11301,7267,Rehabilitation,1038.77,2025-04-10
11302,1001,Diagnostic Imaging,834.25,2022-09-20
11303,6442,Surgery,1109.12,2024-02-09
11304,6411,Rehabilitation,100000.0,2022-10-04
11305,1194,Radiation Therapy,2282.03,2023-05-18
11306,3541,Diagnostic Imaging,192.97,2023-12-21
11307,4334,Laboratory Test,258.02,2024-01-30
11308,8440,Consultation,95.13,2023-01-05
11309,7401,Physical Therapy,522.65,2023-06-01
11310,8286,Physical Therapy,917.18,2024-06-09
11311,3604,Rehabilitation,931.57,2022-06-10
11312,8410,Rehabilitation,326.2,2022-10-23
11313,3547,Physical Therapy,474.13,2025-01-16
11314,9331,Rehabilitation,619.79,2025-05-30
11315,9687,Chemotherapy,8371.07,2025-06-13
11316,4278,Surgery,11515.78,2023-01-25
11317,5894,Physical Therapy,531.0,2024-08-29
11318,4295,Consultation,141.17,2024-09-08
11319,1118,Consultation,397.2,2022-08-06
11320,8646,Rehabilitation,1956.92,2024-12-28
11321,1744,Physical Therapy,619.67,2025-06-16
11322,6385,Medication,348.91,2024-06-21
11323,7257,Diagnostic Imaging,465.11,2025-12-27
11324,4880,Radiation Therapy,2666.59,2022-07-06
11325,5358,Surgery,6604.93,2025-05-14
11326,6930,Consultation,333.12,2022-03-19
11327,5657,Consultation,334.63,2023-01-03
11328,1254,Medication,43.33,2024-02-03
11329,3868,Physical Therapy,156.33,2024-04-17
11330,3630,Medication,274.36,2024-02-06
11331,4743,Consultation,319.34,2024-07-17
11332,3646,Laboratory Test,257.64,2022-06-16
11333,2097,Radiation Therapy,7423.48,2025-12-20
11334,7555,Chemotherapy,1578.5,2024-08-13
11335,2294,Laboratory Test,448.1,2022-08-03
11336,555,Chemotherapy,5227.57,2022-07-14
11337,4256,Medication,423.87,2022-12-14
11338,9178,Radiation Therapy,7943.14,2025-05-30
11339,3240,Chemotherapy,7532.28,2023-11-08
11340,6300,Laboratory Test,506.39,2024-01-11
11341,1278,Laboratory Test,120.93,2023-12-23
11342,512,Physical Therapy,1002.96,2022-01-17
11343,9042,Laboratory Test,114.77,2022-10-22
11344,6551,Physical Therapy,128.87,2025-03-11
11345,4730,Chemotherapy,6551.37,2024-08-13
11346,4195,Medication,347.12,2025-11-24
11347,9302,Radiation Therapy,1100.05,2023-07-18
11348,6105,Surgery,8658.62,2022-02-01
11349,1402,Rehabilitation,732.49,2023-10-17
11350,9421,Physical Therapy,1392.49,2022-12-30
11351,1665,Surgery,7539.05,2025-01-16
11352,3771,Radiation Therapy,6773.44,2024-03-14
11353,1686,Radiation Therapy,6838.08,2022-01-16
11354,5962,Diagnostic Imaging,651.42,2022-11-18
11355,4078,Rehabilitation,1164.75,2023-03-28
11356,4630,Laboratory Test,147.59,2023-03-04
11357,3248,Rehabilitation,1708.73,2024-09-12
11358,7653,Physical Therapy,487.09,2024-08-19
11359,2967,Laboratory Test,281.48,2022-08-08
11360,9057,Laboratory Test,521.68,2024-05-31
11361,5698,Chemotherapy,7451.15,2022-07-14
11362,4417,Rehabilitation,1899.47,2023-02-03
11363,2295,Surgery,7545.04,2025-02-16
11364,6537,Rehabilitation,1566.55,2025-11-14
11365,8811,Chemotherapy,9985.92,2025-09-01
11366,2262,Radiation Therapy,7811.4,2022-07-04
11367,7457,Laboratory Test,451.55,2023-07-20
11368,6727,Medication,118.36,2022-11-16
11369,8817,Rehabilitation,1518.65,2022-12-07
11370,8582,Physical Therapy,904.23,2022-06-16
11371,2575,Rehabilitation,1449.27,2023-05-17
11372,9742,Physical Therapy,970.97,2022-02-11
11373,178,Radiation Therapy,3676.04,2024-07-01
11374,298,Physical Therapy,875.59,2022-08-07
11375,9186,Diagnostic Imaging,391.89,2022-03-15
11376,4818,Medication,494.84,2024-12-10
11377,5752,Radiation Therapy,2104.36,2023-01-21
11378,3955,Physical Therapy,1279.09,2023-11-12
11379,2437,Surgery,5991.08,2022-02-09
11380,6340,Surgery,7936.43,2022-10-09
11381,4206,Physical Therapy,1391.56,2023-06-15
11382,993,Chemotherapy,3592.68,2023-08-18
11383,3611,Radiation Therapy,5300.45,2024-09-18
11384,3417,Chemotherapy,6312.92,2024-04-01
11385,7817,Surgery,6095.35,2023-02-03
11386,1732,Medication ,304.86,2023-07-08
11387,5622,Physical Therapy,1088.66,2025-05-26
11388,8687,Radiation Therapy,6434.11,2023-12-22
11389,3891,Surgery,11237.46,2023-03-10
11390,7645,Diagnostic Imaging,93.89,2022-02-27
11391,3149,Surgery,5340.41,2022-05-24
11392,5214,Rehabilitation,1022.45,2024-07-26
11393,176,Radiation Therapy,3498.57,2025-10-16
11394,5137,Physical Therapy,696.11,2023-12-01
11395,8667,Radiation Therapy,4336.01,2025-09-21
11396,7956,Surgery,13020.06,2023-05-10
11397,7833,Medication,188.77,2025-02-21
11398,3234,Physical Therapy,1065.6,2022-12-28
11399,802,Surgery,9508.14,2022-12-16
11400,9770,Radiation Therapy,6712.84,2023-09-19
11401,7055,Consultation,170.85,not-a-date
11402,5581,Medication,416.6,2022-01-14
11403,7141,Surgery,2869.61,2022-04-27
11404,1428,Physical Therapy,644.72,2023-11-30
11405,8586,Chemotherapy,6608.59,2023-01-21
11406,166,Medication,336.38,2023-02-16
11407,9984,Rehabilitation,945.33,2022-11-16
11408,9876,Surgery,8477.4,2025-02-19
11409,8082,Medication,307.81,2023-09-08
11410,3073,Laboratory Test,544.7,2025-11-18
11411,1253,Diagnostic Imaging,335.79,2024-09-22
11412,2803,Physical Therapy,1193.81,2022-03-27
11413,9690,Medication,231.08,2024-07-25
11414,6549,Physical Therapy,421.34,2024-05-07
11415,667,Radiation Therapy,1463.31,2024-09-09
11416,264,Consultation,298.29,2026-01-01
11417,1103,Chemotherapy,4547.53,2023-11-17
11418,8518,Chemotherapy,2469.17,2024-08-24
11419,3644,Rehabilitation,1632.76,2024-06-18
11420,3571,Surgery,13129.39,2024-04-29
11421,8298,Rehabilitation,341.81,2022-04-02
11422,2457,Rehabilitation,2201.12,2023-03-26
11423,5451,Rehabilitation,1714.28,2022-07-05
11424,2437,Diagnostic Imaging,696.3,2025-11-01
11425,8715,Surgery,12515.83,2024-02-20
11426,1083,Rehabilitation,201.24,2023-10-20
11427,7511,Diagnostic Imaging,1010.63,2023-04-14
11428,2276,Physical Therapy,464.37,2025-09-26
11429,3347,Chemotherapy,7967.38,2025-11-03
11430,170,Diagnostic Imaging,956.56,2023-10-09
11431,2482,Medication,297.4,2023-04-09
11432,5121,Diagnostic Imaging,269.33,2023-03-14
11433,5028,Surgery,3802.33,2025-06-11
11434,333,Medication,431.77,2025-09-15
11435,2813,Laboratory Test,413.0,2024-05-16
11436,5775,Laboratory Test,284.63,2022-05-16
11437,8991,Physical Therapy,550.18,2022-09-21
11438,206,Rehabilitation,448.44,2024-06-04
11439,1775,Radiation Therapy,7292.5,2022-06-26
11440,9137,Chemotherapy,2810.36,2024-11-26
11441,54,Surgery,2314.98,2023-12-05
11442,1418,Physical Therapy,512.14,2024-03-04
11443,2749,Laboratory Test,696.53,2023-11-19
11444,5065,Surgery,12295.21,2025-12-20
11445,9851,Surgery,4131.32,2024-11-09
11446,7090,Diagnostic Imaging,447.96,2022-05-14
11447,9594,Radiation Therapy,2503.35,2024-12-11
11448,3400,Radiation Therapy,4480.0,2024-04-13
11449,1971,Chemotherapy,3019.59,2022-07-14
11450,7478,Radiation Therapy,2967.45,2023-07-21
11451,9938,Medication,318.2,2022-10-07
11452,3278,Diagnostic Imaging,478.63,2025-10-19
11453,6567,Radiation Therapy,2810.41,2025-11-02
11454,5282,Rehabilitation,2233.52,2024-08-19
11455,4585,Surgery,8300.05,2023-08-05
11456,7947,Physical Therapy,916.2,2023-04-07
11457,4685,Surgery,8560.73,2025-05-04
11458,1103,Physical Therapy,716.83,2023-06-11
11459,9146,Medication,468.45,2025-01-23
11460,8747,Medication,262.93,2024-04-14
11461,8620,Consultation,166.59,2023-06-03
11462,5515,Diagnostic Imaging,402.84,2025-03-21
11463,1549,Surgery,9641.85,2022-01-05
11464,6500,Medication,246.4,2025-12-03
11465,1922,Surgery,10570.28,2022-01-01
11466,6106,Consultation,480.83,2022-01-04
11467,1698,Medication,269.98,2025-05-01
11468,7683,Consultation,296.59,2023-09-15
11469,9990,Radiation Therapy,1296.69,2023-03-28
11470,4720,Chemotherapy,4427.07,2022-11-02
11471,5526,Medication,123.62,2024-10-10
11472,2591,Diagnostic Imaging,853.54,2025-10-11
11473,1930,Rehabilitation,432.24,2025-03-07
11474,5545,Laboratory Test,254.14,2022-11-18
11475,7317,Medication,337.51,2024-06-03
11476,1504,Radiation Therapy,3292.04,2022-11-23
11477,4821,Medication,153.28,2022-01-11
11478,4090,Medication,141.75,2024-12-18
11479,6988,Physical Therapy,1099.56,2023-11-05
11480,9605,Diagnostic Imaging,135.89,2024-07-17
11481,8705,Medication,417.86,2023-04-20
11482,6825,Physical Therapy,177.05,2024-09-13
11483,4441,Chemotherapy,1664.87,2022-03-17
11484,17,Consultation,323.53,2025-09-07
11485,3462,Diagnostic Imaging,828.63,2022-09-19
11486,5191,Rehabilitation,1917.04,2025-04-18
11487,1908,Physical Therapy,1326.08,2022-11-11
11488,4986,Diagnostic Imaging,854.67,2023-07-22
11489,5850,Laboratory Test,447.49,2023-10-24
11490,3758,Medication,264.93,2022-02-24
11491,3716,Laboratory Test,241.56,2023-03-07
11492,3891,Chemotherapy,8888.99,2023-11-12
11493,8793,Rehabilitation,1815.97,2023-10-26
11494,9013,Physical Therapy,1175.76,2023-01-19
11495,6138,Rehabilitation,2001.73,2024-07-18
11496,2321,Surgery,2341.7,2024-04-17
11497,4059,Physical Therapy,507.17,2025-05-14
11498,826,Medication,113.49,2024-01-24
11499,2716,Diagnostic Imaging,465.76,2023-10-31
11500,8038,Medication,251.89,2022-12-18
11501,1511,Consultation,498.2,2022-05-01
11502,6275,Chemotherapy,8809.56,2022-03-24
11503,1595,Medication,300.99,2022-08-24
11504,2638,Chemotherapy,8308.55,2022-07-20
11505,2798,Rehabilitation,1393.68,2024-10-02
11506,4735,Medication,399.1,2023-05-26
11507,1397,Rehabilitation,415.03,2022-10-31
11508,8274,Radiation Therapy,3343.17,2024-11-06
11509,8011,Radiation Therapy,1596.06,2024-07-19
11510,1728,Medication,327.56,2023-05-15
11511,6938,Diagnostic Imaging,1057.9,2023-02-23
11512,7434,Chemotherapy,6139.6,2024-01-28
11513,4330,Chemotherapy,4658.31,2023-01-07
11514,515,Diagnostic Imaging,1026.76,2023-11-18
11515,6825,Rehabilitation,648.25,2025-02-11
11516,617,Chemotherapy,2747.49,2022-01-17
11517,3883,Medication,413.46,2025-10-11
11518,7211,Consultation,333.96,2023-12-18
11519,8650,Laboratory Test,543.41,2025-09-14
11520,5285,Diagnostic Imaging,841.16,2022-02-03
11521,9006,Consultation,280.92,2024-06-30
11522,7600,Surgery,12413.73,2025-03-11
11523,6882,Chemotherapy,2380.27,2024-07-08
11524,8418,Diagnostic Imaging,208.88,2025-03-02
11525,1619,Laboratory Test,273.31,2022-03-11
11526,2761,Laboratory Test,320.06,2024-05-13
11527,2037,Diagnostic Imaging,551.32,2022-03-20
11528,169,Physical Therapy,1465.36,2026-01-19
11529,7716,Chemotherapy,4361.49,2024-02-20
11530,8521,Radiation Therapy,7390.7,2025-09-25
11531,7361,Rehabilitation,1211.14,2023-02-06
11532,3553,Laboratory Test,548.43,2025-06-15
11533,4962,Chemotherapy,9550.18,2022-06-23
11534,895,Consultation,258.63,2022-02-26
11535,5735,Surgery,8465.54,2023-06-27
11536,7002,Chemotherapy,2862.19,2023-02-20
11537,9758,Physical Therapy,159.69,2022-08-14
11538,6752,Chemotherapy,2050.77,2024-02-03
11539,8366,Laboratory Test,369.5,2022-07-14
11540,8654,Diagnostic Imaging,1110.32,2022-01-18
11541,4832,Radiation Therapy,1619.1,2022-05-17
11542,5280,Surgery,1136.47,2022-11-12
11543,5835,Physical Therapy,645.06,2024-08-31
11544,6605,Medication,152.55,2022-03-19
11545,791,Laboratory Test,73.51,2024-11-27
11546,753,Surgery,8879.14,2025-03-20
11547,1685,Laboratory Test,174.67,2022-08-18
11548,9914,Laboratory Test,309.71,2022-12-12
11549,4239,Medication,99.76,2023-03-21
11550,1325,Medication,477.57,2023-07-14
11551,7363,Rehabilitation,1320.45,2025-06-23
11552,1491,Medication,341.88,2025-05-10
11553,4926,Radiation Therapy,6417.42,2024-09-10
11554,7468,Diagnostic Imaging,927.89,2025-02-05
11555,58,Diagnostic Imaging,207.22,2024-10-01
11556,6552,Rehabilitation,1795.17,2022-01-07
11557,4271,Consultation,287.25,2025-12-03
11558,3446,Rehabilitation,1363.61,2024-12-08
11559,1040,Consultation,348.08,2025-01-04
11560,1668,Radiation Therapy,1938.43,2023-10-04
11561,7347,Chemotherapy,2229.66,2024-01-25
11562,9317,Consultation,382.53,2024-08-05
11563,5962,Rehabilitation,748.62,2022-04-15
11564,5160,Rehabilitation,1868.16,2023-05-03
11565,7754,Laboratory Test,215.85,2025-02-05
11566,7044,Surgery,5547.15,2024-02-14
11567,4071,Radiation Therapy,7950.65,2024-06-15
11568,3418,Chemotherapy,9125.18,2024-09-05
11569,3497,Medication,279.06,2022-12-01
11570,8611,Diagnostic Imaging,674.7,2022-12-02
11571,8216,Physical Therapy,148.12,2023-11-28
11572,4454,Medication,479.05,2022-08-10
11573,6033,Chemotherapy,3927.95,2023-09-08
11574,2862,Diagnostic Imaging,1149.99,2024-07-20
11575,7316,Consultation,184.84,2024-03-07
11576,4696,Medication,497.28,2023-10-09
11577,6062,Medication,107.16,2023-11-26
11578,8583,Consultation,194.54,2024-06-06
11579,2603,Physical Therapy,785.31,2025-11-07
11580,2634,Diagnostic Imaging,676.04,2024-11-23
11581,1092,Surgery,8181.7,2025-01-11
11582,5418,Surgery,6550.86,2022-05-25
11583,5260,Surgery,9029.41,2024-02-10
11584,5165,Laboratory Test,599.63,2022-12-26
11585,7340,Medication,273.02,2022-05-21
11586,5166,Physical Therapy,842.22,2024-04-24
11587,5943,Laboratory Test,667.85,2023-12-13
11588,5129,Laboratory Test,282.6,2024-02-16
11589,7396,Physical Therapy,515.52,2023-04-03
11590,9715,Medication,458.52,2025-09-05
11591,3008,Surgery,4944.36,2023-05-08
11592,2203,Chemotherapy,5630.19,2024-07-09
11593,3607,Laboratory Test,406.33,2023-12-22
11594,743,Physical Therapy,506.98,2022-08-16
11595,2283,Physical Therapy,1459.94,2023-11-25
11596,3324,Physical Therapy,813.44,2025-09-22
11597,2254,Radiation Therapy,5822.34,2023-10-24
11598,960,Medication,22.28,2024-09-04
11599,5391,Physical Therapy,318.71,2023-02-02
11600,8388,Chemotherapy,6299.54,2022-02-10
11601,9395,Surgery,4276.9,2026-01-12
11602,4570,Laboratory Test,630.77,2024-07-04
11603,8144,Surgery,14801.42,2024-09-16
11604,1656,Physical Therapy,1037.54,2025-09-02
11605,6322,Rehabilitation,1756.9,2022-02-11
11606,9529,Diagnostic Imaging,247.97,2025-03-18
11607,2457,Radiation Therapy,4312.43,2022-07-10
11608,5726,Medication,77.44,2024-12-12
11609,782,Physical Therapy,715.63,2025-04-24
11610,8817,Medication,37.0,2023-06-18
11611,7567,Diagnostic Imaging,809.11,2025-02-28
11612,5892,Medication,125.4,2024-09-20
11613,999999,Radiation Therapy,2772.82,2022-03-01
11614,8753,Radiation Therapy,5423.6,2022-10-17
11615,8954,Surgery,3468.61,2025-09-14
11616,9263,Consultation,105.26,2022-05-18
11617,2636,Consultation,438.76,2024-08-13
11618,2285,Rehabilitation,934.1,2025-11-02
11619,3760,Surgery,9842.5,2024-01-21
11620,7814,Medication,81.42,2022-03-09
11621,6652,Physical Therapy,771.25,2025-05-16
11622,152,Physical Therapy,738.53,2023-09-15
11623,8856,Surgery,1998.71,2025-05-22
11624,8134,Physical Therapy,615.23,2025-01-03
11625,6078,Rehabilitation,1388.42,2022-09-25
11626,4017,Physical Therapy,182.76,2022-06-16
11627,3612,Radiation Therapy,4531.47,2023-12-13
11628,6073,Chemotherapy,4638.6,2022-02-12
11629,8307,Chemotherapy,7369.62,2022-10-20
11630,74,Radiation Therapy,5023.32,2026-01-18
11631,2187,Chemotherapy,4857.48,2025-10-02
11632,4448,Diagnostic Imaging,1144.43,2024-12-04
11633,6252,Radiation Therapy,7835.37,2025-12-08
11634,2292,Physical Therapy,925.0,2024-01-15
11635,1998,Diagnostic Imaging,715.88,2023-01-16
11636,4273,Diagnostic Imaging,284.74,2025-06-01
11637,1,Consultation,417.96,2022-10-18
11638,8167,Radiation Therapy,1657.47,2025-09-11
11639,9415,Rehabilitation,411.81,2025-04-23
11640,6177,Laboratory Test,589.35,2024-10-14
11641,2324,Chemotherapy,6582.0,2023-09-27
11642,2472,Diagnostic Imaging,1120.96,2022-04-18
11643,2381,Physical Therapy,261.94,2025-08-13
11644,102,Medication,303.4,2025-12-26
11645,7340,Medication,294.49,2024-05-31
11646,1536,Rehabilitation,985.41,2024-02-21
11647,700,Laboratory Test,519.49,2025-03-25
11648,1668,Rehabilitation,2319.08,2024-07-11
11649,6449,Diagnostic Imaging,971.54,2023-09-01
11650,4444,Diagnostic Imaging,746.41,2025-12-11
11651,9136,Rehabilitation,615.82,2022-09-12
11652,1833,Laboratory Test,645.23,2022-02-05
11653,717,Surgery,2648.32,2024-10-12
11654,5876,Surgery,2326.72,2023-06-02
11655,7842,Diagnostic Imaging,960.01,2025-09-02
11656,2733,Laboratory Test,401.99,2023-12-08
11657,2380,Laboratory Test,297.16,2024-06-11
11658,8499,Medication,467.48,2025-11-14
11659,8326,Diagnostic Imaging,164.99,2022-05-08
11660,1094,Surgery,8028.42,2024-05-24
11661,7518,Laboratory Test,185.27,2023-06-07
11662,6344,Medication,405.59,2025-03-14
11663,6161,Diagnostic Imaging,155.25,2023-07-07
11664,8905,Medication,273.25,2024-05-12
11665,7092,Diagnostic Imaging,308.72,2025-11-17
11666,5779,Surgery,2276.34,2024-06-17
11667,1263,Consultation,485.48,2023-05-01
11668,5558,,273.19,2022-04-26
11669,2224,Physical Therapy,969.48,2025-08-09
11670,451,Diagnostic Imaging,556.06,2024-11-01
11671,8974,Chemotherapy,1793.07,2023-04-06
11672,5582,Medication,109.73,2022-01-20
11673,4755,Laboratory Test,663.34,2022-02-16
11674,2800,Diagnostic Imaging,142.66,2025-06-28
11675,300,Laboratory Test,583.69,2025-11-28
11676,889,Medication,411.28,2022-01-29
11677,1608,Surgery,13785.63,2024-02-02
11678,1206,Chemotherapy,3048.05,2024-07-07
11679,6759,Consultation,178.47,2024-09-25
11680,8809,Diagnostic Imaging,370.91,2022-07-28
11681,5919,Medication,235.78,2024-10-10
11682,5472,Chemotherapy,9566.84,2024-07-27
11683,8486,Medication,296.67,2022-10-03
11684,141,Medication,218.85,2025-06-02
11685,9787,Medication,456.52,2024-01-14
11686,5655,Physical Therapy,140.55,2023-04-18
11687,2669,Surgery,11776.73,2022-03-18
11688,8234,Laboratory Test,483.05,2023-09-25
11689,6395,Medication,461.81,2024-12-12
11690,3266,Medication,455.07,2024-03-05
11691,3512,Radiation Therapy,3556.92,2023-04-28
11692,4370,Radiation Therapy,7555.68,2023-12-20
11693,2154,Diagnostic Imaging,263.63,2022-04-12
11694,823,Diagnostic Imaging,190.03,2024-01-04
11695,8787,Radiation Therapy,7177.57,2022-07-26
11696,1111,Physical Therapy,492.33,2025-02-03
11697,1699,Laboratory Test,621.64,2022-09-23
11698,2604,Diagnostic Imaging,675.24,2025-01-25
11699,549,Medication,161.1,2022-10-04
11700,492,Consultation,134.52,2025-01-16
11701,5434,Medication,90.68,2023-12-28
11702,5351,Consultation,312.98,2023-10-16
11703,426,Chemotherapy,4409.07,2026-01-09
11704,9193,Rehabilitation,657.09,2023-09-16
11705,3856,Diagnostic Imaging,845.97,2024-10-28
11706,8501,Laboratory Test,143.89,2023-09-08
11707,4344,Physical Therapy,1440.51,2025-04-01
11708,6331,Chemotherapy,2622.31,2022-12-08
11709,2665,Laboratory Test,107.74,2024-03-02
11710,2561,Chemotherapy,9073.66,2025-09-18
11711,8618,Medication,480.38,2024-01-15
11712,8014,Radiation Therapy,1806.2,2022-08-17
11713,7894,Medication,445.71,2022-05-17
11714,7876,Surgery,10053.41,2024-08-10
11715,8583,Diagnostic Imaging,193.04,2025-07-22
11716,5700,Medication,26.44,2024-02-08
11717,9595,Medication,390.57,2022-09-01
11718,6322,Rehabilitation,698.14,2022-12-19
11719,1874,Radiation Therapy,3033.5,2026-01-24
11720,8798,Laboratory Test,483.72,2023-03-01
11721,7664,Radiation Therapy,1215.5,2025-02-10
11722,9482,Consultation,287.73,2024-01-13
11723,5771,Radiation Therapy,6503.29,2025-12-28
11724,2820,Surgery,11812.36,2023-10-01
11725,4012,Chemotherapy,75000.0,2022-10-06
11726,9342,Chemotherapy,5575.27,2025-05-01
11727,4348,Consultation,377.6,2025-01-27
11728,5704,Medication,417.24,2024-03-14
11729,1068,Consultation,467.66,2024-10-07
11730,3685,Laboratory Test,577.45,2025-03-02
11731,2800,Diagnostic Imaging,667.97,2025-04-24
11732,3356,Rehabilitation,1349.63,2024-02-27
11733,7006,Physical Therapy,1147.11,2026-01-27
11734,457,Chemotherapy,5504.11,2024-11-04
11735,6692,Radiation Therapy,2639.4,2023-11-19
11736,789,Consultation,402.49,2022-11-25
11737,1758,Surgery,12328.52,2025-06-08
11738,1775,Radiation Therapy,1441.06,2023-08-09
11739,5989,Chemotherapy,3748.37,2023-03-09
11740,264,Medication,351.62,2023-04-30
11741,7032,Surgery,9615.25,2023-03-16
11742,1182,Medication,298.39,2022-02-10
11743,922,Consultation,186.43,2022-04-15
11744,2805,Laboratory Test,268.74,2023-08-14
11745,7700,Radiation Therapy,4002.96,2024-05-17
11746,5013,Surgery,10655.23,2023-10-01
11747,7678,Medication,454.27,2023-12-29
11748,6869,Chemotherapy,7821.65,2023-07-09
11749,5607,Radiation Therapy,2774.19,2024-12-01
11750,2931,Surgery,10467.54,2022-03-09
11751,907,physical therapy,1937.81,2023-08-15
11752,8072,Laboratory Test,386.88,2024-03-15
11753,6943,Radiation Therapy,4401.12,2023-06-08
11754,1903,Chemotherapy,6598.86,2022-09-03
11755,477,Diagnostic Imaging,821.84,2025-01-02
11756,3200,Physical Therapy,718.21,2022-09-05
11757,900,Medication,195.4,2024-10-13
11758,2503,Diagnostic Imaging,619.48,2023-05-27
11759,9922,Medication,56.22,2023-11-09
11760,2725,Physical Therapy,1118.5,2022-04-23
11761,1997,Physical Therapy,994.48,2023-05-18
11762,104,Medication,176.49,2025-02-12
11763,2312,Physical Therapy,594.95,2022-07-04
11764,6661,Rehabilitation,1630.5,2022-10-04
11765,9619,Radiation Therapy,2338.1,2023-05-05
11766,6433,Consultation,114.75,2025-09-15
11767,632,Consultation,438.83,2025-04-18
11768,4430,Consultation,451.86,2022-02-20
11769,5174,Chemotherapy,9827.03,2023-04-10
11770,9471,Radiation Therapy,3312.35,2022-04-13
11771,2664,Consultation,448.44,2024-01-11
11772,1110,Physical Therapy,126.15,2025-08-15
11773,561,Consultation,306.75,2025-05-03
11774,2045,Medication,327.12,2023-05-18
11775,4869,Chemotherapy,4649.82,2023-10-04
11776,7302,Consultation,298.68,2025-06-18
11777,8050,Laboratory Test,34.37,2023-11-29
11778,6600,Laboratory Test,426.26,2022-06-11
11779,1991,Rehabilitation,1159.82,2023-05-02
11780,1976,Surgery,7603.52,2022-02-28
11781,4049,Physical Therapy,872.82,2025-03-31
11782,4772,Physical Therapy,839.64,2022-10-08
11783,167,Physical Therapy,1137.89,2025-05-11
11784,4478,Laboratory Test,485.48,2025-11-05
11785,4944,Chemotherapy,4988.01,2023-08-28
11786,5313,Consultation,369.47,2022-01-28
11787,1826,Diagnostic Imaging,209.02,2024-12-31
11788,3585,Radiation Therapy,1902.49,2024-04-05
11789,9785,Chemotherapy,7349.21,2022-09-26
11790,2458,Diagnostic Imaging,343.34,2022-12-30
11791,5499,Laboratory Test,37.26,2024-07-08
11792,8244,Medication,70.0,2022-05-29
11793,2711,Laboratory Test,361.88,2025-06-02
11794,2437,Consultation,118.95,2024-04-22
11795,9431,Rehabilitation,2397.25,2026-01-10
11796,6622,Physical Therapy,495.9,2023-12-20
11797,4035,Physical Therapy,788.87,2022-04-16
11798,8316,Surgery,11517.41,2022-05-03
11799,9303,Consultation,437.39,2025-05-20
11800,1375,Surgery,12388.31,2023-11-12
11801,9294,Surgery,7523.8,2025-01-18
11802,26,Consultation,480.03,2023-04-30
11803,3547,Radiation Therapy,2300.83,2023-06-19
11804,4042,Chemotherapy,7968.17,2022-11-28
11805,3859,Diagnostic Imaging,655.28,2023-02-25
11806,7239,Consultation,160.37,2025-12-23
11807,6583,Radiation Therapy,4194.52,2024-08-13
11808,5679,Diagnostic Imaging,528.13,2025-02-03
11809,9098,Rehabilitation,2015.88,2024-12-02
11810,4035,Physical Therapy,724.87,2024-12-23
11811,9215,Surgery,2808.04,2023-04-10
11812,8855,Laboratory Test,644.42,2024-09-22
11813,8252,Chemotherapy,9668.38,2024-07-26
11814,4816,Surgery,9386.06,2024-03-31
11815,3586,Surgery,9132.98,2022-03-01
11816,4991,Radiation Therapy,3452.3,2022-12-28
11817,7184,Surgery,12634.92,2023-04-08
11818,2619,Physical Therapy,387.76,2022-08-13
11819,3745,Surgery,6354.85,2022-08-22
11820,7439,Physical Therapy,1330.03,2024-04-11
11821,5261,Diagnostic Imaging,773.55,2024-11-15
11822,1314,Physical Therapy,859.47,2023-07-13
11823,4564,Consultation,380.99,2023-06-26
11824,4208,Physical Therapy,112.35,2025-06-30
11825,7044,Consultation,204.85,2024-05-06
11826,5010,Diagnostic Imaging,974.93,2025-07-09
11827,4000,Consultation,397.71,2024-01-11
11828,7670,Radiation Therapy,2692.11,2022-12-26
11829,8310,Diagnostic Imaging,143.73,2024-06-25
11830,1722,Physical Therapy,1038.48,2023-03-19
11831,144,Chemotherapy,6688.4,2022-05-05
11832,7066,Diagnostic Imaging,267.8,2025-12-05
11833,7608,Physical Therapy,1256.54,2025-12-29
11834,1522,Radiation Therapy,6226.09,2025-07-30
11835,2464,Rehabilitation,840.18,2023-11-06
11836,7691,Surgery,4918.5,2024-09-27
11837,1481,Laboratory Test,499.34,2025-11-11
11838,6627,Consultation,288.72,2025-11-06
11839,4303,Laboratory Test,699.26,2022-09-16
11840,2546,Medication,159.1,2025-02-07
11841,1306,Diagnostic Imaging,1132.9,2022-07-19
11842,4050,Radiation Therapy,6684.94,2022-11-24
11843,308,Radiation Therapy,5863.34,2023-01-25
11844,1514,Chemotherapy,6581.06,2025-02-24
11845,7419,Consultation,432.03,2025-10-28
11846,8941,Consultation,472.97,2025-07-10
11847,215,Medication,495.91,2024-09-13
11848,8342,Consultation,147.04,2024-04-20
11849,9414,Physical Therapy,995.54,2022-01-07
11850,1142,Chemotherapy,3717.37,2023-05-28
11851,7289,Diagnostic Imaging,365.76,2023-07-29
11852,88,Radiation Therapy,2331.12,2024-02-16
11853,4745,Medication,296.62,2024-06-01
11854,1412,Radiation Therapy,4106.7,2023-12-27
11855,47,Surgery,4642.37,2025-02-13
11856,3986,Medication,126.34,2025-06-29
11857,4512,Radiation Therapy,6183.49,2025-06-01
11858,8436,Laboratory Test,534.59,2022-05-26
11859,5537,Surgery,10213.96,2025-06-18
11860,3322,Rehabilitation,2381.91,2022-06-25
11861,3733,Medication,65.09,2022-03-10
11862,7154,Laboratory Test,581.22,2024-04-11
11863,6583,Physical Therapy,1339.72,2023-07-14
11864,5272,Rehabilitation,1275.09,2023-10-07
11865,3800,Consultation,283.38,2022-10-28
11866,8592,Surgery,8928.62,2024-05-03
11867,277,Medication,184.02,2025-01-27
11868,2466,Surgery,8491.43,2024-11-15
11869,2031,Surgery,8995.83,2024-11-04
11870,4252,Medication,55.06,2024-04-13
11871,5223,Chemotherapy,5625.81,2024-08-09
11872,1138,Consultation,226.61,2024-09-17
11873,6054,Chemotherapy,5670.0,2025-04-14
11874,6845,Medication,36.8,2023-07-28
11875,1119,Chemotherapy,3922.78,2024-07-02
11876,1068,Medication,127.85,2025-11-08
11877,2095,Laboratory Test,233.69,2022-05-03
11878,3092,Diagnostic Imaging,923.46,2025-09-24
11879,3752,Rehabilitation,2392.12,2023-11-09
11880,7042,Physical Therapy,416.03,2024-07-01
11881,4941,Laboratory Test,430.42,2022-08-06
11882,3003,Medication,113.14,2023-08-28
11883,5548,Diagnostic Imaging,558.44,2023-06-07
11884,1172,Medication,445.01,2024-06-03
11885,4110,Physical Therapy,886.13,2023-04-20
11886,3186,Consultation,401.27,2025-07-03
11887,288,Radiation Therapy,6244.06,2022-01-13
11888,444,Laboratory Test,483.04,2023-11-30
11889,7343,Chemotherapy,5083.41,2023-01-01
11890,1194,Chemotherapy,4719.57,2024-11-27
11891,4250,Physical Therapy,410.42,2024-11-08
11892,1362,Medication,376.3,2025-03-14
11893,5027,Radiation Therapy,4282.27,2024-07-08
11894,4314,Medication,468.06,2023-01-11
11895,7270,Medication,214.78,2022-10-08
11896,3812,Rehabilitation,216.6,2023-04-24
11897,6070,Physical Therapy,930.27,2026-01-28
11898,2501,Surgery,8072.24,2026-01-30
11899,1992,Chemotherapy,2690.8,2025-07-29
11900,840,Consultation,327.28,2025-03-07
11901,2094,Chemotherapy,9097.06,2024-05-12
11902,9487,Laboratory Test,674.09,2024-09-20
11903,3464,Chemotherapy,9818.83,2024-10-08
11904,8746,Physical Therapy,1101.34,2022-06-21
11905,1698,Consultation,234.41,2025-12-18
11906,9954,Medication,430.53,2025-11-14
11907,4132,Medication,418.38,2022-02-18
11908,9795,Diagnostic Imaging,697.12,2024-05-10
11909,1754,Diagnostic Imaging,318.02,2022-02-11
11910,9731,Surgery,6857.22,2022-06-10
11911,4936,Laboratory Test,253.2,2023-01-30
11912,4617,Physical Therapy,724.98,2025-11-24
11913,820,Rehabilitation,1954.93,2024-06-23
11914,5034,Surgery,6439.74,2025-11-26
11915,2112,Medication ,228.71,2024-09-26
11916,6019,Radiation Therapy,6932.42,2022-01-14
11917,1149,Physical Therapy,539.99,2024-11-28
11918,6110,Consultation,161.79,2024-01-31
11919,8453,Chemotherapy,3942.29,2025-05-12
11920,2633,Consultation,65.91,2024-02-04
11921,8092,Consultation,391.78,2022-12-30
11922,1115,Surgery,5926.77,2023-04-23
11923,2609,Diagnostic Imaging,104.51,2023-11-11
11924,3538,Medication,144.48,2023-05-27
11925,7331,Medication,211.0,2023-03-31
11926,2604,Radiation Therapy,4226.82,2024-08-12
11927,2551,Rehabilitation,2479.38,2025-09-03
11928,9382,Medication,414.54,2023-01-27
11929,8832,Medication,183.48,2025-03-21
11930,4398,Laboratory Test,225.31,2023-07-10
11931,8789,Consultation,58.57,2025-04-29
11932,755,Radiation Therapy,5593.15,2022-01-04
11933,5917,Laboratory Test,253.69,2024-08-07
11934,2772,Diagnostic Imaging,1092.19,2024-08-28
11935,1980,Surgery,8288.1,2023-02-22
11936,1430,Radiation Therapy,5440.59,2025-09-20
11937,5146,Radiation Therapy,3156.77,2022-07-17
11938,9987,Radiation Therapy,1467.86,2024-10-14
11939,8775,Diagnostic Imaging,1031.81,2024-04-10
11940,6658,Rehabilitation,1338.18,2023-06-18
11941,3617,Physical Therapy,260.44,2024-02-21
11942,934,Consultation,396.93,2023-06-12
11943,8978,Laboratory Test,312.68,2022-08-22
11944,3090,Rehabilitation,826.47,2023-03-24
11945,9136,Physical Therapy,414.64,2022-01-30
11946,4712,Surgery,4667.29,2025-05-07
11947,8940,Radiation Therapy,6246.03,2025-08-27
11948,9414,Surgery,8205.21,2026-01-05
11949,8659,Chemotherapy,1782.9,2025-03-15
11950,2543,Radiation Therapy,4287.64,2023-01-06
11951,3835,Consultation,195.94,2022-04-04
11952,1893,Chemotherapy,4417.4,2024-04-14
11953,3771,Physical Therapy,422.05,2025-10-24
11954,4766,Diagnostic Imaging,948.78,2023-06-16
11955,562,Radiation Therapy,6202.99,2024-02-11
11956,9324,Diagnostic Imaging,95.03,2025-10-04
11957,803,Radiation Therapy,7217.37,2024-03-03
11958,4586,Chemotherapy,8592.34,2022-04-28
11959,8999,Laboratory Test,492.84,2024-04-21
11960,5988,Physical Therapy,228.08,2023-04-25
11961,3483,Consultation,145.04,2022-08-19
11962,6524,Diagnostic Imaging,189.85,2022-06-24
11963,3633,Chemotherapy,5768.06,2022-02-14
11964,1597,Chemotherapy,5029.67,2025-12-28
11965,4669,Chemotherapy,6476.37,2022-09-07
11966,259,Chemotherapy,6357.05,2025-02-05
11967,4926,Radiation Therapy,2008.27,2022-12-16
11968,6348,Diagnostic Imaging,914.96,2024-08-14
11969,6862,Consultation,462.41,2025-11-28
11970,5977,Rehabilitation,1897.03,2022-03-26
11971,6332,Physical Therapy,741.26,2024-02-06
11972,2932,Surgery,9213.78,2026-01-14
11973,9863,Radiation Therapy,4300.14,2022-10-20
11974,6736,Laboratory Test,169.99,2023-05-07
11975,7220,Diagnostic Imaging,715.29,2024-07-20
11976,7864,Physical Therapy,1187.41,2023-03-26
11977,7075,Consultation,329.48,2023-09-11
11978,5369,Chemotherapy,9467.85,2025-12-26
11979,6812,Medication,69.46,2023-06-12
11980,5075,Chemotherapy,5777.86,2022-03-11
11981,9905,Laboratory Test,76.83,2025-06-18
11982,2338,Consultation,141.72,2023-09-04
11983,2563,Medication,404.6,2025-03-13
11984,8853,Diagnostic Imaging,1082.13,2023-03-14
11985,539,Medication,42.07,2024-07-07
11986,171,Consultation,312.88,2022-09-13
11987,4267,Laboratory Test,544.32,2023-12-19
11988,2945,Consultation,462.42,2023-02-11
11989,2341,Chemotherapy,7508.32,2023-01-08
11990,9700,Physical Therapy,1414.9,2024-06-08
11991,994,Laboratory Test,486.53,2022-08-18
11992,2245,Surgery,4136.43,2022-11-24
11993,3917,Diagnostic Imaging,240.22,2024-02-08
11994,5088,Medication,204.65,2025-12-02
11995,5967,Surgery,4533.67,2022-05-14
11996,5184,Diagnostic Imaging,194.33,2022-06-08
11997,8462,Chemotherapy,7582.47,2022-08-26
11998,296,Chemotherapy,6662.96,2025-04-19
11999,2161,Diagnostic Imaging,452.22,2022-10-21
12000,4906,Rehabilitation,1910.46,2022-08-11
12001,3028,Physical Therapy,1377.05,2022-11-22
12002,8827,Chemotherapy,8734.67,2024-12-18
12003,7638,Medication,333.5,2022-12-23
12004,3290,Medication,28.15,2024-05-07
12005,3407,Rehabilitation,995.34,2025-01-02
12006,4705,Chemotherapy,4503.51,2023-12-23
12007,843,Consultation,201.47,2025-06-20
12008,785,Diagnostic Imaging,965.57,2024-08-28
12009,3515,Surgery,11327.06,2023-02-28
12010,492,Medication,269.61,2024-03-12
12011,9347,Radiation Therapy,6831.0,2022-02-03
12012,3136,Surgery,14504.32,2024-03-23
12013,780,Physical Therapy,465.85,2025-08-25
12014,5546,Surgery,1558.76,2024-08-07
12015,3579,Consultation,317.93,2025-02-01
12016,9868,Radiation Therapy,1574.52,2023-07-27
12017,6144,Medication,322.11,2024-02-20
12018,3592,Consultation,484.54,2023-09-17
12019,6562,Radiation Therapy,3669.67,2024-09-12
12020,3632,Diagnostic Imaging,212.88,2025-11-25
12021,4968,Medication,205.23,2022-06-04
12022,9684,Consultation,253.91,2022-12-22
12023,4092,Laboratory Test,278.44,2022-09-18
12024,9267,Chemotherapy,9081.09,2023-12-15
12025,9139,Chemotherapy,2091.47,2023-06-15
12026,7449,Surgery,9310.26,2024-09-24
12027,467,Surgery,4129.87,2022-08-20
12028,1695,Rehabilitation,2162.22,2024-03-09
12029,921,Surgery,1313.66,2025-01-13
12030,7057,Laboratory Test,231.71,2023-11-07
12031,1365,Diagnostic Imaging,291.45,2023-12-02
12032,4076,Laboratory Test,254.73,2025-07-03
12033,4838,Radiation Therapy,3186.28,2025-05-29
12034,6882,Medication,186.78,2025-02-04
12035,7212,Laboratory Test,175.11,2023-07-05
12036,4079,Surgery,4029.42,2024-05-24
12037,8731,Chemotherapy,4927.05,2023-10-06
12038,6503,Medication,347.72,2023-02-18
12039,3111,Radiation Therapy,4772.9,2022-05-11
12040,5008,Chemotherapy,3420.27,2024-05-18
12041,2259,Chemotherapy,8560.92,2025-09-10
12042,7601,Diagnostic Imaging,233.89,2023-10-07
12043,6599,Consultation,124.41,2024-09-18
12044,6527,Consultation,476.75,2025-09-25
12045,7671,Physical Therapy,428.43,2025-06-19
12046,9463,Rehabilitation,263.07,2023-01-29
12047,5044,Diagnostic Imaging,406.21,2024-11-12
12048,3399,Physical Therapy,612.46,2022-01-13
12049,8960,Laboratory Test,47.62,2023-06-05
12050,8908,Rehabilitation,756.48,2025-03-24
12051,5472,Rehabilitation,2299.81,2024-02-05
12052,9348,Chemotherapy,7464.21,2022-01-18
12053,9312,Rehabilitation,1571.03,2024-03-24
12054,2675,Laboratory Test,266.5,2024-04-07
12055,3559,Medication,231.23,2023-04-21
12056,1502,Surgery,3813.17,2025-01-21
12057,111,Radiation Therapy,7510.01,2024-09-17
12058,9375,Diagnostic Imaging,834.58,2025-06-17
12059,8031,Consultation,64.12,2024-10-06
12060,29,Consultation,408.05,2024-03-26
12061,9832,Chemotherapy,5217.13,2025-10-01
12062,9556,Surgery,5302.91,2024-11-05
12063,5830,Medication,365.78,2025-04-16
12064,4259,Rehabilitation,569.75,2023-10-13
12065,1676,Surgery,8513.52,2023-03-30
12066,7279,Radiation Therapy,2613.11,2024-12-04
12067,2618,Radiation Therapy,3858.03,2024-06-15
12068,4867,Radiation Therapy,5827.29,2025-11-18
12069,5694,Radiation Therapy,6930.38,2024-10-06
12070,8355,Medication,398.3,2024-02-04
12071,9542,Diagnostic Imaging,999.67,2025-02-09
12072,2504,Chemotherapy,3769.2,2022-09-02
12073,6131,Chemotherapy,7332.99,2023-06-21
12074,7811,Consultation,242.9,2023-07-30
12075,3655,Consultation,347.14,2022-10-16
12076,9088,Radiation Therapy,6890.31,2024-04-20
12077,7535,Radiation Therapy,7192.59,2023-08-08
12078,5362,Rehabilitation,1276.46,2022-07-08
12079,7446,Radiation Therapy,2841.57,2022-12-01
12080,8709,Surgery,5182.67,2022-05-09
12081,3328,Diagnostic Imaging,554.22,2024-12-03
12082,7855,Rehabilitation,511.91,2022-07-27
12083,9190,Radiation Therapy,7933.23,2023-08-20
12084,577,Physical Therapy,464.09,2024-10-07
12085,6955,Medication,491.55,2026-01-01
12086,8820,Laboratory Test,438.05,2025-09-27
12087,5193,Laboratory Test,143.0,2022-07-05
12088,3446,,330.37,2024-02-19
12089,8695,Rehabilitation,1822.27,2024-01-17
12090,5460,Physical Therapy,1228.34,2022-02-02
12091,8374,Medication,359.22,2023-12-19
12092,8913,Diagnostic Imaging,829.21,2022-03-10
12093,6591,Rehabilitation,1138.73,2024-05-05
12094,3954,Surgery,7651.47,2025-05-28
12095,6783,Physical Therapy,785.48,2022-11-17
12096,3005,Radiation Therapy,1860.45,2023-11-16
12097,8157,Laboratory Test,206.02,2025-09-11
12098,7017,Radiation Therapy,2283.81,2023-04-14
12099,6207,Radiation Therapy,3636.37,2024-12-25
12100,3497,Surgery,6713.1,2022-12-19
12101,5411,Physical Therapy,394.06,2024-11-01
12102,936,Rehabilitation,1401.24,2025-07-20
12103,2082,Diagnostic Imaging,668.94,2023-01-12
12104,3127,Physical Therapy,395.74,2023-04-24
12105,9774,Physical Therapy,1466.05,2025-12-08
12106,613,Physical Therapy,1387.49,2022-03-15
12107,7429,Medication,302.43,2022-09-01
12108,2241,Chemotherapy,7406.29,2024-01-04
12109,127,Laboratory Test,543.47,2025-07-12
12110,6662,Chemotherapy,7139.47,2022-03-22
12111,7835,Laboratory Test,216.15,2024-04-22
12112,6288,Diagnostic Imaging,860.86,2025-12-27
12113,2107,Physical Therapy,1320.83,2024-11-10
12114,9340,Rehabilitation,2028.66,2025-06-16
12115,8000,Medication,206.95,2024-11-27
12116,6107,Surgery,3073.2,2025-02-09
12117,445,Radiation Therapy,2818.56,2024-04-28
12118,743,Surgery,6962.29,2022-09-05
12119,5584,Radiation Therapy,4041.33,2022-05-24
12120,2494,Diagnostic Imaging,1006.54,2022-04-11
12121,4462,Diagnostic Imaging,157.05,2025-11-04
12122,9237,Laboratory Test,1000000.0,2022-06-03
12123,6492,Consultation,186.91,2024-05-07
12124,7665,Diagnostic Imaging,886.68,2024-02-08
12125,1700,Rehabilitation,1092.59,2024-06-03
12126,9227,Laboratory Test,508.03,2025-06-17
12127,4632,Radiation Therapy,5750.1,2022-06-21
12128,857,Diagnostic Imaging,641.86,2022-01-15
12129,5103,Rehabilitation,1837.43,2022-12-11
12130,5865,Radiation Therapy,7561.78,2023-04-01
12131,2321,Physical Therapy,158.52,2025-01-07
12132,4703,Rehabilitation,1882.98,2023-09-13
12133,7475,Laboratory Test,426.78,2022-07-16
12134,2693,Consultation,308.57,2025-09-15
12135,7531,Laboratory Test,607.64,2022-09-08
12136,1112,Diagnostic Imaging,1155.82,2024-08-27
12137,5316,Surgery,13988.86,2022-01-21
12138,5808,Consultation,132.18,2024-11-10
12139,6001,Laboratory Test,515.81,2024-01-17
12140,9919,Laboratory Test,222.97,2022-01-04
12141,5673,Surgery,4481.7,2022-02-22
12142,4574,Medication,485.81,2023-01-15
12143,1797,Physical Therapy,491.86,2024-08-18
12144,5053,Consultation,69.06,2022-07-08
12145,3254,Diagnostic Imaging,1169.91,2024-12-25
12146,4493,Rehabilitation,1005.24,2024-03-18
12147,364,Physical Therapy,787.29,2026-01-06
12148,1738,Radiation Therapy,3841.27,2023-10-08
12149,504,Physical Therapy,354.04,2022-08-17
12150,4427,Medication,349.83,2022-04-20
12151,1479,Medication,484.12,2022-11-02
12152,48,Diagnostic Imaging,532.81,2022-06-20
12153,5503,Surgery,13481.5,2024-12-20
12154,9229,Laboratory Test,253.04,2025-05-13
12155,7059,Rehabilitation,1248.41,2025-01-18
12156,5133,Laboratory Test,690.21,2025-09-02
12157,3861,Rehabilitation,386.94,2022-08-27
12158,5660,Surgery,12144.36,2023-01-16
12159,6778,Medication,88.54,2022-04-08
12160,5605,Laboratory Test,552.44,2025-01-11
12161,5127,Consultation,437.9,2022-05-30
12162,6784,Laboratory Test,199.09,2024-08-07
12163,1552,Consultation,475.95,2022-08-20
12164,2845,Radiation Therapy,5795.6,2025-03-03
12165,7009,Rehabilitation,963.14,2023-10-31
12166,9926,Surgery,13839.85,2024-01-28
12167,951,Surgery,10148.04,2025-11-27
12168,672,Diagnostic Imaging,1029.84,2023-11-27
12169,2528,Consultation,173.5,2024-03-03
12170,4192,Physical Therapy,855.1,2024-04-06
12171,5279,Chemotherapy,5851.48,2024-05-14
12172,9020,Medication,147.87,2024-02-25
12173,453,Surgery,11494.97,2023-02-27
12174,6516,Medication,451.05,2023-09-03
12175,1354,Physical Therapy,272.21,2025-06-24
12176,1126,Rehabilitation,356.42,2024-03-11
12177,6560,Radiation Therapy,2780.56,2025-11-19
12178,2557,Consultation,462.05,2023-12-18
12179,329,Consultation,323.11,2025-01-19
12180,5634,Radiation Therapy,2443.56,2022-10-25
12181,9885,Chemotherapy,3044.15,2022-06-19
12182,4510,Consultation,61.11,2023-06-20
12183,5939,Rehabilitation,1548.42,2023-11-27
12184,980,Laboratory Test,421.7,2023-03-31
12185,6801,Chemotherapy,7506.97,2023-03-04
12186,2145,Surgery,4135.5,2022-08-23
12187,5698,Medication,440.47,2025-11-11
12188,2614,Diagnostic Imaging,699.73,2024-06-11
12189,5965,Surgery,12179.31,2024-10-21
12190,3948,Rehabilitation,1001.37,2022-05-03
12191,7272,Rehabilitation,1529.05,2023-06-21
12192,9212,Rehabilitation,2387.23,2022-08-08
12193,5872,Chemotherapy,8437.78,2023-05-18
12194,7628,Radiation Therapy,4320.55,2022-09-05
12195,2208,Rehabilitation,238.6,2024-11-19
12196,1843,Radiation Therapy,6230.23,2022-04-10
12197,2841,Rehabilitation,814.08,2024-12-12
12198,161,Chemotherapy,9052.57,2022-04-11
12199,1513,Laboratory Test,126.55,2025-07-30
12200,9483,Laboratory Test,632.07,2023-02-09
12201,3443,Rehabilitation,1704.81,2023-01-11
12202,6836,Physical Therapy,1067.12,2023-11-06
12203,8120,Radiation Therapy,6104.28,2024-12-04
12204,6200,Chemotherapy,5551.36,2026-01-16
12205,3865,Consultation,306.23,2026-01-24
12206,9798,Physical Therapy,402.66,2024-02-26
12207,7356,Surgery,13982.46,2023-12-17
12208,5823,Rehabilitation,504.89,2023-08-01
12209,7827,Medication,482.67,2025-07-09
12210,5287,Consultation,320.11,2023-02-10
12211,8979,Rehabilitation,1102.86,2023-08-31
12212,2011,Laboratory Test,650.55,2024-11-21
12213,445,Radiation Therapy,5622.55,2025-08-07
12214,6771,Radiation Therapy,1786.72,2022-01-27
12215,6494,Laboratory Test,366.55,2022-10-15
12216,8460,Physical Therapy,1169.49,2023-01-13
12217,7545,Chemotherapy,6429.07,2024-02-24
12218,1051,Medication,475.68,2023-03-03
12219,1268,Medication,164.46,2023-02-25
12220,8477,Chemotherapy,3128.41,2024-03-31
12221,2431,Radiation Therapy,1843.28,2022-05-08
12222,696,Chemotherapy,5218.53,2023-09-01
12223,8081,Diagnostic Imaging,647.52,2023-02-06
12224,2148,Laboratory Test,84.8,2025-02-26
12225,4701,Consultation,489.08,2024-04-24
12226,2192,Consultation,90.31,2023-11-30
12227,7246,Radiation Therapy,1363.54,2024-03-13
12228,4493,Diagnostic Imaging,1023.06,2024-01-25
12229,461,Chemotherapy,3659.02,2026-01-14
12230,9446,Laboratory Test,427.39,2022-11-14
12231,7230,Medication,137.89,2024-10-21
12232,7435,Laboratory Test,112.61,2024-11-10
12233,47,Radiation Therapy,3355.85,2022-10-10
12234,3391,Radiation Therapy,2227.86,2025-11-06
12235,9299,Rehabilitation,928.3,2023-08-05
12236,6903,Surgery,12812.38,2022-11-22
12237,179,Laboratory Test,680.1,2023-01-31
12238,2753,Surgery,6295.92,2025-07-24
12239,3820,Chemotherapy,4716.89,2024-05-04
12240,4448,Chemotherapy,8300.84,2022-08-05
12241,608,Rehabilitation,2168.1,2025-05-07
12242,6314,Rehabilitation,284.22,2023-04-14
12243,5905,Medication,444.97,2024-02-29
12244,6799,Chemotherapy,5578.62,2025-01-31
12245,7704,Medication,121.39,2023-03-20
12246,6502,Medication,168.47,2022-12-18
12247,1114,Radiation Therapy,6233.45,2024-06-16
12248,4725,Physical Therapy,1437.63,2025-09-23
12249,3082,Medication,118.34,2023-05-17
12250,6902,Radiation Therapy,2969.74,2025-09-17
12251,9411,Radiation Therapy,3979.18,2025-07-27
12252,5235,Chemotherapy,1755.21,2024-11-06
12253,4238,Chemotherapy,8490.93,2024-09-19
12254,7106,Laboratory Test,682.4,2022-04-22
12255,4835,Physical Therapy,1276.05,2025-01-22
12256,8507,Physical Therapy,1358.16,2025-05-07
12257,6578,Medication,21.69,2022-12-28
12258,1374,Physical Therapy,591.39,2025-01-29
12259,8676,Medication,88.75,2024-05-21
12260,1143,Physical Therapy,142.17,2025-04-16
12261,698,Medication,200.24,2023-01-23
12262,7450,Laboratory Test,181.19,2022-02-24
12263,4193,Consultation,384.1,2022-01-17
12264,5499,Physical Therapy,1475.66,2023-03-25
12265,1722,Radiation Therapy,1891.97,2025-02-07
12266,2331,Radiation Therapy,7775.15,2025-09-28
12267,4859,Consultation,356.59,2025-08-11
12268,7077,Diagnostic Imaging,833.6,2022-09-07
12269,300,Medication,473.2,2023-04-12
12270,1845,Diagnostic Imaging,514.91,2026-01-19
12271,4870,Consultation,172.95,2024-01-01
12272,7119,Diagnostic Imaging,96.55,2022-03-04
12273,6845,Diagnostic Imaging,380.34,2022-09-05
12274,2191,Consultation,202.74,2023-03-29
12275,2453,Radiation Therapy,6188.0,2023-05-10
12276,7268,Medication,70.1,2024-08-11
12277,7299,Diagnostic Imaging,807.6,2024-06-10
12278,9391,Physical Therapy,803.69,2023-10-23
12279,4988,Surgery,12210.07,2023-11-08
12280,1439,Physical Therapy,350.71,2022-03-16
12281,9519,Radiation Therapy,1269.89,2025-08-26
12282,3323,Rehabilitation,2442.76,2024-04-28
12283,9777,Physical Therapy,786.79,2025-07-15
12284,4910,Consultation,317.21,2024-12-12
12285,2289,Consultation,402.12,2025-03-20
12286,5264,Laboratory Test,685.02,2023-10-30
12287,8345,Medication,460.08,2025-06-23
12288,4401,Diagnostic Imaging,956.29,2025-06-24
12289,5292,Chemotherapy,8707.9,2023-08-12
12290,5185,Radiation Therapy,6916.98,2026-01-02
12291,4840,Laboratory Test,91.55,2022-10-05
12292,9180,Radiation Therapy,5572.08,2022-11-18
12293,509,Medication,73.07,2024-12-08
12294,3171,Chemotherapy,9549.28,2023-11-24
12295,1561,Surgery,1127.73,2025-06-11
12296,5402,Medication,89.1,2023-08-14
12297,1665,Rehabilitation,846.62,2023-07-23
12298,5279,Surgery,14781.37,2025-01-31
12299,9659,Chemotherapy,5151.13,2024-06-07
12300,8673,Medication,266.74,2023-06-17
12301,9095,Surgery,13066.78,2025-12-24
12302,4893,Physical Therapy,1410.05,2022-01-31
12303,7330,Medication,368.11,2023-06-15
12304,5422,Medication,419.84,2023-03-14
12305,6365,Diagnostic Imaging,1087.56,2026-01-03
12306,8005,Diagnostic Imaging,676.99,2022-06-30
12307,190,Chemotherapy,9442.58,2022-10-14
12308,4573,Consultation,374.14,2024-02-14
12309,5905,Physical Therapy,911.29,2025-08-24
12310,5301,Diagnostic Imaging,529.26,2024-04-13
12311,4446,,403.82,2025-09-27
12312,4607,Laboratory Test,687.83,2022-02-10
12313,1649,Physical Therapy,407.03,2024-04-08
12314,8065,Diagnostic Imaging,851.7,2023-07-28
12315,593,Chemotherapy,6662.52,2022-01-14
12316,8534,Diagnostic Imaging,551.5,2024-06-03
12317,1885,Surgery,1901.65,2025-11-11
12318,3106,Diagnostic Imaging,566.13,2022-08-17
12319,3929,Physical Therapy,1100.55,2024-12-27
12320,9143,Medication,402.45,2023-08-10
12321,5482,Consultation,403.36,2024-06-24
12322,6320,Surgery,9168.99,2025-07-29
12323,3923,Consultation,182.64,2025-12-04
12324,6507,Chemotherapy,4731.98,2022-07-31
12325,2103,Physical Therapy,1367.1,2023-05-17
12326,6535,Diagnostic Imaging,775.3,2024-09-25
12327,1386,Physical Therapy,1270.27,2022-05-09
12328,8019,Physical Therapy,1047.07,2022-09-01
12329,8018,Chemotherapy,6740.51,2024-07-07
12330,4969,Rehabilitation,1373.22,2024-04-08
12331,16,Physical Therapy,1359.31,2023-11-08
12332,7074,Diagnostic Imaging,298.1,2022-02-18
12333,5652,Radiation Therapy,6659.27,2025-01-01
12334,5423,Physical Therapy,1493.32,2025-04-30
12335,2900,Radiation Therapy,6080.44,2022-06-29
12336,2850,Medication,464.02,2025-10-22
12337,8722,Physical Therapy,121.73,2024-04-04
12338,51,Chemotherapy,5544.45,2023-01-12
12339,6727,Physical Therapy,940.59,2022-05-26
12340,7539,Physical Therapy,1484.44,2024-06-24
12341,3711,Physical Therapy,613.0,2024-10-25
12342,4733,Surgery,2868.55,2024-12-21
12343,9541,Laboratory Test,696.8,2023-01-14
12344,1112,Consultation,466.8,2024-11-15
12345,4137,Rehabilitation,400.73,2023-03-02
12346,3922,Medication,379.23,2024-04-28
12347,8358,Diagnostic Imaging,393.3,2022-03-30
12348,1230,Medication,367.78,2023-02-13
12349,9116,Surgery,10548.67,2025-11-28
12350,3829,Laboratory Test,514.24,2022-11-07
12351,4660,Surgery,5102.66,2023-05-23
12352,2157,Surgery,13577.86,2023-09-11
12353,7778,Rehabilitation,1146.15,2025-05-26
12354,3570,Diagnostic Imaging,794.22,2022-12-20
12355,9477,Physical Therapy,1090.57,2024-10-02
12356,9132,Rehabilitation,837.21,2022-05-19
12357,4842,Physical Therapy,285.01,2024-03-28
12358,167,Rehabilitation,1893.88,2023-05-12
12359,3525,Radiation Therapy,7858.08,2023-11-10
12360,249,Diagnostic Imaging,810.35,2024-05-24
12361,1218,Rehabilitation,721.45,2022-07-23
12362,5046,Radiation Therapy,2648.14,2025-09-29
12363,5268,Physical Therapy,992.41,2023-05-26
12364,9711,Medication,463.24,2022-09-17
12365,3543,Rehabilitation,284.45,2023-05-02
12366,7285,Laboratory Test,169.72,2023-07-11
12367,4297,Laboratory Test,357.4,2023-08-11
12368,7966,Consultation,127.55,2025-03-28
12369,5377,Surgery,4227.59,2025-12-06
12370,2684,Diagnostic Imaging,243.65,2024-06-30
12371,2392,Medication,77.77,2024-09-22
12372,540,Consultation,370.81,2024-05-24
12373,3845,Diagnostic Imaging,118.8,2022-08-29
12374,5915,Laboratory Test,411.42,2023-04-13
12375,9577,Physical Therapy,428.68,2022-01-17
12376,642,Surgery,2797.98,2023-08-21
12377,3313,Physical Therapy,880.25,2023-01-18
12378,4772,Laboratory Test,164.27,2024-10-17
12379,6903,Diagnostic Imaging,836.51,2025-11-06
12380,8546,Rehabilitation,2165.93,2024-09-15
12381,6666,Chemotherapy,2068.38,2024-11-03
12382,6422,Radiation Therapy,5600.16,2025-05-04
12383,9621,Medication,203.62,2025-02-21
12384,5361,Rehabilitation,814.79,2025-02-05
12385,2712,Medication,358.33,2024-01-31
12386,5289,Surgery,13199.61,2024-01-25
12387,6916,Diagnostic Imaging,1102.53,2023-01-15
12388,2612,Diagnostic Imaging,490.69,2022-03-30
12389,163,Physical Therapy,506.5,2025-02-22
12390,6276,Diagnostic Imaging,831.51,2022-01-03
12391,7311,Medication,364.1,2024-02-10
12392,6457,Radiation Therapy,2925.61,2026-01-07
12393,4526,Laboratory Test,111.1,2022-06-30
12394,8305,Laboratory Test,471.53,2025-04-14
12395,4767,Consultation,151.79,2025-12-16
12396,2293,Rehabilitation,933.83,2024-07-02
12397,9043,Chemotherapy,1640.65,2025-09-24
12398,5170,Laboratory Test,651.33,2025-06-30
12399,698,Rehabilitation,2448.22,2023-01-12
12400,1873,Consultation,92.1,2025-09-13
12401,5043,Surgery,9408.8,2025-07-20
12402,858,Medication,111.92,2023-10-18
12403,2346,Medication,424.37,2024-04-04
12404,5196,Rehabilitation,418.72,2022-10-11
12405,4582,Surgery,3622.78,2022-07-28
12406,4699,Medication,251.88,2024-09-25
12407,6708,Rehabilitation,270.71,2025-08-05
12408,6385,Laboratory Test,297.12,2025-01-07
12409,2072,Physical Therapy,426.94,2023-01-31
12410,3318,Physical Therapy,345.32,2025-06-21
12411,6804,Physical Therapy,909.91,2022-06-17
12412,8658,Diagnostic Imaging,105.13,2026-01-27
12413,4310,Consultation,106.21,2022-05-26
12414,5855,Surgery,13718.5,2025-06-19
12415,909,Surgery,7946.65,2025-09-15
12416,1098,Surgery,12967.1,2023-11-04
12417,3632,Rehabilitation,2071.17,2022-04-09
12418,3598,Consultation,274.19,2025-10-20
12419,2181,Laboratory Test,188.87,2024-05-08
12420,1056,Rehabilitation,2260.76,2025-08-28
12421,5006,Rehabilitation,2288.97,2023-10-11
12422,1987,Diagnostic Imaging,577.55,2023-01-07
12423,4914,Rehabilitation,509.51,2023-02-13
12424,5995,Chemotherapy,1666.28,2023-12-28
12425,8001,Diagnostic Imaging,106.76,2023-03-23
12426,8721,Rehabilitation,1351.61,2024-02-12
12427,6519,Medication,219.46,2022-04-12
12428,1208,Chemotherapy,7451.1,2022-03-23
12429,1141,Laboratory Test,290.4,2022-12-28
12430,1603,Medication,302.82,2025-08-29
12431,8202,Chemotherapy,9132.37,2026-01-03
12432,733,Laboratory Test,346.66,2022-10-20
12433,4188,Physical Therapy,973.21,2022-02-25
12434,2170,Chemotherapy,8694.07,2023-04-27
12435,2594,Chemotherapy,3637.17,2025-05-03
12436,2745,Medication,412.09,2022-08-05
12437,8737,Diagnostic Imaging,1002.76,2022-06-07
12438,4515,Radiation Therapy,2126.84,2022-12-17
12439,4038,Surgery,13217.85,2022-06-16
12440,4112,Laboratory Test,542.12,2022-12-16
12441,2660,Consultation,485.98,2025-09-15
12442,8744,Rehabilitation,652.83,2025-02-09
12443,266,Radiation Therapy,5937.58,2024-03-07
12444,329,Physical Therapy,400.82,2023-01-05
12445,9135,Diagnostic Imaging,418.98,2023-11-08
12446,191,Physical Therapy,721.72,2025-03-04
12447,6224,Medication,438.48,2023-03-25
12448,7968,Consultation,439.23,2023-03-04
12449,6984,Rehabilitation,252.13,2023-05-02
12450,1370,Medication,313.76,2023-08-12
12451,3952,Medication,260.7,2023-03-12
12452,848,Chemotherapy,8879.83,2025-09-21
12453,242,Physical Therapy,1161.82,2022-05-20
12454,1026,Physical Therapy,1470.21,2025-03-14
12455,3759,Physical Therapy,177.35,2025-08-02
12456,5041,Chemotherapy,4882.64,2026-01-22
12457,580,Laboratory Test,640.11,2022-01-01
12458,2654,Surgery,12221.39,2025-11-25
12459,6394,Medication,284.68,2023-02-22
12460,8657,Diagnostic Imaging,958.28,2022-12-27
12461,4924,Consultation,291.25,2024-12-17
12462,8851,Physical Therapy,776.54,2023-12-18
12463,4219,Consultation,482.18,2025-08-22
12464,8372,Radiation Therapy,7068.46,2024-12-08
12465,9170,Radiation Therapy,1391.33,2025-06-12
12466,6039,Chemotherapy,8325.28,2022-06-30
12467,4984,Rehabilitation,379.57,2023-07-28
12468,7711,Chemotherapy,9174.07,2024-06-08
12469,5111,Diagnostic Imaging,619.69,2022-10-19
12470,4532,Laboratory Test,131.35,2022-01-06
12471,6722,Medication,21.33,2024-06-07
12472,6778,Surgery,10795.03,2023-02-04
12473,3638,Medication,436.57,2025-02-16
12474,6288,Chemotherapy,2855.72,2025-01-31
12475,6952,Diagnostic Imaging,855.76,2023-06-05
12476,6452,Consultation,418.37,2025-01-30
12477,7684,Chemotherapy,4163.8,2025-08-16
12478,3108,Rehabilitation,2256.74,2024-07-11
12479,4114,Consultation,53.47,2023-06-18
12480,3470,Surgery,9820.94,2022-08-21
12481,988,Diagnostic Imaging,918.74,2025-10-04
12482,5274,Surgery,9303.02,2022-01-30
12483,1679,Chemotherapy,6972.89,2024-07-30
12484,1358,Laboratory Test,133.8,2023-11-15
12485,6526,Chemotherapy,6955.26,2023-05-01
12486,3138,Physical Therapy,620.67,2022-05-24
12487,770,Physical Therapy,734.89,2025-03-01
12488,3225,Rehabilitation,1512.69,2022-01-16
12489,8396,Medication,118.98,2025-09-18
12490,3832,Radiation Therapy,4677.81,2025-07-03
12491,8539,Medication,126.65,2022-01-15
12492,106,Medication,269.44,2022-10-04
12493,1726,Medication,250.02,2023-07-21
12494,6371,Laboratory Test,140.31,2025-05-10
12495,9496,Surgery,3218.15,2023-11-05
12496,5635,Diagnostic Imaging,1115.83,2024-03-25
12497,309,Physical Therapy,381.48,2024-08-10
12498,2174,Physical Therapy,1372.51,2024-12-03
12499,6740,Surgery,8995.4,2024-07-16
12500,5030,Diagnostic Imaging,968.95,2023-08-02
12501,9527,Medication,257.56,2023-06-07
12502,6711,Radiation Therapy,7540.23,2023-11-10
12503,8636,Medication,263.68,2025-06-01
12504,2463,Surgery,14132.89,2022-03-10
12505,1159,Chemotherapy,6707.51,2025-01-05
12506,7662,Chemotherapy,6677.69,2022-11-13
12507,2019,Radiation Therapy,1210.0,2024-01-21
12508,8661,Rehabilitation,600.85,2025-07-28
12509,538,Physical Therapy,1368.11,2022-07-13
12510,4778,Surgery,13417.32,2024-08-27
12511,8864,Consultation,57.45,2025-07-12
12512,3064,Surgery,8309.42,2024-08-06
12513,6885,Rehabilitation,1644.16,2023-04-19
12514,8918,Surgery,6649.37,2023-06-29
12515,7238,Consultation,143.32,2022-08-06
12516,7030,Chemotherapy,3356.57,2022-11-15
12517,5907,Rehabilitation,762.22,2024-05-28
12518,8292,Radiation Therapy,2295.07,2024-09-28
12519,7857,Diagnostic Imaging,504.29,2025-03-07
12520,6112,Diagnostic Imaging,654.82,2024-07-23
12521,3632,Physical Therapy,594.89,2022-08-12
12522,240,Rehabilitation,723.33,2024-03-11
12523,890,Physical Therapy,268.23,2022-11-20
12524,7785,Surgery,7657.48,2025-05-07
12525,124,Physical Therapy,1199.34,2022-06-01
12526,1361,Consultation,67.4,2023-05-22
12527,3778,Consultation,456.48,2023-06-09
12528,9389,Consultation,459.81,2023-06-14
12529,3129,Chemotherapy,3694.58,2023-11-13
12530,8697,Surgery,9015.52,2023-04-14
12531,2550,Chemotherapy,2009.27,2022-07-26
12532,6001,Consultation,212.45,2023-04-24
12533,4477,Radiation Therapy,1493.16,2022-03-17
12534,74,Chemotherapy,7845.27,2022-03-31
12535,2217,Diagnostic Imaging,343.22,2025-06-10
12536,9893,Radiation Therapy,3850.14,2022-04-13
12537,2902,Diagnostic Imaging,515.14,2024-10-17
12538,4433,Rehabilitation,2271.67,2025-12-19
12539,506,Medication,491.98,2025-05-31
12540,6161,Rehabilitation,1525.17,2023-09-21
12541,5712,Radiation Therapy,2018.94,2024-03-08
12542,979,Radiation Therapy,6412.73,2023-08-03
12543,5801,Laboratory Test,222.19,2023-01-24
12544,2910,Diagnostic Imaging,1065.66,2025-02-07
12545,4973,Diagnostic Imaging,306.5,2023-10-16
12546,7672,Radiation Therapy,1787.33,2025-11-18
12547,6904,Rehabilitation,1208.41,2025-05-06
12548,1184,Consultation,395.84,2024-05-09
12549,4166,Surgery,2738.38,2024-03-29
12550,5919,Rehabilitation,1639.05,2024-05-31
12551,7006,Chemotherapy,4584.04,2022-06-09
12552,1585,Medication,393.91,2024-05-10
12553,707,Surgery,12535.78,2025-03-25
12554,1040,Medication,160.93,2022-01-30
12555,7553,Laboratory Test,371.57,2024-11-03
12556,9534,Radiation Therapy,7837.37,2024-10-24
12557,2588,Radiation Therapy,5239.38,2024-06-16
12558,3451,Surgery,14181.71,2025-11-26
12559,4685,Diagnostic Imaging,729.44,2025-05-12
12560,6337,Chemotherapy,8429.92,2024-11-14
12561,1775,Surgery,2615.75,2024-02-09
12562,8784,Laboratory Test,302.52,2022-04-07
12563,2136,Diagnostic Imaging,638.83,2024-11-21
12564,3442,Radiation Therapy,2223.34,2022-03-23
12565,6623,Chemotherapy,5196.55,2024-07-24
12566,1283,Diagnostic Imaging,1129.3,2022-07-15
12567,8260,Rehabilitation,1271.46,2025-11-05
12568,3069,Medication,332.67,2025-06-30
12569,1393,Surgery,13240.72,2025-02-04
12570,8189,Consultation,436.59,2022-01-01
12571,3908,Rehabilitation,2449.77,2023-04-14
12572,4912,Laboratory Test,611.22,2023-02-11
12573,8637,Physical Therapy,728.66,2024-02-09
12574,1035,Surgery,6694.2,2024-05-09
12575,1655,Medication,129.23,2025-02-17
12576,9438,Consultation,116.15,2023-03-12
12577,7085,Medication,42.58,2025-04-14
12578,9667,Chemotherapy,7995.61,2025-06-06
12579,1620,Physical Therapy,1356.71,2024-12-28
12580,4109,Surgery,14320.42,2024-02-26
12581,8059,Physical Therapy,326.35,2022-01-09
12582,3666,Rehabilitation,2486.84,2024-04-28
12583,8814,Laboratory Test,614.0,2022-11-28
12584,6501,Radiation Therapy,1527.07,2025-06-20
12585,5970,Surgery,13622.25,2024-09-06
12586,1620,Diagnostic Imaging,284.76,2025-05-17
12587,4834,Surgery,5891.39,2024-12-03
12588,6610,Chemotherapy,7382.55,2025-08-17
12589,7614,Laboratory Test,311.38,2022-09-26
12590,3432,Surgery,3112.42,2022-10-08
12591,2410,Chemotherapy,9239.85,2023-06-09
12592,1445,Radiation Therapy,6915.38,2023-08-22
12593,9302,Diagnostic Imaging,199.13,2025-03-09
12594,7426,Medication,281.72,2022-01-06
12595,3301,Surgery,2568.64,2022-05-25
12596,7398,Consultation,312.28,2025-08-09
12597,3943,Medication,256.92,2022-07-14
12598,1148,Medication,102.17,2026-01-23
12599,8262,Consultation,398.49,2024-06-15
12600,3299,Physical Therapy,1418.51,2022-03-11
12601,2684,Chemotherapy,5129.41,2024-10-13
12602,7144,Medication,469.8,2024-04-12
12603,5662,Diagnostic Imaging,223.85,2023-04-09
12604,6640,Laboratory Test,185.09,2025-08-01
12605,326,Consultation,91.36,2024-08-20
12606,3318,Laboratory Test,468.9,2024-10-31
12607,375,Diagnostic Imaging,1070.0,2025-02-26
12608,833,Physical Therapy,339.25,2022-06-27
12609,5546,Chemotherapy,3266.11,2022-04-07
12610,6464,Medication,187.58,2022-12-22
12611,5353,Chemotherapy,9975.41,2023-07-15
12612,402,Consultation,387.31,2022-06-14
12613,9589,Surgery,8355.64,2022-10-19
12614,9708,Chemotherapy,7255.36,2024-09-30
12615,6465,Surgery,11751.98,2023-11-04
12616,6101,Surgery,3996.81,2025-03-02
12617,1176,Laboratory Test,335.05,2024-12-13
12618,102,Rehabilitation,1509.3,2023-12-12
12619,9645,Medication,260.31,2026-01-25
12620,8533,Surgery,10366.52,2023-08-10
12621,4726,Laboratory Test,346.21,2022-03-23
12622,614,Laboratory Test,603.21,2024-08-30
12623,104,Chemotherapy,7567.96,2023-05-31
12624,5879,Surgery,6852.09,2022-08-05
12625,2140,Chemotherapy,8998.32,2022-07-10
12626,1652,Medication,346.22,2025-06-12
12627,7336,Diagnostic Imaging,552.89,2024-04-27
12628,194,Rehabilitation,845.14,2025-05-08
12629,6144,Medication,163.71,2024-09-26
12630,5573,Chemotherapy,7966.08,2025-08-23
12631,5577,Physical Therapy,942.53,2025-10-16
12632,9024,Physical Therapy,398.14,2024-09-14
12633,7614,Chemotherapy,7956.9,2025-06-22
12634,2103,Radiation Therapy,7601.35,2023-04-03
12635,3671,Radiation Therapy,1754.72,2025-09-26
12636,1604,Rehabilitation,1333.96,2025-10-13
12637,3099,Physical Therapy,840.86,2025-09-13
12638,3817,Medication,399.97,2025-06-08
12639,4166,Laboratory Test,467.45,2024-10-31
12640,8145,Radiation Therapy,3200.85,2024-11-12
12641,4958,Laboratory Test,538.36,2022-05-15
12642,2664,Consultation,299.37,2023-04-21
12643,6524,Surgery,14512.48,2026-01-30
12644,8843,Diagnostic Imaging,985.23,2025-12-24
12645,5754,Surgery,11651.27,2025-07-22
12646,3397,Consultation,387.01,2022-06-21
12647,9854,Chemotherapy,3796.91,2025-11-30
12648,566,Physical Therapy,613.67,2025-02-01
12649,3207,Radiation Therapy,3761.72,2024-05-06
12650,9558,Chemotherapy,1813.12,2022-02-01
12651,677,Physical Therapy,1459.55,2023-07-27
12652,9874,Physical Therapy,752.01,2022-11-21
12653,7358,Rehabilitation,775.94,2025-10-25
12654,2390,Laboratory Test,610.48,2025-02-01
12655,8041,Chemotherapy,2250.46,2023-10-04
12656,8964,Chemotherapy,1648.48,2023-08-12
12657,3735,Radiation Therapy,5979.87,2023-05-19
12658,6589,Rehabilitation,2281.04,2023-10-29
12659,4253,Consultation,247.28,2024-11-01
12660,9386,Medication,97.42,2022-09-28
12661,392,Laboratory Test,356.68,2025-07-29
12662,8231,Diagnostic Imaging,1133.36,2025-02-23
12663,4594,Consultation,400.94,2022-11-09
12664,1704,Medication,215.09,2022-07-13
12665,9139,Chemotherapy,3381.45,2023-06-14
12666,9936,Radiation Therapy,5032.07,2026-01-26
12667,7944,Rehabilitation,1165.45,2023-11-13
12668,7117,Rehabilitation,735.79,2022-09-24
12669,6928,Medication,211.59,2023-02-02
12670,9665,Radiation Therapy,1737.56,2025-09-08
12671,6269,Chemotherapy,1959.45,2025-03-29
12672,7966,Radiation Therapy,6110.8,2025-05-01
12673,1152,Diagnostic Imaging,635.43,2023-05-19
12674,1308,Laboratory Test,667.85,2025-06-01
12675,868,Consultation,121.29,2024-01-18
12676,7417,Radiation Therapy,7283.67,2022-12-16
12677,1700,Chemotherapy,4440.06,2023-05-15
12678,7884,Diagnostic Imaging,562.08,2023-11-30
12679,7105,Physical Therapy,203.82,2023-02-22
12680,6392,Consultation,330.97,2023-04-18
12681,2808,Radiation Therapy,1610.06,2023-11-07
12682,947,Physical Therapy,1339.83,2022-06-02
12683,7990,Consultation,118.14,2022-11-16
12684,2332,Rehabilitation,1251.22,2025-07-29
12685,3402,Laboratory Test,257.56,2022-03-08
12686,1645,Consultation,461.45,2023-01-08
12687,3618,Consultation,197.0,2024-01-18
12688,5255,Rehabilitation,1293.37,2022-03-05
12689,6397,Laboratory Test,290.93,2023-08-13
12690,1979,Diagnostic Imaging,400.89,2024-04-14
12691,2076,Surgery,6479.07,2025-03-22
12692,6883,Laboratory Test,273.94,2024-06-16
12693,4656,Laboratory Test,165.71,2022-10-25
12694,8468,,450.35,2023-11-29
12695,8586,Physical Therapy,1420.61,2025-08-20
12696,4731,Physical Therapy,492.17,2022-08-25
12697,3967,Chemotherapy,9668.67,2023-08-26
12698,3151,Radiation Therapy,4618.76,2022-10-25
12699,391,Consultation,218.94,2022-04-05
12700,9264,Rehabilitation,1408.87,2024-03-12
12701,5294,Diagnostic Imaging,1009.5,2025-04-03
12702,5932,Diagnostic Imaging,257.97,2023-11-27
12703,1307,Diagnostic Imaging,953.16,2024-02-26
12704,2041,Medication,408.86,2024-08-30
12705,2371,Rehabilitation,252.11,2025-08-11
12706,9422,Rehabilitation,2381.04,2024-02-07
12707,8429,Surgery,7851.49,2022-11-03
12708,6145,Diagnostic Imaging,231.44,2024-11-20
12709,9124,Chemotherapy,9988.91,2024-10-16
12710,3784,Medication,278.62,2022-10-14
12711,8624,Surgery,9660.42,2025-02-16
12712,715,Medication,62.86,2023-06-22
12713,6633,Surgery,2806.18,2024-11-28
12714,9767,Medication,370.85,2025-12-06
12715,9715,Surgery,4980.06,2023-10-06
12716,2007,Rehabilitation,2323.84,2023-08-17
12717,1713,Surgery,6120.46,2024-03-23
12718,6611,Radiation Therapy,6378.98,2023-12-30
12719,3881,Surgery,12441.78,2022-03-24
12720,5657,Medication,239.23,2025-01-14
12721,7778,Diagnostic Imaging,114.53,2023-12-29
12722,9748,Medication,450.93,2025-08-24
12723,563,Physical Therapy,113.27,2024-02-08
12724,9816,Medication,65.68,2024-04-02
12725,5271,Radiation Therapy,2457.47,2023-05-07
12726,7621,Laboratory Test,397.39,2024-10-13
12727,9460,Laboratory Test,374.5,2023-04-09
12728,147,Chemotherapy,2894.49,2023-11-01
12729,4103,Surgery,14218.53,2024-07-16
12730,6495,Rehabilitation,1694.05,2025-02-08
12731,585,Chemotherapy,3464.15,2022-06-04
12732,4891,Radiation Therapy,7789.76,2024-06-04
12733,8253,Rehabilitation,437.83,2025-04-25
12734,5259,Consultation,300.74,2025-05-14
12735,7790,Laboratory Test,314.08,2023-08-12
12736,7773,Chemotherapy,3371.51,2023-02-06
12737,9468,Consultation,62.69,2023-08-04
12738,5869,Diagnostic Imaging,518.97,2025-07-11
12739,5511,Chemotherapy,8349.27,2024-06-15
12740,75,Consultation,183.1,2024-12-25
12741,8042,Radiation Therapy,1598.19,2026-01-18
12742,9546,Physical Therapy,119.79,2025-04-14
12743,4342,Surgery,10306.42,2024-01-25
12744,7250,Consultation,173.4,2025-09-01
12745,56,Physical Therapy,501.88,2024-05-22
12746,1101,Laboratory Test,372.6,2025-10-14
12747,972,,3759.25,2024-01-24
12748,4494,Consultation,155.99,2024-12-14
12749,8603,Surgery,9893.35,2022-01-01
12750,7481,Rehabilitation,1999.09,2023-06-01
12751,9565,Laboratory Test,350.91,2025-02-24
12752,9546,Consultation,184.12,2025-08-09
12753,3131,Medication,242.41,2023-07-12
12754,4025,Physical Therapy,1430.22,2022-01-20
12755,5152,Medication,198.71,2022-10-17
12756,9294,Diagnostic Imaging,515.89,2023-12-16
12757,1208,Rehabilitation,400.42,2026-01-19
12758,8037,Diagnostic Imaging,835.82,2025-01-20
12759,5839,Diagnostic Imaging,782.72,2022-07-08
12760,3389,Rehabilitation,875.74,2025-01-18
12761,9606,Diagnostic Imaging,1160.24,2023-06-23
12762,2774,Diagnostic Imaging,1174.67,2024-12-12
12763,5027,Consultation,447.94,2025-11-10
12764,6575,Radiation Therapy,3697.18,2022-04-01
12765,6888,Diagnostic Imaging,386.85,2025-03-19
12766,293,Diagnostic Imaging,243.76,2024-06-01
12767,1621,Consultation,461.89,2023-01-07
12768,9017,Physical Therapy,827.55,2023-07-20
12769,9368,Consultation,181.52,2023-08-13
12770,2268,Physical Therapy,1451.44,2025-02-22
12771,6999,Consultation,242.19,2024-06-24
12772,3060,Diagnostic Imaging,949.0,2025-03-01
12773,8320,Chemotherapy,1908.39,2023-07-30
12774,5296,Rehabilitation,2481.04,2024-08-15
12775,7319,Chemotherapy,9558.07,2024-12-26
12776,7678,Radiation Therapy,7967.01,2023-09-10
12777,6092,Consultation,338.84,2024-08-05
12778,3656,Physical Therapy,924.23,2023-04-01
12779,6780,Physical Therapy,1234.27,2022-10-08
12780,6329,Chemotherapy,5172.29,2025-09-23
12781,3459,Consultation,490.4,2026-01-28
12782,6546,Physical Therapy,531.18,2022-12-01
12783,1067,Surgery,12583.22,2024-01-24
12784,1471,Laboratory Test,309.06,2024-10-16
12785,8128,Diagnostic Imaging,570.25,2025-05-02
12786,892,Diagnostic Imaging,700.33,2022-07-17
12787,3530,Physical Therapy,116.47,2025-02-02
12788,599,Physical Therapy,1156.72,2025-10-28
12789,8437,Consultation,425.15,2024-09-02
12790,5506,Consultation,447.55,2023-05-08
12791,8618,Radiation Therapy,7093.05,2022-08-13
12792,5224,Radiation Therapy,4870.45,2025-09-11
12793,3739,Diagnostic Imaging,,2025-05-10
12794,6254,Surgery,10899.56,2024-12-31
12795,9571,Physical Therapy,448.69,2024-04-28
12796,465,Surgery,3568.63,2022-01-25
12797,8199,Rehabilitation,2122.98,2023-10-08
12798,5275,Surgery,7672.6,2023-08-20
12799,9339,Consultation,476.75,2024-03-15
12800,2115,Medication,196.71,2024-06-04
12801,2050,Radiation Therapy,2553.77,2022-05-25
12802,9388,Laboratory Test,543.96,2025-02-20
12803,100,Physical Therapy,606.51,2024-07-15
12804,9407,Surgery,5707.49,2025-07-01
12805,9952,Rehabilitation,1611.38,2023-09-01
12806,2451,Laboratory Test,499.79,2022-12-01
12807,5340,Physical Therapy,1287.75,2024-12-14
12808,5435,Chemotherapy,2151.13,2023-07-28
12809,777,Radiation Therapy,1463.95,2025-10-12
12810,7746,Physical Therapy,426.87,2024-05-21
12811,2688,Chemotherapy,1991.73,2022-12-27
12812,2649,Chemotherapy,1563.64,2023-11-18
12813,5906,Consultation,379.17,2024-07-02
12814,8228,Rehabilitation,2347.29,2022-08-23
12815,4712,Chemotherapy,3054.45,2025-04-18
12816,7003,Medication,36.18,2023-09-04
12817,5740,Consultation,384.87,2022-09-07
12818,4670,Surgery,4097.41,2024-05-03
12819,4169,Laboratory Test,267.42,2025-03-25
12820,3832,Medication,118.89,2024-01-21
12821,9123,Diagnostic Imaging,696.2,2022-03-18
12822,338,Laboratory Test,289.14,2022-03-08
12823,5712,Consultation,476.66,2025-07-23
12824,4158,Medication,70.56,2022-04-25
12825,8159,Physical Therapy,888.12,2024-11-13
12826,7183,Chemotherapy,4528.57,2022-11-13
12827,3593,Surgery,13808.3,2023-11-13
12828,9567,Radiation Therapy,6632.55,2025-06-06
12829,1888,Medication,257.78,2024-02-26
12830,6905,Diagnostic Imaging,288.95,2025-04-20
12831,1464,Consultation,194.7,2023-05-02
12832,6866,Medication,240.76,2024-04-23
12833,1213,Radiation Therapy,6595.92,2025-01-13
12834,8809,Consultation,353.77,2025-10-23
12835,2248,Physical Therapy,1002.45,2024-10-31
12836,4506,Medication,419.5,2025-11-20
12837,3994,Chemotherapy,4960.26,2025-02-17
12838,7266,Surgery,6373.35,2022-10-01
12839,9270,Medication,246.44,2025-01-11
12840,993,Surgery,9691.89,2023-07-24
12841,5191,Radiation Therapy,4094.25,2023-08-27
12842,6219,Diagnostic Imaging,1042.22,2022-10-19
12843,2273,Laboratory Test,288.49,2023-11-30
12844,2507,Consultation,193.98,2023-10-14
12845,6074,Radiation Therapy,6410.07,2023-10-04
12846,1496,Radiation Therapy,6106.66,2024-08-31
12847,5871,Radiation Therapy,5891.8,2025-07-02
12848,3324,Laboratory Test,468.09,2022-04-02
12849,8097,Consultation,214.11,2022-06-01
12850,2396,Consultation,162.01,2022-02-07
12851,7628,Chemotherapy,1716.09,2022-07-30
12852,7848,Medication,333.77,2022-06-02
12853,3441,Radiation Therapy,5017.18,2025-03-10
12854,8984,Radiation Therapy,6823.3,2023-04-29
12855,2280,Chemotherapy,4701.05,2025-04-28
12856,3871,Diagnostic Imaging,335.22,2025-03-28
12857,3797,Physical Therapy,510.71,2025-08-16
12858,6848,Physical Therapy,963.32,2024-12-25
12859,4637,Surgery,13707.95,2022-11-11
12860,2304,Diagnostic Imaging,633.67,2023-02-15
12861,3134,Radiation Therapy,1265.29,2024-08-28
12862,4431,Laboratory Test,198.29,2025-03-04
12863,294,Consultation,201.27,2023-11-12
12864,8775,Surgery,2568.14,2022-11-23
12865,1928,Rehabilitation,2332.88,2025-11-24
12866,7636,Laboratory Test,257.53,2023-11-03
12867,1291,Diagnostic Imaging,1143.39,2022-12-07
12868,1994,Rehabilitation,1154.72,2025-03-20
12869,2764,Laboratory Test,126.3,2025-06-18
12870,7271,Surgery,11607.65,2024-02-02
12871,3824,Physical Therapy,402.25,2023-07-22
12872,4929,Consultation,153.83,2025-07-28
12873,7140,Rehabilitation,564.18,2022-11-10
12874,4445,Consultation,170.66,2023-04-17
12875,6104,Physical Therapy,371.91,2022-09-26
12876,2266,Medication,370.73,2022-04-23
12877,5259,Chemotherapy,1769.18,2024-07-10
12878,457,Rehabilitation,1189.58,2025-11-28
12879,6373,Radiation Therapy,5005.29,2024-03-17
12880,5260,Surgery,6296.0,2025-03-22
12881,9704,Chemotherapy,9330.52,2022-05-12
12882,2110,Rehabilitation,1665.59,2025-09-24
12883,9977,Radiation Therapy,5654.65,2023-01-07
12884,3771,Laboratory Test,559.82,2024-05-11
12885,4870,Surgery,8394.57,2022-04-18
12886,9482,Consultation,71.91,2024-02-11
12887,9496,Radiation Therapy,1065.08,2022-10-19
12888,8934,Radiation Therapy,6083.89,2024-11-09
12889,158,Medication,38.66,2025-03-17
12890,55,Surgery,11662.28,2022-01-29
12891,2010,Surgery,6211.65,2023-04-10
12892,4032,Consultation,365.25,2022-01-20
12893,6921,Surgery,9180.23,2024-09-24
12894,7971,Surgery,2150.47,2025-06-29
12895,9336,Medication,368.16,2022-08-07
12896,2652,Radiation Therapy,7123.83,2024-08-20
12897,3569,Laboratory Test,471.23,2025-06-29
12898,131,Surgery,9243.38,2025-11-03
12899,683,Laboratory Test,487.62,2024-11-23
12900,2685,Surgery,2131.73,2022-10-17
12901,1630,Chemotherapy,8359.96,2024-11-06
12902,2920,Chemotherapy,7761.74,2025-11-15
12903,9928,Consultation,204.81,2025-11-14
12904,7081,Rehabilitation,1540.68,2022-08-21
12905,902,Diagnostic Imaging,1097.68,2024-07-08
12906,8665,Surgery,1540.56,2022-12-05
12907,7640,Diagnostic Imaging,825.96,2024-03-16
12908,4589,Chemotherapy,5587.14,2023-09-18
12909,3368,Laboratory Test,469.16,2022-12-15
12910,8107,Rehabilitation,1816.24,2022-01-18
12911,7854,Diagnostic Imaging,422.13,2024-05-21
12912,8275,Physical Therapy,690.97,2024-10-25
12913,2351,Physical Therapy,575.89,2024-12-02
12914,4891,Consultation,287.89,2026-01-28
12915,5588,Consultation,209.53,2022-07-26
12916,887,Rehabilitation,592.75,2022-08-13
12917,9288,Medication,251.82,2024-03-15
12918,5896,Medication,412.57,2023-01-03
12919,1932,Chemotherapy,6859.68,2025-12-17
12920,182,Diagnostic Imaging,712.43,2024-03-10
12921,3190,Surgery,4076.37,2024-01-16
12922,643,Diagnostic Imaging,1012.62,2023-03-04
12923,6502,Surgery,12823.44,2025-06-08
12924,8933,Medication,410.15,2023-03-22
12925,3938,Consultation,262.32,2025-11-26
12926,23,Radiation Therapy,2665.54,2023-01-18
12927,9423,Chemotherapy,5909.13,2025-08-02
12928,4518,Diagnostic Imaging,851.69,2023-03-28
12929,415,Medication,120.64,2023-11-08
12930,3743,Diagnostic Imaging,111.11,2023-05-26
12931,7528,Physical Therapy,651.57,2022-06-14
12932,645,Chemotherapy,2791.27,2024-08-20
12933,880,Radiation Therapy,5811.29,2025-03-30
12934,7138,Consultation,354.21,2025-01-09
12935,9633,Diagnostic Imaging,107.52,2024-01-24
12936,3586,Diagnostic Imaging,531.04,2022-09-17
12937,9264,Consultation,79.77,2023-10-13
12938,5917,Rehabilitation,797.88,2022-07-12
12939,1438,Diagnostic Imaging,749.75,2024-02-27
12940,7948,Physical Therapy,480.99,2024-11-16
12941,3723,Surgery,13099.51,2022-05-13
12942,395,Rehabilitation,1097.54,2022-10-10
12943,3613,Medication,302.7,2022-06-27
12944,4041,Consultation,101.07,2025-05-20
12945,79,Surgery,12473.68,2022-06-16
12946,3485,Physical Therapy,207.84,2024-11-02
12947,4060,Surgery,11930.01,2022-11-22
12948,8891,Laboratory Test,123.04,2023-04-11
12949,8460,Chemotherapy,4394.03,2024-10-24
12950,5221,Chemotherapy,2513.65,2024-07-02
12951,7240,Radiation Therapy,7577.02,2026-01-04
12952,6299,Diagnostic Imaging,659.63,2022-01-09
12953,7775,Medication,329.69,2023-08-12
12954,1055,Consultation,146.15,2022-11-02
12955,7919,Diagnostic Imaging,820.48,2023-03-03
12956,2622,Surgery,4974.03,2022-05-10
12957,7422,Diagnostic Imaging,363.34,2023-04-20
12958,7017,Surgery,8660.7,2022-09-21
12959,8625,Consultation,356.76,2025-03-30
12960,8671,Physical Therapy,983.99,2022-06-29
12961,8874,Physical Therapy,775.57,2022-10-07
12962,1751,Consultation,372.63,2025-07-29
12963,8138,Surgery,2249.22,2023-05-25
12964,2625,Physical Therapy,838.93,2022-03-24
12965,5844,Chemotherapy,2158.57,2025-05-29
12966,7373,Surgery,8351.52,2024-09-29
12967,2148,Surgery,13259.71,2024-05-14
12968,1710,Consultation,119.43,2025-10-18
12969,5436,Chemotherapy,8124.42,2022-07-06
12970,9245,Consultation,291.7,2022-04-09
12971,1313,Diagnostic Imaging,769.48,2022-04-21
12972,4685,Chemotherapy,3949.63,2022-10-29
12973,3775,,1117.43,2024-11-19
12974,4241,Laboratory Test,319.07,2025-12-18
12975,7190,Physical Therapy,278.23,2022-12-15
12976,8221,Diagnostic Imaging,717.28,2023-05-10
12977,6168,Rehabilitation,2061.06,2025-01-05
12978,7921,Surgery,11860.5,2025-01-24
12979,7663,Radiation Therapy,4276.0,2025-05-26
12980,3304,Consultation,453.69,2023-07-08
12981,5352,Medication,470.84,2022-10-11
12982,9403,Consultation,314.16,2025-03-21
12983,8270,Physical Therapy,948.14,2024-11-22
12984,7266,Chemotherapy,1956.31,2023-12-01
12985,4356,Surgery,14573.95,2024-01-07
12986,7930,Consultation,155.0,2023-06-16
12987,3172,Laboratory Test,548.12,2024-03-31
12988,2500,Laboratory Test,304.08,2022-07-22
12989,7073,Surgery,3987.45,2022-05-28
12990,9523,Chemotherapy,4368.24,2022-08-15
12991,3797,Chemotherapy,8924.29,2024-02-16
12992,215,Surgery,12362.61,2023-11-18
12993,133,Diagnostic Imaging,410.92,2024-02-25
12994,2882,Physical Therapy,1443.73,2023-01-26
12995,9768,Chemotherapy,3939.27,2023-08-07
12996,9286,Surgery,9706.85,2023-03-19
12997,9233,Medication,165.49,2022-10-16
12998,5204,Chemotherapy,2605.41,2022-07-25
12999,6785,Physical Therapy,1312.47,2025-07-07
13000,1852,Medication,327.67,2025-08-09
13001,7155,Consultation,335.99,2025-03-09
13002,7953,Physical Therapy,303.26,2023-05-13
13003,4335,Diagnostic Imaging,275.46,2022-02-05
13004,3980,Rehabilitation,479.18,2023-07-03
13005,2900,Chemotherapy,8953.94,2022-01-07
13006,3249,Diagnostic Imaging,560.41,2022-07-02
13007,7633,Laboratory Test,404.87,2022-04-22
13008,457,Consultation,230.98,2024-01-09
13009,3078,Radiation Therapy,7039.42,2023-03-11
13010,1493,Surgery,14236.43,2026-01-03
13011,757,Consultation,375.26,2024-03-30
13012,6115,Diagnostic Imaging,100.4,2025-09-11
13013,3484,Rehabilitation,2024.66,2024-05-20
13014,7913,Rehabilitation,2128.34,2025-07-14
13015,1192,Radiation Therapy,6581.55,2022-09-04
13016,5465,Chemotherapy,7585.43,2023-01-15
13017,1440,Laboratory Test,300.54,2024-07-29
13018,4519,Surgery,9106.74,2024-01-03
13019,5693,Diagnostic Imaging,863.22,2022-07-25
13020,5934,Chemotherapy,1514.49,2025-08-21
13021,6093,Chemotherapy,8333.49,2024-03-17
13022,1874,Chemotherapy,,2022-11-28
13023,9807,Laboratory Test,684.38,2023-12-11
13024,243,Diagnostic Imaging,121.84,2025-05-06
13025,7862,Consultation,136.09,2023-10-28
13026,4705,Surgery,8184.2,2024-07-01
13027,916,Medication,-500.0,2024-04-10
13028,1479,Physical Therapy,1304.27,2022-01-23
13029,5269,Consultation,249.43,2022-03-22
13030,8190,Surgery,12141.4,2025-03-14
13031,8399,Medication,179.42,2026-01-13
13032,5692,Medication,279.85,2025-06-18
13033,8465,Radiation Therapy,3377.65,2022-09-14
13034,7421,Physical Therapy,847.09,2024-12-16
13035,5733,Diagnostic Imaging,239.13,2024-04-20
13036,8786,Surgery,2018.96,2025-05-20
13037,6815,Chemotherapy,7279.48,2022-05-13
13038,7960,Chemotherapy,7263.43,2022-04-04
13039,9109,Chemotherapy,5795.66,2023-07-06
13040,2230,Physical Therapy,1006.61,2024-03-03
13041,5952,Diagnostic Imaging,892.04,2025-04-21
13042,8806,Radiation Therapy,3524.18,2023-02-12
13043,8120,SURGERY,347.79,2023-01-16
13044,722,Radiation Therapy,5461.77,2023-12-13
13045,9808,Laboratory Test,658.38,2024-03-18
13046,1294,Rehabilitation,482.43,2025-10-07
13047,5072,Medication,435.79,2025-10-27
13048,4218,Chemotherapy,6809.31,2024-08-20
13049,1905,Chemotherapy,9570.22,2024-06-16
13050,1193,Consultation,61.67,2025-09-12
13051,2241,Surgery,14663.06,2023-08-02
13052,6090,Medication,437.81,2024-11-18
13053,9108,Laboratory Test,394.78,2025-08-24
13054,5347,Surgery,5587.82,2023-12-16
13055,3764,Physical Therapy,856.94,2024-02-18
13056,7896,Physical Therapy,180.32,2023-08-02
13057,7388,Radiation Therapy,7462.48,2024-05-16
13058,3545,Chemotherapy,7592.53,2024-10-12
13059,3985,Medication,66.9,2023-07-20
13060,70,Chemotherapy,9833.28,2023-11-17
13061,1073,Rehabilitation,763.86,2023-11-30
13062,8834,Chemotherapy,6524.18,2025-11-27
13063,2157,Surgery,4853.91,2022-06-17
13064,3684,Chemotherapy,2104.54,2024-09-17
13065,8139,Chemotherapy,7880.26,2024-03-03
13066,7027,Consultation,281.02,2023-05-21
13067,205,Rehabilitation,2495.69,2022-10-27
13068,7235,Consultation,188.93,2023-01-07
13069,6525,Physical Therapy,933.31,2025-01-03
13070,638,Medication,259.69,2022-09-17
13071,9215,Radiation Therapy,,2026-01-02
13072,3481,Consultation,375.56,2025-04-01
13073,1995,Medication,271.22,2024-10-11
13074,5675,Laboratory Test,632.64,2024-03-29
13075,2347,Physical Therapy,1339.17,2025-03-04
13076,6751,Laboratory Test,134.12,2024-08-05
13077,1146,Surgery,1756.04,2023-12-09
13078,333,Rehabilitation,711.15,2025-10-19
13079,2856,Diagnostic Imaging,451.99,2023-06-21
13080,8735,Diagnostic Imaging,159.99,2023-08-27
13081,4407,Physical Therapy,280.32,2023-05-02
13082,641,Radiation Therapy,6529.97,2023-08-24
13083,7218,Diagnostic Imaging,519.36,2022-11-07
13084,4603,Surgery,11828.01,2024-08-15
13085,1246,Consultation,158.67,2024-03-14
13086,8059,Chemotherapy,2975.26,2025-08-23
13087,6107,Surgery,2973.37,2024-04-25
13088,1187,Diagnostic Imaging,914.99,2022-05-30
13089,8827,Surgery,8383.26,2022-07-07
13090,2801,Diagnostic Imaging,343.56,2023-02-11
13091,8485,Rehabilitation,652.04,2024-02-11
13092,1302,Surgery,14606.52,2023-06-07
13093,7561,Medication,226.39,2024-12-03
13094,7961,Laboratory Test,42.75,2025-07-10
13095,456,Consultation,201.39,2025-07-31
13096,9907,Laboratory Test,135.62,2025-02-04
13097,7479,Physical Therapy,1355.88,2022-02-17
13098,7329,Rehabilitation,1178.96,2022-09-28
13099,5895,Physical Therapy,521.55,2025-08-23
13100,3228,Surgery,13269.19,2025-01-24
13101,5398,Surgery,7675.11,2025-02-02
13102,2403,Diagnostic Imaging,468.77,2024-11-01
13103,7300,Chemotherapy,7483.13,2024-05-10
13104,9066,Diagnostic Imaging,365.6,2022-09-03
13105,9397,Chemotherapy,8301.29,2024-10-02
13106,2634,Physical Therapy,1427.14,2023-02-08
13107,1922,Physical Therapy,221.31,2024-11-17
13108,5870,Physical Therapy,287.76,2023-10-04
13109,7966,Radiation Therapy,1990.04,2024-05-14
13110,5957,Chemotherapy,3359.56,2023-02-13
13111,3314,Laboratory Test,209.11,2023-06-16
13112,2825,Physical Therapy,1096.82,2024-05-19
13113,8600,Radiation Therapy,5839.98,2023-12-22
13114,757,Medication,176.47,2022-11-25
13115,389,Surgery,9438.05,2023-12-08
13116,4096,Rehabilitation,1957.58,2023-02-01
13117,7620,Laboratory Test,313.94,2025-11-19
13118,4453,Surgery,13737.14,2024-03-04
13119,2211,Laboratory Test,497.5,2025-09-06
13120,7974,Physical Therapy,261.64,2022-04-04
13121,6374,Diagnostic Imaging,455.38,2022-08-26
13122,7791,,1259.83,2024-01-02
13123,6851,Chemotherapy,6206.72,2024-05-27
13124,3378,Radiation Therapy,3025.24,2024-01-02
13125,183,Surgery,9110.14,2025-03-30
13126,2151,Diagnostic Imaging,281.28,2024-06-27
13127,2454,Physical Therapy,642.81,2023-12-27
13128,3167,Medication,227.79,2022-12-07
13129,7456,Radiation Therapy,7721.43,2023-06-22
13130,6526,Physical Therapy,183.35,2023-12-24
13131,6422,Rehabilitation,1514.03,2025-01-30
13132,1031,Radiation Therapy,1509.15,2023-10-10
13133,6979,Consultation,100.81,2024-01-04
13134,1273,Rehabilitation,841.14,2022-04-12
13135,1596,Rehabilitation,638.5,2022-10-10
13136,9890,Physical Therapy,690.0,2025-05-08
13137,1039,Medication,409.71,2025-06-15
13138,3542,Consultation,63.81,2022-01-21
13139,9789,Surgery,2699.1,2023-01-14
13140,7948,Physical Therapy,350.65,2025-01-20
13141,1687,Chemotherapy,6266.99,2022-05-01
13142,5983,Chemotherapy,4098.59,2022-10-21
13143,7144,Surgery,10170.5,2022-02-15
13144,3799,Surgery,14768.29,2023-09-16
13145,928,Rehabilitation,1302.51,2025-01-10
13146,7008,Rehabilitation,1598.75,2023-01-31
13147,5161,Surgery,11514.3,2025-08-04
13148,6273,Physical Therapy,274.56,2023-01-27
13149,8452,Consultation,488.87,2023-01-13
13150,8640,Surgery,8689.39,2024-11-09
13151,6678,Radiation Therapy,5117.55,2025-09-29
13152,4621,Surgery,11603.54,2024-01-04
13153,6661,Chemotherapy,2816.75,2025-03-01
13154,6274,Surgery,12438.99,2024-10-09
13155,975,Chemotherapy,1815.43,2023-03-14
13156,9046,Medication,342.97,2023-11-08
13157,3049,Consultation,225.98,2023-08-13
13158,8872,Diagnostic Imaging,476.06,2024-06-12
13159,5792,Consultation,53.37,2022-06-03
13160,2183,Consultation,436.69,2022-10-22
13161,4805,Laboratory Test,103.98,2024-08-05
13162,155,Radiation Therapy,5772.47,2022-06-08
13163,4414,Rehabilitation,391.62,2025-05-17
13164,3053,Rehabilitation,616.1,2025-12-06
13165,9761,Diagnostic Imaging,319.14,2023-11-07
13166,5625,Surgery,3273.0,2022-08-15
13167,5271,Chemotherapy,2722.48,2025-11-10
13168,7761,Diagnostic Imaging,227.57,2022-11-26
13169,7421,Laboratory Test,647.54,2025-06-17
13170,7062,Chemotherapy,8082.08,2022-04-14
13171,8230,Rehabilitation,614.42,2025-09-11
13172,7879,Medication,121.53,2022-11-25
13173,3375,Rehabilitation,2245.36,2025-09-17
13174,3001,Chemotherapy,2838.14,2024-03-25
13175,9848,Physical Therapy,1054.66,2024-07-25
13176,159,Radiation Therapy,2331.63,2022-04-03
13177,1381,Physical Therapy,604.52,2025-06-30
13178,1615,Laboratory Test,633.17,2023-12-18
13179,5472,Diagnostic Imaging,254.09,2025-10-09
13180,6891,Rehabilitation,1948.11,2024-05-25
13181,1350,Diagnostic Imaging,145.34,2024-05-22
13182,4131,Consultation,491.89,2023-03-21
13183,8923,Rehabilitation,1985.83,2022-08-06
13184,3533,Chemotherapy,3913.1,2024-08-22
13185,8253,Diagnostic Imaging,693.82,2024-01-25
13186,7386,Surgery,1463.88,2025-03-06
13187,3368,Surgery,7001.13,2024-09-06
13188,4386,Chemotherapy,2913.89,2022-04-23
13189,4270,Medication,302.22,2025-04-12
13190,5538,Diagnostic Imaging,1035.17,2022-01-08
13191,832,Chemotherapy,6299.87,2022-06-25
13192,3122,Consultation,245.8,2025-07-10
13193,5916,Consultation,181.39,2026-01-24
13194,686,Physical Therapy,1203.38,2022-03-14
13195,3281,Diagnostic Imaging,389.37,2022-10-26
13196,5474,Medication,235.94,2022-06-07
13197,9120,Surgery,2420.99,2023-02-24
13198,1389,Medication,282.67,2022-10-09
13199,4742,Diagnostic Imaging,1160.36,2022-06-23
13200,4920,Physical Therapy,921.4,2023-03-12
13201,5167,Physical Therapy,1237.19,2023-02-20
13202,4356,Laboratory Test,69.99,2023-05-21
13203,6104,Consultation,314.91,2025-12-05
13204,7981,Rehabilitation,903.2,2025-10-05
13205,4925,Laboratory Test,503.31,2023-07-21
13206,4815,Consultation,141.59,2023-08-03
13207,1411,Rehabilitation,653.27,2024-06-17
13208,1401,Surgery,5056.92,2022-01-27
13209,4177,Laboratory Test,255.32,2023-09-05
13210,2720,Consultation,324.38,2024-06-18
13211,1882,Rehabilitation,1758.37,2022-09-23
13212,3664,Consultation,412.97,2023-10-04
13213,6361,Surgery,10470.85,2024-11-22
13214,4495,Physical Therapy,773.53,2024-03-04
13215,1612,Rehabilitation,438.13,2023-12-15
13216,1007,Consultation,301.81,2023-12-10
13217,8840,Radiation Therapy,4686.41,2024-06-28
13218,5945,Diagnostic Imaging,363.92,2025-12-05
13219,9214,Laboratory Test,339.02,2024-10-28
13220,9976,Chemotherapy,7209.8,2025-04-29
13221,5443,Consultation,359.75,2022-12-30
13222,4764,Physical Therapy,395.62,2025-04-18
13223,3464,Physical Therapy,113.36,2025-08-04
13224,4730,Radiation Therapy,6753.23,2022-01-06
13225,506,Laboratory Test,487.7,2024-12-07
13226,2557,Medication,317.63,2022-04-27
13227,1166,Laboratory Test,496.7,2024-02-11
13228,5461,Diagnostic Imaging,650.11,2026-01-30
13229,2169,Chemotherapy,3001.2,2024-08-08
13230,9792,Chemotherapy,6035.17,2022-10-25
13231,5205,Medication,321.36,2025-12-25
13232,1481,Chemotherapy,7642.49,2022-01-21
13233,6118,Surgery,10203.5,2025-01-24
13234,1048,Physical Therapy,1323.39,2022-10-04
13235,7737,Consultation,144.38,2024-09-20
13236,7249,Laboratory Test,606.22,2025-06-12
13237,8940,Laboratory Test,126.79,2023-12-11
13238,7556,Surgery,10212.21,2022-06-19
13239,5643,Consultation,241.85,2024-01-03
13240,5097,Radiation Therapy,2008.03,2023-06-04
13241,668,Surgery,5319.43,2025-11-29
13242,9843,Physical Therapy,992.9,2024-12-07
13243,3753,Radiation Therapy,7009.89,2022-03-03
13244,9323,Physical Therapy,1119.29,2022-04-28
13245,1789,Medication,29.01,2024-02-20
13246,1191,Radiation Therapy,1154.4,2024-05-03
13247,8215,Chemotherapy,7559.48,2022-04-27
13248,5611,Diagnostic Imaging,914.42,2022-05-29
13249,1739,Medication,62.93,2023-03-19
13250,9223,Chemotherapy,3609.03,2024-10-24
13251,4744,Diagnostic Imaging,217.19,2022-01-27
13252,1090,Radiation Therapy,7215.17,2024-07-18
13253,9500,Diagnostic Imaging,822.22,2024-03-28
13254,2702,Physical Therapy,591.7,2023-05-01
13255,6061,Medication,127.82,2024-05-09
13256,1156,Diagnostic Imaging,952.16,2022-08-10
13257,7616,Surgery,8137.29,2024-11-05
13258,741,Chemotherapy,2895.75,2023-07-05
13259,4926,Radiation Therapy,7921.95,2023-05-20
13260,9405,Surgery,9981.63,2023-04-28
13261,5640,Consultation,229.19,2022-05-22
13262,2926,Consultation,70.57,2024-11-03
13263,7608,Laboratory Test,99.38,2024-08-26
13264,6612,Physical Therapy,1448.25,2023-01-29
13265,3560,Diagnostic Imaging,321.09,2023-08-08
13266,172,Diagnostic Imaging,881.31,2022-09-16
13267,864,Chemotherapy,6311.4,2025-08-09
13268,6547,Surgery,12735.77,2025-02-17
13269,5095,Medication,84.71,2024-07-10
13270,4682,Physical Therapy,829.54,2024-07-07
13271,5624,Consultation,425.84,2023-11-11
13272,5271,Medication,67.27,2022-09-26
13273,6888,Chemotherapy,2226.58,2022-03-26
13274,3109,Consultation,55.63,2023-06-02
13275,4325,Medication,327.52,2022-07-27
13276,3011,Surgery,8379.69,2023-09-08
13277,8342,Laboratory Test,365.46,2023-08-22
13278,3517,Laboratory Test,284.18,2025-09-14
13279,418,Surgery,10740.19,2023-05-15
13280,8174,Physical Therapy,256.54,2022-10-27
13281,9210,Surgery,8692.15,2022-09-08
13282,2030,Physical Therapy,1492.92,2024-06-27
13283,3429,Physical Therapy,617.77,2023-12-12
13284,5303,Laboratory Test,431.47,2023-04-07
13285,861,Chemotherapy,3583.58,2024-03-22
13286,8371,Diagnostic Imaging,682.41,2026-01-25
13287,779,Radiation Therapy,4974.74,2024-12-11
13288,8985,Diagnostic Imaging,1009.86,2025-03-11
13289,6603,Physical Therapy,1370.68,2023-07-30
13290,5415,Rehabilitation,1545.58,2022-03-28
13291,7664,Physical Therapy,1204.57,2024-10-09
13292,8098,Medication,126.32,2023-09-24
13293,4201,Radiation Therapy,1516.66,2024-10-13
13294,1658,Physical Therapy,203.96,2025-12-03
13295,5903,Physical Therapy,365.89,2023-06-14
13296,4149,Rehabilitation,1475.53,2022-02-05
13297,3564,Diagnostic Imaging,933.55,2025-04-09
13298,3675,Physical Therapy,555.09,2025-06-01
13299,1111,Radiation Therapy,4495.27,2024-07-08
13300,8987,Diagnostic Imaging,193.08,2025-07-15
13301,3071,Laboratory Test,243.52,2024-05-18
13302,2028,Radiation Therapy,6507.73,2025-02-22
13303,577,Radiation Therapy,3187.13,2023-07-28
13304,8850,Medication,311.83,2025-08-23
13305,9042,Radiation Therapy,5739.58,2023-11-08
13306,7613,Consultation,464.49,2024-06-12
13307,6547,Consultation,498.33,2025-08-09
13308,4844,Diagnostic Imaging,612.37,2024-09-03
13309,3437,Medication,247.8,2025-01-06
13310,7374,Rehabilitation,2184.07,2025-02-01
13311,6777,Radiation Therapy,1322.09,2022-01-18
13312,3479,Rehabilitation,1947.07,2025-10-24
13313,8885,Chemotherapy,7547.95,2023-12-15
13314,8010,Medication,126.37,2022-08-08
13315,4899,Rehabilitation,2108.05,2024-10-26
13316,5848,Medication,327.35,2022-07-03
13317,5290,Rehabilitation,1579.05,2024-04-16
13318,8291,Chemotherapy,9158.36,2023-05-01
13319,2259,Laboratory Test,407.94,2026-01-14
13320,5661,Rehabilitation,2483.1,2025-06-13
13321,729,Surgery,6480.12,2024-07-29
13322,2210,Laboratory Test,622.68,2024-01-11
13323,2943,Physical Therapy,636.48,2024-09-01
13324,4344,Laboratory Test,250.74,2025-02-27
13325,7652,Diagnostic Imaging,1163.39,2022-08-20
13326,4751,Surgery,14299.58,2022-06-16
13327,5958,Consultation,124.32,2024-01-29
13328,7232,Laboratory Test,193.57,2022-08-03
13329,5785,Medication,465.21,2022-03-28
13330,2607,Medication,121.32,2025-10-07
13331,5443,Diagnostic Imaging,880.43,2022-12-02
13332,548,Physical Therapy,281.26,2022-11-24
13333,6248,Medication,98.24,2025-07-19
13334,4712,Rehabilitation,2176.14,2022-04-06
13335,2837,Diagnostic Imaging,498.79,2025-07-06
13336,7531,Medication,317.98,2023-01-21
13337,100,Consultation,206.89,2024-08-02
13338,9818,Surgery,7252.91,2025-05-09
13339,9682,Physical Therapy,496.72,2025-07-16
13340,2970,Rehabilitation,2095.38,2025-08-30
13341,1541,Laboratory Test,150.9,2023-11-09
13342,5896,Chemotherapy,5517.74,2022-08-26
13343,5410,Physical Therapy,1086.05,2025-07-13
13344,4573,Physical Therapy,1350.65,2024-01-04
13345,5651,Laboratory Test,677.63,2022-10-25
13346,900,Rehabilitation,1561.9,2025-12-03
13347,5449,Rehabilitation,1966.68,2024-06-01
13348,8020,Rehabilitation,1022.53,2025-06-08
13349,776,Chemotherapy,4324.51,2022-08-19
13350,7242,Medication,76.01,2024-11-27
13351,2213,Rehabilitation,1443.37,2023-12-03
13352,3422,Consultation,169.97,2025-05-04
13353,5508,Consultation,132.15,2024-05-24
13354,7823,Medication,316.77,2025-04-06
13355,6990,Consultation,394.67,2024-08-13
13356,4539,Surgery,2208.95,2024-04-30
13357,5616,Surgery,6347.97,2022-08-22
13358,7100,Surgery,7268.85,2023-08-09
13359,7729,Laboratory Test,625.12,2023-07-28
13360,8018,Consultation,326.09,2025-09-20
13361,1920,Rehabilitation,211.31,2022-07-15
13362,9444,Surgery,13599.55,2022-10-25
13363,3245,Consultation,192.46,2025-02-14
13364,713,Physical Therapy,1468.23,2024-06-21
13365,2603,Laboratory Test,433.04,2024-08-08
13366,5897,Rehabilitation,1397.81,2023-08-28
13367,7851,Diagnostic Imaging,1152.77,2025-06-29
13368,6018,Medication,291.45,2022-10-01
13369,2722,Medication,310.46,2023-07-14
13370,4424,Laboratory Test,303.58,2025-07-20
13371,8510,Consultation,261.77,2022-12-23
13372,6404,Physical Therapy,1466.96,2024-03-04
13373,9998,Surgery,3050.13,2024-08-26
13374,9178,Radiation Therapy,6909.5,2025-12-26
13375,1102,Physical Therapy,1472.57,2024-05-23
13376,704,Medication,131.77,2025-08-23
13377,5725,Surgery,1347.07,2024-01-24
13378,7598,Rehabilitation,2419.34,2022-09-11
13379,2381,Diagnostic Imaging,381.41,2025-06-09
13380,1369,medication,99.59,2025-01-15
13381,5414,Physical Therapy,1334.3,2022-06-26
13382,4349,Diagnostic Imaging,1197.68,2023-01-13
13383,8770,Laboratory Test,69.76,2022-10-26
13384,502,Physical Therapy,1404.09,2023-11-27
13385,1278,Consultation,134.21,2025-09-27
13386,7550,Rehabilitation,2489.54,2025-03-29
13387,7033,Laboratory Test,476.99,2025-01-06
13388,6814,Diagnostic Imaging,540.81,2023-11-26
13389,4620,Radiation Therapy,5830.45,2022-12-23
13390,8690,Consultation,241.9,2023-07-05
13391,9342,Medication,475.42,2023-11-22
13392,3092,Medication,370.92,2022-05-31
13393,3437,Radiation Therapy,1646.25,2025-10-21
13394,5011,Laboratory Test,404.88,2025-03-31
13395,2948,Medication,371.9,2024-01-13
13396,427,Consultation,421.68,2024-07-28
13397,225,Rehabilitation,1149.38,2024-02-24
13398,9854,Diagnostic Imaging,130.51,2023-06-03
13399,5014,Medication,376.7,2025-08-25
13400,2461,Chemotherapy,2102.67,2024-05-29
13401,309,Laboratory Test,627.15,2022-02-01
13402,4266,Chemotherapy,2674.28,2023-10-14
13403,6023,Diagnostic Imaging,1166.68,2025-04-16
13404,8054,Laboratory Test,639.95,2024-09-25
13405,2585,Physical Therapy,700.56,2022-05-24
13406,6932,Consultation,232.38,2026-01-27
13407,6179,Surgery,1117.07,2023-04-29
13408,4536,Physical Therapy,595.61,2023-01-11
13409,7718,Consultation,461.23,2024-04-11
13410,1637,Medication,347.2,2022-01-17
13411,5985,Chemotherapy,6274.7,2025-10-20
13412,1415,Laboratory Test,311.74,2023-05-05
13413,4655,Rehabilitation,1538.76,2022-05-19
13414,6517,Laboratory Test,668.06,2022-07-04
13415,4638,Diagnostic Imaging,290.3,2025-05-04
13416,5217,Chemotherapy,7853.51,2023-01-07
13417,2945,Diagnostic Imaging,664.05,2022-12-05
13418,7006,Laboratory Test,418.5,2022-02-15
13419,6014,Physical Therapy,1472.54,2024-01-06
13420,8934,Diagnostic Imaging,655.48,2022-11-04
13421,985,Diagnostic Imaging,696.8,2023-09-08
13422,9311,Surgery,4376.18,2023-02-06
13423,1948,Chemotherapy,8922.01,2022-12-24
13424,4243,Radiation Therapy,3421.15,2022-07-29
13425,4407,Laboratory Test,280.98,2022-08-08
13426,8449,Physical Therapy,244.47,2025-12-12
13427,3113,Radiation Therapy,4052.54,2022-10-29
13428,6649,Rehabilitation,1228.55,2024-02-09
13429,8833,Consultation,487.34,2023-08-01
13430,8318,Medication,292.22,2025-06-13
13431,5484,Chemotherapy,5021.56,2022-01-06
13432,6756,Chemotherapy,9404.75,2024-03-27
13433,4076,Laboratory Test,196.1,2022-07-21
13434,9981,Consultation,220.58,2025-04-28
13435,8111,Laboratory Test,616.93,2022-03-09
13436,4263,Physical Therapy,622.54,2025-10-29
13437,1088,Consultation,52.27,2025-08-06
13438,1606,Diagnostic Imaging,1014.35,2022-11-16
13439,9457,Chemotherapy,5200.43,2022-03-08
13440,7965,Medication,117.11,2023-01-07
13441,2762,Rehabilitation,1361.49,2024-07-13
13442,8720,Medication,253.77,2023-12-05
13443,6345,Diagnostic Imaging,637.91,2023-04-23
13444,3002,Radiation Therapy,5404.98,2025-11-25
13445,7354,Chemotherapy,7274.06,2025-04-15
13446,1093,Diagnostic Imaging,907.69,2022-11-02
13447,4160,Diagnostic Imaging,175.47,2022-11-29
13448,9408,Physical Therapy,1206.55,2024-04-06
13449,8655,Diagnostic Imaging,716.73,2025-11-13
13450,9669,Physical Therapy,1296.64,2025-10-06
13451,8354,Consultation,299.09,2023-11-18
13452,9768,Chemotherapy,6759.91,2024-05-15
13453,4986,Surgery,8104.88,2025-04-18
13454,723,Radiation Therapy,7794.57,2022-10-16
13455,5712,Medication,36.92,2025-05-27
13456,1538,Consultation,328.76,2023-05-11
13457,2252,Diagnostic Imaging,707.6,2024-12-21
13458,8004,Chemotherapy,7808.99,2025-06-16
13459,2386,Surgery,9429.56,2025-12-12
13460,7298,Medication,383.67,2022-06-30
13461,8246,Laboratory Test,145.75,2023-03-05
13462,7746,Consultation,354.16,2023-09-17
13463,372,Rehabilitation,2158.91,2023-05-17
13464,3572,Physical Therapy,933.74,2024-01-08
13465,5426,Surgery,12823.72,2023-09-08
13466,7477,Rehabilitation,2030.55,2024-07-22
13467,432,Surgery,5337.05,2024-02-21
13468,2175,Radiation Therapy,7932.97,2023-09-26
13469,7551,Diagnostic Imaging,118.31,2023-05-20
13470,3177,Radiation Therapy,7110.6,2025-03-29
13471,3219,Consultation,327.17,2023-10-22
13472,7690,Radiation Therapy,2913.67,2022-08-07
13473,7869,Diagnostic Imaging,940.24,2022-02-02
13474,8696,Rehabilitation,1317.69,2025-03-19
13475,2839,Medication,495.2,2024-11-14
13476,5729,Rehabilitation,1278.99,2022-04-28
13477,6172,Consultation,408.17,2024-09-08
13478,3771,Rehabilitation,632.51,2024-01-11
13479,3348,Rehabilitation,1791.8,2023-07-19
13480,9232,Radiation Therapy,5229.06,2023-05-16
13481,8916,Radiation Therapy,7656.35,2025-12-28
13482,8349,Laboratory Test,268.36,2022-09-11
13483,5431,Surgery,13614.21,2023-08-12
13484,9777,Medication,304.05,2024-11-01
13485,3616,Diagnostic Imaging,292.09,2022-02-03
13486,423,Rehabilitation,628.96,2024-10-29
13487,4071,Laboratory Test,168.74,2024-01-31
13488,8359,Rehabilitation,2105.52,2023-08-06
13489,4794,Diagnostic Imaging,925.88,2022-04-14
13490,1363,Chemotherapy,6819.9,2025-06-02
13491,142,Physical Therapy,118.52,2022-12-18
13492,2994,Physical Therapy,429.48,2022-07-09
13493,132,Physical Therapy,884.35,2025-12-13
13494,2561,Diagnostic Imaging,345.5,2025-01-12
13495,3566,Diagnostic Imaging,886.34,2024-12-01
13496,2284,Surgery,8865.7,2024-02-14
13497,2583,Physical Therapy,957.02,2024-05-17
13498,2602,Medication,172.88,2022-09-24
13499,5304,Diagnostic Imaging,349.13,2022-02-14
13500,6478,Medication,348.54,2023-04-08
13501,1993,Physical Therapy,606.1,2022-10-10
13502,2318,Rehabilitation,1688.83,2022-08-01
13503,3676,Diagnostic Imaging,593.04,2022-04-06
13504,618,Consultation,260.37,2023-03-28
13505,911,Medication,43.42,2023-10-16
13506,927,Diagnostic Imaging,530.85,2023-04-25
13507,6730,Diagnostic Imaging,590.82,2022-09-15
13508,1601,Chemotherapy,5461.88,2025-01-04
13509,8258,Rehabilitation,384.39,2022-12-31
13510,9513,Laboratory Test,504.25,2025-12-06
13511,5707,Rehabilitation,1412.34,2024-08-06
13512,4906,Medication,200.31,2022-10-18
13513,1789,Medication,46.85,2025-06-14
13514,681,Physical Therapy,546.42,2023-06-17
13515,4768,Chemotherapy,8202.51,2023-08-02
13516,5891,Diagnostic Imaging,813.55,2025-05-30
13517,8031,Physical Therapy,1117.08,2025-03-14
13518,5654,Physical Therapy,813.37,2023-06-12
13519,3593,Rehabilitation,1046.39,2022-06-25
13520,7039,Diagnostic Imaging,1129.2,2025-04-04
13521,2485,Physical Therapy,1433.65,2025-06-09
13522,7497,Medication,156.2,2022-04-02
13523,1382,Physical Therapy,125.57,2025-11-04
13524,6558,Diagnostic Imaging,624.2,2024-03-17
13525,7962,Surgery,6853.37,2023-09-27
13526,2346,Chemotherapy,7667.59,2023-05-14
13527,1838,Medication,259.62,2025-09-08
13528,1987,Diagnostic Imaging,835.55,2025-06-17
13529,1369,Chemotherapy,3000.17,2025-05-14
13530,4327,Consultation,467.81,2024-10-01
13531,2624,Rehabilitation,1236.15,2024-01-29
13532,2574,Consultation,56.65,2023-11-13
13533,8819,Medication,48.36,2025-11-11
13534,5336,Surgery,1362.11,2022-03-20
13535,8271,Consultation,228.86,2025-06-30
13536,9037,Rehabilitation,1704.24,2024-01-17
13537,9849,Medication,342.96,2023-12-10
13538,298,Physical Therapy,1106.71,2022-10-19
13539,1591,Medication,111.6,2023-07-01
13540,9555,Medication,261.09,2025-05-21
13541,4257,Radiation Therapy,5881.05,2025-05-24
13542,3874,Radiation Therapy,3256.62,2023-08-14
13543,6340,Rehabilitation,2321.82,2024-08-24
13544,6086,Diagnostic Imaging,332.65,2026-01-04
13545,1875,Surgery,7241.86,2025-08-23
13546,9138,Consultation,424.63,2024-11-22
13547,5271,Laboratory Test,285.8,2025-08-23
13548,5805,Chemotherapy,6425.5,2022-09-02
13549,3125,Surgery,8325.24,2023-12-09
13550,1992,Laboratory Test,668.75,2023-08-24
13551,6706,Chemotherapy,8387.4,2024-04-19
13552,6679,Rehabilitation,1181.67,2023-07-14
13553,9365,Rehabilitation,2418.2,2025-06-17
13554,5675,Diagnostic Imaging,1180.43,2023-06-16
13555,3651,Consultation,262.65,2024-10-13
13556,880,Diagnostic Imaging,259.68,2024-03-18
13557,7450,Diagnostic Imaging,849.48,2025-10-17
13558,4655,Radiation Therapy,7829.64,2023-02-01
13559,2442,Laboratory Test,633.78,2023-08-06
13560,7303,Consultation,261.38,2023-06-21
13561,5052,Physical Therapy,284.23,2024-06-20
13562,3726,Radiation Therapy,6661.63,2025-06-25
13563,9231,Surgery,13654.28,2022-01-06
13564,2522,Surgery,13242.81,2024-08-27
13565,5510,Consultation,216.38,2023-08-08
13566,2804,Medication,439.22,2025-07-19
13567,5125,Surgery,11441.13,2024-05-30
13568,9889,Laboratory Test,564.57,2025-10-20
13569,8419,Rehabilitation,633.96,2025-04-06
13570,7510,Consultation,328.03,2023-04-20
13571,7030,Physical Therapy,126.91,2023-06-03
13572,4395,Radiation Therapy,2975.13,2024-06-29
13573,4844,Medication,126.81,2022-10-04
13574,2531,Physical Therapy,1412.55,2024-06-21
13575,422,Physical Therapy,747.79,2023-04-12
13576,1701,Medication,290.47,2024-06-10
13577,1906,Consultation,114.5,2023-11-26
13578,4065,Physical Therapy,1053.08,2025-09-21
13579,4516,Medication,131.4,2023-08-27
13580,1955,Physical Therapy,1289.26,2025-05-18
13581,2385,Diagnostic Imaging,708.65,2022-05-04
13582,1764,Surgery,11311.56,2025-03-04
13583,7472,Surgery,10356.09,2025-10-23
13584,1204,Medication,198.34,2022-03-08
13585,8278,Consultation,275.46,2023-07-22
13586,1547,Medication,84.87,2022-05-01
13587,4194,Rehabilitation,806.2,2022-11-23
13588,2937,Medication,144.71,2025-10-22
13589,501,Laboratory Test,617.25,2024-11-17
13590,6625,Medication,179.67,2022-12-31
13591,2950,Rehabilitation,391.25,2024-06-05
13592,4223,Surgery,13883.37,2026-01-03
13593,7582,Radiation Therapy,2657.44,2025-08-17
13594,752,Medication,490.85,2022-12-16
13595,4741,Medication,238.12,2023-01-15
13596,7536,Diagnostic Imaging,269.0,2023-03-16
13597,2158,Radiation Therapy,7037.23,2024-05-08
13598,7272,Rehabilitation,382.3,2023-03-02
13599,2261,Chemotherapy,4228.38,2025-04-14
13600,9879,Chemotherapy,1682.06,2022-06-12
13601,8552,Radiation Therapy,5988.19,2023-01-09
13602,1522,Consultation,172.46,2022-12-20
13603,639,Physical Therapy,1055.17,2024-12-29
13604,2657,Surgery,5340.16,2023-08-18
13605,6222,Diagnostic Imaging,788.33,2023-08-20
13606,2492,Laboratory Test,289.22,2022-08-31
13607,3733,Consultation,304.04,2022-04-20
13608,2421,Medication ,1484.01,2025-10-07
13609,9665,Rehabilitation,1374.18,2022-08-02
13610,3913,Consultation,461.48,2026-01-06
13611,5379,Rehabilitation,2276.54,2025-11-16
13612,7783,Diagnostic Imaging,1098.85,2026-01-14
13613,1032,Medication,213.87,2022-08-09
13614,7372,Chemotherapy,5156.03,2022-10-06
13615,9211,Diagnostic Imaging,138.7,2023-09-22
13616,1347,Rehabilitation,1774.17,2024-07-20
13617,1627,Radiation Therapy,3933.52,2022-09-16
13618,7401,Laboratory Test,356.09,2024-06-27
13619,4804,Surgery,9866.22,2022-12-14
13620,9673,Diagnostic Imaging,593.25,2024-04-28
13621,1584,Surgery,7459.02,2024-07-01
13622,9266,Surgery,11096.37,2025-09-03
13623,2710,Physical Therapy,185.86,2024-11-11
13624,8493,Radiation Therapy,3593.9,2023-05-11
13625,7129,Physical Therapy,547.46,2022-11-20
13626,3091,Physical Therapy,1436.24,2025-03-02
13627,9425,Radiation Therapy,5450.12,2025-04-23
13628,1467,Diagnostic Imaging,1142.74,2023-07-08
13629,7798,Medication,62.48,2022-03-26
13630,4192,Physical Therapy,1223.31,2022-09-13
13631,9559,Radiation Therapy,7825.03,2023-12-20
13632,4415,Chemotherapy,5466.04,2025-11-05
13633,4514,Rehabilitation,1215.81,2023-06-19
13634,9661,Chemotherapy,9616.22,2023-08-05
13635,2629,Rehabilitation,2360.36,2022-01-05
13636,7011,Radiation Therapy,7523.9,2025-10-14
13637,9429,Radiation Therapy,6038.43,2022-06-03
13638,3997,Medication,264.2,2024-01-14
13639,5047,Laboratory Test,622.78,2025-01-05
13640,4341,Radiation Therapy,1071.87,2024-09-30
13641,3434,Medication,179.29,2023-06-13
13642,7866,Chemotherapy,5239.3,2023-11-29
13643,4778,Rehabilitation,1454.7,2023-10-06
13644,6040,Diagnostic Imaging,733.81,2023-03-31
13645,5402,Rehabilitation,607.22,2023-12-10
13646,2660,Radiation Therapy,5039.97,2024-01-27
13647,3768,Chemotherapy,7920.69,2025-05-11
13648,71,Diagnostic Imaging,1180.38,2023-01-30
13649,893,Chemotherapy,7885.56,2024-11-07
13650,8413,Chemotherapy,8988.93,2023-06-25
13651,9353,Rehabilitation,1423.64,2024-12-22
13652,6230,Surgery,7916.75,2025-11-17
13653,3112,Consultation,317.2,2024-05-02
13654,7008,Physical Therapy,1460.14,2023-08-16
13655,3393,Chemotherapy,3968.16,2025-02-14
13656,9156,Diagnostic Imaging,1044.33,2024-04-10
13657,4480,Diagnostic Imaging,696.52,2024-10-12
13658,7961,Rehabilitation,1969.96,2023-07-27
13659,789,Rehabilitation,1068.89,2023-07-29
13660,7388,Radiation Therapy,2033.35,2022-08-20
13661,3746,Surgery,12105.61,2024-08-26
13662,7674,Physical Therapy,220.69,2025-09-15
13663,7613,Radiation Therapy,4444.05,2024-07-29
13664,6602,Radiation Therapy,4634.32,2022-10-30
13665,810,Consultation,106.76,2024-06-01
13666,1983,Consultation,243.88,2023-05-20
13667,2793,Physical Therapy,1232.84,2024-04-29
13668,5603,Rehabilitation,2400.58,2024-04-15
13669,5502,Diagnostic Imaging,806.76,2024-12-20
13670,487,Rehabilitation,2103.04,2025-02-25
13671,2946,Diagnostic Imaging,423.13,2025-12-27
13672,5458,Surgery,5273.91,2023-04-11
13673,9135,Laboratory Test,210.29,2025-09-18
13674,4213,Diagnostic Imaging,673.7,2024-03-25
13675,5537,Diagnostic Imaging,527.04,2022-03-30
13676,2442,Consultation,484.37,2022-02-22
13677,1022,Diagnostic Imaging,1162.57,2022-06-21
13678,4773,Surgery,1136.22,2025-04-04
13679,8374,Diagnostic Imaging,1180.12,2023-06-17
13680,3202,Rehabilitation,1341.54,2024-02-15
13681,1754,Laboratory Test,353.62,2025-05-24
13682,4750,Physical Therapy,1016.43,2023-01-08
13683,693,Radiation Therapy,4324.84,2025-09-29
13684,7083,,3547.28,2022-10-18
13685,2644,Physical Therapy,201.25,2024-01-02
13686,5321,Chemotherapy,9919.44,2025-12-01
13687,2309,Rehabilitation,2379.7,2025-12-24
13688,6108,Radiation Therapy,4761.7,2022-05-14
13689,8827,Physical Therapy,1421.34,2024-05-12
13690,2970,Physical Therapy,788.64,2023-12-11
13691,6324,Radiation Therapy,2485.51,2023-11-23
13692,5374,Rehabilitation,2486.6,2025-04-10
13693,3316,Diagnostic Imaging,463.87,2025-01-16
13694,787,Laboratory Test,387.9,2023-06-08
13695,9295,Diagnostic Imaging,539.63,2024-04-22
13696,6050,Medication,113.27,2025-10-30
13697,8875,Rehabilitation,1917.41,2022-08-02
13698,2559,Chemotherapy,3675.49,2023-11-26
13699,43,Medication,108.72,2024-12-29
13700,8572,Surgery,12983.58,2025-02-11
13701,1827,Physical Therapy,1490.52,2025-05-15
13702,9559,Physical Therapy,1301.13,2022-10-29
13703,653,Radiation Therapy,2715.27,2025-12-16
13704,4302,Laboratory Test,363.02,2024-03-13
13705,2978,Medication,321.22,2023-11-03
13706,5448,Rehabilitation,1069.82,2024-02-17
13707,5962,Surgery,9036.18,2025-06-27
13708,850,Physical Therapy,1488.14,2025-02-13
13709,2862,Rehabilitation,1472.62,2025-08-15
13710,8221,Chemotherapy,9437.07,2024-08-15
13711,5379,Surgery,7104.69,2025-02-16
13712,5851,Surgery,1627.18,2023-02-05
13713,7792,Laboratory Test,176.97,2025-06-21
13714,7560,Diagnostic Imaging,355.26,2022-03-25
13715,2994,Medication,210.12,2022-07-11
13716,5951,Consultation,412.68,2022-02-27
13717,5014,Surgery,2486.14,2025-02-18
13718,3983,Consultation,62.79,2022-07-30
13719,3428,Chemotherapy,9231.5,2022-10-07
13720,4872,Consultation,374.8,2023-01-28
13721,1522,Chemotherapy,3118.83,2024-05-19
13722,792,Consultation,175.31,2023-05-03
13723,7912,Rehabilitation,2428.81,2024-12-20
13724,117,Rehabilitation,1328.64,2025-07-25
13725,3376,Surgery,11693.34,2024-04-25
13726,2126,Rehabilitation,688.96,2022-07-28
13727,2186,Physical Therapy,453.51,2025-01-01
13728,9352,Rehabilitation,649.16,2025-04-20
13729,8327,Consultation,381.06,2024-12-02
13730,4642,Diagnostic Imaging,83.28,2024-10-19
13731,7588,Consultation,130.73,2022-04-28
13732,8294,Rehabilitation,873.21,2025-05-05
13733,1463,Diagnostic Imaging,230.23,2025-11-14
13734,3721,Rehabilitation,2269.79,2023-08-09
13735,4991,Medication,490.63,2022-12-05
13736,547,Surgery,11554.48,2025-11-03
13737,6309,Rehabilitation,459.29,2024-09-17
13738,6658,Medication,139.1,2025-07-13
13739,1977,Consultation,318.53,2025-11-24
13740,6008,Radiation Therapy,5417.18,2024-10-25
13741,1813,Diagnostic Imaging,597.49,2025-07-10
13742,2821,Medication,357.0,2024-07-27
13743,7181,Consultation,127.8,2022-12-18
13744,2874,Surgery,10561.97,2025-03-04
13745,2853,Physical Therapy,657.87,2023-02-20
13746,7891,Rehabilitation,1868.0,2025-08-02
13747,6442,Physical Therapy,1043.73,2023-09-25
13748,1236,Radiation Therapy,4592.51,2024-04-03
13749,2989,Diagnostic Imaging,635.53,2024-10-18
13750,7660,Laboratory Test,672.37,2024-12-19
13751,4473,Surgery,11198.93,2025-08-31
13752,6081,Medication,86.76,2024-09-07
13753,2013,Consultation,126.76,2023-07-13
13754,6999,Diagnostic Imaging,114.73,2024-01-31
13755,5193,Radiation Therapy,1565.8,2025-08-19
13756,1506,Consultation,393.67,2022-12-07
13757,7848,Chemotherapy,9965.47,2022-03-15
13758,3986,Physical Therapy,1472.42,2024-04-16
13759,4602,Chemotherapy,9867.73,2025-10-05
13760,9986,Surgery,10869.85,2024-02-19
13761,4979,Rehabilitation,2231.44,2024-11-06
13762,1510,Rehabilitation,1138.27,2024-08-09
13763,2217,Medication,487.11,2024-10-29
13764,893,Chemotherapy,8284.95,2025-11-04
13765,1649,Medication,459.1,2022-02-13
13766,6391,Chemotherapy,7861.09,2025-07-31
13767,1669,Radiation Therapy,3974.86,2025-02-02
13768,1186,Rehabilitation,871.37,2025-06-15
13769,5670,Radiation Therapy,7607.32,2024-04-14
13770,303,Radiation Therapy,3659.41,2025-05-10
13771,2296,Surgery,4779.99,2024-01-02
13772,8140,Medication,267.93,2025-12-08
13773,8242,Laboratory Test,280.6,2022-03-23
13774,930,Chemotherapy,8359.14,2023-10-23
13775,2326,Chemotherapy,1979.59,2024-05-07
13776,634,Surgery,8856.58,2024-09-06
13777,7538,Surgery,1322.69,2024-09-20
13778,1361,Diagnostic Imaging,885.33,2023-06-28
13779,7763,Consultation,335.98,2024-04-17
13780,2184,Laboratory Test,175.54,2024-03-24
13781,172,Laboratory Test,474.95,2023-08-13
13782,3327,Rehabilitation,1912.75,2026-01-08
13783,7939,Chemotherapy,8872.29,2023-08-28
13784,4137,Rehabilitation,694.23,2023-02-09
13785,7823,Physical Therapy,401.24,2025-10-02
13786,1461,Diagnostic Imaging,754.58,2022-10-12
13787,3616,Radiation Therapy,2197.62,2023-01-09
13788,8659,Surgery,14504.1,2025-10-08
13789,9161,Consultation,266.22,2024-02-13
13790,5106,Medication,64.67,2023-11-19
13791,4199,Physical Therapy,1495.31,2024-06-30
13792,6006,Laboratory Test,343.59,2023-08-02
13793,1930,Diagnostic Imaging,988.12,2022-10-20
13794,8450,Physical Therapy,708.69,2024-12-25
13795,518,Medication,297.48,2023-05-04
13796,63,Chemotherapy,3199.31,2022-02-21
13797,9997,Radiation Therapy,3410.77,2023-01-07
13798,993,Surgery,2035.12,2025-08-12
13799,2133,Consultation,102.26,2023-02-10
13800,7313,Diagnostic Imaging,305.94,2024-12-08
13801,9692,Surgery,7551.12,2024-06-13
13802,4447,Diagnostic Imaging,769.96,2023-05-03
13803,8171,Laboratory Test,601.69,2022-01-24
13804,6324,Laboratory Test,569.86,2024-04-18
13805,1199,Rehabilitation,1973.69,2024-10-30
13806,886,Laboratory Test,141.65,2022-11-20
13807,4709,Physical Therapy,540.38,2024-08-18
13808,9855,Chemotherapy,8964.34,2023-01-11
13809,1002,Rehabilitation,348.51,2025-09-27
13810,3867,Laboratory Test,98.03,2022-05-19
13811,2124,Medication,440.14,2023-07-31
13812,6342,Rehabilitation,2365.45,2022-09-14
13813,3017,Radiation Therapy,1248.7,2025-12-06
13814,1566,Rehabilitation,1312.5,2023-06-20
13815,4572,Rehabilitation,1943.84,2022-03-04
13816,7635,Medication,354.55,2022-01-29
13817,7018,Chemotherapy,7381.22,2023-11-17
13818,6692,Chemotherapy,7191.07,2024-12-22
13819,1972,Chemotherapy,7093.28,2023-03-30
13820,5652,Rehabilitation,1535.1,2024-06-19
13821,1681,Surgery,8077.17,2024-06-12
13822,737,Diagnostic Imaging,311.9,2022-10-06
13823,8546,Consultation,498.27,2024-02-14
13824,6878,Chemotherapy,5056.0,2023-01-02
13825,9976,Radiation Therapy,1053.01,2022-12-16
13826,5518,Medication,338.56,2023-06-28
13827,7792,Physical Therapy,225.59,2023-01-05
13828,1405,Diagnostic Imaging,1096.15,2025-03-26
13829,8560,Surgery,5971.55,2025-04-21
13830,206,Physical Therapy,1297.99,2026-01-26
13831,68,Physical Therapy,581.3,2025-09-25
13832,4878,Consultation,165.45,2022-05-20
13833,4057,Chemotherapy,3249.29,2022-10-03
13834,8436,Consultation,338.83,2025-09-29
13835,9985,Chemotherapy,2204.89,2022-10-11
13836,9949,Radiation Therapy,6559.72,2025-01-17
13837,9997,Consultation,107.09,2022-11-02
13838,6757,Physical Therapy,1060.72,2024-12-22
13839,5235,Radiation Therapy,1119.51,2023-11-21
13840,5888,Laboratory Test,359.51,2024-04-13
13841,2030,Chemotherapy,2367.81,2024-11-13
13842,4230,Medication,223.01,2024-07-24
13843,1157,Chemotherapy,8775.46,2022-03-27
13844,9790,Laboratory Test,31.18,2023-04-04
13845,2322,Chemotherapy,7050.11,2023-06-11
13846,72,Radiation Therapy,3179.48,2022-01-23
13847,5593,Diagnostic Imaging,748.06,2023-08-23
13848,7587,Medication,293.19,2024-03-23
13849,8131,Chemotherapy,7468.69,2025-10-12
13850,1102,Medication,184.14,2022-09-12
13851,3244,Medication,271.62,2024-01-06
13852,5530,Consultation,323.29,2025-07-01
13853,6825,Rehabilitation,2267.29,2025-02-23
13854,6686,Surgery,9785.85,2025-06-21
13855,7066,Rehabilitation,2261.92,2025-02-19
13856,4475,Diagnostic Imaging,211.07,2024-07-02
13857,6548,Consultation,140.25,2025-03-22
13858,1793,Radiation Therapy,4217.34,2025-11-02
13859,153,Medication,52.66,2025-09-27
13860,3155,Consultation,100.66,2025-03-25
13861,8240,Diagnostic Imaging,111.61,2022-07-01
13862,6158,Rehabilitation,744.19,2025-07-17
13863,5458,Consultation,61.14,2023-09-14
13864,7616,Radiation Therapy,5435.58,2022-11-30
13865,6471,Laboratory Test,627.93,2025-12-08
13866,9375,Consultation,456.52,2024-06-16
13867,383,Consultation,164.74,2025-07-16
13868,2459,Diagnostic Imaging,115.99,2025-03-18
13869,2270,Diagnostic Imaging,626.7,2024-06-13
13870,7845,Radiation Therapy,6318.22,2022-02-24
13871,6368,Chemotherapy,6997.01,2025-05-28
13872,3553,Consultation,393.97,2025-09-07
13873,1944,Chemotherapy,8165.45,2024-06-16
13874,5821,Physical Therapy,233.01,2022-01-30
13875,2468,Medication,377.96,2023-11-08
13876,1882,Diagnostic Imaging,500.1,2024-09-04
13877,4192,Radiation Therapy,4545.73,2023-02-09
13878,3989,Medication,23.99,2023-09-22
13879,5989,Consultation,337.21,2024-01-10
13880,5909,Physical Therapy,1262.38,2024-04-17
13881,9114,Diagnostic Imaging,1123.37,2023-10-06
13882,1847,Consultation,295.31,2023-02-26
13883,3198,Rehabilitation,1348.87,2023-07-29
13884,8883,Surgery,3551.07,2024-12-31
13885,5861,Medication,459.3,2024-11-10
13886,2389,Laboratory Test,593.43,2023-01-28
13887,8085,Laboratory Test,99.07,2022-07-06
13888,6040,Rehabilitation,1430.41,2024-07-20
13889,8655,Medication,324.49,2024-04-11
13890,3591,Rehabilitation,1797.36,2022-12-06
13891,6634,Chemotherapy,9350.71,2022-06-30
13892,2098,Diagnostic Imaging,792.92,2022-08-19
13893,4892,Surgery,5978.13,2023-11-12
13894,992,Chemotherapy,2459.89,2022-11-29
13895,4690,Surgery,13514.46,2024-04-24
13896,624,Medication,63.69,2024-10-17
13897,3778,Medication,76.89,2023-04-03
13898,1118,Rehabilitation,2328.61,2023-02-05
13899,1885,Physical Therapy,960.38,2023-12-14
13900,5203,Physical Therapy,103.51,2022-04-09
13901,8156,Chemotherapy,3324.66,2023-06-23
13902,7976,Laboratory Test,321.86,2024-08-14
13903,5202,Laboratory Test,212.72,2024-01-05
13904,1400,Laboratory Test,479.07,2023-08-16
13905,9008,Radiation Therapy,6027.93,2024-04-14
13906,7676,Surgery,3247.57,2025-01-25
13907,4301,Rehabilitation,1622.26,2022-12-04
13908,2875,Laboratory Test,343.67,2024-12-10
13909,1444,Physical Therapy,1358.5,2023-09-22
13910,9697,Rehabilitation,1614.62,2025-07-16
13911,8257,Chemotherapy,3598.6,2023-12-30
13912,3092,Laboratory Test,518.6,2022-12-12
13913,4399,Consultation,349.98,2025-12-17
13914,524,Diagnostic Imaging,910.53,2024-11-09
13915,801,Rehabilitation,1464.4,2024-07-30
13916,539,Medication,249.37,2023-08-18
13917,1792,Rehabilitation,2244.65,2025-12-03
13918,252,Diagnostic Imaging,1116.94,2024-01-20
13919,1700,Radiation Therapy,1568.8,2023-12-13
13920,5708,Rehabilitation,1298.95,2023-05-08
13921,3110,Laboratory Test,645.88,2026-01-21
13922,7505,Medication,372.87,2023-10-22
13923,9837,Rehabilitation,1800.22,2023-03-13
13924,5077,Consultation,103.89,2023-10-06
13925,4175,Rehabilitation,1844.99,2025-04-10
13926,8237,Laboratory Test,482.58,2024-11-06
13927,1322,Chemotherapy,2653.45,2022-08-21
13928,6752,Rehabilitation,2182.12,2025-02-09
13929,9184,Chemotherapy,3834.04,2022-05-21
13930,3309,Rehabilitation,591.46,2024-07-01
13931,1208,Physical Therapy,750.86,2022-09-08
13932,4618,Diagnostic Imaging,927.48,2025-11-02
13933,7092,Rehabilitation,2279.17,2022-06-29
13934,3943,Medication,314.85,2025-08-07
13935,7589,Chemotherapy,4243.82,2024-09-03
13936,3104,Surgery,4555.23,2024-02-09
13937,7040,Radiation Therapy,5823.76,2025-10-05
13938,4510,Surgery,14325.66,2022-06-07
13939,3311,Radiation Therapy,5261.26,2022-06-05
13940,8304,Medication,326.74,2023-02-16
13941,7354,Laboratory Test,650.77,2024-06-11
13942,5917,Chemotherapy,2611.3,2025-04-04
13943,1484,Laboratory Test,489.68,2022-03-30
13944,2326,Diagnostic Imaging,890.22,2023-07-27
13945,5171,Laboratory Test,61.16,2022-11-07
13946,9212,Chemotherapy,5418.74,2023-04-08
13947,2823,Chemotherapy,9691.88,2024-05-13
13948,8389,Medication,357.78,2025-08-14
13949,1114,Physical Therapy,155.29,2024-04-05
13950,555,Physical Therapy,149.68,2022-02-18
13951,7143,Medication,438.64,2025-06-02
13952,7714,Surgery,14707.96,2024-02-07
13953,331,Physical Therapy,796.53,2022-02-13
13954,2717,Laboratory Test,594.14,2023-07-30
13955,654,Rehabilitation,1185.96,2022-06-09
13956,9973,Consultation,394.48,2023-09-01
13957,8556,Medication,88.48,2022-06-16
13958,5392,Consultation,487.5,2025-03-16
13959,8461,Laboratory Test,503.58,2023-05-28
13960,6629,Chemotherapy,4702.52,2025-12-17
13961,9781,Radiation Therapy,3474.66,2022-04-19
13962,8671,Diagnostic Imaging,674.84,2025-10-05
13963,7212,Consultation,411.84,2024-05-03
13964,5288,Diagnostic Imaging,193.66,2024-08-26
13965,9485,Surgery,5893.3,2025-01-19
13966,8260,Radiation Therapy,2378.57,2025-11-05
13967,8418,Radiation Therapy,7316.77,2025-08-08
13968,4397,Medication,319.71,2022-11-05
13969,8675,Radiation Therapy,5135.65,2023-11-01
13970,3937,Medication,267.2,2024-01-03
13971,9126,Medication,212.29,2025-03-23
13972,531,Chemotherapy,5476.06,2025-08-25
13973,5618,Surgery,4049.72,2025-12-27
13974,293,Radiation Therapy,4086.13,2022-07-18
13975,2308,Laboratory Test,517.57,2022-10-07
13976,2510,Rehabilitation,1076.16,2025-01-01
13977,8673,Physical Therapy,760.18,2025-08-10
13978,3408,Radiation Therapy,5777.92,2024-09-30
13979,4271,Rehabilitation,265.01,2025-05-18
13980,3089,Medication,487.72,2025-09-10
13981,1664,Medication,33.7,2025-04-21
13982,7044,Rehabilitation,1325.15,2025-02-23
13983,9917,Rehabilitation,1919.38,2024-06-28
13984,6598,Chemotherapy,4144.58,2024-08-15
13985,2739,Physical Therapy,330.23,2023-05-10
13986,1546,Rehabilitation,519.7,2024-03-18
13987,9161,Chemotherapy,4183.55,2025-10-04
13988,228,Laboratory Test,686.77,2023-06-22
13989,8939,Radiation Therapy,7884.67,2024-07-18
13990,6880,Physical Therapy,1213.19,2025-10-08
13991,6171,Physical Therapy,150.64,2026-01-16
13992,8373,Surgery,5939.55,2025-03-26
13993,7621,Diagnostic Imaging,494.75,2025-03-31
13994,5776,Diagnostic Imaging,380.5,2025-10-24
13995,2926,Chemotherapy,5701.78,2025-01-10
13996,4145,Laboratory Test,542.6,2025-04-26
13997,743,Physical Therapy,1097.53,2023-09-16
13998,2048,Radiation Therapy,3416.3,2022-02-01
13999,3409,Diagnostic Imaging,1179.74,2022-11-23
14000,572,Consultation,342.43,2025-01-24
14001,4159,Chemotherapy,5834.96,2026-01-08
14002,3597,Laboratory Test,288.23,2023-11-06
14003,1845,Physical Therapy,943.8,2025-06-26
14004,2167,Consultation,397.68,2024-06-04
14005,3727,Radiation Therapy,1726.18,2023-03-28
14006,8667,Medication,45.59,2022-08-16
14007,1104,Medication,265.53,2024-08-23
14008,4771,Diagnostic Imaging,232.26,2024-07-06
14009,4071,Chemotherapy,7882.33,2022-11-15
14010,5694,Physical Therapy,1208.09,2022-01-06
14011,4752,Rehabilitation,1185.56,2023-07-01
14012,4494,Rehabilitation,1437.15,2024-06-23
14013,3556,Medication,75.85,2023-06-30
14014,4584,Consultation,407.87,2024-10-11
14015,3363,Surgery,7729.02,2022-03-04
14016,6914,Physical Therapy,1294.23,2024-10-15
14017,9623,Radiation Therapy,2926.77,2024-10-22
14018,9811,Chemotherapy,8625.47,2025-09-07
14019,2162,Physical Therapy,757.35,2025-05-27
14020,9602,Medication,351.92,2024-03-12
14021,5668,Chemotherapy,5345.3,2022-02-25
14022,8183,Laboratory Test,112.31,2022-03-28
14023,491,Medication,124.89,2026-01-12
14024,9612,Laboratory Test,68.86,2025-07-25
14025,4194,Laboratory Test,51.5,2026-01-23
14026,1551,Laboratory Test,495.7,2025-03-09
14027,148,Chemotherapy,1574.05,2023-11-29
14028,8126,Laboratory Test,387.56,2024-10-03
14029,334,Physical Therapy,132.69,2023-05-24
14030,5049,Rehabilitation,2228.67,2022-08-24
14031,8139,Physical Therapy,725.4,2022-03-25
14032,7186,Chemotherapy,7853.56,2023-11-16
14033,8776,Radiation Therapy,7850.28,2022-06-08
14034,2280,Diagnostic Imaging,1102.34,2023-07-16
14035,7358,Radiation Therapy,7700.78,2024-12-08
14036,842,Consultation,416.46,2023-01-07
14037,9662,Consultation,66.55,2023-06-01
14038,4009,Diagnostic Imaging,1011.58,2022-05-26
14039,4484,Physical Therapy,642.63,2022-07-10
14040,2785,Radiation Therapy,6354.72,2023-06-11
14041,1394,Rehabilitation,1311.39,2023-07-01
14042,7368,Consultation,194.73,2024-12-13
14043,3125,Physical Therapy,634.91,2023-03-15
14044,5916,Consultation,289.96,2024-10-31
14045,451,Physical Therapy,905.65,2025-03-13
14046,5302,Chemotherapy,2177.64,2024-07-16
14047,9311,Laboratory Test,375.8,2023-03-24
14048,3602,Surgery,6937.1,2025-09-28
14049,9542,Consultation,482.46,2022-12-28
14050,291,Physical Therapy,948.51,2025-07-08
14051,9527,Physical Therapy,1187.51,2025-11-03
14052,3329,Diagnostic Imaging,1091.69,2022-05-06
14053,6600,Physical Therapy,745.4,2024-02-08
14054,939,Diagnostic Imaging,195.55,2025-11-05
14055,6570,Surgery,8281.28,2022-03-22
14056,5497,Laboratory Test,78.46,2024-10-29
14057,4308,Consultation,389.66,2023-03-07
14058,9496,Consultation,350.39,2026-01-09
14059,3792,Rehabilitation,2049.22,2022-03-13
14060,5382,Diagnostic Imaging,812.15,2022-10-10
14061,1422,Medication,30.7,2022-02-04
14062,2938,Radiation Therapy,7769.96,2022-12-06
14063,8857,Laboratory Test,143.56,2026-01-04
14064,1,Medication,22.39,2024-03-24
14065,6823,Consultation,201.57,2022-02-08
14066,1797,Physical Therapy,767.4,2026-01-20
14067,530,Rehabilitation,1719.53,2022-06-21
14068,3663,Rehabilitation,2221.98,2022-01-17
14069,3680,Radiation Therapy,7788.28,2022-07-20
14070,8918,Laboratory Test,668.16,2023-09-17
14071,4488,Physical Therapy,1161.43,2023-12-17
14072,3932,Diagnostic Imaging,819.97,2023-11-18
14073,5043,Diagnostic Imaging,508.56,2023-09-26
14074,4238,Consultation,152.75,2022-06-20
14075,4521,Consultation,102.87,2024-03-13
14076,4760,Chemotherapy,7681.57,2023-01-31
14077,4887,Medication,205.38,2024-05-23
14078,1432,Physical Therapy,815.7,2022-02-14
14079,9984,Physical Therapy,103.74,2024-02-18
14080,7483,Radiation Therapy,3152.15,2024-12-15
14081,3848,Diagnostic Imaging,1076.19,2025-10-30
14082,9532,Physical Therapy,1382.39,2024-05-30
14083,6759,Diagnostic Imaging,619.73,2024-05-01
14084,3350,Rehabilitation,1365.74,2022-04-09
14085,4164,Chemotherapy,2350.27,2022-01-19
14086,7617,Physical Therapy,786.58,2024-02-12
14087,3854,Chemotherapy,6433.85,2022-04-24
14088,1696,Medication,392.78,2023-07-30
14089,2503,Diagnostic Imaging,938.95,2024-07-10
14090,6692,Radiation Therapy,1066.01,2023-12-30
14091,2855,Consultation,219.24,2025-12-22
14092,6903,Diagnostic Imaging,564.36,2024-03-05
14093,2388,Diagnostic Imaging,796.51,2023-08-26
14094,803,Physical Therapy,1237.29,2022-07-18
14095,4274,Radiation Therapy,7041.08,2023-08-26
14096,9621,Consultation,345.28,2022-09-30
14097,5868,Rehabilitation,1587.29,2025-06-14
14098,784,Rehabilitation,224.15,2022-12-05
14099,4556,Diagnostic Imaging,879.54,2023-10-29
14100,5201,Surgery,6569.42,2023-06-28
14101,6765,Consultation,167.18,2024-08-06
14102,7077,Medication,278.61,2024-09-02
14103,6537,Diagnostic Imaging,1078.54,2024-01-20
14104,8444,Rehabilitation,1733.08,2025-07-08
14105,7911,Physical Therapy,1226.83,2024-06-12
14106,6717,Chemotherapy,6233.92,2022-12-03
14107,4167,Physical Therapy,1335.53,2024-09-19
14108,5058,Laboratory Test,506.03,2023-06-17
14109,5617,Physical Therapy,139.53,2023-04-19
14110,6271,Surgery,5804.36,2023-10-17
14111,1136,Consultation,321.65,2022-07-17
14112,8281,Medication,334.72,2025-12-09
14113,2286,Rehabilitation,2498.1,2024-10-28
14114,4487,Chemotherapy,8818.38,2025-07-30
14115,5042,Laboratory Test,384.55,2024-01-06
14116,9276,Medication,253.1,2022-05-22
14117,6662,Diagnostic Imaging,1099.32,2022-05-10
14118,2862,Diagnostic Imaging,409.53,2022-03-11
14119,2697,Medication,336.96,2022-04-25
14120,4516,Physical Therapy,1222.42,2025-11-24
14121,8118,Laboratory Test,609.82,2023-02-01
14122,140,Physical Therapy,475.96,2023-07-27
14123,264,Radiation Therapy,4513.81,2023-01-25
14124,2126,Surgery,9073.96,2022-12-26
14125,2920,Physical Therapy,1019.3,2023-09-30
14126,273,Chemotherapy,3130.24,2024-04-12
14127,1516,Laboratory Test,132.83,2023-02-14
14128,1709,Diagnostic Imaging,779.11,2025-04-19
14129,4645,Radiation Therapy,4686.53,2025-07-25
14130,6033,Diagnostic Imaging,890.74,2022-08-07
14131,7679,Surgery,2034.75,2022-05-16
14132,5859,Laboratory Test,362.43,2025-11-09
14133,4215,Radiation Therapy,5581.07,2022-07-05
14134,1359,Laboratory Test,127.12,2023-10-01
14135,3152,Radiation Therapy,6700.04,2023-04-30
14136,3745,Medication,235.2,2023-02-17
14137,4387,Laboratory Test,95.4,2025-01-23
14138,7310,Consultation,475.5,2022-01-06
14139,5974,Diagnostic Imaging,332.45,2023-05-08
14140,237,Physical Therapy,1227.75,2023-01-31
14141,2454,Laboratory Test,241.58,2023-05-13
14142,8462,Rehabilitation,582.84,2024-05-26
14143,8108,Radiation Therapy,2021.39,2023-05-01
14144,4334,Radiation Therapy,7850.16,2022-04-30
14145,395,Chemotherapy,2243.01,2022-02-09
14146,3839,Medication,470.67,2022-08-10
14147,84,Rehabilitation,366.73,2025-11-27
14148,5880,Diagnostic Imaging,701.38,2023-09-11
14149,339,Surgery,14094.54,2022-02-24
14150,8601,Physical Therapy,505.28,2025-11-17
14151,154,Radiation Therapy,4561.27,2024-11-18
14152,8009,Physical Therapy,949.01,2022-12-16
14153,4585,Surgery,3531.21,2025-04-06
14154,2445,Rehabilitation,481.43,2022-08-09
14155,1537,Rehabilitation,2454.68,2022-04-20
14156,7072,Medication,375.28,2025-06-06
14157,3323,Physical Therapy,735.83,2024-01-02
14158,6695,Radiation Therapy,3579.44,2025-04-23
14159,6835,Diagnostic Imaging,522.05,2025-11-09
14160,532,Rehabilitation,2235.98,2025-06-12
14161,6152,Surgery,7744.0,2023-11-12
14162,6068,Medication,265.63,2025-07-05
14163,9155,Laboratory Test,243.7,2025-03-25
14164,4403,Radiation Therapy,4045.92,2025-01-08
14165,6363,Diagnostic Imaging,324.27,2023-05-13
14166,297,Chemotherapy,3928.13,2024-02-12
14167,1706,Surgery,14588.43,2024-12-08
14168,3045,Medication,131.88,2024-05-15
14169,7935,Medication,90.51,2024-06-16
14170,1870,Medication,231.0,2024-01-08
14171,3447,Physical Therapy,857.11,2022-01-19
14172,4939,Rehabilitation,2160.43,2024-01-09
14173,3837,Laboratory Test,334.53,2025-05-21
14174,9917,Medication,386.25,2022-04-02
14175,7042,Radiation Therapy,6324.46,2022-03-21
14176,9570,Radiation Therapy,3903.18,2024-09-29
14177,4787,Medication,121.61,2023-08-29
14178,5585,Diagnostic Imaging,1097.48,2023-04-28
14179,3952,Rehabilitation,1713.73,2022-02-18
14180,8872,Surgery,4451.5,2025-11-04
14181,4216,Laboratory Test,205.68,2025-11-07
14182,754,Surgery,13299.2,2022-09-02
14183,5225,Diagnostic Imaging,269.65,2022-03-27
14184,6759,Rehabilitation,305.82,2023-06-05
14185,2396,Medication,456.32,2025-10-28
14186,2268,Surgery,5468.96,2024-03-30
14187,9881,Laboratory Test,571.45,2023-06-24
14188,2505,Consultation,293.11,2022-01-06
14189,6042,Chemotherapy,8224.69,2022-11-12
14190,6985,Physical Therapy,572.24,2024-08-03
14191,4926,Chemotherapy,8947.84,2023-09-08
14192,4741,Medication,220.23,2025-06-06
14193,8230,Consultation,360.76,2023-04-23
14194,7264,Surgery,1815.04,2023-06-28
14195,5073,Diagnostic Imaging,671.69,2024-04-04
14196,689,Rehabilitation,1249.2,2025-01-27
14197,3624,Consultation,249.01,2022-07-29
14198,5661,Chemotherapy,1829.29,2024-02-19
14199,9888,Physical Therapy,465.53,2024-03-21
14200,6245,Medication,230.56,2024-10-14
14201,8076,Rehabilitation,899.43,2025-07-30
14202,1137,Chemotherapy,7315.93,2023-08-06
14203,1115,Physical Therapy,914.33,2022-02-20
14204,8528,Chemotherapy,5936.29,2025-03-21
14205,7109,Laboratory Test,564.24,2022-07-22
14206,5241,Rehabilitation,1545.01,2023-05-12
14207,7573,Diagnostic Imaging,445.67,2023-05-31
14208,9210,Rehabilitation,2082.71,2025-10-23
14209,7873,Chemotherapy,1562.65,2024-01-05
14210,3200,Chemotherapy,3910.28,2023-01-31
14211,7143,Diagnostic Imaging,609.02,2022-03-24
14212,7842,Diagnostic Imaging,997.01,2022-01-23
14213,2319,Medication,294.8,2025-06-01
14214,1785,Laboratory Test,492.67,2022-02-21
14215,7359,Diagnostic Imaging,778.38,2022-02-25
14216,9197,Physical Therapy,291.22,2023-10-13
14217,9062,Medication,139.24,2024-02-09
14218,1436,Laboratory Test,168.31,2024-02-22
14219,4605,Consultation,448.26,2024-01-12
14220,2449,Diagnostic Imaging,542.58,2022-05-26
14221,3425,Surgery,12612.8,2023-12-02
14222,43,Rehabilitation,1170.09,2025-03-02
14223,4672,Rehabilitation,613.42,2022-09-25
14224,6071,Rehabilitation,665.88,2024-07-25
14225,584,Chemotherapy,7681.32,2025-01-12
14226,9297,Diagnostic Imaging,344.64,2024-01-06
14227,5879,Physical Therapy,1092.41,2024-05-21
14228,9059,Radiation Therapy,4731.54,2022-08-17
14229,6414,Radiation Therapy,6743.47,2024-10-11
14230,4686,Physical Therapy,1339.56,2025-06-15
14231,489,Physical Therapy,775.22,2025-04-17
14232,5269,Diagnostic Imaging,1080.09,2024-04-21
14233,4214,Laboratory Test,343.42,2023-05-23
14234,1555,Medication,121.62,2022-04-20
14235,7319,Radiation Therapy,6978.93,2023-02-26
14236,6828,Diagnostic Imaging,815.75,2026-01-22
14237,1117,Surgery,7207.96,2023-12-02
14238,7916,Consultation,372.39,2023-12-28
14239,8563,Diagnostic Imaging,376.39,2023-10-05
14240,1826,Medication,218.01,2024-03-23
14241,232,Rehabilitation,1130.25,2025-07-02
14242,5967,Physical Therapy,1165.67,2023-11-13
14243,6861,Chemotherapy,8559.78,2023-07-01
14244,1433,Consultation,132.22,2022-03-03
14245,1222,Radiation Therapy,3685.49,2022-09-12
14246,5751,Rehabilitation,1693.36,2023-06-30
14247,1168,Chemotherapy,5685.38,2024-09-14
14248,4012,Chemotherapy,7995.78,2024-04-28
14249,5218,Physical Therapy,1191.73,2025-12-13
14250,3434,Medication,128.13,2023-08-16
14251,5714,Laboratory Test,465.06,2023-03-04
14252,7498,,156.6,2022-04-02
14253,689,Laboratory Test,259.5,2022-02-04
14254,7441,Laboratory Test,235.97,2023-06-04
14255,5762,Consultation,393.39,2022-07-03
14256,2089,Rehabilitation,650.26,2023-02-20
14257,3571,Radiation Therapy,7312.0,2024-11-26
14258,8021,Medication,452.98,2024-05-04
14259,7119,Chemotherapy,8912.12,2024-12-13
14260,1193,Rehabilitation,592.3,2025-01-26
14261,5788,Physical Therapy,1153.18,2024-04-10
14262,8321,Radiation Therapy,7991.12,2022-12-07
14263,9455,Physical Therapy,484.46,2023-02-12
14264,1024,Consultation,222.76,2023-10-22
14265,3178,Surgery,12099.97,2023-04-12
14266,3618,Medication,419.5,2024-08-06
14267,9643,Rehabilitation,753.17,2025-09-16
14268,32,Medication,490.83,2023-10-28
14269,3296,Radiation Therapy,4132.17,2024-08-07
14270,2695,Consultation,117.45,2024-03-12
14271,1307,Physical Therapy,1331.28,2023-04-02
14272,8654,Radiation Therapy,6858.21,2023-05-30
14273,3143,Medication,209.92,2025-07-18
14274,8595,Physical Therapy,933.74,2022-02-18
14275,9833,Surgery,8927.15,2024-10-12
14276,4776,Diagnostic Imaging,858.41,2022-10-27
14277,5996,Consultation,467.13,2024-07-17
14278,5207,Medication,250000.0,2024-03-18
14279,6500,Diagnostic Imaging,907.78,2025-01-23
14280,4591,Rehabilitation,1894.77,2025-04-20
14281,1644,Medication,236.25,2022-04-03
14282,3085,Rehabilitation,2297.42,2025-11-30
14283,2105,Laboratory Test,325.94,2022-11-24
14284,5067,Radiation Therapy,1421.03,2023-04-28
14285,86,Radiation Therapy,3245.12,2023-08-19
14286,268,Medication,227.59,2024-08-30
14287,7484,Physical Therapy,716.79,2022-01-15
14288,3963,Medication,258.56,2022-12-27
14289,9766,Rehabilitation,1847.64,2023-06-22
14290,4822,Physical Therapy,579.02,2025-03-17
14291,9587,Chemotherapy,8244.45,2024-09-21
14292,6492,Laboratory Test,158.63,2025-12-29
14293,819,Medication,55.15,2023-05-29
14294,1118,Radiation Therapy,2917.01,2025-07-20
14295,7871,Diagnostic Imaging,172.52,2025-11-14
14296,8190,Chemotherapy,2528.5,2025-02-28
14297,1841,Laboratory Test,,2025-05-04
14298,6637,Laboratory Test,397.88,2024-09-06
14299,4120,Chemotherapy,5656.97,2022-01-05
14300,7877,Medication,334.69,2025-01-17
14301,8031,Consultation,150.18,2022-02-08
14302,6548,Radiation Therapy,1349.31,2024-09-07
14303,2836,Radiation Therapy,6908.63,2023-02-28
14304,999999,Consultation,162.56,2022-02-16
14305,964,Laboratory Test,621.87,2022-09-12
14306,8036,Laboratory Test,686.27,2022-03-17
14307,5803,Consultation,352.55,2024-02-22
14308,9455,Physical Therapy,698.25,2023-12-12
14309,45,Laboratory Test,584.97,2025-07-05
14310,6630,Laboratory Test,461.61,2023-02-19
14311,985,Laboratory Test,457.32,2022-12-13
14312,4694,Rehabilitation,1902.48,2023-02-11
14313,5323,Radiation Therapy,6892.0,2024-06-08
14314,1519,Surgery,6110.81,2025-08-22
14315,7388,Surgery,13587.26,2022-05-08
14316,1989,Physical Therapy,1271.08,2022-03-17
14317,2407,Medication,338.98,2022-03-17
14318,4004,Medication,374.58,2022-06-18
14319,8241,Radiation Therapy,1713.0,2023-03-08
14320,8923,Consultation,385.34,2022-06-14
14321,8300,Physical Therapy,1363.5,2023-10-19
14322,1901,Surgery,5247.45,2022-11-22
14323,5717,Laboratory Test,644.86,2024-08-17
14324,1198,Medication,429.21,2025-12-09
14325,1127,Radiation Therapy,5895.28,2025-03-26
14326,2186,Radiation Therapy,2547.03,2024-08-13
14327,4199,Diagnostic Imaging,988.62,2024-07-16
14328,2623,Diagnostic Imaging,560.78,2022-04-14
14329,6483,Physical Therapy,897.36,2025-12-10
14330,8473,Laboratory Test,577.83,2023-04-27
14331,5465,Radiation Therapy,1567.44,2024-10-19
14332,4949,Diagnostic Imaging,644.08,2025-10-05
14333,6624,Surgery,6687.49,2022-02-19
14334,2641,Consultation,452.42,2023-10-12
14335,1659,Medication,328.75,2024-05-19
14336,4465,Radiation Therapy,3768.77,2023-09-30
14337,1897,Diagnostic Imaging,865.64,2023-06-20
14338,1671,Surgery,6020.16,2022-09-19
14339,5552,Rehabilitation,2028.29,2024-03-08
14340,3587,Radiation Therapy,4947.74,2025-06-24
14341,9004,Rehabilitation,1235.72,2025-02-08
14342,2267,Medication,25.54,2023-08-27
14343,4928,Laboratory Test,100.77,2025-05-03
14344,1040,Medication,69.68,2025-12-09
14345,8934,Laboratory Test,694.9,2025-10-14
14346,2568,Physical Therapy,1004.17,2023-11-13
14347,9322,Medication,439.71,2025-11-17
14348,4518,Medication,488.81,2025-11-10
14349,3835,Laboratory Test,635.8,2022-11-21
14350,3422,Medication,273.52,2025-04-28
14351,1613,Surgery,3744.64,2022-11-04
14352,9890,Radiation Therapy,4585.57,2022-09-18
14353,5088,Radiation Therapy,1686.67,2022-05-12
14354,1330,Radiation Therapy,5411.93,2024-01-07
14355,593,Surgery,6737.68,2025-02-07
14356,7271,Laboratory Test,571.85,2025-07-01
14357,1837,Physical Therapy,1363.97,2024-02-10
14358,8676,Chemotherapy,6252.28,2024-03-02
14359,3281,Medication,277.0,2022-10-18
14360,549,Rehabilitation,1468.36,2023-08-16
14361,5885,Laboratory Test,444.17,2022-03-03
14362,910,Radiation Therapy,4165.61,2022-12-05
14363,9730,Consultation,185.97,2024-10-25
14364,169,Consultation,264.0,2023-10-14
14365,9192,Surgery,3950.28,2023-02-01
14366,928,Rehabilitation,1127.42,2025-06-05
14367,8106,Physical Therapy,168.64,2025-06-13
14368,5117,Diagnostic Imaging,1149.81,2023-07-15
14369,8716,Rehabilitation,295.94,2025-06-02
14370,5090,Diagnostic Imaging,323.22,2022-07-30
14371,7616,Surgery,6512.46,2025-07-28
14372,5263,Radiation Therapy,1057.11,2025-11-28
14373,981,Surgery,4772.14,2022-09-08
14374,3014,Diagnostic Imaging,1193.5,2023-05-13
14375,8773,Laboratory Test,309.63,2025-03-07
14376,4866,Radiation Therapy,1129.82,2023-08-05
14377,1309,Rehabilitation,2134.36,2022-12-12
14378,6032,Surgery,11522.52,2022-02-01
14379,6376,Medication,334.16,2022-10-18
14380,9789,Medication,62.8,2023-02-09
14381,6520,Diagnostic Imaging,1113.05,2022-10-15
14382,4085,Physical Therapy,956.24,2024-02-18
14383,505,Physical Therapy,564.27,2024-02-19
14384,1526,Chemotherapy,7738.83,2023-04-11
14385,1796,Surgery,7453.16,2025-10-17
14386,2045,Chemotherapy,8719.84,2025-01-03
14387,874,Consultation,476.16,2025-09-21
14388,4259,Diagnostic Imaging,418.64,2024-01-14
14389,8885,Rehabilitation,470.67,2024-01-25
14390,8799,Chemotherapy,4748.87,2023-01-05
14391,2298,Surgery,3696.4,2025-05-09
14392,5508,Surgery,8419.31,2025-01-21
14393,5431,Rehabilitation,995.15,2024-06-14
14394,9715,Surgery,14119.71,2024-11-14
14395,1222,Rehabilitation,998.25,2022-05-08
14396,6384,Consultation,328.88,2022-09-01
14397,3655,Medication,247.65,2023-08-12
14398,3963,Physical Therapy,1180.26,2025-10-05
14399,2827,Diagnostic Imaging,266.33,2023-08-14
14400,5710,Chemotherapy,1591.74,2024-03-26
14401,6507,Diagnostic Imaging,96.66,2022-01-12
14402,9171,Rehabilitation,1077.43,2022-06-25
14403,8648,Consultation,214.48,2022-06-19
14404,3575,Radiation Therapy,5013.97,2023-10-10
14405,8679,Medication,319.99,2022-07-07
14406,1184,Medication,471.69,2024-07-06
14407,4621,Medication,38.55,2023-01-27
14408,4952,Radiation Therapy,4130.01,2023-01-27
14409,8569,Surgery,6579.11,2025-08-17
14410,5197,Diagnostic Imaging,332.82,2022-11-22
14411,8732,Diagnostic Imaging,168.34,2022-01-01
14412,4231,Rehabilitation,262.9,2024-06-02
14413,8197,Surgery,13596.29,2023-01-06
14414,9524,Laboratory Test,327.35,2024-06-12
14415,1123,Diagnostic Imaging,230.64,2025-04-13
14416,9222,Radiation Therapy,7111.45,2022-12-27
14417,3653,Diagnostic Imaging,666.24,2024-03-22
14418,6053,Radiation Therapy,7674.27,2025-01-19
14419,5548,Diagnostic Imaging,390.21,2022-12-24
14420,1974,Laboratory Test,386.6,2025-03-18
14421,765,Physical Therapy,174.33,2022-03-10
14422,2943,Consultation,393.51,2024-10-30
14423,3710,Rehabilitation,622.54,2025-02-17
14424,7172,Surgery,10540.19,2023-08-16
14425,9916,Surgery,2486.23,2023-01-25
14426,8655,Surgery,2209.08,2022-11-23
14427,9785,Consultation,289.94,2022-11-15
14428,8309,Diagnostic Imaging,774.21,2024-06-15
14429,8450,Consultation,473.42,2023-10-26
14430,6006,Surgery,4185.97,2024-05-25
14431,5023,Rehabilitation,1199.93,2025-10-18
14432,5048,Surgery,13865.69,2025-10-02
14433,6949,Consultation,77.53,2023-11-10
14434,4480,Rehabilitation,1372.72,2022-04-18
14435,228,Chemotherapy,1862.6,2022-04-15
14436,84,Rehabilitation,844.67,2024-07-24
14437,6869,Physical Therapy,419.69,2025-01-31
14438,7346,Surgery,10369.02,2023-08-13
14439,8695,Physical Therapy,650.14,2024-05-19
14440,6982,Physical Therapy,1294.76,2023-12-05
14441,9790,Surgery,9416.38,2025-04-16
14442,1277,Medication,235.22,2022-08-16
14443,6435,Consultation,223.6,2025-09-21
14444,6778,Medication,494.75,2023-11-19
14445,6373,Radiation Therapy,2645.99,2024-11-13
14446,7961,Surgery,1474.18,2024-02-22
14447,9765,Laboratory Test,32.12,2023-05-29
14448,1011,Diagnostic Imaging,539.47,2026-01-27
14449,4249,Chemotherapy,9199.45,2025-12-31
14450,8336,Chemotherapy,8842.53,2024-09-30
14451,1294,Diagnostic Imaging,1110.92,2024-08-27
14452,5666,Surgery,1588.65,2022-06-21
14453,1865,Consultation,194.83,2023-12-17
14454,7603,Medication,71.55,2024-09-25
14455,9299,Radiation Therapy,2125.13,2023-10-11
14456,6284,Chemotherapy,7715.82,2022-09-08
14457,1126,Radiation Therapy,5915.11,2025-11-13
14458,8906,Surgery,12614.35,2022-09-23
14459,1888,Physical Therapy,322.86,2025-12-04
14460,1952,Diagnostic Imaging,378.74,2023-08-02
14461,9179,Physical Therapy,620.0,2022-10-10
14462,8845,Rehabilitation,277.58,2023-10-23
14463,6059,Diagnostic Imaging,789.06,2023-11-01
14464,2709,Diagnostic Imaging,1030.82,2022-09-28
14465,1491,Chemotherapy,4462.41,2022-06-14
14466,8889,Rehabilitation,1577.93,2025-01-18
14467,6769,Radiation Therapy,3758.48,2025-04-12
14468,4665,Laboratory Test,651.97,2023-11-21
14469,2329,Rehabilitation,1579.72,2022-11-27
14470,7483,Surgery,11545.36,2025-08-30
14471,1351,Laboratory Test,425.7,2023-12-14
14472,998,Rehabilitation,2056.93,2024-07-20
14473,9478,Radiation Therapy,4488.07,2024-03-11
14474,6255,Laboratory Test,276.66,2023-01-12
14475,4566,Surgery,6738.24,2025-01-06
14476,8022,Radiation Therapy,1191.58,2025-01-01
14477,7901,Medication,247.13,2022-05-11
14478,7678,Chemotherapy,2551.54,2022-10-30
14479,9881,Rehabilitation,392.61,2022-11-09
14480,3844,Physical Therapy,1265.94,2024-02-11
14481,9324,Physical Therapy,576.36,2023-05-02
14482,8267,Surgery,8291.76,2025-11-06
14483,1011,Rehabilitation,1748.51,2024-09-28
14484,709,Medication,349.31,2025-07-10
14485,7737,Laboratory Test,665.05,2023-12-20
14486,9501,Chemotherapy,8268.36,2023-11-28
14487,3396,Chemotherapy,9634.73,2023-06-07
14488,9103,Chemotherapy,5863.03,2025-01-23
14489,985,Physical Therapy,1207.58,2023-08-24
14490,1374,Rehabilitation,772.28,2022-04-04
14491,3702,Consultation,53.59,2025-11-30
14492,1401,Diagnostic Imaging,578.92,2023-08-26
14493,7304,Consultation,415.18,2025-12-04
14494,9663,Consultation,412.96,2024-02-13
14495,9787,Chemotherapy,1980.23,2024-01-26
14496,2286,Rehabilitation,506.19,2023-01-09
14497,1767,Rehabilitation,2234.14,2023-04-20
14498,8959,Surgery,14252.99,2025-08-31
14499,3526,Surgery,9127.67,2025-01-29
14500,9265,Diagnostic Imaging,779.97,2025-01-04
14501,2845,Radiation Therapy,4896.6,2024-10-28
14502,5136,Consultation,140.19,2024-09-01
14503,4341,Surgery,9824.75,2024-01-26
14504,6655,Chemotherapy,5863.61,2025-01-13
14505,2494,Rehabilitation,458.29,2025-07-24
14506,8984,Radiation Therapy,1534.37,2022-04-19
14507,6674,Consultation,183.0,2023-09-11
14508,5601,Laboratory Test,300.87,2022-08-01
14509,5455,Laboratory Test,307.98,2023-08-27
14510,1638,Physical Therapy,593.96,2025-08-15
14511,4715,Chemotherapy,2416.93,2022-08-23
14512,4210,Diagnostic Imaging,550.73,2022-05-10
14513,6179,Surgery,11905.24,2024-11-05
14514,986,Chemotherapy,5907.96,2025-07-29
14515,6099,Radiation Therapy,2503.88,2023-08-05
14516,5370,Chemotherapy,6314.83,2023-10-07
14517,4927,Physical Therapy,580.05,2025-08-17
14518,6263,Surgery,9742.13,2025-04-20
14519,3964,Diagnostic Imaging,1019.48,2024-08-10
14520,593,Diagnostic Imaging,391.17,2025-09-13
14521,6846,Laboratory Test,234.51,2022-12-03
14522,4956,Surgery,1886.27,2024-10-22
14523,1379,Laboratory Test,336.96,2022-05-04
14524,1024,Medication,421.78,2025-07-01
14525,932,Chemotherapy,5558.04,2023-11-15
14526,2037,Chemotherapy,1554.57,2022-11-29
14527,2801,Medication,199.73,2022-08-06
14528,2867,Consultation,411.07,2024-05-01
14529,9011,Radiation Therapy,5736.38,2022-02-16
14530,7556,Radiation Therapy,5226.27,2023-02-19
14531,4373,Diagnostic Imaging,830.91,2022-02-26
14532,5147,Surgery,13568.2,2024-02-15
14533,6042,Surgery,13393.74,2022-08-25
14534,2010,Surgery,11459.06,2025-09-23
14535,310,Radiation Therapy,5315.94,2023-08-05
14536,3157,Rehabilitation,957.93,2025-12-22
14537,8655,Medication,455.2,2023-04-03
14538,9373,Radiation Therapy,7341.26,2023-06-14
14539,4551,Consultation,228.53,2025-05-24
14540,7535,Consultation,197.21,2025-06-17
14541,5157,Rehabilitation,1674.5,2022-03-30
14542,2185,Rehabilitation,1790.54,2025-05-05
14543,8212,Chemotherapy,9339.64,2022-01-17
14544,1850,Consultation,177.63,2022-11-11
14545,6612,Laboratory Test,90.25,2022-12-13
14546,4522,Chemotherapy,2323.23,2025-02-08
14547,8805,Physical Therapy,472.3,2023-03-14
14548,9919,Chemotherapy,2035.48,2022-10-16
14549,9254,Diagnostic Imaging,473.11,2024-02-25
14550,6049,Radiation Therapy,1005.36,2023-01-15
14551,2167,Diagnostic Imaging,485.76,2023-05-31
14552,5860,Radiation Therapy,1145.97,2022-05-08
14553,1311,Diagnostic Imaging,839.51,2024-08-14
14554,2844,Chemotherapy,1898.25,2025-08-19
14555,8769,Consultation,352.81,2023-11-04
14556,9794,Medication,27.34,2023-06-15
14557,1326,Medication,111.23,2024-02-27
14558,2271,Physical Therapy,301.88,2024-02-24
14559,9266,Medication,343.9,2024-07-07
14560,1672,Diagnostic Imaging,177.64,2022-11-14
14561,5506,Diagnostic Imaging,159.75,2024-11-23
14562,5355,Chemotherapy,4524.85,2025-10-10
14563,2581,Rehabilitation,1426.22,2023-12-27
14564,9366,Rehabilitation,2346.62,2024-03-26
14565,7437,Chemotherapy,9849.27,2023-04-21
14566,1842,Physical Therapy,1152.33,2023-04-14
14567,2750,Chemotherapy,9646.85,2024-09-05
14568,6186,Radiation Therapy,3875.15,2023-11-12
14569,7724,Consultation,213.68,2024-08-23
14570,2326,Physical Therapy,1228.69,2024-10-10
14571,9071,Radiation Therapy,6328.73,2022-05-01
14572,3508,Surgery,9110.57,2025-06-26
14573,4362,Surgery,3808.63,2024-02-05
14574,9416,Physical Therapy,890.56,2022-07-24
14575,3988,Consultation,257.12,2024-01-17
14576,8177,Surgery,6674.12,2024-07-14
14577,8486,Physical Therapy,1182.87,2024-10-10
14578,1355,Rehabilitation,1168.87,2025-06-06
14579,6028,Radiation Therapy,2099.18,2025-06-30
14580,3106,Radiation Therapy,5551.94,2024-03-10
14581,6169,Laboratory Test,521.37,2025-05-22
14582,6154,Medication,84.79,2025-11-05
14583,5456,Diagnostic Imaging,1131.76,2023-07-30
14584,584,Surgery,5136.34,2023-03-15
14585,504,Physical Therapy,987.68,2022-12-24
14586,4896,Radiation Therapy,1833.59,2022-09-13
14587,4165,Medication,243.66,2024-09-25
14588,3988,Consultation,397.28,2022-11-30
14589,3621,Rehabilitation,1597.12,2024-07-11
14590,2199,Rehabilitation,2444.25,2023-06-03
14591,4914,Physical Therapy,1060.31,2022-11-08
14592,4286,Consultation,348.52,2025-11-30
14593,374,Rehabilitation,972.85,2025-08-01
14594,9953,Medication,477.71,2024-09-23
14595,639,Consultation,209.28,2025-11-09
14596,6653,Consultation,422.03,2025-12-29
14597,2401,Consultation,114.3,2024-06-26
14598,4404,Radiation Therapy,5432.75,2024-09-17
14599,3862,Physical Therapy,174.24,2022-12-04
14600,2136,Physical Therapy,684.37,2026-01-30
14601,5526,Chemotherapy,2362.49,2023-05-25
14602,471,Medication,74.74,2024-10-18
14603,3145,Laboratory Test,353.89,2024-03-18
14604,5061,Surgery,1280.33,2023-10-15
14605,8521,Chemotherapy,7656.07,2023-07-25
14606,7110,Diagnostic Imaging,528.82,2022-08-10
14607,6079,Radiation Therapy,2274.14,2024-10-11
14608,843,Laboratory Test,347.13,2025-10-13
14609,5509,Surgery,4915.58,2024-06-08
14610,7873,Chemotherapy,4022.08,2023-08-21
14611,2684,Laboratory Test,308.76,2022-08-21
14612,6245,Chemotherapy,3488.12,2022-04-05
14613,9460,Rehabilitation,1895.07,2022-11-26
14614,6030,Chemotherapy,8723.81,2023-03-28
14615,48,Diagnostic Imaging,765.66,2023-06-21
14616,189,Medication,231.86,2023-03-07
14617,3566,Radiation Therapy,6183.82,2024-12-27
14618,7975,Consultation,389.82,2025-06-21
14619,860,Rehabilitation,508.01,2022-01-29
14620,5863,Surgery,8262.27,2025-08-20
14621,4709,Surgery,13060.91,2024-05-02
14622,2906,Radiation Therapy,7747.55,2023-09-24
14623,6078,Surgery,13049.33,2022-12-23
14624,404,Laboratory Test,220.44,2024-05-29
14625,9574,Rehabilitation,1805.31,2025-07-20
14626,5466,Physical Therapy,451.14,2022-05-30
14627,4110,Chemotherapy,6909.63,2024-07-10
14628,7999,Physical Therapy,377.11,2023-12-25
14629,261,Consultation,262.79,2025-03-28
14630,967,Laboratory Test,517.09,2023-11-13
14631,7741,Laboratory Test,93.29,2025-08-05
14632,353,Physical Therapy,608.8,2024-05-10
14633,1404,Surgery,11685.34,2022-01-08
14634,4494,Surgery,9475.18,2022-04-06
14635,1042,Laboratory Test,116.09,2022-09-30
14636,6247,Rehabilitation,1714.08,2022-12-31
14637,5709,Rehabilitation,1620.98,2022-07-10
14638,9714,Chemotherapy,8828.21,2025-09-27
14639,6361,Physical Therapy,244.07,2023-06-09
14640,5170,Laboratory Test,97.87,2025-04-08
14641,6354,Medication,408.1,2022-05-27
14642,9917,Laboratory Test,397.63,2022-07-20
14643,3611,Laboratory Test,173.93,2023-03-08
14644,1405,Diagnostic Imaging,307.22,2025-10-19
14645,1778,Chemotherapy,8600.51,2025-07-14
14646,3371,Diagnostic Imaging,500.07,2024-06-16
14647,9936,Chemotherapy,9030.16,2024-03-17
14648,391,Rehabilitation,1878.09,2023-02-05
14649,3903,Consultation,252.13,2026-01-25
14650,563,Radiation Therapy,3627.78,2023-04-08
14651,8060,Medication,361.67,2022-02-26
14652,8975,Diagnostic Imaging,1106.1,2022-05-07
14653,4931,Surgery,5134.18,2022-01-10
14654,3340,Chemotherapy,3941.92,2025-09-19
14655,6545,Surgery,13210.3,2024-03-23
14656,2575,Consultation,95.82,2024-03-05
14657,6970,Radiation Therapy,7354.54,2022-03-27
14658,6185,Chemotherapy,2082.79,2025-05-03
14659,8916,Rehabilitation,1949.74,2023-02-07
14660,7123,Consultation,423.0,2023-09-15
14661,3617,Medication,222.01,2022-02-04
14662,3397,Diagnostic Imaging,844.34,2022-01-02
14663,7778,Medication,329.14,2024-12-20
14664,4495,Consultation,320.86,2022-09-05
14665,7740,Consultation,396.45,2023-06-27
14666,2500,Consultation,203.31,2023-07-07
14667,8801,Consultation,168.16,2023-03-13
14668,4671,Physical Therapy,1417.33,2023-09-01
14669,9535,Medication,141.01,2023-11-07
14670,1801,Laboratory Test,337.16,2022-12-04
14671,2791,Surgery,2795.01,2024-09-17
14672,2675,Physical Therapy,392.31,2024-05-29
14673,8217,Diagnostic Imaging,1040.71,2022-09-16
14674,751,Surgery,1324.47,2024-03-04
14675,3470,Consultation,295.02,2025-05-03
14676,9167,Chemotherapy,1938.03,2022-07-09
14677,5662,Medication,99.18,2022-04-03
14678,8832,Diagnostic Imaging,1133.21,2024-11-07
14679,3141,Surgery,4548.06,2022-06-23
14680,2315,Surgery,7990.36,2025-12-14
14681,6383,Consultation,124.12,2022-02-17
14682,1998,Radiation Therapy,1179.14,2022-07-07
14683,8114,Physical Therapy,903.81,2023-06-10
14684,4596,Chemotherapy,2103.62,2022-07-18
14685,6716,Laboratory Test,632.4,2022-07-27
14686,1186,Chemotherapy,5877.73,2025-08-13
14687,4626,Radiation Therapy,6397.68,2023-11-08
14688,8204,Radiation Therapy,2559.73,2023-05-03
14689,5525,Physical Therapy,859.6,2024-06-08
14690,3238,Surgery,14575.83,2022-10-06
14691,8760,Rehabilitation,1710.18,2024-02-04
14692,3554,Radiation Therapy,4291.64,2023-09-11
14693,476,Diagnostic Imaging,138.21,2025-05-04
14694,6299,Surgery,3542.06,2024-10-17
14695,4826,Laboratory Test,636.53,2025-02-07
14696,3062,Laboratory Test,226.56,2024-01-22
14697,2654,Radiation Therapy,5779.46,2022-05-30
14698,6439,Laboratory Test,557.7,2023-10-10
14699,898,Diagnostic Imaging,517.23,2025-03-11
14700,9152,Physical Therapy,704.19,2025-12-20
14701,1567,Consultation,475.76,2023-05-21
14702,3240,Surgery,5260.38,2025-07-20
14703,3725,Chemotherapy,4538.97,2023-02-15
14704,9983,Rehabilitation,1610.23,2022-11-20
14705,7603,Consultation,261.07,2025-08-31
14706,4649,Chemotherapy,5508.71,2025-10-16
14707,2955,Laboratory Test,487.82,2023-02-18
14708,1318,Radiation Therapy,3704.88,2025-04-05
14709,4324,Laboratory Test,32.12,2024-02-06
14710,6516,Radiation Therapy,7916.9,2022-08-08
14711,1713,Laboratory Test,97.87,2024-12-14
14712,1798,Rehabilitation,1374.29,2025-09-22
14713,3814,Chemotherapy,1866.69,2022-08-18
14714,8649,Rehabilitation,571.33,2022-03-24
14715,1609,Medication,106.03,2025-10-10
14716,4706,Surgery,5924.58,2023-11-06
14717,3610,Rehabilitation,540.96,2024-05-13
14718,222,Consultation,341.02,2023-04-09
14719,4948,Laboratory Test,284.95,2022-08-16
14720,6399,Diagnostic Imaging,766.75,2026-01-20
14721,534,Consultation,470.72,2025-09-02
14722,7760,Laboratory Test,100.62,2023-04-07
14723,7103,Surgery,14513.13,2024-09-26
14724,710,Medication,380.13,2023-06-21
14725,4995,Chemotherapy,2312.1,2024-05-20
14726,307,Laboratory Test,348.07,2025-12-20
14727,8943,Physical Therapy,390.25,2022-04-14
14728,2690,Chemotherapy,3175.37,2022-06-25
14729,960,Rehabilitation,1151.45,2022-09-20
14730,955,Physical Therapy,854.95,2024-08-13
14731,3574,Surgery,4517.92,2023-12-19
14732,4754,Diagnostic Imaging,1029.96,2022-11-06
14733,5602,Medication,153.24,2023-11-07
14734,6660,Diagnostic Imaging,1117.64,2022-06-04
14735,8169,Physical Therapy,149.36,2023-11-07
14736,9355,Physical Therapy,,2025-11-22
14737,8486,Consultation,192.21,2025-11-03
14738,7055,Physical Therapy,496.52,2025-06-05
14739,430,Radiation Therapy,4187.93,2026-01-24
14740,1803,Rehabilitation,-50.0,2023-09-23
14741,3129,Radiation Therapy,6221.96,2024-08-30
14742,5116,Consultation,396.33,2022-06-18
14743,5542,Consultation,463.52,2025-11-05
14744,2572,Rehabilitation,1878.9,2025-09-09
14745,1654,Medication,230.54,2023-09-19
14746,3323,Surgery,10413.1,2023-07-04
14747,5807,Radiation Therapy,6893.56,2025-06-25
14748,6442,Radiation Therapy,1882.86,2024-12-16
14749,1140,Laboratory Test,43.06,2022-09-04
14750,9973,Medication,390.45,2023-06-30
14751,1222,Laboratory Test,659.56,2022-03-26
14752,4103,Diagnostic Imaging,771.15,2024-11-19
14753,904,Diagnostic Imaging,849.63,2022-11-16
14754,1666,Laboratory Test,338.61,2022-07-02
14755,95,Radiation Therapy,1843.14,2022-06-17
14756,3754,Surgery,8303.63,2023-09-29
14757,4007,Chemotherapy,5330.43,2025-07-08
14758,4193,Chemotherapy,9729.67,2023-07-16
14759,4959,Consultation,461.65,2025-03-16
14760,9988,Rehabilitation,223.17,2023-03-17
14761,6875,Surgery,6928.28,2024-01-15
14762,1129,Medication,124.99,2022-08-28
14763,5171,Consultation,407.22,2025-02-19
14764,9177,Consultation,308.24,2025-04-10
14765,1274,Surgery,8711.97,2023-09-22
14766,5390,Rehabilitation,288.81,2024-12-30
14767,4463,Medication,322.0,2022-06-25
14768,6183,Consultation,103.3,2024-12-13
14769,1050,Chemotherapy,2401.24,2025-01-27
14770,2770,Medication,446.29,2024-09-11
14771,5287,Rehabilitation,2118.88,2025-09-17
14772,55,Chemotherapy,5497.21,2023-04-21
14773,6029,Rehabilitation,1128.79,2024-08-25
14774,3319,Rehabilitation,1955.22,2024-04-22
14775,995,Surgery,8164.56,2022-08-26
14776,9689,Laboratory Test,546.01,2022-01-26
14777,4592,Physical Therapy,542.5,2023-08-08
14778,4831,Medication,138.49,2024-12-29
14779,4651,Laboratory Test,199.07,2024-12-11
14780,5321,Laboratory Test,33.39,2022-03-07
14781,2108,Physical Therapy,824.88,2022-02-10
14782,1991,Medication,99.81,2025-08-05
14783,9776,Radiation Therapy,4738.06,2022-12-29
14784,4353,Laboratory Test,693.39,2025-01-24
14785,1311,Chemotherapy,6322.56,2022-08-01
14786,1195,Radiation Therapy,6328.07,2023-11-12
14787,4172,Rehabilitation,2450.79,2023-01-08
14788,1522,Radiation Therapy,1395.9,2023-05-08
14789,7877,Surgery,13786.87,2024-07-17
14790,6981,Diagnostic Imaging,1134.21,2022-06-13
14791,194,Physical Therapy,1192.78,2024-12-22
14792,8437,Laboratory Test,45.75,2024-06-25
14793,9873,Medication,348.51,2023-02-08
14794,4301,Rehabilitation,1902.01,2022-11-09
14795,2604,Chemotherapy,3270.3,2022-06-09
14796,3330,Surgery,14362.13,2023-01-08
14797,3725,Medication,436.1,2023-10-13
14798,2210,Rehabilitation,1535.13,2024-12-02
14799,5066,Rehabilitation,1959.3,2026-01-20
14800,4432,Physical Therapy,1056.2,2025-06-21
14801,2244,Chemotherapy,3182.25,2024-07-01
14802,1302,Surgery,12301.01,2023-08-02
14803,7265,Medication,266.41,2023-01-05
14804,6737,Rehabilitation,670.53,2023-01-20
14805,1511,Consultation,321.19,2022-12-07
14806,9812,Laboratory Test,483.97,2022-10-09
14807,5978,Physical Therapy,584.57,2025-12-06
14808,2283,Surgery,14240.05,2024-05-31
14809,8364,Chemotherapy,9918.05,2025-08-02
14810,7341,Chemotherapy,6018.26,2024-10-06
14811,8156,Physical Therapy,498.14,2023-12-25
14812,1940,Diagnostic Imaging,871.72,2023-08-07
14813,487,Radiation Therapy,7882.99,2023-12-13
14814,1501,Diagnostic Imaging,1105.35,2022-12-07
14815,964,Chemotherapy,7598.66,2025-11-07
14816,7208,Consultation,360.69,2023-01-26
14817,3054,Radiation Therapy,5650.12,2024-10-31
14818,719,Chemotherapy,5992.99,2022-07-31
14819,7794,Medication,212.57,2023-05-04
14820,2663,Chemotherapy,4630.1,2024-03-21
14821,2512,Diagnostic Imaging,317.0,2025-10-09
14822,8324,Laboratory Test,177.89,2023-09-29
14823,5560,Consultation,477.48,2025-09-27
14824,8894,Laboratory Test,426.79,2024-02-19
14825,1504,Radiation Therapy,7087.11,2023-09-09
14826,1621,Chemotherapy,9876.09,2024-07-29
14827,5357,Medication,352.37,2023-06-10
14828,5120,Laboratory Test,466.41,2024-07-06
14829,2625,Diagnostic Imaging,789.15,2025-03-13
14830,776,Surgery,6473.77,2023-01-11
14831,7747,Surgery,8803.08,2025-11-10
14832,1225,Diagnostic Imaging,520.41,2025-10-18
14833,787,Physical Therapy,1435.7,2024-03-04
14834,8570,Medication,148.34,2026-01-29
14835,7967,Surgery,13305.91,2023-05-02
14836,8063,Laboratory Test,263.37,2024-08-04
14837,5872,Surgery,13795.41,2024-02-08
14838,8838,Physical Therapy,1466.14,2025-05-29
14839,6674,Physical Therapy,1394.41,2023-08-27
14840,9763,Radiation Therapy,4130.41,2022-05-17
14841,9410,Rehabilitation,426.95,2025-12-21
14842,7812,Laboratory Test,159.49,2022-05-24
14843,6183,Medication,368.98,2024-12-06
14844,3411,Radiation Therapy,2987.68,2026-01-13
14845,7386,Consultation,448.61,2025-12-23
14846,4158,Rehabilitation,1405.23,2023-12-27
14847,425,Consultation,294.28,2023-01-14
14848,5059,Rehabilitation,1077.21,2025-02-15
14849,7881,Radiation Therapy,1117.43,2024-11-14
14850,776,Consultation,477.43,2024-11-11
14851,4414,Laboratory Test,251.02,2022-03-30
14852,5556,Radiation Therapy,3408.65,2025-04-25
14853,9784,Rehabilitation,1515.4,2023-09-08
14854,7155,Medication,370.56,2022-03-25
14855,4172,Physical Therapy,525.86,2024-11-16
14856,7158,Surgery,7667.89,2022-05-19
14857,7645,Surgery,7626.74,2023-10-14
14858,8251,Physical Therapy,979.28,2024-12-20
14859,2364,Surgery,8354.32,2023-11-09
14860,9621,Laboratory Test,206.39,2022-08-02
14861,3195,Diagnostic Imaging,289.95,2025-02-17
14862,3127,Radiation Therapy,7838.44,2022-03-26
14863,4561,Medication,305.74,2022-01-29
14864,2259,Chemotherapy,6686.06,2024-11-24
14865,9208,Radiation Therapy,4661.59,2025-01-12
14866,2723,Physical Therapy,1441.56,2024-02-25
14867,2869,medication,887.21,2025-02-17
14868,4731,Laboratory Test,562.2,2025-05-15
14869,9047,Rehabilitation,1454.4,2025-11-15
14870,5995,,8174.35,2023-04-01
14871,8226,Radiation Therapy,7058.72,2024-06-17
14872,8361,Surgery,11372.89,2025-03-21
14873,1919,Physical Therapy,1395.36,2022-11-03
14874,2260,Consultation,435.18,2022-03-16
14875,2890,Medication,484.09,2025-02-14
14876,3215,Rehabilitation,335.59,2022-06-09
14877,7740,Surgery,10055.82,2025-11-20
14878,4156,Laboratory Test,128.67,2023-05-18
14879,4315,Surgery,4286.74,2024-01-23
14880,436,Surgery,14275.63,2025-02-24
14881,3951,Surgery,12705.98,2025-08-28
14882,9449,Rehabilitation,1780.75,2022-04-09
14883,1185,Chemotherapy,2144.69,2024-12-03
14884,2742,Medication,436.0,2023-03-24
14885,5011,Diagnostic Imaging,546.47,2024-10-17
14886,369,Diagnostic Imaging,652.2,2023-05-12
14887,9707,Diagnostic Imaging,681.96,2023-10-01
14888,2570,Rehabilitation,2040.91,2023-05-02
14889,3499,Chemotherapy,2130.14,2023-12-08
14890,68,Physical Therapy,1304.31,2023-11-25
14891,2733,Physical Therapy,978.04,2022-09-14
14892,4786,Medication,343.99,2025-03-08
14893,1212,Medication,57.86,2022-02-03
14894,5687,Physical Therapy,920.21,2024-12-29
14895,8486,Chemotherapy,2260.76,2023-02-04
14896,2818,medication,1342.93,2023-08-07
14897,4769,Chemotherapy,7642.1,2026-01-07
14898,5302,Diagnostic Imaging,472.37,2022-12-22
14899,4742,Radiation Therapy,7868.34,2023-11-22
14900,3849,Rehabilitation,257.63,2025-03-20
14901,8080,Laboratory Test,609.47,2025-02-12
14902,4683,Consultation,129.8,2022-02-13
14903,1150,Physical Therapy,688.88,2025-06-21
14904,147,Rehabilitation,255.18,2024-10-08
14905,3889,Rehabilitation,1793.64,2023-09-13
14906,2547,Laboratory Test,337.02,2022-07-30
14907,8385,Physical Therapy,756.93,2025-10-10
14908,33,Medication,298.84,2023-10-22
14909,6747,Chemotherapy,8353.12,2025-05-03
14910,5540,Physical Therapy,1081.06,2023-07-27
14911,9919,Physical Therapy,314.32,2022-02-01
14912,5618,Laboratory Test,102.89,2024-06-23
14913,5365,Surgery,14153.66,2024-10-17
14914,8172,Medication,180.58,2024-06-01
14915,8745,Radiation Therapy,6993.0,2024-05-06
14916,6208,Radiation Therapy,6692.25,2022-06-06
14917,5392,Rehabilitation,1700.61,2022-10-27
14918,238,Diagnostic Imaging,81.38,2023-08-07
14919,8911,Radiation Therapy,2578.71,2025-09-14
14920,9244,Diagnostic Imaging,165.53,2023-01-17
14921,7401,Medication,253.68,2023-05-30
14922,2066,Surgery,12061.65,2026-01-09
14923,2197,Consultation,221.05,2023-06-17
14924,4709,Consultation,281.96,2024-06-21
14925,3806,Surgery,1698.74,2023-04-04
14926,3474,Consultation,339.23,2022-09-11
14927,289,Rehabilitation,2006.46,2023-01-24
14928,5600,Chemotherapy,9362.47,2022-05-29
14929,3380,Physical Therapy,160.64,2024-07-27
14930,6851,Chemotherapy,5008.78,2023-08-12
14931,9825,Physical Therapy,658.98,2025-07-29
14932,7751,Laboratory Test,109.0,2023-03-17
14933,745,Diagnostic Imaging,790.97,2023-05-19
14934,5131,Physical Therapy,795.51,2024-02-20
14935,3435,Surgery,14931.49,2023-10-01
14936,5353,Surgery,5065.99,2024-07-17
14937,6479,Chemotherapy,3047.68,2025-05-24
14938,9664,Consultation,414.7,2022-10-02
14939,3505,Rehabilitation,491.51,2025-10-21
14940,2868,Rehabilitation,1132.54,2025-06-20
14941,3321,Radiation Therapy,3585.54,2024-10-26
14942,3903,Medication,193.39,2025-11-05
14943,1426,Rehabilitation,1317.33,2025-04-10
14944,3791,Radiation Therapy,7847.52,2023-09-03
14945,5955,Medication,23.6,2023-08-04
14946,8217,Laboratory Test,410.43,2022-10-27
14947,3559,Rehabilitation,2219.48,2025-05-27
14948,5866,Consultation,384.24,2024-08-01
14949,5744,Consultation,432.25,2024-03-16
14950,3143,Laboratory Test,427.54,2025-11-06
14951,2148,Chemotherapy,9111.01,2025-08-31
14952,9927,Chemotherapy,6218.69,2023-05-22
14953,6561,Physical Therapy,699.57,2023-06-30
14954,626,Consultation,430.99,2023-12-21
14955,6279,Chemotherapy,4299.93,2025-10-15
14956,1738,Radiation Therapy,2285.44,2024-05-31
14957,8198,Radiation Therapy,6074.39,2024-08-10
14958,3544,Laboratory Test,33.2,2024-08-07
14959,2448,Chemotherapy,2561.33,2025-08-15
14960,4496,Radiation Therapy,6660.56,2024-01-28
14961,9632,Consultation,311.46,2022-08-22
14962,4117,Laboratory Test,445.69,2023-05-25
14963,6932,Physical Therapy,661.64,2022-02-18
14964,439,Medication,300.96,2022-03-08
14965,4199,Physical Therapy,672.49,2024-02-08
14966,8216,Radiation Therapy,7491.51,2022-11-10
14967,7920,Surgery,11290.42,2023-04-28
14968,6936,Medication,273.82,2023-08-07
14969,891,Medication,286.21,2022-01-01
14970,2763,Chemotherapy,6528.37,2023-09-16
14971,9622,Laboratory Test,440.31,2023-01-17
14972,1256,Chemotherapy,6242.41,2022-04-03
14973,2288,Surgery,7231.44,2024-02-15
14974,6555,Chemotherapy,7098.74,2022-12-29
14975,1884,Chemotherapy,2110.94,2023-10-22
14976,6509,Consultation,395.45,2025-09-06
14977,3520,Physical Therapy,1025.15,2025-09-10
14978,4464,Diagnostic Imaging,909.61,2025-08-16
14979,1605,Consultation,498.92,2022-11-07
14980,9029,Medication,229.03,2025-02-22
14981,6526,Rehabilitation,370.64,2023-11-16
14982,6070,Consultation,411.94,2024-09-27
14983,5607,Laboratory Test,373.9,2024-07-20
14984,4438,Laboratory Test,288.21,2024-07-26
14985,3699,Surgery,4385.29,2024-09-23
14986,3871,Diagnostic Imaging,755.88,2025-07-27
14987,8707,Physical Therapy,850.21,2022-11-23
14988,2890,Consultation,254.31,2025-09-29
14989,8005,Diagnostic Imaging,446.98,2022-10-03
14990,5989,Consultation,94.25,2024-01-06
14991,4367,Laboratory Test,239.28,2024-01-26
14992,5230,Medication,347.65,2023-11-28
14993,2500,Chemotherapy,8241.37,2024-09-13
14994,1922,Radiation Therapy,1722.13,2024-10-21
14995,8685,Chemotherapy,2491.27,2023-02-03
14996,6532,Radiation Therapy,6818.79,2025-03-17
14997,9978,Consultation,499.79,2024-08-29
14998,5670,Rehabilitation,1581.16,2023-09-12
14999,5998,Laboratory Test,225.98,2023-12-28
15000,6663,Diagnostic Imaging,607.24,2024-03-28
11809,9098,Rehabilitation,2015.88,2024-12-02
14336,4465,Radiation Therapy,3768.77,2023-09-30
14819,7794,Medication,212.57,2023-05-04
1339,8244,Medication,204.36,2023-03-11
3694,842,Consultation,244.3,2022-12-17
7299,6269,Rehabilitation,1210.46,2024-12-19
10293,1455,Diagnostic Imaging,750.02,2023-03-30
2046,5042,Rehabilitation,2130.0,2024-03-02
14374,3014,Diagnostic Imaging,1193.5,2023-05-13
7030,3824,Laboratory Test,549.62,2022-04-01
12557,2588,Radiation Therapy,5239.38,2024-06-16
6772,7283,Radiation Therapy,7960.9,2025-10-31
11479,6988,Physical Therapy,1099.56,2023-11-05
1951,326,Chemotherapy,6629.03,2026-01-27
7823,6313,Surgery,6117.36,2022-07-07
12533,4477,Radiation Therapy,1493.16,2022-03-17
6465,3134,Physical Therapy,344.59,2022-07-31
2867,2334,Medication,116.32,2024-10-15
8844,6974,Rehabilitation,1291.1,2025-02-04
7136,184,Diagnostic Imaging,1108.91,2024-06-06
14464,2709,Diagnostic Imaging,1030.82,2022-09-28
26,2091,Surgery,4499.21,2024-12-29
3756,1975,Chemotherapy,2003.46,2022-05-10
918,5512,Medication,130.62,2022-04-18
13175,9848,Physical Therapy,1054.66,2024-07-25
11905,1698,Consultation,234.41,2025-12-18
7839,4334,Rehabilitation,1689.69,2024-05-13
12767,1621,Consultation,461.89,2023-01-07
3801,142,Surgery,13567.52,2025-06-09
7657,1222,Chemotherapy,8068.26,2025-02-06
