Order_ID,Order_Date,Product_ID,Warehouse_ID,Carrier_ID,Region,Shipping_Method,Quantity,Promised_Days,Delivery_Days,Delivery_Date,Shipping_Cost
O00001,2024-03-18,PR0186,W08,C05,West,Standard,11,6,9,2024-03-27,21.62
O00002,2024-02-21,PR0016,W01,C08,Central,Standard,1,6,7,2024-02-28,27.09
O00003,2024-04-05,PR0119,W09,C02,South,Express,10,3,1,2024-04-06,24.9
O00004,2025-02-20,PR0167,W05,C08,West,Economy,8,10,11,2025-03-03,25.35
O00005,2024-08-06,PR0163,W08,C02,West,Standard,3,6,9,2024-08-15,20.34
O00006,2024-06-17,PR0057,W05,C02,West,Standard,7,6,8,2024-06-25,25.06
O00007,2025-02-03,PR0053,W04,C06,East,Economy,11,10,5,2025-02-08,
O00008,2024-10-19,PR0058,W08,C05,West,Economy,13,10,13,2024-11-01,36.86
O00009,2024-06-07,PR0266,W03,C04,South,Same Day,2,1,1,2024-06-08,49.97
O00010,2024-08-10,PR0034,W02,C02,North,Standard,5,6,6,2024-08-16,27.49
O00011,2024-11-17,PR0110,W02,C07,North,Standard,1,6,2,2024-11-19,21.37
O00012,2025-08-21,PR0126,W05,C04,West,Express,9,3,3,2025-08-24,35.19
O00013,2024-02-28,PR0037,W01,C04,Central,Standard,11,6,4,2024-03-03,20.24
O00014,2024-07-09,PR0290,W02,C07,North,Standard,1,6,5,2024-07-14,10.81
O00015,2025-11-22,PR0224,W03,C07,South,Economy,12,10,10,2025-12-02,26.78
O00016,2024-05-02,PR0289,W06,C07,Central,Express,10,3,5,2024-05-07,33.04
O00017,2025-08-15,PR0129,W06,C04,Central,Standard,4,6,7,2025-08-22,28.05
O00018,2025-09-26,PR0132,W10,C04,North,Economy,14,10,8,2025-10-04,28.63
O00019,2025-11-04,PR0234,W01,C05,Central,Same Day,9,1,1,2025-11-05,19.34
O00020,2024-09-24,PR0039,W09,C08,South,Same Day,11,1,1,2024-09-25,20.92
O00021,2024-09-01,PR0128,W07,C03,East,Economy,2,10,8,2024-09-09,21.3
O00022,2024-05-14,PR0155,W04,C08,East,Economy,9,10,8,2024-05-22,31.38
O00023,2024-11-19,PR0241,W02,C04,North,Standard,5,6,9,2024-11-28,
O00024,2025-04-14,PR0291,W06,C03,Central,Standard,6,6,6,2025-04-20,21.5
O00025,2024-03-16,PR0200,W06,C08,Central,Express,14,3,1,2024-03-17,23.61
O00026,2025-06-02,PR0133,W04,C05,East,Express,8,3,3,2025-06-05,13.79
O00027,2024-12-23,PR0154,W10,C06,North,Express,7,3,2,2024-12-25,33.59
O00028,2025-01-13,PR0012,W07,C03,East,Express,2,3,4,2025-01-17,37.39
O00029,2025-03-24,PR0286,W01,C03,Central,Same Day,14,1,1,2025-03-25,28.74
O00030,2025-09-18,PR0247,W01,C02,Central,Standard,1,6,4,2025-09-22,27.74
O00031,2025-11-14,PR0084,W01,C01,Central,Same Day,3,1,1,2025-11-15,29.53
O00032,2025-11-10,PR0028,W10,C03,North,Express,3,3,5,2025-11-15,32.88
O00033,2024-09-27,PR0118,W10,C08,North,Standard,11,6,7,2024-10-04,13.98
O00034,2025-07-20,PR0097,W09,C02,South,standard,3,1,1,2025-07-21,24.57
O00035,2024-10-15,PR0251,W01,C07,Central,Express,12,3,2,2024-10-17,35.87
O00036,2024-12-17,PR0010,W03,C06,South,Same Day,14,1,2,2024-12-19,29.83
O00037,2025-06-01,PR0232,W05,C05,West,Same Day,11,1,1,2025-06-02,36.32
O00038,2024-02-22,PR0267,W02,C04,North,Economy,14,10,6,2024-02-28,36.19
O00039,2024-10-10,PR0159,W02,C08,North,Standard,8,6,2,2024-10-12,11.47
O00040,2024-12-07,PR0084,W03,C04,South,Same Day,1,1,1,2024-12-08,32.51
O00041,2024-06-14,PR0089,W05,C02,West,Economy,2,10,3,2024-06-17,19.37
O00042,2025-07-28,PR0146,W02,C07,North,Standard,11,6,5,2025-08-02,14.74
O00043,2024-03-18,PR0137,W09,C08,South,Standard,8,6,6,2024-03-24,26.55
O00044,2025-01-13,PR0187,W06,C08,Central,Express,8,3,5,2025-01-18,40.91
O00045,2025-03-16,PR0298,W03,C01,South,Standard,1,6,6,2025-03-22,16.46
O00046,2024-11-11,PR0153,W04,C06,East,Standard,3,6,4,2024-11-15,19.68
O00047,2025-01-01,PR0090,W03,C05,South,Express,7,3,1,2025-01-02,29.32
O00048,2025-11-13,PR0161,W10,C08,North,Same Day,1,1,1,2025-11-14,28.84
O00049,2025-07-27,PR0287,W08,C06,West,Express,12,3,4,2025-07-31,26.86
O00050,2024-08-30,PR0007,W09,C06,South,Express,12,3,1,2024-08-31,40.78
O00051,2025-02-26,PR0298,W02,C08,North,Express,13,3,2,2025-02-28,22.02
O00052,2024-12-06,PR0065,W08,C07,West,Express,6,3,4,2024-12-10,24.58
O00053,2024-09-30,PR0094,W03,C04,South,Standard,10,6,4,2024-10-04,3.0
O00054,2025-01-26,PR0058,W10,C07,North,Economy,8,10,7,2025-02-02,23.93
O00055,2024-08-15,PR0267,W09,C01,South,Economy,6,10,12,2024-08-27,36.98
O00056,2024-12-24,PR0273,W07,C01,East,Express,7,3,4,2024-12-28,36.77
O00057,2024-08-16,PR0212,W02,C01,North,Express,8,3,3,2024-08-19,22.86
O00058,2025-02-12,PR0286,W07,C08,East,Same Day,9,1,2,2025-02-14,30.95
O00059,2024-03-12,PR0112,W04,C02,East,Same Day,10,1,1,2024-03-13,33.97
O00060,2025-10-18,PR0266,W01,C08,Central,Economy,13,10,6,2025-10-24,26.7
O00061,2025-11-26,PR0186,W06,C01,Central,Same Day,6,1,1,2025-11-27,33.62
O00062,2024-01-29,PR0072,W02,C07,North,Same Day,10,1,1,2024-01-30,40.65
O00063,2024-07-01,PR0055,W01,C01,Central,Same Day,8,1,1,2024-07-02,12.86
O00064,2024-02-09,PR0218,W10,C06,,standard,5,10,4,2024-02-13,34.36
O00065,2024-12-19,PR0098,W04,C01,East,Economy,11,10,8,2024-12-27,36.98
O00066,2025-09-12,PR0132,W06,C05,Central,Standard,9,6,7,2025-09-19,22.06
O00067,2025-01-29,PR0005,W01,C05,Central,Express,13,3,2,2025-01-31,41.39
O00068,2024-09-17,PR0026,W10,C04,North,Economy,3,10,12,2024-09-29,39.21
O00069,2024-01-02,PR0276,W06,C02,Central,Express,11,3,2,2024-01-04,28.01
O00070,2025-01-07,PR0185,W08,C07,West,Standard,10,6,7,2025-01-14,21.71
O00071,2025-11-11,PR0266,W07,C03,East,Same Day,4,1,1,2025-11-12,29.66
O00072,2025-11-10,PR0252,W10,C03,North,Same Day,12,1,1,2025-11-11,24.55
O00073,2025-06-03,PR0146,W07,C07,East,Economy,13,10,7,2025-06-10,28.13
O00074,2024-11-30,PR0101,W05,C02,West,Same Day,4,1,1,2024-12-01,38.73
O00075,2025-07-21,PR0046,W09,C05,South,Express,12,3,2,2025-07-23,9.64
O00076,2025-03-06,PR0031,W08,C03,West,Express,2,3,5,2025-03-11,22.45
O00077,2025-09-22,PR0269,W01,C05,Central,Same Day,12,1,1,2025-09-23,38.92
O00078,2025-02-19,PR0099,W01,C02,Central,Standard,9,6,3,2025-02-22,17.81
O00079,2024-11-07,PR0002,W07,C02,East,Express,11,3,6,2024-11-13,25.27
O00080,2025-03-16,PR0142,W06,C04,Central,Same Day,8,1,1,2025-03-17,31.26
O00081,2025-04-21,PR0026,W05,C07,West,Economy,6,10,10,2025-05-01,22.77
O00082,2025-11-22,PR0053,W09,C04,South,Economy,4,10,7,2025-11-29,32.4
O00083,2024-06-22,PR0154,W10,C08,North,Same Day,12,1,1,2024-06-23,18.88
O00084,2025-06-11,PR0061,W06,C01,Central,Same Day,10,1,1,2025-06-12,31.46
O00085,2024-04-05,PR0006,W03,C06,South,Same Day,13,1,1,2024-04-06,29.15
O00086,2024-08-18,PR0218,W03,C01,South,Express,9,3,3,2024-08-21,37.31
O00087,2024-01-26,PR0222,W02,C04,North,Express,6,3,3,2024-01-29,33.7
O00088,2025-05-01,PR0009,W01,C08,Central,Standard,8,6,8,2025-05-09,22.01
O00089,2025-04-11,PR0051,W05,C02,West,Express,10,3,1,2025-04-12,15.81
O00090,2025-12-14,PR0290,W05,C01,West,Economy,6,10,8,2025-12-22,28.22
O00091,2025-02-13,PR0244,W03,C02,South,Express,12,3,2,2025-02-15,38.38
O00092,2025-11-02,PR0068,W02,C02,North,Standard,4,6,10,2025-11-12,14.83
O00093,2025-03-11,PR0038,W09,C01,South,Express,13,3,2,2025-03-13,23.29
O00094,2025-12-13,PR0155,W06,C04,Central,Economy,7,10,7,2025-12-20,26.66
O00095,2024-02-21,PR0034,W06,C05,Central,Express,1,3,1,2024-02-22,42.72
O00096,2024-05-04,PR0008,W08,C02,West,Express,12,3,3,2024-05-07,3.0
O00097,2025-04-20,PR0252,W01,C02,Central,Same Day,9,1,1,2025-04-21,25.42
O00098,2025-03-29,PR0045,W01,C04,Central,Economy,8,10,4,2025-04-02,35.64
O00099,2025-07-15,PR0274,W08,C02,West,Express,11,3,3,2025-07-18,38.26
O00100,2025-05-01,PR0004,W08,C04,West,Same Day,4,1,1,2025-05-02,24.69
O00101,2024-09-10,PR0298,W04,C03,East,Economy,5,10,7,2024-09-17,26.45
O00102,2025-10-03,PR0100,W03,C08,South,Same Day,7,1,1,2025-10-04,21.64
O00103,2025-03-26,PR0247,W10,C02,North,Same Day,10,1,1,2025-03-27,11.42
O00104,2024-08-28,PR0228,W04,C05,East,Same Day,8,1,2,2024-08-30,23.86
O00105,2024-11-23,PR0032,W06,C04,Central,Standard,10,6,5,2024-11-28,8.08
O00106,2024-05-21,PR0147,W03,C05,South,Express,13,3,4,2024-05-25,31.91
O00107,2025-01-27,PR0173,W03,C07,South,Express,3,3,3,2025-01-30,31.51
O00108,2024-03-06,PR0062,W08,C08,West,Economy,1,10,5,2024-03-11,31.51
O00109,2024-12-04,PR0131,W01,C04,Central,Economy,14,10,5,2024-12-09,23.45
O00110,2025-03-01,PR0068,W02,C05,North,Express,9,3,2,2025-03-03,31.9
O00111,2025-03-06,PR0297,W05,C05,West,Standard,2,6,4,2025-03-10,19.12
O00112,2025-08-12,PR0213,W08,C01,West,Economy,13,10,10,2025-08-22,21.37
O00113,2024-01-07,PR0184,W07,C05,East,Same Day,2,1,1,2024-01-08,39.08
O00114,2025-02-03,PR0149,W08,C07,West,Express,6,3,4,2025-02-07,26.12
O00115,2025-05-14,PR0228,W03,C03,South,Same Day,8,1,1,2025-05-15,27.22
O00116,2025-03-22,PR0267,W08,C06,West,Standard,9,6,4,2025-03-26,32.14
O00117,2025-02-02,PR0234,W04,C03,East,Economy,13,10,10,2025-02-12,39.72
O00118,2024-06-18,PR0206,W05,C07,West,Express,8,3,2,2024-06-20,31.79
O00119,2025-09-29,PR0205,W06,C06,Central,standard,13,6,6,2025-10-05,19.17
O00120,2025-02-07,PR0057,W01,C08,Central,Standard,2,6,7,2025-02-14,19.23
O00121,2024-03-26,PR0263,W05,C06,West,Express,5,3,3,2024-03-29,33.38
O00122,2025-04-17,PR0091,W09,C07,South,Standard,3,6,8,2025-04-25,16.66
O00123,2024-09-23,PR0163,W05,C02,West,Same Day,10,1,1,2024-09-24,29.96
O00124,2024-08-04,PR0193,W08,C05,West,Same Day,7,1,1,2024-08-05,48.17
O00125,2024-12-11,PR0003,W05,C03,West,Same Day,12,1,2,2024-12-13,25.21
O00126,2025-03-07,PR0035,W04,C06,East,Standard,1,6,5,2025-03-12,8.85
O00127,2025-04-26,PR0035,W02,C07,North,Standard,4,6,6,2025-05-02,11.72
O00128,2024-12-24,PR0274,W03,C05,South,Standard,12,6,7,2024-12-31,3.0
O00129,2025-10-29,PR0042,W02,C04,North,Standard,14,6,7,2025-11-05,20.21
O00130,2024-09-10,PR0125,W09,C08,South,Standard,3,6,2,2024-09-12,17.58
O00131,2025-09-28,PR0183,W03,C06,South,Express,14,3,1,2025-09-29,31.93
O00132,2024-05-09,PR0183,W08,C08,West,Standard,3,6,6,2024-05-15,18.58
O00133,2025-07-31,PR0140,W09,C01,South,Economy,8,10,7,2025-08-07,36.28
O00134,2025-12-17,PR0005,W07,C07,East,Same Day,1,1,1,2025-12-18,37.59
O00135,2024-06-20,PR0005,W06,C02,Central,Standard,5,6,7,2024-06-27,22.83
O00136,2024-06-16,PR0010,W04,C03,East,Standard,11,6,4,2024-06-20,9.01
O00137,2025-08-15,PR0171,W02,C06,North,Same Day,2,1,1,2025-08-16,25.26
O00138,2025-08-12,PR0110,W08,C01,West,Economy,14,10,9,2025-08-21,35.55
O00139,2024-07-22,PR0235,W10,C03,North,Express,8,3,2,2024-07-24,31.61
O00140,2024-04-14,PR0084,W07,C03,East,Standard,14,6,6,2024-04-20,23.05
O00141,2025-08-02,PR0001,W10,C04,North,Same Day,11,1,2,2025-08-04,45.96
O00142,2025-06-29,PR0155,W05,C07,West,Same Day,5,1,1,2025-06-30,29.89
O00143,2024-03-11,PR0272,W01,C03,Central,Same Day,8,1,1,2024-03-12,40.94
O00144,2024-01-13,PR0207,W08,C01,West,Economy,10,10,12,2024-01-25,21.14
O00145,2024-04-18,PR0064,W08,C01,West,Same Day,5,1,1,2024-04-19,35.45
O00146,2025-10-12,PR0020,W08,C03,West,Express,3,3,2,2025-10-14,21.96
O00147,2025-03-21,PR0291,W09,C01,South,Same Day,2,1,1,2025-03-22,21.33
O00148,2025-09-22,PR0059,W06,C01,Central,Economy,13,10,11,2025-10-03,33.38
O00149,2025-04-21,PR0015,W05,C05,West,Same Day,9,1,1,2025-04-22,26.72
O00150,2024-11-26,PR0082,W03,C07,South,Standard,4,6,7,2024-12-03,16.67
O00151,2024-10-12,PR0139,W05,C06,West,Express,7,3,4,2024-10-16,31.97
O00152,2025-04-20,PR0117,W01,C08,Central,Economy,4,10,11,2025-05-01,40.28
O00153,2024-12-10,PR0282,W02,C06,North,Economy,4,10,13,2024-12-23,27.62
O00154,2024-11-28,PR0156,W03,C04,South,Economy,6,10,9,2024-12-07,51.51
O00155,2024-08-05,PR0125,W04,C01,East,Same Day,14,1,1,2024-08-06,11.79
O00156,2024-12-14,PR0075,W07,C01,East,Same Day,6,1,1,2024-12-15,33.43
O00157,2025-07-23,PR0172,W10,C03,North,Express,10,3,4,2025-07-27,40.88
O00158,2024-03-28,PR0276,W09,C07,South,Economy,14,10,3,2024-03-31,47.4
O00159,2025-05-15,PR0190,W06,C07,Central,Express,14,3,2,2025-05-17,44.64
O00160,2025-12-08,PR0089,W05,C01,West,Economy,13,10,10,2025-12-18,16.05
O00161,2025-04-03,PR0213,W02,C01,,Standard,7,6,5,2025-04-08,36.25
O00162,2024-10-28,PR0023,W09,C03,South,Economy,7,10,11,2024-11-08,34.98
O00163,2025-12-09,PR0279,W03,C03,South,Same Day,3,1,1,2025-12-10,40.73
O00164,2025-11-10,PR0204,W06,C06,Central,Same Day,2,1,1,2025-11-11,26.64
O00165,2025-04-29,PR0171,W01,C08,Central,Same Day,11,1,1,2025-04-30,38.07
O00166,2025-03-11,PR0102,W01,C01,Central,Same Day,6,1,1,2025-03-12,21.95
O00167,2024-12-26,PR0078,W05,C01,West,Same Day,13,1,2,2024-12-28,45.84
O00168,2024-11-09,PR0267,W07,C08,East,Express,10,3,4,2024-11-13,27.14
O00169,2024-05-03,PR0281,W03,C01,South,Same Day,2,1,1,2024-05-04,36.9
O00170,2024-05-02,PR0146,W01,C02,Central,Express,9,3,2,2024-05-04,25.68
O00171,2024-07-15,PR0167,W09,C02,South,Economy,6,10,8,2024-07-23,28.89
O00172,2024-10-10,PR0023,W01,C07,Central,Same Day,6,1,1,2024-10-11,30.86
O00173,2024-04-12,PR0071,W03,C01,South,Same Day,8,1,1,2024-04-13,46.26
O00174,2024-08-20,PR0056,W07,C04,East,Express,13,3,2,2024-08-22,21.77
O00175,2024-11-05,PR0127,W02,C01,North,Express,6,3,2,2024-11-07,27.2
O00176,2024-10-07,PR0251,W02,C05,North,Standard,6,6,5,2024-10-12,19.77
O00177,2025-07-20,PR0173,W07,C07,East,Express,10,3,1,2025-07-21,19.84
O00178,2025-10-15,PR0013,W05,C04,West,Standard,7,6,9,2025-10-24,3.68
O00179,2024-01-13,PR0138,W06,C04,Central,Same Day,5,1,1,2024-01-14,40.83
O00180,2025-04-25,PR0203,W08,C02,West,Economy,1,10,4,2025-04-29,39.46
O00181,2024-12-14,PR0264,W03,C08,South,Standard,2,6,7,2024-12-21,35.71
O00182,2024-09-15,PR0036,W05,C05,West,Standard,4,6,4,2024-09-19,
O00183,2024-03-07,PR0095,W08,C05,West,Economy,1,10,12,2024-03-19,25.9
O00184,2024-03-16,PR0260,W01,C05,Central,Standard,14,6,2,2024-03-18,19.92
O00185,2024-06-04,PR0290,W03,C03,South,Same Day,3,1,1,2024-06-05,32.54
O00186,2024-03-28,PR0297,W09,C07,South,Standard,11,6,6,2024-04-03,23.09
O00187,2025-07-25,PR0284,W08,C02,West,Express,6,3,2,2025-07-27,34.82
O00188,2025-06-19,PR0156,W05,C08,West,Economy,12,10,13,2025-07-02,19.61
O00189,2025-03-29,PR0200,W07,C04,East,Economy,3,10,4,2025-04-02,22.88
O00190,2024-11-08,PR0244,W06,C01,Central,Standard,13,6,4,2024-11-12,18.07
O00191,2025-09-16,PR0004,W02,C07,North,Express,11,3,3,2025-09-19,34.08
O00192,2025-10-02,PR0219,W03,C06,South,Same Day,8,1,1,2025-10-03,17.77
O00193,2025-11-07,PR0116,W10,C04,North,Express,9,3,3,2025-11-10,28.09
O00194,2024-09-02,PR0071,W09,C03,South,Standard,8,6,5,2024-09-07,25.52
O00195,2024-06-09,PR0209,W10,C04,North,Economy,2,10,8,2024-06-17,31.62
O00196,2025-04-06,PR0135,W06,C04,Central,Economy,9,10,7,2025-04-13,29.79
O00197,2024-10-25,PR0234,W02,C05,North,Express,12,3,3,2024-10-28,22.87
O00198,2024-10-22,PR0275,W07,C07,East,Economy,6,10,11,2024-11-02,40.93
O00199,2024-03-13,PR0159,W03,C08,South,Same Day,9,1,1,2024-03-14,27.09
O00200,2025-10-02,PR0271,W06,C01,Central,Express,9,3,5,2025-10-07,39.18
O00201,2025-03-11,PR0242,W10,C06,North,Express,14,3,4,2025-03-15,37.3
O00202,2025-10-25,PR0139,W03,C07,South,Same Day,1,1,1,2025-10-26,14.74
O00203,2024-05-25,PR0171,W02,C05,North,Standard,8,6,6,2024-05-31,11.24
O00204,2024-06-18,PR0047,W07,C08,East,Same Day,12,1,1,2024-06-19,22.1
O00205,2025-03-25,PR0112,W10,C06,North,Economy,3,10,12,2025-04-06,33.01
O00206,2025-12-06,PR0138,W04,C04,East,Economy,10,10,3,2025-12-09,42.47
O00207,2024-10-05,PR0204,W06,C07,Central,Economy,7,10,10,2024-10-15,29.79
O00208,2025-03-24,PR0007,W10,C04,North,Standard,7,6,6,2025-03-30,29.17
O00209,2025-03-18,PR0231,W07,C06,East,Same Day,2,1,1,2025-03-19,26.81
O00210,2024-01-27,PR0154,W02,C04,North,Express,14,3,4,2024-01-31,35.23
O00211,2025-11-21,PR0111,W06,C02,Central,Standard,5,6,5,2025-11-26,27.1
O00212,2025-11-19,PR0128,W07,C08,East,Standard,5,6,9,2025-11-28,30.74
O00213,2024-06-28,PR0025,W05,C04,West,Economy,6,10,12,2024-07-10,33.13
O00214,2024-10-11,PR0011,W03,C01,South,Economy,7,10,6,2024-10-17,38.48
O00215,2025-10-12,PR0056,W05,C08,West,standard,12,6,4,2025-10-16,3.0
O00216,2025-04-26,PR0126,W04,C07,East,Economy,10,10,4,2025-04-30,53.99
O00217,2024-12-07,PR0091,W07,C05,East,Standard,2,6,2,2024-12-09,19.22
O00218,2024-06-13,PR0058,W07,C02,East,Economy,8,10,8,2024-06-21,
O00219,2025-12-11,PR0129,W08,C08,West,Same Day,7,1,1,2025-12-12,45.3
O00220,2025-11-09,PR0042,W05,C04,West,Standard,5,6,6,2025-11-15,12.45
O00221,2025-04-10,PR0130,W10,C01,North,Same Day,8,1,1,2025-04-11,28.32
O00222,2024-09-15,PR0220,W04,C04,East,Standard,11,6,2,2024-09-17,25.77
O00223,2025-02-17,PR0234,W06,C01,Central,Standard,3,6,5,2025-02-22,11.01
O00224,2025-11-04,PR0134,W06,C06,,Economy,10,10,9,2025-11-13,22.69
O00225,2025-02-27,PR0037,W02,C06,North,Express,8,3,2,2025-03-01,30.85
O00226,2025-06-14,PR0225,W07,C06,East,Economy,12,10,9,2025-06-23,14.28
O00227,2025-10-02,PR0172,W08,C05,West,Standard,12,6,7,2025-10-09,17.54
O00228,2024-07-27,PR0217,W04,C01,East,Express,2,3,4,2024-07-31,21.73
O00229,2024-10-21,PR0113,W08,C07,West,Economy,8,10,9,2024-10-30,15.13
O00230,2024-05-04,PR0155,W02,C01,North,Express,7,3,3,2024-05-07,25.02
O00231,2025-12-27,PR0030,W03,C06,South,Same Day,8,1,1,2025-12-28,29.87
O00232,2025-07-18,PR0173,W10,C04,North,Economy,11,10,9,2025-07-27,40.38
O00233,2024-04-05,PR0229,W09,C01,South,Standard,2,6,7,2024-04-12,3.0
O00234,2025-04-17,PR0200,W10,C05,North,Express,7,3,1,2025-04-18,23.48
O00235,2025-05-25,PR0265,W07,C04,East,Same Day,12,1,1,2025-05-26,46.55
O00236,2025-03-01,PR0263,W08,C03,West,Economy,12,10,6,2025-03-07,22.95
O00237,2024-09-06,PR0237,W05,C02,West,Express,13,3,3,2024-09-09,42.45
O00238,2025-01-27,PR0144,W03,C06,South,Express,8,3,3,2025-01-30,27.32
O00239,2024-03-12,PR0214,W07,C04,East,Economy,2,10,9,2024-03-21,15.43
O00240,2024-12-14,PR0166,W01,C07,Central,Same Day,2,1,1,2024-12-15,28.38
O00241,2024-01-03,PR0062,W04,C02,East,Same Day,8,1,1,2024-01-04,32.39
O00242,2025-08-24,PR0092,W06,C04,Central,Economy,2,10,8,2025-09-01,31.69
O00243,2024-06-01,PR0127,W05,C04,West,Economy,12,10,12,2024-06-13,34.67
O00244,2024-12-19,PR0028,W07,C05,East,Economy,8,10,8,2024-12-27,13.06
O00245,2025-04-11,PR0254,W07,C03,East,Express,14,3,3,2025-04-14,13.91
O00246,2025-12-15,PR0182,W03,C06,South,Economy,14,10,9,2025-12-24,52.48
O00247,2024-08-27,PR0124,W08,C01,West,Standard,3,6,8,2024-09-04,22.74
O00248,2024-11-21,PR0051,W05,C04,West,Economy,12,10,8,2024-11-29,34.29
O00249,2025-01-30,PR0026,W09,C05,South,Economy,1,10,7,2025-02-06,17.43
O00250,2024-02-07,PR0119,W03,C01,South,Same Day,8,1,1,2024-02-08,34.85
O00251,2024-04-12,PR0258,W05,C05,West,Standard,4,6,3,2024-04-15,18.57
O00252,2025-06-22,PR0009,W08,C07,West,Standard,11,6,4,2025-06-26,19.18
O00253,2024-05-27,PR0045,W05,C06,West,Express,5,3,4,2024-05-31,43.99
O00254,2024-03-17,PR0228,W08,C06,West,Same Day,13,1,1,2024-03-18,46.24
O00255,2024-12-12,PR0220,W01,C02,Central,Economy,8,10,8,2024-12-20,43.29
O00256,2025-10-27,PR0115,W10,C02,North,Same Day,3,1,2,2025-10-29,32.25
O00257,2025-11-21,PR0050,W06,C07,Central,Economy,9,10,10,2025-12-01,37.23
O00258,2024-11-20,PR0278,W05,C03,West,Standard,10,6,8,2024-11-28,23.85
O00259,2025-09-24,PR0283,W10,C04,North,Express,7,3,3,2025-09-27,28.06
O00260,2025-10-08,PR0236,W04,C08,East,Express,2,3,5,2025-10-13,23.02
O00261,2024-04-02,PR0096,W08,C04,West,Standard,4,6,7,2024-04-09,25.47
O00262,2025-10-10,PR0179,W02,C02,North,Economy,7,10,7,2025-10-17,36.92
O00263,2024-06-19,PR0285,W07,C06,East,Standard,5,6,4,2024-06-23,30.07
O00264,2024-02-17,PR0163,W04,C01,East,Standard,11,6,8,2024-02-25,14.63
O00265,2024-10-27,PR0012,W07,C08,East,Same Day,12,1,1,2024-10-28,35.01
O00266,2025-03-17,PR0046,W09,C07,South,Express,14,3,2,2025-03-19,32.03
O00267,2025-06-27,PR0108,W05,C06,West,Express,4,3,2,2025-06-29,13.86
O00268,2024-06-23,PR0240,W03,C02,South,Standard,12,6,9,2024-07-02,12.32
O00269,2025-09-16,PR0053,W05,C02,West,Express,14,3,3,2025-09-19,22.53
O00270,2025-05-24,PR0159,W01,C01,Central,Express,13,3,1,2025-05-25,36.09
O00271,2024-08-25,PR0200,W08,C08,West,Same Day,2,1,1,2024-08-26,18.5
O00272,2025-04-15,PR0247,W07,C03,East,Standard,9,6,9,2025-04-24,20.43
O00273,2025-04-21,PR0099,W07,C07,East,Express,7,3,4,2025-04-25,16.88
O00274,2024-03-16,PR0072,W05,C05,West,Same Day,4,1,1,2024-03-17,33.15
O00275,2025-08-24,PR0220,W04,C03,East,Economy,13,10,4,2025-08-28,32.59
O00276,2025-12-07,PR0259,W04,C05,East,Economy,12,10,10,2025-12-17,31.69
O00277,2024-11-05,PR0198,W09,C08,South,Economy,8,10,8,2024-11-13,32.04
O00278,2025-05-09,PR0146,W10,C05,North,Express,9,3,1,2025-05-10,25.87
O00279,2025-01-25,PR0113,W01,C02,Central,Same Day,11,1,1,2025-01-26,36.99
O00280,2025-08-11,PR0052,W07,C06,East,Same Day,12,1,1,2025-08-12,18.47
O00281,2024-01-23,PR0050,W05,C07,West,Same Day,10,1,1,2024-01-24,61.14
O00282,2024-01-09,PR0038,W06,C07,Central,Standard,2,6,4,2024-01-13,11.35
O00283,2025-09-12,PR0013,W08,C08,West,Same Day,2,1,1,2025-09-13,20.37
O00284,2024-08-23,PR0286,W06,C08,Central,Same Day,12,1,1,2024-08-24,25.35
O00285,2024-08-12,PR0006,W03,C05,South,Same Day,12,1,1,2024-08-13,36.09
O00286,2025-11-25,PR0183,W03,C06,South,Standard,13,6,4,2025-11-29,3.0
O00287,2025-10-04,PR0125,W02,C08,North,Same Day,11,1,1,2025-10-05,41.84
O00288,2025-03-27,PR0108,W02,C06,North,Same Day,3,1,1,2025-03-28,24.87
O00289,2024-05-14,PR0235,W02,C03,,Same Day,3,1,1,2024-05-15,25.86
O00290,2024-11-30,PR0086,W05,C04,West,Express,13,3,1,2024-12-01,34.16
O00291,2024-07-24,PR0044,W09,C02,South,Same Day,1,1,2,2024-07-26,37.59
O00292,2025-06-27,PR0274,W01,C02,Central,Same Day,7,1,1,2025-06-28,30.3
O00293,2024-06-17,PR0234,W04,C08,East,Economy,12,10,6,2024-06-23,34.03
O00294,2024-10-29,PR0135,W04,C03,East,Standard,9,6,8,2024-11-06,15.94
O00295,2025-04-24,PR0111,W02,C05,North,Express,7,3,5,2025-04-29,13.79
O00296,2024-08-19,PR0297,W08,C05,West,Same Day,3,1,1,2024-08-20,22.29
O00297,2024-04-02,PR0239,W08,C06,West,Standard,7,6,2,2024-04-04,10.08
O00298,2024-09-27,PR0230,W06,C03,Central,Standard,6,6,4,2024-10-01,25.79
O00299,2025-04-10,PR0032,W07,C05,East,Same Day,4,1,1,2025-04-11,42.65
O00300,2025-08-21,PR0079,W08,C02,West,Same Day,10,1,2,2025-08-23,42.72
O00301,2024-04-20,PR0208,W09,C04,South,Economy,11,10,6,2024-04-26,38.17
O00302,2024-01-26,PR0050,W01,C03,Central,Same Day,10,1,2,2024-01-28,21.44
O00303,2025-09-16,PR0110,W09,C02,South,Standard,1,6,7,2025-09-23,18.79
O00304,2025-10-12,PR0042,W08,C05,West,Same Day,13,1,1,2025-10-13,23.15
O00305,2025-10-26,PR0270,W08,C04,West,Standard,8,6,6,2025-11-01,30.97
O00306,2024-05-23,PR0133,W02,C04,North,Standard,14,6,6,2024-05-29,3.0
O00307,2024-11-07,PR0059,W08,C02,West,Standard,10,6,5,2024-11-12,3.0
O00308,2024-04-09,PR0211,W03,C06,South,Express,11,3,1,2024-04-10,24.69
O00309,2025-02-01,PR0094,W08,C01,West,Same Day,14,1,1,2025-02-02,
O00310,2025-11-17,PR0052,W06,C05,Central,Economy,10,10,9,2025-11-26,43.85
O00311,2025-08-24,PR0165,W03,C08,South,Economy,14,10,7,2025-08-31,28.38
O00312,2025-11-01,PR0268,W02,C08,North,Economy,4,10,9,2025-11-10,34.12
O00313,2025-09-22,PR0011,W08,C07,West,Same Day,12,1,1,2025-09-23,38.64
O00314,2024-02-03,PR0180,W07,C04,East,Express,12,3,3,2024-02-06,38.14
O00315,2025-03-30,PR0083,W08,C03,West,Express,9,3,4,2025-04-03,30.56
O00316,2025-01-06,PR0193,W10,C03,North,Same Day,7,1,1,2025-01-07,34.13
O00317,2025-07-11,PR0300,W07,C06,East,Standard,12,6,4,2025-07-15,17.29
O00318,2025-02-11,PR0017,W07,C04,East,Express,11,3,1,2025-02-12,24.82
O00319,2024-05-05,PR0168,W05,C04,West,Standard,7,6,5,2024-05-10,23.72
O00320,2025-11-09,PR0264,W03,C07,South,Standard,4,6,7,2025-11-16,17.34
O00321,2024-02-21,PR0130,W04,C05,East,Express,5,3,1,2024-02-22,49.92
O00322,2024-05-08,PR0011,W01,C02,Central,Express,7,3,4,2024-05-12,38.58
O00323,2024-03-11,PR0023,W01,C05,Central,Express,12,3,5,2024-03-16,18.24
O00324,2025-08-23,PR0263,W09,C07,South,Express,1,3,2,2025-08-25,37.72
O00325,2024-12-02,PR0279,W03,C06,South,Standard,8,6,2,2024-12-04,16.81
O00326,2024-10-10,PR0238,W03,C03,South,Express,12,3,2,2024-10-12,30.06
O00327,2025-07-07,PR0115,W04,C02,East,Express,8,3,4,2025-07-11,41.24
O00328,2024-04-22,PR0061,W02,C02,North,Express,13,3,3,2024-04-25,25.91
O00329,2024-01-16,PR0049,W04,C06,East,Express,13,3,1,2024-01-17,26.89
O00330,2025-08-25,PR0215,W04,C05,East,Standard,7,6,4,2025-08-29,17.28
O00331,2024-06-27,PR0275,W07,C05,East,Standard,8,6,6,2024-07-03,23.5
O00332,2024-05-09,PR0042,W05,C04,West,Standard,9,6,9,2024-05-18,7.4
O00333,2024-03-06,PR0048,W05,C05,West,Economy,6,10,12,2024-03-18,
O00334,2025-01-05,PR0187,W01,C02,Central,Standard,10,6,8,2025-01-13,17.4
O00335,2025-04-07,PR0232,W06,C03,Central,Express,3,3,4,2025-04-11,23.52
O00336,2025-09-21,PR0245,W10,C04,North,Same Day,10,1,1,2025-09-22,22.8
O00337,2025-04-14,PR0211,W10,C03,North,Standard,10,6,5,2025-04-19,11.01
O00338,2025-05-05,PR0115,W08,C07,West,Economy,4,10,5,2025-05-10,24.28
O00339,2025-12-03,PR0286,W02,C06,North,Economy,8,10,13,2025-12-16,27.1
O00340,2025-12-30,PR0227,W05,C04,West,Standard,6,6,5,2026-01-04,45.14
O00341,2024-03-23,PR0166,W04,C08,East,Express,8,3,1,2024-03-24,35.28
O00342,2024-03-08,PR0126,W03,C02,South,Same Day,4,1,1,2024-03-09,32.97
O00343,2025-10-01,PR0108,W06,C03,Central,Same Day,9,1,2,2025-10-03,20.85
O00344,2025-01-25,PR0293,W06,C03,Central,Same Day,3,1,1,2025-01-26,24.53
O00345,2025-04-09,PR0209,W01,C05,Central,Economy,7,10,9,2025-04-18,35.68
O00346,2024-04-11,PR0137,W02,C02,North,Express,8,3,3,2024-04-14,33.33
O00347,2025-03-16,PR0146,W08,C03,West,Express,3,3,2,2025-03-18,17.07
O00348,2025-02-27,PR0284,W07,C01,East,Economy,9,10,3,2025-03-02,29.05
O00349,2025-02-12,PR0031,W05,C03,West,Standard,6,6,6,2025-02-18,3.0
O00350,2024-11-16,PR0207,W08,C05,West,Same Day,9,1,1,2024-11-17,35.71
O00351,2025-11-12,PR0177,W04,C07,East,Same Day,2,1,1,2025-11-13,22.09
O00352,2024-06-05,PR0270,W08,C03,West,Standard,3,6,5,2024-06-10,25.78
O00353,2024-04-03,PR0143,W10,C03,North,Standard,12,6,6,2024-04-09,4.12
O00354,2025-03-18,PR0086,W10,C07,North,Same Day,2,1,1,2025-03-19,31.21
O00355,2024-05-13,PR0158,W01,C08,Central,Standard,9,6,5,2024-05-18,30.38
O00356,2025-08-23,PR0128,W06,C07,Central,Same Day,4,1,1,2025-08-24,30.09
O00357,2025-11-17,PR0163,W02,C01,North,Economy,8,10,8,2025-11-25,29.1
O00358,2024-12-28,PR0300,W08,C01,West,Standard,5,6,4,2025-01-01,13.44
O00359,2024-10-21,PR0179,W06,C02,Central,Same Day,8,1,1,2024-10-22,26.07
O00360,2024-12-26,PR0300,W02,C08,North,Express,14,3,4,2024-12-30,20.05
O00361,2024-06-07,PR0073,W05,C07,West,Express,9,3,1,2024-06-08,23.29
O00362,2024-04-20,PR0220,W07,C03,East,Same Day,14,1,1,2024-04-21,30.02
O00363,2024-04-27,PR0005,W04,C03,East,Express,4,3,2,2024-04-29,26.36
O00364,2025-03-15,PR0054,W01,C04,Central,Standard,8,6,2,2025-03-17,22.98
O00365,2025-09-15,PR0180,W07,C04,East,Standard,6,6,9,2025-09-24,14.36
O00366,2024-07-03,PR0097,W04,C01,East,Same Day,3,1,1,2024-07-04,37.35
O00367,2024-12-13,PR0236,W07,C08,East,Standard,1,6,6,2024-12-19,9.12
O00368,2024-07-04,PR0048,W09,C06,South,Economy,3,10,11,2024-07-15,35.45
O00369,2024-03-12,PR0244,W03,C08,South,Standard,4,6,6,2024-03-18,3.0
O00370,2024-04-03,PR0190,W01,C03,Central,Express,7,3,2,2024-04-05,32.14
O00371,2025-01-20,PR0176,W08,C06,West,Economy,13,10,11,2025-01-31,30.01
O00372,2024-12-15,PR0151,W09,C08,South,Same Day,12,1,2,2024-12-17,26.14
O00373,2024-11-15,PR0201,W07,C08,East,Standard,7,6,7,2024-11-22,23.69
O00374,2024-02-23,PR0146,W03,C01,South,Express,7,3,4,2024-02-27,14.74
O00375,2025-09-24,PR0229,W10,C03,North,Standard,7,6,8,2025-10-02,16.06
O00376,2024-10-05,PR0257,W05,C01,West,Economy,6,10,4,2024-10-09,25.67
O00377,2025-05-12,PR0291,W01,C03,Central,Economy,12,10,14,2025-05-26,36.55
O00378,2025-02-28,PR0065,W04,C07,East,Express,10,3,1,2025-03-01,33.75
O00379,2025-06-08,PR0018,W02,C02,North,Same Day,8,1,2,2025-06-10,28.84
O00380,2025-03-16,PR0254,W02,C04,North,Same Day,6,1,1,2025-03-17,34.31
O00381,2025-11-25,PR0245,W06,C04,Central,Economy,8,10,11,2025-12-06,30.47
O00382,2025-06-23,PR0009,W07,C06,East,Standard,11,6,5,2025-06-28,6.99
O00383,2024-08-13,PR0076,W05,C05,West,Standard,3,6,6,2024-08-19,7.71
O00384,2024-01-08,PR0108,W03,C04,South,Same Day,12,1,1,2024-01-09,35.7
O00385,2024-08-04,PR0105,W03,C07,South,Same Day,3,1,1,2024-08-05,45.54
O00386,2024-10-23,PR0220,W04,C05,East,Standard,4,6,7,2024-10-30,19.53
O00387,2024-01-08,PR0236,W08,C01,West,Economy,11,10,4,2024-01-12,50.22
O00388,2024-06-28,PR0003,W03,C03,,Economy,7,10,7,2024-07-05,33.9
O00389,2025-06-29,PR0130,W03,C01,South,Same Day,9,1,1,2025-06-30,46.04
O00390,2024-03-14,PR0109,W05,C05,West,Standard,4,6,8,2024-03-22,16.41
O00391,2025-03-22,PR0136,W02,C01,,Economy,5,10,11,2025-04-02,24.65
O00392,2024-03-20,PR0074,W07,C02,East,Economy,2,10,9,2024-03-29,13.74
O00393,2025-08-10,PR0067,W05,C03,West,Economy,6,10,8,2025-08-18,43.62
O00394,2024-10-23,PR0034,W02,C04,North,Economy,12,10,9,2024-11-01,61.82
O00395,2024-01-22,PR0145,W04,C06,East,Express,9,3,2,2024-01-24,44.57
O00396,2025-09-24,PR0214,W08,C03,West,Same Day,9,1,2,2025-09-26,35.63
O00397,2024-03-31,PR0042,W08,C02,West,Standard,8,6,2,2024-04-02,14.77
O00398,2024-09-06,PR0251,W08,C04,West,Economy,14,10,10,2024-09-16,39.59
O00399,2025-06-20,PR0170,W10,C07,North,Economy,3,10,15,2025-07-05,33.67
O00400,2024-11-13,PR0060,W07,C04,East,Express,5,3,6,2024-11-19,22.43
O00401,2024-12-07,PR0227,W09,C07,South,Standard,10,6,2,2024-12-09,15.01
O00402,2025-06-06,PR0259,W10,C02,North,Express,10,3,3,2025-06-09,40.55
O00403,2024-12-23,PR0059,W07,C03,East,Express,1,3,5,2024-12-28,31.29
O00404,2024-08-29,PR0292,W02,C07,North,Express,11,3,4,2024-09-02,38.98
O00405,2024-09-19,PR0090,W09,C02,South,Express,3,3,2,2024-09-21,31.54
O00406,2025-09-08,PR0300,W09,C06,South,Standard,7,6,2,2025-09-10,11.13
O00407,2024-06-30,PR0112,W05,C06,West,Economy,4,10,12,2024-07-12,42.28
O00408,2025-07-31,PR0189,W01,C03,Central,Economy,13,10,10,2025-08-10,27.23
O00409,2025-11-28,PR0267,W01,C08,Central,Same Day,11,1,1,2025-11-29,32.97
O00410,2025-10-04,PR0209,W04,C05,East,Express,1,3,4,2025-10-08,35.81
O00411,2025-03-26,PR0040,W10,C04,North,Economy,3,10,5,2025-03-31,22.38
O00412,2025-03-28,PR0110,W04,C03,East,Same Day,9,1,1,2025-03-29,22.34
O00413,2025-08-28,PR0182,W10,C04,North,Same Day,6,1,1,2025-08-29,21.17
O00414,2025-06-03,PR0191,W10,C05,North,Same Day,3,1,1,2025-06-04,
O00415,2025-04-17,PR0150,W08,C05,West,Standard,10,6,6,2025-04-23,4.38
O00416,2024-02-28,PR0262,W07,C07,East,Same Day,13,1,1,2024-02-29,45.45
O00417,2024-03-19,PR0167,W10,C05,North,Economy,4,10,9,2024-03-28,46.65
O00418,2025-04-18,PR0188,W06,C08,Central,Standard,14,6,6,2025-04-24,3.0
O00419,2025-04-05,PR0123,W01,C08,Central,Express,1,3,1,2025-04-06,32.29
O00420,2024-11-25,PR0190,W01,C07,Central,Economy,4,10,8,2024-12-03,33.13
O00421,2025-05-28,PR0031,W03,C02,South,Standard,14,6,4,2025-06-01,16.97
O00422,2025-04-06,PR0244,W10,C06,North,Same Day,6,1,1,2025-04-07,8.25
O00423,2024-03-27,PR0060,W06,C02,Central,Express,2,3,6,2024-04-02,32.97
O00424,2024-02-10,PR0224,W03,C06,South,Economy,7,10,6,2024-02-16,32.49
O00425,2025-03-25,PR0069,W06,C05,Central,Express,3,3,5,2025-03-30,31.84
O00426,2025-01-07,PR0220,W07,C07,East,Same Day,10,1,1,2025-01-08,50.82
O00427,2025-01-31,PR0078,W08,C04,West,Same Day,6,1,1,2025-02-01,35.05
O00428,2025-11-26,PR0256,W06,C02,Central,Standard,1,6,5,2025-12-01,22.61
O00429,2025-10-08,PR0055,W04,C06,East,Standard,6,6,7,2025-10-15,24.4
O00430,2024-12-03,PR0290,W02,C02,North,Economy,6,10,10,2024-12-13,21.65
O00431,2024-10-17,PR0169,W04,C08,East,standard,1,3,3,2024-10-20,26.0
O00432,2024-12-07,PR0029,W10,C07,North,Express,6,3,1,2024-12-08,27.75
O00433,2024-12-24,PR0207,W07,C03,East,Economy,9,10,9,2025-01-02,20.26
O00434,2024-05-12,PR0005,W06,C05,Central,Standard,6,6,7,2024-05-19,3.0
O00435,2024-11-13,PR0178,W01,C05,Central,Economy,7,10,10,2024-11-23,31.28
O00436,2025-10-20,PR0020,W04,C08,East,Express,1,3,3,2025-10-23,19.32
O00437,2025-11-17,PR0166,W06,C08,Central,Standard,11,6,5,2025-11-22,3.0
O00438,2025-10-23,PR0173,W05,C02,West,Same Day,2,1,1,2025-10-24,27.72
O00439,2024-01-19,PR0063,W04,C04,East,Same Day,4,1,1,2024-01-20,11.82
O00440,2024-07-03,PR0231,W09,C06,South,Same Day,14,1,1,2024-07-04,48.7
O00441,2025-05-12,PR0157,W09,C03,South,Express,8,3,3,2025-05-15,26.31
O00442,2024-05-20,PR0013,W09,C03,South,Standard,4,6,5,2024-05-25,25.89
O00443,2024-10-29,PR0152,W10,C06,North,Standard,13,6,5,2024-11-03,38.35
O00444,2025-11-08,PR0016,W04,C06,East,Express,13,3,1,2025-11-09,32.17
O00445,2025-09-03,PR0263,W08,C03,West,Express,1,3,1,2025-09-04,42.68
O00446,2024-06-15,PR0274,W09,C02,South,Express,6,3,5,2024-06-20,12.56
O00447,2025-03-24,PR0267,W02,C04,North,Economy,10,10,6,2025-03-30,45.07
O00448,2025-01-08,PR0217,W09,C05,South,Economy,6,10,12,2025-01-20,36.23
O00449,2025-09-17,PR0101,W04,C03,East,Economy,14,10,15,2025-10-02,38.28
O00450,2024-08-27,PR0052,W01,C04,Central,Express,5,3,3,2024-08-30,27.42
O00451,2024-11-12,PR0084,W08,C02,West,Express,12,3,1,2024-11-13,40.86
O00452,2025-01-11,PR0082,W01,C02,Central,Economy,10,10,7,2025-01-18,37.72
O00453,2025-04-17,PR0064,W07,C06,East,Economy,9,10,11,2025-04-28,51.4
O00454,2025-05-29,PR0083,W01,C02,Central,Economy,2,10,10,2025-06-08,36.32
O00455,2024-06-14,PR0137,W09,C04,South,Express,4,3,1,2024-06-15,18.67
O00456,2024-09-13,PR0234,W10,C05,North,Economy,7,10,15,2024-09-28,18.94
O00457,2025-01-15,PR0052,W06,C05,Central,Standard,8,6,2,2025-01-17,22.93
O00458,2025-12-29,PR0291,W01,C04,Central,Standard,7,6,9,2026-01-07,28.11
O00459,2024-10-18,PR0146,W10,C03,North,Express,7,3,1,2024-10-19,29.54
O00460,2024-10-06,PR0119,W08,C07,West,Express,12,3,2,2024-10-08,33.98
O00461,2025-03-23,PR0297,W10,C02,,Express,2,3,1,2025-03-24,40.4
O00462,2025-04-06,PR0103,W07,C08,East,Standard,7,6,4,2025-04-10,8.63
O00463,2025-02-28,PR0067,W02,C08,North,Economy,2,10,15,2025-03-15,25.12
O00464,2025-05-29,PR0188,W04,C07,East,Express,7,3,1,2025-05-30,34.0
O00465,2025-01-30,PR0202,W02,C08,North,Same Day,1,1,1,2025-01-31,29.94
O00466,2024-08-17,PR0268,W10,C06,North,Same Day,10,1,1,2024-08-18,34.07
O00467,2024-04-11,PR0035,W07,C02,East,Express,11,3,2,2024-04-13,34.86
O00468,2024-05-20,PR0183,W02,C07,North,Same Day,12,1,1,2024-05-21,24.9
O00469,2025-04-28,PR0289,W09,C08,South,Economy,4,10,4,2025-05-02,30.52
O00470,2025-04-04,PR0136,W06,C07,Central,Standard,14,6,7,2025-04-11,32.94
O00471,2024-03-22,PR0055,W10,C05,North,Same Day,7,1,2,2024-03-24,31.11
O00472,2024-08-08,PR0141,W03,C03,South,Economy,12,10,10,2024-08-18,41.56
O00473,2024-04-23,PR0229,W04,C05,East,Express,3,3,6,2024-04-29,23.71
O00474,2024-11-04,PR0171,W10,C01,North,Standard,3,6,5,2024-11-09,6.59
O00475,2024-09-01,PR0035,W08,C08,West,Economy,14,10,11,2024-09-12,47.93
O00476,2024-03-05,PR0092,W02,C05,North,Economy,11,10,5,2024-03-10,46.35
O00477,2025-09-03,PR0186,W06,C08,Central,Standard,7,6,7,2025-09-10,7.75
O00478,2025-10-09,PR0226,W06,C01,,Express,12,3,7,2025-10-16,25.84
O00479,2024-05-27,PR0020,W04,C07,East,standard,7,10,8,2024-06-04,16.82
O00480,2024-01-02,PR0034,W01,C04,Central,Same Day,11,1,1,2024-01-03,20.49
O00481,2024-09-03,PR0093,W01,C01,Central,Economy,10,10,12,2024-09-15,40.32
O00482,2024-07-10,PR0220,W10,C07,North,Same Day,5,1,1,2024-07-11,17.08
O00483,2024-03-10,PR0215,W06,C07,Central,Standard,12,6,5,2024-03-15,20.58
O00484,2025-02-03,PR0227,W08,C02,West,Standard,1,6,7,2025-02-10,3.0
O00485,2025-10-12,PR0267,W08,C04,West,Same Day,12,1,1,2025-10-13,33.14
O00486,2024-09-16,PR0106,W02,C02,North,Same Day,5,1,1,2024-09-17,45.59
O00487,2024-03-10,PR0107,W04,C07,East,Express,1,3,4,2024-03-14,38.81
O00488,2025-11-03,PR0211,W10,C04,North,Same Day,2,1,2,2025-11-05,43.34
O00489,2024-05-16,PR0258,W10,C01,North,Same Day,7,1,1,2024-05-17,31.62
O00490,2025-07-13,PR0274,W04,C05,East,Express,5,3,2,2025-07-15,24.95
O00491,2025-12-02,PR0029,W08,C06,West,Economy,12,10,12,2025-12-14,29.28
O00492,2025-10-08,PR0126,W09,C08,South,Express,8,3,3,2025-10-11,27.06
O00493,2024-03-05,PR0177,W08,C05,West,Standard,13,6,5,2024-03-10,11.39
O00494,2024-10-27,PR0250,W09,C03,,Standard,1,6,7,2024-11-03,8.12
O00495,2024-07-23,PR0290,W10,C01,North,Same Day,7,1,1,2024-07-24,22.13
O00496,2024-11-13,PR0225,W06,C02,Central,Economy,6,10,3,2024-11-16,15.92
O00497,2025-07-10,PR0253,W08,C08,West,Same Day,8,1,1,2025-07-11,34.77
O00498,2024-02-07,PR0055,W03,C05,South,Same Day,1,1,1,2024-02-08,22.64
O00499,2024-12-31,PR0201,W10,C03,North,Same Day,14,1,2,2025-01-02,27.97
O00500,2024-10-06,PR0113,W10,C01,North,Same Day,3,1,1,2024-10-07,35.36
O00501,2025-03-23,PR0021,W05,C04,West,Economy,10,10,7,2025-03-30,39.2
O00502,2025-01-30,PR0184,W07,C02,East,Express,5,3,2,2025-02-01,34.62
O00503,2025-05-23,PR0089,W05,C01,West,Same Day,10,1,1,2025-05-24,13.86
O00504,2025-06-15,PR0266,W07,C02,East,Standard,13,6,10,2025-06-25,24.47
O00505,2025-03-10,PR0175,W10,C01,North,Economy,8,10,9,2025-03-19,27.53
O00506,2025-09-08,PR0004,W09,C03,South,Same Day,8,1,1,2025-09-09,32.76
O00507,2024-11-24,PR0254,W10,C04,North,Standard,14,6,4,2024-11-28,25.18
O00508,2024-12-01,PR0004,W04,C02,East,Same Day,5,1,1,2024-12-02,29.41
O00509,2025-04-01,PR0259,W06,C06,Central,Economy,10,10,4,2025-04-05,22.45
O00510,2024-06-19,PR0015,W05,C02,West,Same Day,8,1,1,2024-06-20,30.45
O00511,2025-04-02,PR0150,W10,C07,North,Same Day,10,1,1,2025-04-03,20.58
O00512,2025-09-21,PR0046,W08,C04,West,Same Day,8,1,2,2025-09-23,25.16
O00513,2025-10-16,PR0030,W10,C02,North,Standard,6,6,8,2025-10-24,3.0
O00514,2025-11-18,PR0197,W05,C06,West,Same Day,10,1,1,2025-11-19,20.95
O00515,2025-06-09,PR0186,W03,C02,,Standard,8,6,4,2025-06-13,3.0
O00516,2024-05-26,PR0212,W06,C06,Central,Economy,10,10,14,2024-06-09,35.72
O00517,2024-02-05,PR0100,W09,C01,South,standard,11,6,8,2024-02-13,19.54
O00518,2024-08-29,PR0234,W04,C03,East,Same Day,8,1,1,2024-08-30,23.92
O00519,2025-01-27,PR0248,W01,C02,Central,Standard,12,6,5,2025-02-01,23.25
O00520,2025-09-11,PR0283,W09,C01,South,Economy,12,10,11,2025-09-22,17.65
O00521,2025-01-14,PR0265,W04,C07,East,Economy,8,10,11,2025-01-25,30.86
O00522,2024-03-19,PR0182,W06,C01,Central,Express,5,3,4,2024-03-23,37.67
O00523,2025-06-26,PR0075,W04,C02,East,Economy,13,10,10,2025-07-06,41.4
O00524,2024-11-17,PR0077,W04,C05,East,Express,10,3,4,2024-11-21,27.98
O00525,2024-04-26,PR0226,W02,C03,North,Express,6,3,2,2024-04-28,24.15
O00526,2025-05-26,PR0246,W01,C04,Central,Economy,10,10,12,2025-06-07,29.43
O00527,2025-07-29,PR0217,W02,C05,North,Same Day,2,1,1,2025-07-30,27.8
O00528,2024-09-23,PR0031,W05,C02,West,Express,4,3,3,2024-09-26,45.88
O00529,2025-09-18,PR0208,W07,C06,East,Economy,11,10,10,2025-09-28,19.31
O00530,2024-07-23,PR0126,W02,C03,North,Express,3,3,4,2024-07-27,54.15
O00531,2024-03-16,PR0039,W05,C07,West,Express,12,3,3,2024-03-19,30.11
O00532,2025-12-31,PR0091,W05,C01,West,Standard,11,6,10,2026-01-10,17.57
O00533,2025-11-29,PR0165,W07,C05,East,Same Day,4,1,1,2025-11-30,5.74
O00534,2025-12-27,PR0205,W10,C02,North,Same Day,10,1,1,2025-12-28,19.8
O00535,2024-11-03,PR0216,W03,C08,South,Express,5,3,1,2024-11-04,40.93
O00536,2025-01-05,PR0036,W06,C07,Central,Express,12,3,1,2025-01-06,34.09
O00537,2024-05-04,PR0218,W09,C04,South,Express,8,3,3,2024-05-07,26.76
O00538,2024-08-30,PR0201,W05,C01,West,Standard,8,6,7,2024-09-06,
O00539,2025-01-04,PR0031,W06,C04,Central,Same Day,2,1,1,2025-01-05,30.46
O00540,2025-04-23,PR0024,W06,C06,Central,Express,12,3,2,2025-04-25,31.04
O00541,2025-09-18,PR0078,W02,C08,North,Standard,11,6,3,2025-09-21,22.59
O00542,2024-11-12,PR0247,W08,C07,West,Economy,11,10,7,2024-11-19,25.79
O00543,2025-06-22,PR0242,W05,C02,West,Economy,14,10,6,2025-06-28,36.48
O00544,2025-08-11,PR0167,W10,C05,North,Express,11,3,2,2025-08-13,32.05
O00545,2024-11-20,PR0113,W02,C03,North,Economy,12,10,15,2024-12-05,
O00546,2025-04-22,PR0090,W06,C04,Central,Same Day,4,1,1,2025-04-23,28.02
O00547,2024-05-11,PR0023,W01,C05,Central,Express,12,3,3,2024-05-14,42.54
O00548,2024-05-12,PR0143,W08,C01,West,Standard,5,6,2,2024-05-14,27.6
O00549,2024-05-07,PR0279,W01,C01,Central,Express,2,3,4,2024-05-11,
O00550,2024-11-07,PR0239,W03,C03,South,Express,3,3,4,2024-11-11,25.65
O00551,2024-11-26,PR0044,W03,C06,South,Same Day,11,1,1,2024-11-27,19.95
O00552,2025-06-15,PR0024,W04,C04,East,Standard,3,6,3,2025-06-18,3.0
O00553,2024-09-13,PR0066,W09,C04,,Same Day,10,1,1,2024-09-14,32.8
O00554,2024-05-08,PR0246,W04,C01,East,Standard,8,6,5,2024-05-13,8.89
O00555,2025-05-29,PR0082,W03,C04,South,Express,2,3,3,2025-06-01,43.6
O00556,2024-06-24,PR0048,W01,C01,Central,Same Day,2,1,1,2024-06-25,25.91
O00557,2025-07-31,PR0093,W02,C08,North,Standard,6,6,8,2025-08-08,21.97
O00558,2024-03-24,PR0105,W02,C02,North,Same Day,1,1,1,2024-03-25,27.67
O00559,2025-10-28,PR0195,W03,C05,South,Economy,11,10,15,2025-11-12,20.62
O00560,2025-09-24,PR0150,W10,C03,North,Economy,4,10,4,2025-09-28,25.92
O00561,2025-10-04,PR0243,W01,C05,Central,Same Day,11,1,1,2025-10-05,24.33
O00562,2025-10-19,PR0276,W07,C03,East,Economy,6,10,8,2025-10-27,19.33
O00563,2024-09-07,PR0202,W08,C08,West,Same Day,9,1,1,2024-09-08,26.4
O00564,2025-04-09,PR0073,W10,C03,North,Standard,5,6,8,2025-04-17,15.65
O00565,2024-06-10,PR0085,W05,C02,West,Economy,10,10,10,2024-06-20,19.46
O00566,2025-05-10,PR0152,W08,C03,West,Express,1,3,4,2025-05-14,25.5
O00567,2024-12-14,PR0257,W06,C08,Central,Express,5,3,3,2024-12-17,30.1
O00568,2024-11-16,PR0107,W04,C04,East,Same Day,1,1,1,2024-11-17,29.4
O00569,2025-02-12,PR0043,W09,C06,South,Same Day,5,1,1,2025-02-13,16.99
O00570,2025-06-11,PR0250,W01,C06,Central,Standard,3,6,5,2025-06-16,14.72
O00571,2024-11-22,PR0183,W09,C04,South,Economy,10,10,8,2024-11-30,28.64
O00572,2024-05-05,PR0085,W04,C05,East,Economy,4,10,10,2024-05-15,33.76
O00573,2024-09-10,PR0188,W03,C03,South,Standard,9,6,5,2024-09-15,4.22
O00574,2024-02-21,PR0017,W07,C02,East,Economy,1,10,6,2024-02-27,27.17
O00575,2025-09-22,PR0210,W05,C03,West,Express,10,3,4,2025-09-26,30.97
O00576,2024-06-12,PR0071,W07,C07,East,Same Day,13,1,1,2024-06-13,29.05
O00577,2024-07-13,PR0020,W03,C01,South,Economy,12,10,9,2024-07-22,26.43
O00578,2025-06-11,PR0188,W08,C07,West,Economy,8,10,9,2025-06-20,18.93
O00579,2024-11-11,PR0287,W08,C03,West,Standard,8,6,5,2024-11-16,21.54
O00580,2024-04-02,PR0031,W05,C05,West,Economy,9,10,5,2024-04-07,18.73
O00581,2024-09-03,PR0015,W09,C02,South,Same Day,3,1,1,2024-09-04,28.57
O00582,2024-02-19,PR0092,W10,C01,North,Same Day,5,1,1,2024-02-20,44.03
O00583,2025-05-21,PR0027,W01,C04,Central,Economy,6,10,7,2025-05-28,29.61
O00584,2024-10-19,PR0103,W01,C04,Central,Standard,6,6,6,2024-10-25,19.39
O00585,2024-04-20,PR0025,W05,C06,West,Express,8,3,1,2024-04-21,28.48
O00586,2024-09-27,PR0145,W07,C03,East,Economy,8,10,4,2024-10-01,18.65
O00587,2025-01-09,PR0214,W10,C01,North,Economy,6,10,14,2025-01-23,33.89
O00588,2024-02-22,PR0134,W06,C07,Central,Express,2,3,1,2024-02-23,23.96
O00589,2025-01-06,PR0089,W06,C04,Central,Same Day,7,1,1,2025-01-07,32.98
O00590,2024-03-16,PR0283,W05,C07,West,Economy,3,10,10,2024-03-26,19.85
O00591,2025-07-17,PR0051,W07,C03,East,Standard,8,6,3,2025-07-20,13.04
O00592,2024-05-11,PR0031,W02,C07,North,Economy,8,10,5,2024-05-16,
O00593,2025-01-17,PR0064,W04,C04,East,Same Day,6,1,1,2025-01-18,11.17
O00594,2024-05-27,PR0033,W03,C08,South,Economy,6,10,12,2024-06-08,42.74
O00595,2025-05-27,PR0214,W02,C08,North,Standard,14,6,10,2025-06-06,24.8
O00596,2024-02-09,PR0215,W03,C03,South,Same Day,9,1,1,2024-02-10,46.49
O00597,2025-04-30,PR0263,W06,C04,Central,Economy,7,10,12,2025-05-12,37.31
O00598,2024-06-01,PR0055,W06,C06,Central,Express,9,3,2,2024-06-03,18.62
O00599,2024-12-01,PR0123,W06,C03,Central,Same Day,1,1,1,2024-12-02,27.89
O00600,2024-06-15,PR0255,W08,C04,West,Same Day,6,1,1,2024-06-16,42.07
O00601,2025-08-30,PR0134,W04,C07,East,Economy,2,10,9,2025-09-08,18.79
O00602,2025-12-26,PR0064,W06,C08,Central,Same Day,13,1,1,2025-12-27,24.41
O00603,2025-05-01,PR0226,W02,C01,North,Same Day,14,1,1,2025-05-02,23.66
O00604,2024-12-05,PR0029,W02,C01,North,Economy,9,10,9,2024-12-14,25.83
O00605,2025-08-20,PR0111,W07,C02,East,Standard,1,6,3,2025-08-23,6.07
O00606,2025-09-03,PR0167,W05,C01,West,Same Day,1,1,1,2025-09-04,26.13
O00607,2025-11-02,PR0293,W06,C08,Central,Express,10,3,2,2025-11-04,33.53
O00608,2024-02-22,PR0205,W06,C01,Central,Economy,14,10,5,2024-02-27,25.3
O00609,2024-06-23,PR0218,W01,C07,Central,Economy,13,10,3,2024-06-26,29.24
O00610,2024-05-31,PR0107,W03,C07,South,Standard,14,6,7,2024-06-07,31.82
O00611,2025-08-09,PR0064,W02,C03,North,Express,7,3,2,2025-08-11,31.7
O00612,2024-01-20,PR0291,W05,C04,West,Same Day,14,1,1,2024-01-21,39.18
O00613,2025-03-04,PR0022,W03,C04,South,Economy,5,10,3,2025-03-07,31.1
O00614,2025-12-08,PR0172,W03,C06,South,Economy,11,10,6,2025-12-14,31.55
O00615,2025-05-28,PR0253,W01,C05,Central,Economy,14,10,8,2025-06-05,15.56
O00616,2024-03-04,PR0266,W09,C03,South,Express,3,3,7,2024-03-11,44.08
O00617,2025-07-28,PR0288,W04,C02,East,Economy,1,10,8,2025-08-05,27.07
O00618,2025-06-22,PR0059,W08,C01,West,Same Day,7,1,1,2025-06-23,37.38
O00619,2024-06-26,PR0096,W08,C02,West,Same Day,14,1,1,2024-06-27,37.36
O00620,2025-07-13,PR0202,W04,C08,East,Same Day,5,1,1,2025-07-14,
O00621,2025-09-16,PR0193,W08,C05,West,Express,11,3,3,2025-09-19,17.92
O00622,2024-09-09,PR0027,W07,C07,East,Same Day,6,1,1,2024-09-10,31.13
O00623,2024-08-18,PR0219,W04,C07,East,Same Day,6,1,1,2024-08-19,18.37
O00624,2025-12-22,PR0226,W03,C08,South,Economy,7,10,10,2026-01-01,42.87
O00625,2024-11-20,PR0170,W05,C08,West,Same Day,12,1,1,2024-11-21,46.34
O00626,2025-07-27,PR0011,W07,C02,East,Same Day,13,1,1,2025-07-28,29.22
O00627,2024-05-04,PR0028,W06,C03,Central,Economy,9,10,7,2024-05-11,41.69
O00628,2025-02-08,PR0187,W07,C07,East,Express,4,3,1,2025-02-09,29.55
O00629,2024-10-24,PR0256,W02,C07,North,Same Day,5,1,1,2024-10-25,34.07
O00630,2024-03-21,PR0258,W04,C01,East,Economy,2,10,9,2024-03-30,39.51
O00631,2025-11-02,PR0187,W04,C01,East,Economy,5,10,10,2025-11-12,38.84
O00632,2024-08-07,PR0011,W09,C02,South,Same Day,6,1,1,2024-08-08,30.6
O00633,2025-07-29,PR0256,W07,C06,East,Express,4,3,3,2025-08-01,34.26
O00634,2024-04-21,PR0168,W06,C06,Central,Express,14,3,2,2024-04-23,41.11
O00635,2024-09-05,PR0229,W10,C04,North,Express,10,3,4,2024-09-09,
O00636,2025-10-15,PR0208,W09,C05,South,Standard,13,6,4,2025-10-19,17.82
O00637,2024-04-12,PR0126,W05,C05,West,Same Day,1,1,1,2024-04-13,33.53
O00638,2025-04-28,PR0201,W10,C02,North,Express,5,3,3,2025-05-01,18.28
O00639,2024-01-06,PR0106,W06,C03,Central,Express,2,3,3,2024-01-09,32.6
O00640,2025-02-20,PR0170,W05,C05,West,Economy,4,10,11,2025-03-03,47.73
O00641,2025-10-28,PR0149,W09,C08,South,Same Day,3,1,1,2025-10-29,34.4
O00642,2024-11-24,PR0248,W07,C01,East,Standard,8,6,5,2024-11-29,9.06
O00643,2024-04-01,PR0035,W01,C08,Central,Express,11,3,1,2024-04-02,30.3
O00644,2025-07-01,PR0215,W10,C08,North,Express,4,3,4,2025-07-05,15.91
O00645,2025-03-03,PR0187,W03,C01,South,Standard,6,6,9,2025-03-12,24.36
O00646,2025-02-10,PR0017,W05,C04,West,Express,13,3,5,2025-02-15,41.63
O00647,2024-10-23,PR0076,W02,C02,North,Standard,13,6,7,2024-10-30,22.12
O00648,2024-11-01,PR0215,W01,C08,Central,Standard,10,6,9,2024-11-10,11.85
O00649,2024-12-09,PR0286,W07,C04,East,Economy,2,10,9,2024-12-18,27.21
O00650,2025-10-18,PR0171,W06,C01,Central,Economy,14,10,4,2025-10-22,22.62
O00651,2024-05-17,PR0192,W01,C06,Central,Economy,11,10,11,2024-05-28,32.83
O00652,2024-10-06,PR0102,W03,C02,South,Standard,6,6,8,2024-10-14,17.96
O00653,2024-12-04,PR0153,W03,C06,South,Economy,12,10,11,2024-12-15,23.81
O00654,2025-10-25,PR0274,W07,C01,East,Express,13,3,1,2025-10-26,39.0
O00655,2024-01-15,PR0146,W07,C02,East,Same Day,14,1,1,2024-01-16,41.31
O00656,2025-08-04,PR0128,W09,C04,South,Express,1,3,2,2025-08-06,19.28
O00657,2025-09-17,PR0094,W05,C05,West,Economy,13,10,9,2025-09-26,21.03
O00658,2025-06-11,PR0217,W07,C06,East,Standard,8,6,4,2025-06-15,35.0
O00659,2025-02-14,PR0056,W02,C05,North,Express,12,3,2,2025-02-16,39.5
O00660,2024-05-23,PR0029,W08,C06,West,Same Day,13,1,1,2024-05-24,26.01
O00661,2024-09-11,PR0041,W10,C01,North,Same Day,11,1,1,2024-09-12,17.23
O00662,2025-01-27,PR0144,W03,C02,South,Economy,3,10,6,2025-02-02,21.57
O00663,2024-09-30,PR0060,W07,C02,East,Same Day,2,1,1,2024-10-01,33.71
O00664,2025-08-19,PR0273,W01,C03,Central,Standard,14,6,6,2025-08-25,11.37
O00665,2024-09-24,PR0290,W04,C03,East,Express,14,3,5,2024-09-29,24.38
O00666,2024-03-04,PR0099,W02,C07,North,Economy,8,10,6,2024-03-10,28.02
O00667,2024-11-10,PR0283,W09,C06,South,Economy,14,10,10,2024-11-20,38.82
O00668,2025-12-03,PR0144,W01,C04,Central,Same Day,12,1,2,2025-12-05,35.67
O00669,2025-12-07,PR0199,W02,C07,North,Same Day,9,1,2,2025-12-09,44.19
O00670,2025-01-11,PR0090,W06,C05,Central,Express,7,3,3,2025-01-14,17.04
O00671,2024-08-12,PR0013,W03,C07,South,Economy,12,10,9,2024-08-21,42.73
O00672,2024-06-05,PR0013,W08,C05,West,Same Day,11,1,2,2024-06-07,39.79
O00673,2025-03-01,PR0217,W06,C06,Central,Economy,1,10,8,2025-03-09,8.41
O00674,2025-07-04,PR0142,W09,C04,South,Express,13,3,4,2025-07-08,18.64
O00675,2025-11-27,PR0293,W06,C07,Central,Standard,9,6,3,2025-11-30,19.28
O00676,2025-06-22,PR0202,W08,C07,West,Same Day,11,1,1,2025-06-23,29.34
O00677,2024-03-20,PR0185,W06,C08,Central,Standard,9,6,3,2024-03-23,15.76
O00678,2024-03-04,PR0052,W01,C01,Central,Express,3,3,3,2024-03-07,18.25
O00679,2025-08-09,PR0252,W06,C07,Central,Express,11,3,2,2025-08-11,14.65
O00680,2024-06-17,PR0173,W04,C07,East,Economy,6,10,10,2024-06-27,19.39
O00681,2024-04-29,PR0294,W03,C02,South,Economy,11,10,8,2024-05-07,29.71
O00682,2024-04-03,PR0001,W01,C06,Central,Economy,2,10,12,2024-04-15,20.36
O00683,2024-02-26,PR0064,W05,C08,West,Express,9,3,5,2024-03-02,32.46
O00684,2025-06-09,PR0185,W05,C04,West,Economy,11,10,6,2025-06-15,
O00685,2025-07-31,PR0176,W10,C07,North,Economy,1,10,4,2025-08-04,23.31
O00686,2025-11-19,PR0029,W04,C07,East,Standard,8,6,3,2025-11-22,12.31
O00687,2025-02-09,PR0269,W04,C01,East,Standard,5,6,7,2025-02-16,22.65
O00688,2024-08-11,PR0027,W01,C02,Central,Standard,6,6,11,2024-08-22,9.01
O00689,2024-02-16,PR0292,W08,C01,West,Same Day,4,1,1,2024-02-17,29.14
O00690,2025-12-18,PR0172,W02,C03,North,Standard,12,6,3,2025-12-21,24.06
O00691,2024-03-11,PR0217,W05,C03,West,Standard,3,6,8,2024-03-19,16.56
O00692,2024-10-20,PR0140,W08,C04,West,Express,10,3,3,2024-10-23,19.82
O00693,2024-05-18,PR0065,W08,C04,West,Same Day,14,1,1,2024-05-19,34.75
O00694,2025-01-26,PR0158,W08,C07,West,Economy,11,10,10,2025-02-05,36.75
O00695,2025-01-19,PR0025,W10,C02,North,standard,11,3,4,2025-01-23,38.93
O00696,2025-10-31,PR0143,W07,C04,East,Standard,10,6,3,2025-11-03,22.99
O00697,2024-07-01,PR0067,W01,C08,Central,Economy,2,10,14,2024-07-15,36.23
O00698,2025-06-25,PR0071,W09,C06,South,Express,13,3,2,2025-06-27,13.59
O00699,2024-01-04,PR0089,W02,C02,North,Same Day,7,1,1,2024-01-05,38.11
O00700,2025-04-19,PR0021,W01,C06,Central,Economy,5,10,9,2025-04-28,37.73
O00701,2025-06-28,PR0125,W05,C08,,Express,6,3,2,2025-06-30,40.79
O00702,2024-09-10,PR0056,W08,C01,West,Same Day,8,1,1,2024-09-11,39.93
O00703,2024-06-07,PR0156,W04,C02,East,Express,2,3,4,2024-06-11,43.04
O00704,2024-04-25,PR0081,W10,C03,North,Economy,10,10,4,2024-04-29,39.52
O00705,2025-09-21,PR0061,W02,C08,North,Express,10,3,4,2025-09-25,37.38
O00706,2024-07-30,PR0253,W10,C07,North,Standard,3,6,8,2024-08-07,21.12
O00707,2025-08-31,PR0064,W10,C07,North,Economy,4,10,14,2025-09-14,28.04
O00708,2025-09-04,PR0187,W10,C08,North,Express,12,3,2,2025-09-06,33.69
O00709,2024-02-15,PR0111,W05,C04,West,Economy,14,10,15,2024-03-01,34.54
O00710,2024-08-27,PR0164,W06,C02,Central,Express,14,3,4,2024-08-31,23.91
O00711,2024-02-27,PR0089,W09,C08,South,Same Day,2,1,2,2024-02-29,27.34
O00712,2024-08-27,PR0096,W06,C07,Central,Same Day,4,1,1,2024-08-28,34.89
O00713,2025-08-14,PR0088,W06,C08,Central,Same Day,12,1,1,2025-08-15,34.01
O00714,2024-08-30,PR0223,W04,C06,East,Express,7,3,1,2024-08-31,30.93
O00715,2025-11-07,PR0047,W01,C07,Central,Express,14,3,3,2025-11-10,39.91
O00716,2025-02-27,PR0079,W04,C01,East,Same Day,9,1,1,2025-02-28,39.84
O00717,2024-03-03,PR0231,W01,C06,Central,Express,7,3,2,2024-03-05,32.73
O00718,2025-10-03,PR0251,W08,C08,West,Economy,6,10,9,2025-10-12,17.33
O00719,2024-02-18,PR0044,W07,C04,East,Economy,6,10,9,2024-02-27,30.35
O00720,2025-06-21,PR0270,W04,C03,East,Economy,11,10,6,2025-06-27,46.8
O00721,2025-02-22,PR0254,W03,C06,South,Same Day,4,1,1,2025-02-23,15.54
O00722,2025-01-20,PR0209,W03,C02,South,Economy,11,10,15,2025-02-04,38.16
O00723,2024-09-03,PR0278,W03,C05,South,Same Day,11,1,1,2024-09-04,26.1
O00724,2025-12-25,PR0251,W03,C05,South,Economy,2,10,14,2026-01-08,45.71
O00725,2024-02-29,PR0058,W06,C01,Central,Economy,6,10,6,2024-03-06,26.14
O00726,2025-03-02,PR0160,W01,C02,Central,Express,10,3,3,2025-03-05,32.3
O00727,2025-02-01,PR0239,W09,C02,South,Same Day,13,1,1,2025-02-02,31.2
O00728,2024-07-27,PR0268,W07,C08,East,Standard,13,6,10,2024-08-06,19.07
O00729,2025-04-05,PR0074,W07,C02,,Standard,13,6,3,2025-04-08,17.71
O00730,2025-07-02,PR0228,W03,C01,South,Standard,14,6,3,2025-07-05,20.28
O00731,2024-10-01,PR0231,W08,C02,West,Standard,11,6,-2,2024-10-05,9.2
O00732,2024-03-15,PR0148,W03,C07,South,Express,11,3,3,2024-03-18,22.22
O00733,2025-05-05,PR0011,W03,C04,South,Same Day,11,1,1,2025-05-06,26.19
O00734,2024-11-06,PR0183,W02,C06,North,Express,6,3,3,2024-11-09,32.89
O00735,2024-07-13,PR0082,W10,C01,North,Economy,12,10,8,2024-07-21,22.1
O00736,2024-09-05,PR0077,W01,C06,Central,Express,1,3,2,2024-09-07,33.47
O00737,2025-02-10,PR0222,W03,C03,South,Same Day,9,1,1,2025-02-11,22.15
O00738,2024-10-16,PR0088,W08,C05,West,Economy,3,10,14,2024-10-30,28.58
O00739,2025-06-30,PR0125,W07,C02,East,Same Day,14,1,1,2025-07-01,21.48
O00740,2024-09-24,PR0109,W07,C04,East,Economy,6,10,7,2024-10-01,36.13
O00741,2025-04-22,PR0102,W02,C06,North,Economy,4,10,7,2025-04-29,38.06
O00742,2024-11-23,PR0145,W09,C05,South,Same Day,1,1,1,2024-11-24,23.38
O00743,2024-11-16,PR0084,W05,C04,West,Standard,9,6,8,2024-11-24,19.95
O00744,2025-07-30,PR0166,W09,C05,South,Express,8,3,2,2025-08-01,35.45
O00745,2024-01-17,PR0031,W04,C06,East,Economy,1,10,11,2024-01-28,21.92
O00746,2024-10-29,PR0143,W03,C01,South,Express,12,3,2,2024-10-31,28.56
O00747,2024-12-03,PR0084,W09,C06,South,Economy,1,10,3,2024-12-06,39.43
O00748,2025-08-06,PR0176,W09,C05,South,Economy,9,10,11,2025-08-17,54.68
O00749,2025-07-17,PR0284,W07,C06,East,Same Day,14,1,1,2025-07-18,39.23
O00750,2025-05-15,PR0007,W08,C03,West,Economy,2,10,9,2025-05-24,28.48
O00751,2024-06-21,PR0195,W07,C02,East,Express,2,3,3,2024-06-24,33.12
O00752,2024-05-23,PR0154,W06,C07,Central,Economy,8,10,7,2024-05-30,14.31
O00753,2024-07-07,PR0219,W06,C05,Central,Standard,14,6,2,2024-07-09,18.17
O00754,2025-06-20,PR0252,W02,C02,North,Standard,12,6,6,2025-06-26,10.05
O00755,2025-11-15,PR0009,W02,C07,North,Standard,14,6,3,2025-11-18,4.57
O00756,2025-02-26,PR0172,W09,C08,South,Express,4,3,4,2025-03-02,18.1
O00757,2024-03-10,PR0142,W03,C07,South,Standard,5,6,5,2024-03-15,23.52
O00758,2024-08-11,PR0046,W06,C04,Central,Economy,10,10,7,2024-08-18,43.95
O00759,2025-01-17,PR0057,W10,C06,North,Economy,2,10,8,2025-01-25,26.19
O00760,2025-11-06,PR0203,W08,C07,West,Standard,8,6,7,2025-11-13,23.35
O00761,2024-01-07,PR0262,W06,C04,Central,Economy,14,10,7,2024-01-14,39.34
O00762,2024-01-13,PR0024,W02,C04,North,Same Day,4,1,1,2024-01-14,25.94
O00763,2025-07-02,PR0122,W07,C08,East,Standard,1,6,3,2025-07-05,11.7
O00764,2025-05-29,PR0053,W08,C07,West,Express,8,3,4,2025-06-02,35.58
O00765,2024-04-19,PR0024,W10,C03,North,Express,1,3,2,2024-04-21,33.12
O00766,2024-09-03,PR0232,W03,C04,South,Same Day,6,1,1,2024-09-04,40.7
O00767,2024-12-28,PR0216,W07,C01,East,Economy,6,10,9,2025-01-06,44.17
O00768,2024-03-21,PR0196,W04,C07,East,Economy,7,10,7,2024-03-28,32.51
O00769,2025-04-15,PR0230,W06,C04,Central,Express,7,3,5,2025-04-20,20.53
O00770,2025-12-14,PR0046,W03,C08,South,Same Day,3,1,1,2025-12-15,21.27
O00771,2025-12-01,PR0278,W10,C08,North,Standard,13,6,9,2025-12-10,15.58
O00772,2024-04-05,PR0131,W05,C03,West,Economy,4,10,4,2024-04-09,33.88
O00773,2025-01-21,PR0260,W01,C08,Central,Economy,5,10,8,2025-01-29,25.84
O00774,2024-02-27,PR0041,W02,C03,North,Express,13,3,1,2024-02-28,49.14
O00775,2024-03-25,PR0102,W08,C08,West,Economy,2,10,11,2024-04-05,35.54
O00776,2025-10-22,PR0031,W04,C08,East,Standard,13,6,2,2025-10-24,9.75
O00777,2025-06-24,PR0117,W10,C08,North,Express,7,3,4,2025-06-28,19.02
O00778,2024-08-04,PR0291,W01,C02,Central,Economy,13,10,8,2024-08-12,30.75
O00779,2024-10-04,PR0105,W10,C06,North,Standard,9,6,7,2024-10-11,17.25
O00780,2025-12-01,PR0232,W07,C05,East,Standard,1,6,2,2025-12-03,17.07
O00781,2024-07-02,PR0119,W04,C02,East,Standard,1,6,5,2024-07-07,20.29
O00782,2024-07-31,PR0233,W01,C08,Central,Express,3,3,3,2024-08-03,37.55
O00783,2025-12-30,PR0100,W05,C03,West,Standard,1,6,2,2026-01-01,21.89
O00784,2024-11-02,PR0287,W09,C03,South,Express,9,3,1,2024-11-03,34.31
O00785,2025-08-03,PR0090,W08,C08,West,Same Day,14,1,1,2025-08-04,36.03
O00786,2025-01-28,PR0218,W03,C07,South,Standard,12,6,3,2025-01-31,17.8
O00787,2025-05-27,PR0054,W07,C08,East,Standard,2,6,3,2025-05-30,3.0
O00788,2024-04-10,PR0171,W05,C01,West,Express,5,3,4,2024-04-14,40.36
O00789,2024-03-18,PR0048,W07,C06,East,Economy,8,10,10,2024-03-28,45.01
O00790,2024-11-30,PR0015,W10,C06,North,Same Day,7,1,2,2024-12-02,15.43
O00791,2025-04-06,PR0069,W08,C04,West,Express,3,3,3,2025-04-09,36.19
O00792,2024-12-30,PR0121,W01,C05,Central,Economy,3,10,6,2025-01-05,24.71
O00793,2025-03-18,PR0261,W09,C08,South,Economy,5,10,8,2025-03-26,16.97
O00794,2024-03-28,PR0285,W01,C03,Central,Same Day,12,1,1,2024-03-29,18.04
O00795,2024-09-09,PR0267,W02,C06,North,Standard,13,6,2,2024-09-11,18.62
O00796,2024-10-01,PR0046,W09,C02,South,Economy,8,10,7,2024-10-08,28.14
O00797,2025-12-29,PR0236,W09,C05,South,Economy,5,10,9,2026-01-07,28.36
O00798,2024-11-20,PR0110,W04,C02,East,Standard,6,6,5,2024-11-25,15.3
O00799,2024-04-03,PR0111,W10,C08,North,Same Day,11,1,1,2024-04-04,31.73
O00800,2025-03-31,PR0171,W07,C03,East,Same Day,3,1,1,2025-04-01,21.31
O00801,2024-04-14,PR0085,W03,C02,South,Standard,10,6,7,2024-04-21,20.56
O00802,2024-07-10,PR0222,W05,C04,West,Economy,4,10,9,2024-07-19,34.11
O00803,2025-07-24,PR0179,W06,C01,Central,Economy,3,10,6,2025-07-30,31.17
O00804,2024-04-15,PR0077,W02,C04,North,Standard,14,6,5,2024-04-20,28.81
O00805,2024-12-28,PR0082,W01,C08,Central,Standard,13,6,3,2024-12-31,15.36
O00806,2025-09-03,PR0210,W01,C07,Central,Same Day,1,1,1,2025-09-04,23.25
O00807,2025-01-29,PR0093,W10,C05,North,Same Day,14,1,2,2025-01-31,42.11
O00808,2025-02-27,PR0218,W08,C07,West,Standard,8,6,10,2025-03-09,23.67
O00809,2025-07-26,PR0235,W09,C01,South,Express,5,3,2,2025-07-28,28.71
O00810,2025-12-02,PR0116,W08,C07,West,Express,3,3,2,2025-12-04,28.51
O00811,2024-05-22,PR0130,W07,C01,East,Same Day,12,1,1,2024-05-23,23.14
O00812,2024-10-01,PR0092,W08,C01,West,Express,7,3,1,2024-10-02,31.57
O00813,2024-03-05,PR0072,W03,C03,,Economy,2,10,6,2024-03-11,43.36
O00814,2024-10-09,PR0285,W05,C01,West,Same Day,14,1,1,2024-10-10,26.14
O00815,2025-05-10,PR0087,W02,C06,North,Same Day,7,1,2,2025-05-12,24.78
O00816,2024-09-14,PR0034,W03,C05,South,Economy,11,10,10,2024-09-24,41.27
O00817,2025-08-31,PR0227,W06,C03,Central,Express,8,3,2,2025-09-02,25.27
O00818,2025-04-13,PR0170,W02,C01,North,Express,6,3,1,2025-04-14,28.79
O00819,2024-11-07,PR0056,W02,C06,North,Economy,3,10,7,2024-11-14,26.05
O00820,2024-12-06,PR0017,W01,C07,Central,Economy,12,10,9,2024-12-15,52.0
O00821,2024-12-03,PR0196,W08,C04,West,Same Day,9,1,1,2024-12-04,35.91
O00822,2025-03-16,PR0007,W06,C07,Central,Express,7,3,2,2025-03-18,28.67
O00823,2024-11-03,PR0044,W07,C01,East,Express,4,3,1,2024-11-04,30.4
O00824,2025-05-05,PR0282,W04,C01,East,Express,4,3,2,2025-05-07,26.19
O00825,2025-02-11,PR0005,W07,C04,East,Same Day,3,1,1,2025-02-12,24.97
O00826,2025-12-12,PR0287,W08,C06,West,Express,2,3,2,2025-12-14,31.53
O00827,2024-11-29,PR0132,W05,C07,West,Same Day,4,1,1,2024-11-30,39.04
O00828,2025-02-06,PR0296,W07,C02,East,Standard,10,6,3,2025-02-09,24.34
O00829,2025-07-31,PR0071,W03,C02,South,Express,4,3,2,2025-08-02,17.73
O00830,2025-11-29,PR0218,W01,C07,Central,Standard,6,6,6,2025-12-05,9.31
O00831,2025-04-17,PR0236,W09,C06,South,Economy,10,10,13,2025-04-30,28.04
O00832,2024-10-25,PR0103,W02,C05,North,Economy,7,10,12,2024-11-06,42.25
O00833,2025-11-20,PR0187,W05,C04,West,Express,3,3,4,2025-11-24,35.93
O00834,2025-10-10,PR0167,W04,C03,East,Express,10,3,2,2025-10-12,43.77
O00835,2024-09-15,PR0226,W03,C05,South,Economy,2,10,5,2024-09-20,14.54
O00836,2025-01-21,PR0289,W10,C03,North,Economy,11,10,9,2025-01-30,43.3
O00837,2025-09-04,PR0235,W05,C03,West,Economy,14,10,5,2025-09-09,38.99
O00838,2025-07-01,PR0159,W06,C03,Central,Economy,1,10,6,2025-07-07,36.43
O00839,2025-07-10,PR0043,W02,C02,North,Same Day,14,1,1,2025-07-11,30.0
O00840,2025-12-19,PR0204,W06,C04,Central,standard,6,6,5,2025-12-24,16.92
O00841,2024-04-21,PR0121,W09,C02,South,Same Day,2,1,1,2024-04-22,30.1
O00842,2024-06-19,PR0093,W01,C08,Central,Standard,11,6,4,2024-06-23,10.83
O00843,2025-07-30,PR0183,W05,C05,West,Same Day,14,1,1,2025-07-31,33.76
O00844,2025-03-16,PR0190,W10,C04,North,Standard,7,6,8,2025-03-24,23.97
O00845,2024-04-10,PR0194,W04,C03,East,Express,12,3,2,2024-04-12,27.52
O00846,2025-06-06,PR0214,W01,C06,Central,Express,2,3,1,2025-06-07,28.64
O00847,2025-04-01,PR0026,W07,C05,East,Economy,11,10,5,2025-04-06,35.17
O00848,2025-04-19,PR0190,W01,C01,Central,Express,1,3,4,2025-04-23,38.06
O00849,2024-12-19,PR0144,W10,C03,North,Economy,7,10,9,2024-12-28,16.9
O00850,2024-04-17,PR0191,W07,C01,East,Economy,1,10,7,2024-04-24,36.12
O00851,2024-03-28,PR0121,W02,C03,North,Express,8,3,1,2024-03-29,30.4
O00852,2024-12-22,PR0110,W07,C07,East,Same Day,14,1,1,2024-12-23,33.88
O00853,2025-04-11,PR0182,W03,C08,South,Economy,12,10,5,2025-04-16,27.62
O00854,2024-12-22,PR0246,W05,C07,West,Standard,10,6,5,2024-12-27,38.95
O00855,2025-03-24,PR0218,W05,C06,West,Same Day,12,1,1,2025-03-25,24.52
O00856,2024-03-09,PR0274,W07,C08,East,Standard,6,6,8,2024-03-17,3.0
O00857,2025-12-28,PR0041,W10,C06,North,Standard,8,6,4,2026-01-01,18.92
O00858,2024-12-17,PR0079,W02,C05,North,Express,10,3,2,2024-12-19,19.83
O00859,2024-09-06,PR0167,W01,C05,Central,Express,10,3,4,2024-09-10,40.44
O00860,2025-07-19,PR0150,W03,C06,South,Same Day,13,1,1,2025-07-20,28.68
O00861,2025-07-27,PR0136,W08,C05,West,Economy,2,10,9,2025-08-05,29.03
O00862,2024-08-25,PR0266,W08,C05,West,Express,12,3,6,2024-08-31,26.97
O00863,2024-07-09,PR0099,W08,C07,West,Economy,4,10,11,2024-07-20,21.14
O00864,2024-01-30,PR0239,W06,C03,Central,Express,4,3,3,2024-02-02,39.96
O00865,2025-04-05,PR0191,W01,C02,Central,Economy,10,10,8,2025-04-13,43.05
O00866,2025-02-02,PR0023,W10,C06,North,Express,13,3,3,2025-02-05,38.14
O00867,2024-07-29,PR0085,W07,C01,East,Standard,8,6,5,2024-08-03,19.81
O00868,2025-08-14,PR0048,W02,C03,North,Express,14,3,5,2025-08-19,42.49
O00869,2025-01-09,PR0148,W07,C05,East,Express,4,3,4,2025-01-13,44.93
O00870,2025-04-13,PR0256,W10,C08,North,Same Day,7,1,3,2025-04-16,31.78
O00871,2025-11-17,PR0163,W08,C04,West,Same Day,2,1,1,2025-11-18,30.0
O00872,2025-09-03,PR0198,W08,C06,West,Economy,7,10,9,2025-09-12,30.43
O00873,2025-08-24,PR0094,W02,C06,North,Same Day,1,1,2,2025-08-26,17.43
O00874,2024-12-26,PR0247,W08,C05,West,Express,2,3,2,2024-12-28,31.66
O00875,2025-11-20,PR0127,W07,C05,East,Standard,1,6,6,2025-11-26,17.05
O00876,2025-11-19,PR0295,W09,C05,South,Same Day,10,1,1,2025-11-20,14.88
O00877,2024-04-30,PR0197,W03,C08,South,Same Day,5,1,1,2024-05-01,28.99
O00878,2024-04-29,PR0187,W03,C04,South,Same Day,3,1,1,2024-04-30,51.4
O00879,2025-12-11,PR0102,W09,C08,South,Economy,11,10,9,2025-12-20,28.64
O00880,2025-03-04,PR0087,W06,C02,Central,Express,9,3,4,2025-03-08,41.91
O00881,2025-08-11,PR0078,W08,C05,West,Economy,14,10,9,2025-08-20,21.18
O00882,2024-07-09,PR0124,W05,C08,West,Express,6,3,5,2024-07-14,11.11
O00883,2025-07-22,PR0066,W09,C07,South,Economy,4,10,7,2025-07-29,30.06
O00884,2024-10-22,PR0269,W09,C03,South,Express,1,3,3,2024-10-25,50.49
O00885,2024-11-18,PR0145,W05,C06,West,Standard,7,6,10,2024-11-28,32.29
O00886,2025-01-02,PR0203,W10,C07,North,Economy,13,10,7,2025-01-09,37.93
O00887,2024-05-19,PR0094,W03,C04,South,Economy,14,10,13,2024-06-01,24.07
O00888,2025-07-29,PR0277,W01,C08,Central,Economy,3,10,7,2025-08-05,35.12
O00889,2025-02-22,PR0003,W05,C01,West,Economy,3,10,12,2025-03-06,22.39
O00890,2025-12-28,PR0136,W05,C03,West,Economy,5,10,11,2026-01-08,24.46
O00891,2024-06-20,PR0262,W10,C08,North,Standard,14,6,7,2024-06-27,4.86
O00892,2024-08-13,PR0201,W07,C06,East,Standard,4,6,6,2024-08-19,21.97
O00893,2024-10-08,PR0076,W03,C03,South,Same Day,14,1,1,2024-10-09,26.04
O00894,2024-06-21,PR0169,W08,C05,West,Economy,14,10,8,2024-06-29,18.29
O00895,2025-07-16,PR0294,W01,C01,Central,Standard,6,6,5,2025-07-21,20.43
O00896,2025-08-09,PR0144,W02,C06,North,Same Day,12,1,1,2025-08-10,9.25
O00897,2025-07-10,PR0010,W04,C01,East,Standard,10,6,7,2025-07-17,6.71
O00898,2025-03-27,PR0157,W06,C02,Central,Express,11,3,6,2025-04-02,30.56
O00899,2025-03-11,PR0244,W02,C05,North,Express,4,3,1,2025-03-12,37.18
O00900,2024-10-31,PR0136,W02,C01,North,Economy,9,10,-2,2024-11-06,38.09
O00901,2024-09-26,PR0085,W07,C07,East,Standard,8,6,3,2024-09-29,21.45
O00902,2025-03-25,PR0140,W10,C02,North,Express,6,3,1,2025-03-26,25.45
O00903,2024-08-02,PR0266,W06,C07,Central,Same Day,2,1,1,2024-08-03,28.12
O00904,2025-12-28,PR0212,W06,C06,Central,Economy,11,10,6,2026-01-03,25.67
O00905,2024-06-18,PR0122,W06,C07,Central,Express,1,3,2,2024-06-20,40.42
O00906,2024-07-30,PR0055,W03,C04,South,Standard,1,6,4,2024-08-03,18.53
O00907,2025-08-06,PR0250,W04,C08,East,Same Day,11,1,1,2025-08-07,33.74
O00908,2025-09-03,PR0010,W06,C07,Central,Express,3,3,2,2025-09-05,39.55
O00909,2024-11-27,PR0212,W07,C08,East,Same Day,8,1,1,2024-11-28,24.31
O00910,2025-08-09,PR0216,W04,C05,East,Standard,12,6,4,2025-08-13,8.46
O00911,2024-05-18,PR0177,W08,C01,West,Standard,11,6,9,2024-05-27,3.0
O00912,2024-10-10,PR0097,W09,C04,South,Express,7,3,3,2024-10-13,21.62
O00913,2024-09-12,PR0083,W03,C04,South,standard,9,1,1,2024-09-13,33.0
O00914,2024-09-10,PR0285,W08,C05,West,Economy,9,10,9,2024-09-19,43.38
O00915,2024-05-25,PR0075,W01,C07,Central,Same Day,12,1,1,2024-05-26,36.08
O00916,2025-10-04,PR0155,W05,C06,West,Economy,1,10,15,2025-10-19,35.84
O00917,2025-04-07,PR0112,W10,C04,North,Standard,10,6,2,2025-04-09,8.81
O00918,2025-02-16,PR0110,W06,C02,Central,Same Day,11,1,2,2025-02-18,25.18
O00919,2025-12-12,PR0288,W04,C01,East,Economy,1,10,4,2025-12-16,35.84
O00920,2025-05-14,PR0261,W04,C02,East,Standard,10,6,7,2025-05-21,16.62
O00921,2024-04-05,PR0295,W05,C05,West,Same Day,2,1,1,2024-04-06,13.88
O00922,2024-03-05,PR0033,W01,C01,,Economy,2,10,10,2024-03-15,29.45
O00923,2024-08-11,PR0249,W05,C03,West,Express,7,3,2,2024-08-13,26.82
O00924,2025-05-21,PR0196,W04,C01,East,Same Day,4,1,1,2025-05-22,18.12
O00925,2024-10-17,PR0200,W04,C08,East,Express,11,3,1,2024-10-18,32.86
O00926,2025-08-02,PR0094,W05,C06,West,Same Day,7,1,1,2025-08-03,42.42
O00927,2025-11-29,PR0021,W10,C01,North,Standard,5,6,5,2025-12-04,23.04
O00928,2024-04-11,PR0036,W08,C05,West,Standard,8,6,8,2024-04-19,23.9
O00929,2024-05-07,PR0184,W03,C01,South,Economy,2,10,7,2024-05-14,24.35
O00930,2025-04-12,PR0022,W10,C05,North,Economy,13,10,7,2025-04-19,22.16
O00931,2024-07-26,PR0275,W03,C02,South,Same Day,8,1,1,2024-07-27,26.69
O00932,2024-06-11,PR0195,W04,C06,East,Standard,11,6,3,2024-06-14,20.1
O00933,2025-11-01,PR0048,W04,C03,East,Same Day,12,1,2,2025-11-03,53.08
O00934,2024-03-25,PR0164,W07,C08,East,Express,14,3,3,2024-03-28,37.89
O00935,2024-02-23,PR0094,W08,C04,West,Same Day,8,1,1,2024-02-24,31.87
O00936,2025-12-17,PR0123,W09,C03,South,Economy,11,10,6,2025-12-23,21.82
O00937,2025-11-02,PR0202,W02,C06,North,Standard,3,6,5,2025-11-07,4.08
O00938,2024-01-02,PR0005,W09,C04,South,Economy,1,10,8,2024-01-10,28.65
O00939,2024-03-20,PR0058,W09,C07,South,Express,2,3,6,2024-03-26,31.78
O00940,2025-06-15,PR0022,W05,C04,West,Standard,13,6,6,2025-06-21,3.0
O00941,2024-01-09,PR0124,W07,C08,East,Standard,8,6,6,2024-01-15,31.81
O00942,2025-03-08,PR0100,W03,C05,South,Economy,2,10,10,2025-03-18,44.68
O00943,2024-03-13,PR0240,W03,C06,South,Economy,13,10,7,2024-03-20,26.37
O00944,2024-04-01,PR0033,W02,C02,North,Standard,9,6,4,2024-04-05,25.24
O00945,2024-11-16,PR0129,W07,C02,East,Same Day,1,1,1,2024-11-17,41.18
O00946,2024-05-20,PR0028,W08,C02,West,Express,6,3,3,2024-05-23,40.92
O00947,2025-10-18,PR0018,W03,C05,South,Standard,8,6,7,2025-10-25,13.71
O00948,2025-06-27,PR0110,W01,C08,Central,Standard,2,6,3,2025-06-30,7.54
O00949,2025-09-16,PR0033,W09,C05,South,Economy,7,10,14,2025-09-30,30.63
O00950,2024-12-25,PR0282,W03,C01,South,Express,5,3,3,2024-12-28,24.21
O00951,2025-02-25,PR0194,W06,C02,Central,Economy,1,10,3,2025-02-28,26.65
O00952,2024-08-10,PR0009,W02,C05,North,Standard,8,6,7,2024-08-17,22.94
O00953,2024-05-23,PR0294,W02,C02,North,Economy,9,10,9,2024-06-01,12.38
O00954,2024-12-25,PR0141,W08,C07,West,Same Day,14,1,1,2024-12-26,16.4
O00955,2024-05-23,PR0143,W09,C04,South,Same Day,6,1,1,2024-05-24,37.53
O00956,2025-10-22,PR0229,W02,C06,North,Express,8,3,2,2025-10-24,27.68
O00957,2025-07-20,PR0099,W06,C07,Central,Same Day,4,1,1,2025-07-21,28.77
O00958,2025-12-08,PR0063,W02,C02,North,Same Day,4,1,1,2025-12-09,28.15
O00959,2024-07-29,PR0216,W01,C04,Central,Express,7,3,4,2024-08-02,33.4
O00960,2025-02-05,PR0297,W07,C01,East,Standard,6,6,5,2025-02-10,20.06
O00961,2024-09-02,PR0002,W05,C03,West,Economy,4,10,6,2024-09-08,27.64
O00962,2024-04-25,PR0126,W03,C04,South,Economy,13,10,8,2024-05-03,35.68
O00963,2025-10-15,PR0122,W01,C07,Central,Standard,10,6,7,2025-10-22,15.81
O00964,2025-06-24,PR0104,W10,C01,North,Same Day,14,1,1,2025-06-25,27.71
O00965,2024-11-20,PR0005,W03,C08,South,Economy,11,10,7,2024-11-27,15.15
O00966,2025-08-05,PR0203,W08,C06,West,Same Day,9,1,1,2025-08-06,31.93
O00967,2025-07-13,PR0192,W09,C01,South,Economy,10,10,8,2025-07-21,7.9
O00968,2024-03-15,PR0069,W02,C02,North,Standard,3,6,7,2024-03-22,3.25
O00969,2024-01-15,PR0094,W07,C08,East,Express,4,3,2,2024-01-17,25.85
O00970,2024-02-10,PR0112,W10,C04,North,Economy,7,10,8,2024-02-18,15.78
O00971,2025-06-02,PR0080,W07,C01,East,Economy,9,10,13,2025-06-15,39.61
O00972,2025-03-09,PR0009,W05,C03,West,Standard,9,6,7,2025-03-16,24.73
O00973,2025-10-17,PR0062,W06,C04,Central,Express,11,3,3,2025-10-20,37.28
O00974,2024-10-11,PR0143,W02,C04,North,Same Day,1,1,1,2024-10-12,21.99
O00975,2024-03-21,PR0011,W01,C08,Central,Express,3,3,4,2024-03-25,27.48
O00976,2024-06-08,PR0174,W06,C07,Central,Same Day,2,1,2,2024-06-10,25.44
O00977,2025-02-04,PR0103,W01,C01,Central,Standard,11,6,6,2025-02-10,8.96
O00978,2024-11-13,PR0033,W08,C08,West,Express,14,3,5,2024-11-18,30.86
O00979,2024-02-29,PR0207,W03,C07,South,Standard,11,6,7,2024-03-07,28.11
O00980,2025-03-20,PR0044,W02,C07,North,Economy,9,10,12,2025-04-01,27.09
O00981,2025-09-18,PR0267,W06,C06,,Standard,1,6,6,2025-09-24,21.21
O00982,2024-11-12,PR0064,W03,C08,South,Standard,2,6,5,2024-11-17,7.71
O00983,2024-01-13,PR0166,W09,C08,South,Standard,2,6,3,2024-01-16,13.87
O00984,2024-06-16,PR0257,W05,C07,West,Same Day,14,1,1,2024-06-17,12.67
O00985,2025-06-19,PR0099,W01,C04,Central,Same Day,10,1,1,2025-06-20,42.37
O00986,2024-06-19,PR0064,W07,C01,East,Express,8,3,2,2024-06-21,27.92
O00987,2024-10-02,PR0278,W10,C08,North,Standard,6,6,5,2024-10-07,26.47
O00988,2024-12-09,PR0038,W05,C04,West,Same Day,13,1,1,2024-12-10,20.54
O00989,2025-06-20,PR0220,W10,C08,North,Same Day,1,1,2,2025-06-22,21.41
O00990,2025-12-30,PR0164,W06,C04,Central,Standard,10,6,2,2026-01-01,22.18
O00991,2025-05-23,PR0081,W08,C01,West,Same Day,10,1,1,2025-05-24,41.66
O00992,2024-02-26,PR0264,W05,C04,West,Express,13,3,3,2024-02-29,17.79
O00993,2025-01-11,PR0113,W09,C05,South,Same Day,4,1,1,2025-01-12,45.67
O00994,2024-04-15,PR0091,W06,C05,Central,Standard,13,6,5,2024-04-20,8.93
O00995,2024-08-21,PR0109,W06,C02,Central,Standard,7,6,9,2024-08-30,22.12
O00996,2024-02-15,PR0019,W10,C01,North,Express,4,3,4,2024-02-19,26.89
O00997,2024-02-17,PR0074,W08,C06,West,Same Day,10,1,1,2024-02-18,39.51
O00998,2025-01-27,PR0185,W09,C01,South,Express,14,3,2,2025-01-29,20.62
O00999,2024-02-06,PR0263,W01,C07,Central,Economy,1,10,8,2024-02-14,27.61
O01000,2024-08-17,PR0042,W04,C01,East,Express,4,3,1,2024-08-18,17.27
O01001,2025-03-02,PR0247,W04,C05,East,Same Day,13,1,1,2025-03-03,38.11
O01002,2024-03-20,PR0005,W06,C05,Central,Same Day,1,1,2,2024-03-22,26.74
O01003,2024-05-02,PR0162,W01,C07,Central,Standard,1,6,7,2024-05-09,25.87
O01004,2024-07-02,PR0193,W09,C07,South,Standard,5,6,3,2024-07-05,14.85
O01005,2025-02-14,PR0211,W02,C02,North,Economy,5,10,10,2025-02-24,27.03
O01006,2024-10-16,PR0133,W04,C06,East,Same Day,7,1,2,2024-10-18,26.05
O01007,2024-03-29,PR0184,W06,C04,Central,Economy,9,10,4,2024-04-02,33.76
O01008,2024-01-09,PR0120,W04,C08,East,Express,5,3,1,2024-01-10,21.23
O01009,2024-10-25,PR0200,W01,C06,Central,Same Day,8,1,1,2024-10-26,43.68
O01010,2025-09-29,PR0093,W03,C02,South,Economy,7,10,10,2025-10-09,28.69
O01011,2025-01-12,PR0058,W01,C08,Central,Economy,13,10,8,2025-01-20,18.92
O01012,2024-07-19,PR0232,W01,C03,Central,Express,6,3,7,2024-07-26,33.1
O01013,2024-06-03,PR0268,W02,C07,North,Economy,1,10,11,2024-06-14,16.88
O01014,2024-01-25,PR0275,W09,C07,South,Same Day,7,1,1,2024-01-26,17.66
O01015,2025-10-13,PR0105,W02,C04,North,Same Day,14,1,1,2025-10-14,32.9
O01016,2024-01-02,PR0216,W05,C04,West,Same Day,11,1,1,2024-01-03,41.6
O01017,2024-04-16,PR0055,W09,C06,South,Express,13,3,2,2024-04-18,14.5
O01018,2025-03-05,PR0112,W05,C02,West,standard,2,6,7,2025-03-12,31.03
O01019,2024-05-25,PR0280,W04,C01,East,Standard,12,6,7,2024-06-01,23.26
O01020,2024-02-14,PR0129,W03,C04,South,Economy,6,10,11,2024-02-25,33.21
O01021,2025-12-18,PR0107,W04,C07,East,Economy,9,10,11,2025-12-29,37.87
O01022,2024-03-27,PR0092,W06,C05,Central,Standard,12,6,8,2024-04-04,12.27
O01023,2025-06-01,PR0236,W09,C04,South,Economy,10,10,8,2025-06-09,22.39
O01024,2024-03-17,PR0297,W01,C06,Central,Standard,12,6,8,2024-03-25,3.0
O01025,2025-03-21,PR0068,W03,C06,South,Express,7,3,-2,2025-03-22,11.47
O01026,2024-10-25,PR0212,W04,C04,East,Same Day,1,1,2,2024-10-27,24.1
O01027,2025-02-06,PR0219,W07,C03,East,Same Day,9,1,1,2025-02-07,31.2
O01028,2025-04-08,PR0030,W07,C05,East,Express,8,3,4,2025-04-12,38.5
O01029,2024-03-17,PR0045,W03,C05,South,Express,10,3,2,2024-03-19,21.99
O01030,2025-08-21,PR0285,W10,C07,North,Express,14,3,4,2025-08-25,16.5
O01031,2024-04-18,PR0183,W03,C01,South,Economy,3,10,5,2024-04-23,36.86
O01032,2025-04-22,PR0181,W07,C05,East,Economy,11,10,12,2025-05-04,20.38
O01033,2024-05-03,PR0280,W06,C01,Central,Same Day,1,1,1,2024-05-04,32.09
O01034,2024-07-31,PR0041,W05,C04,West,Same Day,4,1,1,2024-08-01,11.54
O01035,2025-04-19,PR0220,W07,C03,East,Standard,3,6,6,2025-04-25,14.52
O01036,2024-04-02,PR0080,W03,C05,South,Same Day,14,1,1,2024-04-03,31.42
O01037,2025-12-22,PR0166,W06,C08,Central,Standard,7,6,8,2025-12-30,28.83
O01038,2024-08-08,PR0138,W04,C08,East,Express,2,3,4,2024-08-12,31.49
O01039,2024-04-03,PR0140,W03,C05,South,Same Day,11,1,2,2024-04-05,14.92
O01040,2025-02-09,PR0084,W01,C03,Central,Standard,8,6,2,2025-02-11,17.43
O01041,2025-11-24,PR0265,W07,C08,East,Same Day,5,1,1,2025-11-25,35.49
O01042,2024-06-27,PR0017,W10,C02,North,Economy,6,10,11,2024-07-08,30.71
O01043,2025-04-08,PR0293,W01,C04,Central,Express,2,3,1,2025-04-09,29.4
O01044,2024-04-06,PR0278,W05,C02,West,Standard,3,6,9,2024-04-15,9.83
O01045,2024-05-23,PR0210,W10,C02,North,Standard,1,6,2,2024-05-25,23.49
O01046,2024-03-04,PR0061,W03,C07,South,Express,6,3,1,2024-03-05,28.61
O01047,2024-07-21,PR0198,W05,C01,West,Same Day,9,1,1,2024-07-22,21.09
O01048,2025-12-03,PR0138,W02,C05,North,Same Day,12,1,1,2025-12-04,34.72
O01049,2024-03-17,PR0029,W10,C03,North,Standard,7,6,7,2024-03-24,29.11
O01050,2024-07-21,PR0007,W08,C06,West,Express,1,3,1,2024-07-22,48.42
O01051,2024-04-04,PR0205,W07,C06,East,Standard,5,6,3,2024-04-07,25.66
O01052,2024-02-13,PR0047,W05,C04,West,Standard,4,6,8,2024-02-21,3.42
O01053,2024-06-21,PR0153,W06,C04,Central,Economy,8,10,14,2024-07-05,39.46
O01054,2025-02-08,PR0075,W08,C03,West,Standard,1,6,7,2025-02-15,9.21
O01055,2025-01-26,PR0065,W08,C01,West,Express,12,3,4,2025-01-30,50.44
O01056,2024-12-28,PR0048,W03,C04,South,Express,10,3,6,2025-01-03,25.13
O01057,2024-10-08,PR0011,W07,C01,East,Economy,10,10,7,2024-10-15,31.88
O01058,2024-06-01,PR0278,W02,C07,North,Express,2,3,3,2024-06-04,52.61
O01059,2025-10-24,PR0268,W04,C02,East,Economy,9,10,7,2025-10-31,31.17
O01060,2025-02-25,PR0297,W01,C04,Central,Economy,7,10,16,2025-03-13,24.01
O01061,2024-03-03,PR0046,W10,C04,North,Same Day,2,1,1,2024-03-04,48.65
O01062,2025-01-27,PR0150,W03,C06,South,Economy,7,10,13,2025-02-09,28.59
O01063,2024-07-23,PR0293,W01,C06,Central,Express,7,3,2,2024-07-25,31.29
O01064,2025-10-07,PR0139,W01,C08,Central,Standard,2,6,6,2025-10-13,12.24
O01065,2025-01-26,PR0040,W04,C04,East,Economy,10,10,8,2025-02-03,31.4
O01066,2025-07-11,PR0200,W05,C04,West,Same Day,9,1,1,2025-07-12,18.05
O01067,2025-08-02,PR0097,W06,C04,Central,Same Day,4,1,1,2025-08-03,14.5
O01068,2025-02-01,PR0128,W04,C07,East,Express,11,3,2,2025-02-03,27.85
O01069,2024-01-27,PR0222,W07,C02,East,Express,12,3,3,2024-01-30,49.67
O01070,2024-01-31,PR0098,W07,C03,East,Standard,6,6,5,2024-02-05,16.57
O01071,2025-04-28,PR0071,W01,C04,Central,Same Day,7,1,2,2025-04-30,21.14
O01072,2025-08-21,PR0124,W03,C04,South,Express,6,3,4,2025-08-25,27.91
O01073,2024-04-12,PR0163,W09,C01,South,Express,6,3,3,2024-04-15,36.93
O01074,2024-09-29,PR0135,W06,C02,Central,Standard,6,6,9,2024-10-08,3.0
O01075,2024-08-12,PR0021,W06,C08,Central,Economy,3,10,10,2024-08-22,35.27
O01076,2024-12-29,PR0152,W03,C03,South,Express,6,3,1,2024-12-30,38.12
O01077,2024-08-30,PR0164,W01,C05,Central,Same Day,7,1,1,2024-08-31,35.8
O01078,2025-12-15,PR0068,W04,C06,East,Standard,2,6,10,2025-12-25,12.34
O01079,2025-12-21,PR0134,W04,C04,East,Express,8,3,1,2025-12-22,21.84
O01080,2025-07-30,PR0100,W09,C05,South,Economy,14,10,11,2025-08-10,28.84
O01081,2025-07-09,PR0199,W07,C03,East,Express,1,3,1,2025-07-10,40.9
O01082,2025-05-17,PR0235,W10,C03,North,Standard,6,6,4,2025-05-21,25.8
O01083,2024-02-27,PR0300,W03,C02,South,Express,3,3,4,2024-03-02,33.4
O01084,2024-01-21,PR0010,W06,C05,Central,Economy,3,10,12,2024-02-02,41.11
O01085,2024-01-01,PR0085,W07,C06,East,Express,14,3,2,2024-01-03,42.02
O01086,2024-05-13,PR0270,W04,C04,East,Express,9,3,3,2024-05-16,11.47
O01087,2024-11-27,PR0050,W10,C03,North,Standard,10,6,2,2024-11-29,10.26
O01088,2024-05-31,PR0048,W01,C05,Central,Express,4,3,3,2024-06-03,37.81
O01089,2024-04-23,PR0232,W01,C02,Central,Same Day,1,1,1,2024-04-24,34.88
O01090,2024-03-15,PR0018,W07,C04,East,Economy,6,10,8,2024-03-23,23.19
O01091,2025-08-23,PR0262,W10,C06,North,Same Day,1,1,1,2025-08-24,26.43
O01092,2024-11-05,PR0027,W07,C02,East,Express,4,3,4,2024-11-09,33.19
O01093,2024-06-10,PR0119,W05,C02,West,Economy,1,10,10,2024-06-20,32.99
O01094,2025-10-26,PR0278,W04,C07,East,Express,12,3,5,2025-10-31,34.8
O01095,2025-12-25,PR0207,W01,C05,Central,Same Day,7,1,1,2025-12-26,32.37
O01096,2024-08-16,PR0117,W06,C06,Central,Express,1,3,3,2024-08-19,39.25
O01097,2025-01-22,PR0179,W04,C06,East,Same Day,6,1,1,2025-01-23,13.12
O01098,2024-05-10,PR0222,W03,C08,South,Standard,10,6,4,2024-05-14,19.91
O01099,2025-12-19,PR0110,W06,C06,,Economy,1,10,9,2025-12-28,25.44
O01100,2025-08-04,PR0139,W02,C06,North,Express,7,3,2,2025-08-06,22.96
O01101,2025-09-08,PR0071,W07,C05,East,Express,7,3,3,2025-09-11,36.75
O01102,2025-10-16,PR0118,W06,C04,Central,Standard,7,6,2,2025-10-18,6.5
O01103,2025-05-23,PR0088,W03,C05,South,Same Day,13,1,1,2025-05-24,23.45
O01104,2024-03-20,PR0181,W03,C06,South,Same Day,9,1,1,2024-03-21,33.56
O01105,2024-11-23,PR0243,W03,C07,South,Standard,4,6,4,2024-11-27,25.56
O01106,2025-12-26,PR0018,W04,C05,East,Economy,11,10,7,2026-01-02,20.07
O01107,2024-01-12,PR0085,W07,C04,East,Express,5,3,1,2024-01-13,46.74
O01108,2024-09-12,PR0233,W10,C07,North,Same Day,12,1,1,2024-09-13,20.79
O01109,2024-09-19,PR0079,W02,C07,North,Standard,14,6,5,2024-09-24,32.48
O01110,2024-02-19,PR0189,W08,C06,West,Economy,14,10,8,2024-02-27,23.58
O01111,2025-03-05,PR0227,W03,C05,South,Economy,5,10,15,2025-03-20,30.45
O01112,2025-05-19,PR0195,W08,C02,West,Same Day,8,1,1,2025-05-20,32.43
O01113,2025-07-13,PR0073,W08,C04,West,Standard,11,6,6,2025-07-19,19.51
O01114,2025-05-05,PR0236,W06,C01,,Express,9,3,1,2025-05-06,34.39
O01115,2024-06-15,PR0150,W05,C05,West,Standard,10,6,7,2024-06-22,25.29
O01116,2024-02-04,PR0289,W04,C05,East,Standard,5,6,12,2024-02-16,28.06
O01117,2024-11-22,PR0133,W04,C07,,Standard,5,6,9,2024-12-01,28.64
O01118,2024-03-16,PR0136,W07,C08,East,Express,5,3,5,2024-03-21,20.39
O01119,2025-01-19,PR0126,W03,C07,South,Standard,12,6,5,2025-01-24,12.69
O01120,2025-07-14,PR0115,W10,C02,,Same Day,11,1,1,2025-07-15,32.03
O01121,2025-08-31,PR0232,W01,C06,Central,Economy,1,10,11,2025-09-11,13.18
O01122,2025-12-22,PR0051,W02,C03,North,Economy,11,10,4,2025-12-26,28.76
O01123,2025-10-31,PR0280,W03,C08,South,Economy,4,10,12,2025-11-12,31.93
O01124,2024-06-09,PR0261,W02,C08,North,Standard,13,6,9,2024-06-18,9.49
O01125,2024-12-05,PR0124,W03,C06,South,Express,12,3,2,2024-12-07,31.29
O01126,2025-02-23,PR0046,W01,C07,Central,Same Day,7,1,1,2025-02-24,29.41
O01127,2025-11-07,PR0195,W07,C02,East,Same Day,14,1,1,2025-11-08,20.79
O01128,2024-08-31,PR0100,W10,C01,North,Standard,11,6,2,2024-09-02,16.49
O01129,2025-02-06,PR0053,W01,C06,Central,Economy,13,10,7,2025-02-13,27.19
O01130,2024-06-06,PR0136,W02,C06,North,Same Day,1,1,2,2024-06-08,40.04
O01131,2024-01-04,PR0115,W08,C01,West,Standard,5,6,5,2024-01-09,28.44
O01132,2024-10-28,PR0038,W01,C06,Central,Economy,6,10,12,2024-11-09,32.89
O01133,2024-07-23,PR0016,W10,C01,North,Standard,12,6,2,2024-07-25,20.23
O01134,2024-07-30,PR0129,W09,C02,South,Same Day,12,1,1,2024-07-31,24.34
O01135,2024-03-24,PR0198,W05,C06,West,Standard,6,6,7,2024-03-31,10.51
O01136,2024-11-11,PR0026,W08,C01,West,Economy,6,10,11,2024-11-22,17.35
O01137,2025-05-15,PR0165,W07,C05,East,Standard,6,6,6,2025-05-21,22.64
O01138,2025-10-19,PR0234,W01,C06,Central,Economy,5,10,11,2025-10-30,44.15
O01139,2024-07-08,PR0251,W07,C03,East,Economy,3,10,6,2024-07-14,21.25
O01140,2025-01-13,PR0160,W09,C03,South,Economy,12,10,7,2025-01-20,32.09
O01141,2024-02-15,PR0077,W04,C02,East,Economy,7,10,8,2024-02-23,19.67
O01142,2025-04-21,PR0237,W07,C04,East,Express,5,3,2,2025-04-23,20.56
O01143,2024-10-02,PR0262,W01,C08,Central,Standard,12,6,4,2024-10-06,4.85
O01144,2024-06-03,PR0052,W10,C03,North,Standard,1,6,3,2024-06-06,7.73
O01145,2025-11-15,PR0081,W04,C08,East,Economy,5,10,3,2025-11-18,43.68
O01146,2025-08-26,PR0182,W09,C08,South,Standard,3,6,10,2025-09-05,13.79
O01147,2025-01-31,PR0217,W06,C07,Central,Economy,2,10,5,2025-02-05,27.22
O01148,2025-07-02,PR0174,W08,C08,West,Express,1,3,2,2025-07-04,39.36
O01149,2025-05-02,PR0119,W04,C04,East,Standard,10,6,4,2025-05-06,25.84
O01150,2025-02-08,PR0300,W10,C01,North,Express,5,3,1,2025-02-09,41.66
O01151,2024-05-03,PR0014,W08,C07,West,Express,7,3,4,2024-05-07,20.17
O01152,2024-06-20,PR0284,W09,C02,South,Express,7,3,3,2024-06-23,
O01153,2024-05-09,PR0297,W02,C03,North,Economy,11,10,12,2024-05-21,29.82
O01154,2024-03-21,PR0148,W05,C08,West,Express,5,3,2,2024-03-23,25.01
O01155,2025-10-04,PR0174,W09,C04,,Same Day,1,1,1,2025-10-05,33.28
O01156,2024-11-23,PR0245,W10,C02,North,Standard,11,6,9,2024-12-02,17.51
O01157,2025-02-01,PR0106,W06,C03,Central,Economy,3,10,8,2025-02-09,35.0
O01158,2025-07-19,PR0217,W04,C03,East,Same Day,12,1,1,2025-07-20,49.62
O01159,2025-06-16,PR0052,W08,C01,West,Standard,10,6,8,2025-06-24,8.22
O01160,2025-12-18,PR0197,W06,C01,Central,Economy,8,10,6,2025-12-24,37.14
O01161,2024-04-25,PR0194,W05,C04,West,Express,4,3,3,2024-04-28,32.13
O01162,2024-05-31,PR0274,W06,C07,Central,Standard,6,6,6,2024-06-06,22.1
O01163,2024-04-18,PR0139,W06,C01,Central,Standard,14,6,6,2024-04-24,18.39
O01164,2024-10-19,PR0234,W01,C01,Central,Same Day,11,1,2,2024-10-21,23.15
O01165,2025-02-24,PR0284,W04,C03,East,Economy,14,10,6,2025-03-02,39.07
O01166,2025-11-01,PR0030,W05,C02,West,Economy,3,10,5,2025-11-06,38.07
O01167,2024-02-08,PR0150,W09,C08,South,Same Day,6,1,1,2024-02-09,33.64
O01168,2025-02-16,PR0189,W09,C01,South,Economy,11,10,12,2025-02-28,29.64
O01169,2024-02-09,PR0182,W05,C05,West,Same Day,10,1,1,2024-02-10,18.64
O01170,2025-12-08,PR0249,W03,C07,South,Standard,9,6,7,2025-12-15,20.37
O01171,2025-05-01,PR0139,W07,C07,East,Same Day,10,1,1,2025-05-02,28.98
O01172,2024-01-21,PR0063,W04,C05,East,Same Day,8,1,1,2024-01-22,29.92
O01173,2024-11-14,PR0157,W04,C03,East,Economy,8,10,14,2024-11-28,34.11
O01174,2025-12-13,PR0056,W10,C03,North,Express,8,3,2,2025-12-15,33.17
O01175,2024-05-17,PR0040,W07,C07,East,Economy,9,10,6,2024-05-23,28.38
O01176,2024-11-24,PR0132,W04,C06,East,Economy,10,10,12,2024-12-06,35.53
O01177,2025-09-11,PR0199,W10,C04,North,standard,9,3,4,2025-09-15,34.07
O01178,2025-03-28,PR0111,W09,C04,South,Economy,4,10,5,2025-04-02,42.93
O01179,2025-05-11,PR0027,W01,C04,Central,Same Day,10,1,1,2025-05-12,25.28
O01180,2024-02-27,PR0206,W06,C03,Central,Express,12,3,3,2024-03-01,39.16
O01181,2024-03-08,PR0145,W07,C03,East,Economy,14,10,8,2024-03-16,20.35
O01182,2024-05-18,PR0123,W06,C01,Central,Standard,14,6,8,2024-05-26,18.99
O01183,2024-06-26,PR0277,W03,C03,South,Express,4,3,3,2024-06-29,22.59
O01184,2024-02-29,PR0038,W09,C05,South,Standard,11,6,8,2024-03-08,8.95
O01185,2025-04-12,PR0127,W10,C04,North,Same Day,5,1,1,2025-04-13,31.5
O01186,2025-12-22,PR0069,W03,C04,South,Same Day,4,1,1,2025-12-23,42.22
O01187,2025-01-12,PR0009,W08,C03,West,Economy,14,10,13,2025-01-25,16.78
O01188,2025-10-12,PR0029,W10,C06,North,Standard,14,6,4,2025-10-16,24.45
O01189,2024-09-04,PR0273,W07,C06,East,Economy,2,10,13,2024-09-17,27.16
O01190,2025-08-31,PR0083,W08,C02,West,Express,14,3,3,2025-09-03,20.78
O01191,2025-04-30,PR0245,W01,C05,Central,Same Day,7,1,1,2025-05-01,35.9
O01192,2024-12-18,PR0201,W09,C06,South,Same Day,12,1,1,2024-12-19,28.78
O01193,2025-12-06,PR0037,W10,C04,North,Same Day,8,1,1,2025-12-07,20.61
O01194,2024-01-29,PR0059,W08,C05,West,Standard,2,6,2,2024-01-31,19.24
O01195,2024-06-15,PR0060,W01,C08,Central,Express,7,3,2,2024-06-17,22.9
O01196,2024-08-14,PR0042,W09,C01,South,Express,11,3,2,2024-08-16,19.82
O01197,2024-10-02,PR0006,W08,C01,West,Standard,8,6,6,2024-10-08,13.02
O01198,2025-11-29,PR0090,W02,C01,North,Economy,10,10,8,2025-12-07,19.86
O01199,2024-05-15,PR0128,W03,C04,South,Standard,3,6,2,2024-05-17,21.67
O01200,2024-08-17,PR0099,W07,C02,East,Same Day,12,1,1,2024-08-18,24.75
O01201,2025-12-30,PR0222,W07,C03,East,Economy,2,10,13,2026-01-12,38.01
O01202,2025-01-20,PR0114,W04,C03,East,Economy,6,10,13,2025-02-02,32.13
O01203,2024-09-15,PR0238,W09,C01,South,Economy,8,10,7,2024-09-22,32.42
O01204,2024-11-05,PR0140,W01,C08,Central,Economy,5,10,4,2024-11-09,10.94
O01205,2025-08-21,PR0062,W02,C01,North,Standard,8,6,7,2025-08-28,22.68
O01206,2025-06-07,PR0160,W04,C05,East,Same Day,2,1,2,2025-06-09,19.45
O01207,2024-11-01,PR0263,W02,C03,North,Economy,12,10,12,2024-11-13,28.51
O01208,2024-03-06,PR0277,W07,C04,East,Same Day,1,1,1,2024-03-07,36.57
O01209,2025-10-17,PR0181,W07,C02,East,Same Day,13,1,2,2025-10-19,25.97
O01210,2024-09-24,PR0026,W07,C08,East,Express,5,3,3,2024-09-27,31.65
O01211,2024-06-02,PR0184,W01,C08,Central,Express,2,3,1,2024-06-03,16.25
O01212,2024-02-28,PR0189,W06,C06,Central,Economy,2,10,11,2024-03-10,34.05
O01213,2025-11-07,PR0026,W07,C04,East,Express,13,3,5,2025-11-12,22.75
O01214,2024-01-27,PR0242,W08,C08,West,Same Day,1,1,2,2024-01-29,30.76
O01215,2024-09-22,PR0281,W08,C07,West,Economy,4,10,14,2024-10-06,18.14
O01216,2025-02-01,PR0158,W02,C01,North,Express,4,3,2,2025-02-03,29.35
O01217,2024-12-17,PR0165,W03,C01,South,Economy,12,10,11,2024-12-28,35.32
O01218,2025-11-18,PR0077,W04,C06,East,Same Day,13,1,1,2025-11-19,30.11
O01219,2024-06-23,PR0216,W06,C06,Central,Express,2,3,6,2024-06-29,33.61
O01220,2024-10-27,PR0106,W10,C03,North,Economy,4,10,10,2024-11-06,24.36
O01221,2024-05-11,PR0093,W07,C04,East,Express,4,3,6,2024-05-17,28.38
O01222,2025-11-27,PR0297,W07,C02,East,Standard,2,6,5,2025-12-02,21.95
O01223,2024-08-15,PR0235,W04,C07,East,Express,8,3,3,2024-08-18,25.29
O01224,2024-11-10,PR0235,W08,C07,West,Same Day,4,1,1,2024-11-11,36.43
O01225,2025-01-15,PR0182,W04,C05,East,Same Day,3,1,1,2025-01-16,24.66
O01226,2025-04-19,PR0007,W10,C05,North,Economy,14,10,6,2025-04-25,13.21
O01227,2024-02-24,PR0237,W06,C08,Central,Standard,12,6,5,2024-02-29,14.3
O01228,2025-04-28,PR0255,W09,C03,South,Standard,8,6,3,2025-05-01,26.34
O01229,2025-11-28,PR0010,W08,C08,West,Same Day,3,1,1,2025-11-29,24.54
O01230,2025-02-27,PR0270,W10,C04,North,Express,7,3,1,2025-02-28,17.38
O01231,2024-05-20,PR0145,W03,C02,South,Same Day,1,1,1,2024-05-21,31.97
O01232,2025-02-23,PR0042,W01,C06,Central,Economy,13,10,10,2025-03-05,33.35
O01233,2024-05-26,PR0094,W07,C06,East,Express,8,3,1,2024-05-27,39.01
O01234,2024-03-23,PR0221,W05,C02,West,Same Day,9,1,1,2024-03-24,27.19
O01235,2025-10-08,PR0272,W09,C02,South,Same Day,7,1,1,2025-10-09,31.52
O01236,2025-10-11,PR0190,W02,C07,North,Standard,5,6,3,2025-10-14,19.22
O01237,2025-04-07,PR0279,W07,C03,East,Express,3,3,1,2025-04-08,20.82
O01238,2024-06-21,PR0298,W06,C04,Central,Express,11,3,2,2024-06-23,19.89
O01239,2025-05-16,PR0101,W02,C05,North,Express,11,3,2,2025-05-18,17.38
O01240,2025-09-21,PR0078,W05,C06,West,Economy,3,10,7,2025-09-28,38.61
O01241,2025-02-17,PR0122,W05,C03,West,Economy,1,10,13,2025-03-02,29.07
O01242,2025-01-27,PR0295,W10,C01,North,Standard,2,6,3,2025-01-30,18.96
O01243,2025-06-30,PR0197,W09,C07,South,Same Day,1,1,1,2025-07-01,27.39
O01244,2024-01-15,PR0180,W07,C04,East,Express,11,3,2,2024-01-17,29.1
O01245,2024-01-19,PR0275,W02,C08,North,Express,14,3,7,2024-01-26,35.24
O01246,2024-08-19,PR0191,W07,C06,East,Same Day,14,1,1,2024-08-20,40.74
O01247,2024-05-12,PR0104,W02,C02,North,Economy,3,10,16,2024-05-28,42.25
O01248,2025-05-30,PR0052,W01,C06,Central,Same Day,8,1,1,2025-05-31,32.57
O01249,2024-06-20,PR0254,W02,C07,North,Standard,4,6,6,2024-06-26,18.13
O01250,2024-11-01,PR0248,W04,C05,East,Economy,2,10,12,2024-11-13,49.91
O01251,2025-06-16,PR0036,W06,C08,Central,Same Day,13,1,1,2025-06-17,40.4
O01252,2025-03-20,PR0077,W09,C05,South,Same Day,9,1,1,2025-03-21,29.13
O01253,2025-05-16,PR0087,W04,C01,East,Express,1,3,1,2025-05-17,27.22
O01254,2024-06-17,PR0276,W08,C01,West,Standard,1,6,5,2024-06-22,22.8
O01255,2024-08-21,PR0133,W03,C07,South,Express,9,3,3,2024-08-24,34.08
O01256,2024-08-04,PR0019,W10,C05,North,Express,9,3,1,2024-08-05,28.09
O01257,2024-05-06,PR0133,W07,C05,East,Standard,14,6,4,2024-05-10,28.7
O01258,2025-01-19,PR0276,W04,C08,East,Standard,14,6,5,2025-01-24,8.77
O01259,2025-08-31,PR0185,W02,C07,North,Standard,1,6,3,2025-09-03,22.41
O01260,2025-10-31,PR0285,W10,C03,North,Standard,6,6,4,2025-11-04,6.82
O01261,2025-12-07,PR0104,W02,C07,North,Economy,10,10,7,2025-12-14,36.86
O01262,2025-03-30,PR0072,W08,C03,West,Standard,4,6,10,2025-04-09,19.0
O01263,2025-07-14,PR0132,W07,C08,East,Economy,5,10,10,2025-07-24,31.74
O01264,2025-12-19,PR0232,W03,C07,South,Express,5,3,3,2025-12-22,30.98
O01265,2025-12-12,PR0233,W02,C06,North,Same Day,6,1,1,2025-12-13,22.0
O01266,2025-03-06,PR0210,W10,C05,North,Same Day,1,1,1,2025-03-07,35.6
O01267,2025-09-29,PR0229,W06,C06,Central,Express,9,3,3,2025-10-02,28.78
O01268,2025-03-04,PR0078,W02,C06,North,Standard,9,6,7,2025-03-11,23.46
O01269,2024-10-16,PR0254,W02,C07,North,Standard,10,6,7,2024-10-23,24.38
O01270,2025-05-24,PR0108,W09,C01,South,Express,11,3,2,2025-05-26,25.34
O01271,2024-09-26,PR0104,W01,C08,Central,Express,11,3,4,2024-09-30,21.25
O01272,2025-01-01,PR0134,W05,C06,West,Same Day,3,1,1,2025-01-02,32.01
O01273,2024-06-13,PR0047,W02,C03,North,Economy,13,10,3,2024-06-16,28.69
O01274,2024-07-31,PR0049,W08,C01,West,Same Day,1,1,1,2024-08-01,24.75
O01275,2024-08-28,PR0106,W02,C02,North,Standard,11,6,8,2024-09-05,14.65
O01276,2025-11-18,PR0218,W02,C01,North,Standard,11,6,8,2025-11-26,11.47
O01277,2025-08-10,PR0088,W08,C02,West,Express,2,3,2,2025-08-12,20.93
O01278,2024-04-02,PR0093,W06,C06,Central,Standard,3,6,2,2024-04-04,17.03
O01279,2024-04-13,PR0269,W07,C05,East,Express,3,3,3,2024-04-16,33.83
O01280,2025-04-12,PR0261,W04,C03,East,Same Day,8,1,1,2025-04-13,36.95
O01281,2025-04-20,PR0116,W02,C06,North,Standard,8,6,4,2025-04-24,14.72
O01282,2024-06-27,PR0105,W02,C01,North,Same Day,8,1,1,2024-06-28,40.49
O01283,2025-01-03,PR0003,W04,C07,East,Economy,1,10,8,2025-01-11,23.76
O01284,2024-04-28,PR0270,W10,C04,North,Standard,4,6,8,2024-05-06,19.02
O01285,2024-01-10,PR0300,W09,C04,South,Express,3,3,4,2024-01-14,40.09
O01286,2024-12-02,PR0063,W07,C07,East,Economy,13,10,6,2024-12-08,26.98
O01287,2025-09-28,PR0198,W04,C08,East,Standard,12,6,4,2025-10-02,20.99
O01288,2025-01-16,PR0200,W07,C07,East,Express,7,3,4,2025-01-20,13.77
O01289,2024-04-26,PR0205,W05,C03,West,Economy,2,10,12,2024-05-08,34.44
O01290,2025-04-12,PR0029,W07,C05,East,Economy,5,10,10,2025-04-22,26.72
O01291,2025-12-07,PR0211,W05,C03,West,Economy,7,10,7,2025-12-14,31.71
O01292,2025-10-26,PR0179,W09,C07,South,Standard,8,6,8,2025-11-03,16.2
O01293,2024-05-15,PR0162,W02,C07,North,Express,14,3,2,2024-05-17,32.18
O01294,2024-04-16,PR0286,W08,C03,West,Economy,3,10,7,2024-04-23,22.53
O01295,2025-08-05,PR0209,W05,C02,West,Express,9,3,3,2025-08-08,36.26
O01296,2025-09-17,PR0187,W08,C05,West,Same Day,2,1,1,2025-09-18,32.65
O01297,2025-09-18,PR0159,W02,C07,North,Express,13,3,5,2025-09-23,32.5
O01298,2025-05-09,PR0269,W05,C04,West,Standard,14,6,2,2025-05-11,31.71
O01299,2025-02-25,PR0287,W08,C01,West,Standard,9,6,5,2025-03-02,26.72
O01300,2024-03-05,PR0014,W04,C02,East,Same Day,5,1,2,2024-03-07,41.08
O01301,2024-01-13,PR0104,W06,C05,Central,Express,7,3,3,2024-01-16,
O01302,2025-11-16,PR0256,W07,C05,East,Standard,4,6,10,2025-11-26,14.17
O01303,2025-03-19,PR0030,W03,C08,South,Economy,1,10,5,2025-03-24,36.58
O01304,2024-12-20,PR0289,W08,C02,West,Express,5,3,1,2024-12-21,20.07
O01305,2025-07-25,PR0057,W06,C07,Central,Standard,6,6,2,2025-07-27,20.67
O01306,2024-01-12,PR0250,W09,C02,South,Economy,13,10,11,2024-01-23,47.27
O01307,2025-05-22,PR0106,W09,C02,South,Standard,5,6,9,2025-05-31,29.95
O01308,2025-05-18,PR0010,W07,C06,East,Express,6,3,2,2025-05-20,41.16
O01309,2024-12-04,PR0231,W07,C07,East,Standard,14,6,5,2024-12-09,25.88
O01310,2025-06-03,PR0241,W03,C03,South,Economy,7,10,12,2025-06-15,29.75
O01311,2025-02-16,PR0243,W03,C01,South,Standard,1,6,2,2025-02-18,20.85
O01312,2025-04-15,PR0060,W05,C03,West,Economy,3,10,4,2025-04-19,31.21
O01313,2024-03-31,PR0091,W08,C07,West,Economy,5,10,7,2024-04-07,22.32
O01314,2024-11-19,PR0021,W02,C04,North,Economy,4,10,5,2024-11-24,46.06
O01315,2025-10-31,PR0031,W10,C08,North,Standard,14,6,7,2025-11-07,29.0
O01316,2025-02-17,PR0108,W05,C02,West,Standard,4,6,7,2025-02-24,19.46
O01317,2025-07-24,PR0125,W01,C04,Central,Standard,9,6,6,2025-07-30,17.26
O01318,2024-04-03,PR0123,W01,C01,Central,Same Day,6,1,1,2024-04-04,28.12
O01319,2025-06-04,PR0226,W01,C05,Central,Express,14,3,3,2025-06-07,20.64
O01320,2025-11-01,PR0021,W05,C01,West,Same Day,11,1,1,2025-11-02,24.75
O01321,2025-01-07,PR0135,W02,C03,North,Express,12,3,3,2025-01-10,28.82
O01322,2025-04-10,PR0265,W07,C04,East,Economy,3,10,8,2025-04-18,14.16
O01323,2025-11-03,PR0113,W04,C01,East,Economy,1,10,14,2025-11-17,36.26
O01324,2024-04-26,PR0015,W02,C05,North,Express,1,3,2,2024-04-28,38.63
O01325,2024-01-03,PR0141,W07,C02,East,Same Day,2,1,1,2024-01-04,13.37
O01326,2025-10-10,PR0142,W07,C02,East,Same Day,12,1,1,2025-10-11,27.55
O01327,2025-12-19,PR0195,W10,C03,North,Standard,10,6,6,2025-12-25,23.22
O01328,2024-06-17,PR0062,W08,C05,West,Express,14,3,4,2024-06-21,30.91
O01329,2025-02-23,PR0286,W02,C06,North,Same Day,2,1,1,2025-02-24,29.86
O01330,2025-09-17,PR0154,W03,C03,South,Express,11,3,3,2025-09-20,31.68
O01331,2024-05-03,PR0287,W05,C02,West,Express,3,3,2,2024-05-05,30.82
O01332,2025-04-13,PR0086,W03,C08,South,Same Day,2,1,1,2025-04-14,24.72
O01333,2024-04-20,PR0264,W08,C05,West,Standard,14,6,6,2024-04-26,19.98
O01334,2025-10-10,PR0150,W06,C03,Central,Standard,9,6,7,2025-10-17,21.13
O01335,2025-04-06,PR0004,W08,C08,West,Express,11,3,3,2025-04-09,31.25
O01336,2025-05-25,PR0265,W10,C04,North,Standard,12,6,4,2025-05-29,9.48
O01337,2025-07-20,PR0006,W05,C01,West,Economy,6,10,12,2025-08-01,41.27
O01338,2025-06-04,PR0190,W09,C02,South,Express,12,3,4,2025-06-08,26.05
O01339,2024-05-11,PR0048,W02,C05,North,Economy,9,10,11,2024-05-22,21.31
O01340,2025-11-04,PR0074,W01,C02,Central,Same Day,10,1,1,2025-11-05,7.93
O01341,2025-05-31,PR0230,W08,C04,West,Economy,5,10,7,2025-06-07,28.97
O01342,2025-09-15,PR0111,W09,C06,South,Same Day,14,1,1,2025-09-16,22.52
O01343,2025-02-11,PR0082,W07,C06,East,Same Day,7,1,1,2025-02-12,46.58
O01344,2025-04-08,PR0037,W09,C04,South,Express,10,3,4,2025-04-12,19.03
O01345,2025-02-26,PR0216,W06,C02,Central,Same Day,9,1,1,2025-02-27,35.68
O01346,2025-12-19,PR0094,W06,C02,Central,Same Day,5,1,1,2025-12-20,27.94
O01347,2025-12-29,PR0114,W06,C02,Central,Express,11,3,2,2025-12-31,28.19
O01348,2024-07-24,PR0039,W03,C06,South,Same Day,3,1,1,2024-07-25,31.31
O01349,2025-12-04,PR0278,W07,C02,East,Express,1,3,5,2025-12-09,7.98
O01350,2025-12-28,PR0183,W09,C04,South,Same Day,10,1,1,2025-12-29,35.77
O01351,2025-12-28,PR0086,W02,C02,North,Same Day,1,1,1,2025-12-29,30.43
O01352,2025-07-29,PR0247,W05,C05,West,Economy,8,10,11,2025-08-09,41.06
O01353,2025-11-21,PR0300,W01,C05,Central,Same Day,13,1,2,2025-11-23,28.87
O01354,2025-03-08,PR0125,W02,C04,North,Standard,8,6,3,2025-03-11,24.24
O01355,2024-01-26,PR0285,W08,C04,West,Express,10,3,2,2024-01-28,15.27
O01356,2024-02-24,PR0121,W10,C06,North,Express,8,3,2,2024-02-26,36.64
O01357,2024-09-30,PR0010,W09,C02,South,Same Day,14,1,2,2024-10-02,24.79
O01358,2025-11-30,PR0044,W04,C08,East,Express,3,3,2,2025-12-02,41.96
O01359,2024-03-04,PR0203,W07,C03,East,Express,1,3,3,2024-03-07,27.29
O01360,2025-07-08,PR0024,W02,C02,North,Same Day,5,1,1,2025-07-09,19.74
O01361,2025-04-08,PR0020,W10,C05,North,Express,7,3,1,2025-04-09,48.25
O01362,2025-10-24,PR0141,W06,C05,Central,Economy,7,10,9,2025-11-02,28.63
O01363,2024-08-31,PR0225,W06,C08,Central,Same Day,4,1,1,2024-09-01,28.29
O01364,2025-12-10,PR0068,W02,C02,North,Economy,13,10,15,2025-12-25,31.99
O01365,2025-01-31,PR0259,W05,C07,West,Same Day,11,1,1,2025-02-01,32.91
O01366,2025-07-19,PR0207,W10,C02,North,Standard,7,6,6,2025-07-25,15.19
O01367,2024-09-14,PR0235,W09,C07,South,Economy,14,10,5,2024-09-19,36.16
O01368,2024-08-18,PR0203,W07,C07,East,Express,12,3,3,2024-08-21,40.31
O01369,2024-07-17,PR0202,W04,C01,East,Economy,12,10,12,2024-07-29,42.87
O01370,2024-06-30,PR0128,W02,C02,North,Express,13,3,3,2024-07-03,14.37
O01371,2024-06-26,PR0242,W01,C04,Central,Standard,5,6,8,2024-07-04,15.3
O01372,2025-01-21,PR0016,W02,C06,North,Economy,10,10,7,2025-01-28,37.89
O01373,2024-10-12,PR0140,W06,C02,Central,Same Day,4,1,1,2024-10-13,37.46
O01374,2024-05-13,PR0121,W09,C05,South,Same Day,2,1,1,2024-05-14,43.46
O01375,2024-01-06,PR0015,W04,C07,East,Economy,4,10,9,2024-01-15,23.25
O01376,2025-12-27,PR0013,W09,C05,South,Standard,9,6,5,2026-01-01,14.42
O01377,2024-06-06,PR0284,W04,C04,East,Standard,14,6,7,2024-06-13,14.58
O01378,2025-10-02,PR0267,W06,C05,Central,Same Day,10,1,1,2025-10-03,34.44
O01379,2025-05-17,PR0233,W06,C07,Central,Same Day,2,1,1,2025-05-18,26.02
O01380,2024-03-15,PR0251,W04,C07,East,Express,2,3,1,2024-03-16,33.95
O01381,2024-07-07,PR0139,W01,C02,Central,Standard,7,6,8,2024-07-15,17.41
O01382,2025-06-01,PR0145,W03,C01,South,Economy,13,10,13,2025-06-14,8.52
O01383,2025-07-10,PR0145,W01,C03,Central,Economy,2,10,8,2025-07-18,30.36
O01384,2024-04-04,PR0233,W07,C08,East,Express,3,3,2,2024-04-06,25.05
O01385,2024-08-06,PR0113,W04,C04,East,Same Day,13,1,1,2024-08-07,33.62
O01386,2025-01-04,PR0029,W04,C04,East,Express,8,3,1,2025-01-05,29.6
O01387,2025-09-25,PR0168,W01,C04,Central,Economy,4,10,7,2025-10-02,35.93
O01388,2025-07-28,PR0108,W02,C08,North,Standard,9,6,3,2025-07-31,22.19
O01389,2025-11-15,PR0200,W04,C04,East,Economy,12,10,7,2025-11-22,24.78
O01390,2024-09-03,PR0182,W06,C02,Central,Express,7,3,3,2024-09-06,27.16
O01391,2024-02-10,PR0114,W07,C01,East,Economy,14,10,11,2024-02-21,18.69
O01392,2024-04-26,PR0158,W05,C06,West,Same Day,9,1,1,2024-04-27,50.5
O01393,2025-07-07,PR0109,W04,C04,East,Standard,6,6,2,2025-07-09,23.79
O01394,2025-06-13,PR0033,W04,C03,East,Economy,3,10,8,2025-06-21,21.02
O01395,2025-05-13,PR0233,W02,C01,North,Same Day,2,1,2,2025-05-15,37.95
O01396,2025-10-29,PR0246,W03,C02,South,Same Day,7,1,2,2025-10-31,30.91
O01397,2025-06-10,PR0012,W10,C02,North,Standard,3,6,6,2025-06-16,7.85
O01398,2024-06-20,PR0005,W01,C01,Central,Standard,5,6,7,2024-06-27,21.71
O01399,2025-10-03,PR0156,W10,C08,North,Express,14,3,1,2025-10-04,25.71
O01400,2025-11-17,PR0201,W09,C03,South,Economy,11,10,8,2025-11-25,18.1
O01401,2024-04-16,PR0149,W03,C03,South,Economy,7,10,6,2024-04-22,15.29
O01402,2025-10-24,PR0211,W10,C03,North,Express,9,3,5,2025-10-29,37.74
O01403,2024-01-25,PR0215,W05,C07,West,Same Day,14,1,1,2024-01-26,30.27
O01404,2024-02-08,PR0103,W10,C07,North,Standard,4,6,7,2024-02-15,12.51
O01405,2024-02-25,PR0115,W03,C03,South,Same Day,9,1,1,2024-02-26,28.43
O01406,2025-07-25,PR0041,W02,C07,North,standard,4,3,1,2025-07-26,29.46
O01407,2024-09-21,PR0257,W08,C06,West,Economy,5,10,10,2024-10-01,38.57
O01408,2025-04-06,PR0177,W08,C05,West,Economy,6,10,12,2025-04-18,36.3
O01409,2024-11-19,PR0168,W10,C05,North,Economy,14,10,7,2024-11-26,33.87
O01410,2025-11-20,PR0141,W10,C06,North,Standard,13,6,2,2025-11-22,10.79
O01411,2025-10-18,PR0187,W01,C06,Central,Standard,6,6,3,2025-10-21,6.97
O01412,2025-08-22,PR0143,W02,C04,North,Standard,5,6,5,2025-08-27,18.17
O01413,2025-01-01,PR0224,W06,C05,Central,Standard,5,6,6,2025-01-07,12.35
O01414,2024-10-23,PR0067,W04,C08,East,Standard,7,6,6,2024-10-29,10.85
O01415,2024-10-15,PR0043,W08,C08,West,Economy,13,10,12,2024-10-27,36.14
O01416,2025-02-08,PR0240,W10,C06,North,Economy,3,10,9,2025-02-17,26.35
O01417,2024-06-09,PR0167,W06,C01,Central,Express,4,3,1,2024-06-10,26.96
O01418,2024-05-19,PR0293,W08,C08,West,Same Day,9,1,1,2024-05-20,13.57
O01419,2025-10-11,PR0177,W03,C05,South,Same Day,7,1,1,2025-10-12,20.39
O01420,2025-11-24,PR0004,W07,C04,East,Standard,14,6,2,2025-11-26,12.41
O01421,2025-07-20,PR0276,W01,C07,Central,Express,2,3,8,2025-07-28,32.98
O01422,2024-05-06,PR0187,W10,C06,North,Standard,13,6,7,2024-05-13,22.46
O01423,2025-08-09,PR0011,W01,C06,Central,Economy,14,10,3,2025-08-12,45.77
O01424,2025-07-04,PR0251,W06,C04,Central,Standard,7,6,6,2025-07-10,36.42
O01425,2024-11-08,PR0215,W03,C06,South,Same Day,2,1,2,2024-11-10,44.07
O01426,2024-08-04,PR0278,W05,C08,West,Express,1,3,2,2024-08-06,25.17
O01427,2024-06-13,PR0248,W03,C03,South,Express,13,3,3,2024-06-16,29.78
O01428,2025-09-23,PR0272,W07,C08,East,Express,6,3,2,2025-09-25,13.21
O01429,2024-04-27,PR0146,W09,C07,South,Standard,8,6,4,2024-05-01,20.06
O01430,2025-07-16,PR0294,W08,C02,West,Standard,6,6,5,2025-07-21,5.78
O01431,2024-10-24,PR0095,W10,C07,North,Same Day,7,1,1,2024-10-25,11.92
O01432,2024-04-10,PR0285,W09,C03,South,Economy,6,10,10,2024-04-20,45.67
O01433,2024-12-04,PR0067,W04,C08,East,Express,6,3,3,2024-12-07,47.58
O01434,2025-11-18,PR0256,W03,C05,South,Standard,9,6,7,2025-11-25,32.51
O01435,2024-10-18,PR0223,W01,C04,Central,Standard,13,6,4,2024-10-22,11.49
O01436,2024-07-17,PR0112,W07,C07,East,Economy,13,10,5,2024-07-22,32.58
O01437,2025-04-06,PR0152,W07,C08,East,Same Day,13,1,1,2025-04-07,32.79
O01438,2025-12-11,PR0159,W06,C02,Central,Express,7,3,2,2025-12-13,42.42
O01439,2025-08-02,PR0268,W01,C04,Central,Same Day,1,1,1,2025-08-03,25.79
O01440,2024-11-19,PR0285,W08,C06,West,Express,5,3,3,2024-11-22,21.62
O01441,2024-01-05,PR0181,W07,C02,East,Express,9,3,2,2024-01-07,28.62
O01442,2024-08-14,PR0116,W05,C08,West,Same Day,14,1,2,2024-08-16,24.87
O01443,2025-01-03,PR0258,W03,C03,South,Same Day,4,1,1,2025-01-04,38.63
O01444,2025-05-06,PR0277,W08,C01,West,Economy,3,10,13,2025-05-19,37.79
O01445,2025-01-02,PR0139,W04,C07,,Economy,9,10,7,2025-01-09,26.43
O01446,2025-07-18,PR0012,W10,C08,North,Express,1,3,1,2025-07-19,47.86
O01447,2025-10-23,PR0149,W01,C03,Central,Standard,1,6,10,2025-11-02,6.71
O01448,2024-10-14,PR0261,W09,C07,South,Express,3,3,4,2024-10-18,36.31
O01449,2024-09-26,PR0248,W02,C03,North,Standard,7,6,4,2024-09-30,23.41
O01450,2024-01-20,PR0129,W06,C07,Central,Standard,3,6,4,2024-01-24,22.12
O01451,2025-08-18,PR0178,W06,C04,Central,Economy,1,10,8,2025-08-26,35.15
O01452,2025-08-27,PR0268,W09,C08,South,Standard,14,6,3,2025-08-30,23.25
O01453,2025-07-18,PR0018,W07,C05,East,Economy,6,10,8,2025-07-26,20.0
O01454,2025-10-31,PR0118,W09,C01,South,Same Day,1,1,1,2025-11-01,44.13
O01455,2025-02-05,PR0256,W09,C01,South,Same Day,7,1,1,2025-02-06,22.91
O01456,2024-05-17,PR0113,W05,C06,West,Standard,7,6,4,2024-05-21,12.16
O01457,2025-02-10,PR0208,W07,C01,East,Standard,13,6,8,2025-02-18,25.85
O01458,2025-11-09,PR0193,W09,C01,South,Express,10,3,4,2025-11-13,12.75
O01459,2025-06-10,PR0174,W09,C05,South,Economy,12,10,8,2025-06-18,24.03
O01460,2024-06-12,PR0044,W03,C03,South,Express,8,3,3,2024-06-15,30.13
O01461,2025-05-10,PR0176,W04,C05,East,Standard,3,6,3,2025-05-13,14.11
O01462,2024-08-12,PR0272,W08,C04,West,Express,8,3,4,2024-08-16,43.5
O01463,2024-03-05,PR0037,W04,C06,East,Same Day,2,1,1,2024-03-06,3.92
O01464,2024-08-27,PR0251,W02,C07,North,Express,7,3,2,2024-08-29,21.31
O01465,2025-06-14,PR0206,W07,C06,East,Economy,12,10,13,2025-06-27,18.35
O01466,2025-04-25,PR0266,W05,C03,West,Standard,13,6,3,2025-04-28,20.2
O01467,2024-02-10,PR0290,W04,C01,East,Standard,8,6,5,2024-02-15,27.7
O01468,2025-12-21,PR0163,W01,C08,Central,Same Day,6,1,1,2025-12-22,34.2
O01469,2024-09-26,PR0045,W06,C07,Central,Express,13,3,2,2024-09-28,17.06
O01470,2025-01-20,PR0291,W05,C03,,standard,1,1,1,2025-01-21,33.68
O01471,2025-08-24,PR0213,W10,C07,North,Same Day,11,1,1,2025-08-25,32.18
O01472,2025-01-20,PR0285,W03,C05,South,Economy,7,10,12,2025-02-01,27.11
O01473,2024-12-27,PR0066,W04,C06,East,Economy,13,10,14,2025-01-10,34.79
O01474,2025-05-08,PR0057,W01,C08,Central,Standard,7,6,2,2025-05-10,8.66
O01475,2025-05-28,PR0165,W09,C08,South,Economy,10,10,10,2025-06-07,43.12
O01476,2024-06-18,PR0150,W03,C06,South,Standard,1,6,4,2024-06-22,28.36
O01477,2025-06-10,PR0156,W07,C02,East,Express,8,3,1,2025-06-11,25.99
O01478,2024-06-02,PR0253,W03,C07,South,Express,14,3,1,2024-06-03,17.36
O01479,2025-01-05,PR0253,W06,C07,Central,Standard,1,6,5,2025-01-10,26.3
O01480,2025-11-07,PR0251,W09,C07,South,Economy,13,10,11,2025-11-18,36.07
O01481,2024-12-04,PR0294,W10,C04,North,Economy,2,10,7,2024-12-11,38.16
O01482,2025-11-22,PR0160,W05,C08,West,Economy,14,10,10,2025-12-02,34.32
O01483,2024-08-03,PR0086,W06,C02,Central,Express,1,3,4,2024-08-07,47.67
O01484,2025-10-24,PR0193,W05,C05,West,Standard,10,6,3,2025-10-27,13.76
O01485,2024-09-06,PR0172,W02,C07,North,Express,11,3,3,2024-09-09,24.87
O01486,2025-08-10,PR0166,W06,C04,Central,Express,6,3,1,2025-08-11,6.59
O01487,2024-05-17,PR0051,W01,C06,Central,Standard,11,6,6,2024-05-23,22.68
O01488,2025-08-09,PR0224,W09,C05,South,Standard,12,6,7,2025-08-16,16.56
O01489,2024-06-19,PR0189,W04,C01,East,Express,10,3,1,2024-06-20,27.73
O01490,2025-06-13,PR0187,W08,C02,West,Standard,5,6,2,2025-06-15,20.31
O01491,2025-11-08,PR0177,W04,C01,East,Standard,2,6,2,2025-11-10,26.86
O01492,2024-08-09,PR0138,W08,C04,West,Economy,8,10,6,2024-08-15,20.88
O01493,2025-05-08,PR0216,W03,C07,South,Express,12,3,4,2025-05-12,11.23
O01494,2025-02-24,PR0289,W01,C05,Central,Express,2,3,3,2025-02-27,34.18
O01495,2025-08-19,PR0008,W03,C05,South,Same Day,13,1,1,2025-08-20,28.73
O01496,2024-06-20,PR0078,W04,C08,East,Economy,14,10,15,2024-07-05,25.65
O01497,2025-09-02,PR0184,W01,C08,Central,Standard,8,6,5,2025-09-07,3.0
O01498,2024-08-23,PR0064,W08,C08,West,Economy,8,10,11,2024-09-03,22.73
O01499,2024-05-15,PR0120,W02,C06,North,Standard,9,6,9,2024-05-24,11.82
O01500,2024-07-26,PR0248,W01,C07,Central,Economy,8,10,7,2024-08-02,18.22
O01501,2024-06-02,PR0012,W01,C07,Central,Standard,1,6,6,2024-06-08,18.38
O01502,2024-06-30,PR0269,W05,C07,West,Standard,6,6,2,2024-07-02,23.58
O01503,2025-06-28,PR0041,W01,C02,Central,Standard,5,6,8,2025-07-06,21.0
O01504,2024-04-05,PR0234,W05,C05,West,Express,1,3,1,2024-04-06,34.77
O01505,2025-09-09,PR0232,W06,C06,Central,Standard,6,6,7,2025-09-16,3.0
O01506,2025-11-25,PR0019,W08,C06,,Economy,14,10,10,2025-12-05,31.01
O01507,2025-01-14,PR0022,W02,C08,North,Economy,8,10,7,2025-01-21,30.97
O01508,2024-08-22,PR0092,W08,C06,West,Economy,5,10,6,2024-08-28,29.88
O01509,2024-12-24,PR0290,W01,C06,Central,Standard,10,6,7,2024-12-31,18.76
O01510,2025-03-11,PR0226,W03,C02,South,Same Day,3,1,1,2025-03-12,19.75
O01511,2025-05-03,PR0026,W03,C01,South,Standard,3,6,5,2025-05-08,15.1
O01512,2024-10-17,PR0240,W01,C04,Central,Economy,12,10,15,2024-11-01,35.92
O01513,2024-09-20,PR0273,W09,C06,South,Standard,1,6,7,2024-09-27,
O01514,2025-12-27,PR0046,W02,C01,North,Standard,13,6,7,2026-01-03,12.17
O01515,2025-06-16,PR0142,W02,C01,North,Economy,10,10,9,2025-06-25,48.5
O01516,2025-11-01,PR0213,W09,C05,South,Same Day,8,1,1,2025-11-02,39.32
O01517,2025-02-22,PR0174,W04,C02,East,Standard,14,6,3,2025-02-25,16.64
O01518,2024-06-07,PR0233,W08,C03,West,Same Day,5,1,1,2024-06-08,29.06
O01519,2024-09-24,PR0282,W06,C03,Central,Economy,14,10,11,2024-10-05,19.74
O01520,2025-08-01,PR0125,W04,C02,East,Same Day,14,1,1,2025-08-02,32.36
O01521,2025-11-27,PR0029,W08,C01,West,Express,3,3,1,2025-11-28,28.37
O01522,2025-02-27,PR0191,W01,C02,Central,Economy,14,10,11,2025-03-10,12.88
O01523,2024-07-02,PR0017,W04,C07,East,Economy,1,10,8,2024-07-10,20.84
O01524,2024-09-16,PR0116,W07,C01,East,Same Day,11,1,1,2024-09-17,17.44
O01525,2025-12-23,PR0180,W05,C02,West,Express,13,3,4,2025-12-27,16.02
O01526,2025-11-06,PR0042,W10,C05,North,Express,6,3,3,2025-11-09,32.56
O01527,2025-04-02,PR0262,W09,C03,South,Standard,1,6,7,2025-04-09,3.0
O01528,2024-08-07,PR0119,W01,C05,Central,Economy,7,10,5,2024-08-12,48.87
O01529,2024-12-12,PR0052,W06,C04,Central,Standard,11,6,6,2024-12-18,26.82
O01530,2024-06-13,PR0099,W08,C03,West,Standard,11,6,5,2024-06-18,24.61
O01531,2024-04-03,PR0126,W09,C03,South,Economy,12,10,14,2024-04-17,36.88
O01532,2025-09-06,PR0056,W08,C08,West,Standard,13,6,5,2025-09-11,7.45
O01533,2024-03-06,PR0062,W04,C06,East,Express,5,3,3,2024-03-09,16.76
O01534,2025-01-14,PR0162,W10,C08,North,Standard,14,6,6,2025-01-20,14.27
O01535,2025-01-28,PR0149,W05,C01,West,Same Day,4,1,1,2025-01-29,40.67
O01536,2025-12-29,PR0253,W01,C08,Central,Standard,14,6,8,2026-01-06,4.68
O01537,2024-06-28,PR0101,W05,C01,West,Economy,6,10,12,2024-07-10,24.15
O01538,2024-01-11,PR0150,W09,C07,South,Same Day,2,1,1,2024-01-12,10.55
O01539,2024-07-18,PR0232,W02,C04,North,Express,13,3,3,2024-07-21,32.82
O01540,2025-09-21,PR0205,W09,C06,South,Standard,3,6,6,2025-09-27,25.79
O01541,2025-01-03,PR0200,W09,C05,South,Standard,5,6,6,2025-01-09,31.05
O01542,2024-06-10,PR0122,W02,C02,North,Same Day,6,1,1,2024-06-11,34.59
O01543,2025-02-13,PR0084,W07,C07,East,Economy,11,10,7,2025-02-20,26.4
O01544,2025-02-19,PR0156,W01,C07,Central,Express,9,3,3,2025-02-22,29.59
O01545,2025-06-14,PR0245,W02,C03,North,Standard,4,6,2,2025-06-16,24.6
O01546,2024-04-02,PR0227,W06,C05,Central,Same Day,13,1,1,2024-04-03,33.29
O01547,2025-07-26,PR0157,W06,C06,Central,Same Day,6,1,1,2025-07-27,40.22
O01548,2024-12-21,PR0247,W07,C03,East,Express,5,3,3,2024-12-24,33.87
O01549,2025-09-12,PR0054,W09,C04,South,Economy,3,10,13,2025-09-25,31.06
O01550,2025-02-17,PR0079,W01,C08,Central,Standard,12,6,7,2025-02-24,19.04
O01551,2024-09-24,PR0188,W09,C04,South,Economy,9,10,6,2024-09-30,22.87
O01552,2025-06-02,PR0235,W10,C08,North,Standard,8,6,5,2025-06-07,20.38
O01553,2025-05-30,PR0181,W07,C07,East,Same Day,11,1,2,2025-06-01,28.89
O01554,2024-04-29,PR0070,W06,C01,Central,Same Day,12,1,1,2024-04-30,25.71
O01555,2025-07-04,PR0060,W06,C02,Central,Same Day,11,1,1,2025-07-05,20.33
O01556,2025-12-11,PR0229,W05,C06,West,Economy,6,10,9,2025-12-20,36.51
O01557,2025-07-30,PR0277,W05,C02,West,Express,1,3,5,2025-08-04,20.0
O01558,2024-12-13,PR0001,W05,C05,West,Economy,12,10,11,2024-12-24,31.92
O01559,2025-08-23,PR0200,W10,C02,North,Economy,10,10,11,2025-09-03,20.1
O01560,2024-04-29,PR0129,W04,C04,East,Standard,3,6,9,2024-05-08,24.85
O01561,2025-01-26,PR0013,W03,C06,South,Express,10,3,6,2025-02-01,32.87
O01562,2024-11-19,PR0115,W05,C06,West,Same Day,11,1,2,2024-11-21,5.56
O01563,2025-06-12,PR0182,W01,C08,Central,Standard,14,6,7,2025-06-19,25.64
O01564,2025-12-18,PR0088,W07,C08,East,Express,14,3,7,2025-12-25,25.7
O01565,2024-10-21,PR0267,W10,C06,North,Economy,8,10,6,2024-10-27,33.84
O01566,2025-11-20,PR0035,W07,C08,East,Standard,9,6,3,2025-11-23,12.14
O01567,2025-07-21,PR0010,W03,C02,South,Economy,10,10,13,2025-08-03,28.88
O01568,2024-11-17,PR0176,W07,C06,East,Express,6,3,5,2024-11-22,29.89
O01569,2025-08-10,PR0268,W04,C02,East,Express,4,3,2,2025-08-12,29.47
O01570,2025-11-30,PR0109,W09,C04,South,Economy,5,10,14,2025-12-14,32.38
O01571,2024-07-23,PR0143,W09,C03,South,Express,4,3,2,2024-07-25,31.04
O01572,2024-09-28,PR0041,W09,C03,South,Express,1,3,1,2024-09-29,39.9
O01573,2024-07-26,PR0047,W03,C02,South,Same Day,1,1,1,2024-07-27,43.1
O01574,2024-06-08,PR0068,W02,C08,North,Standard,10,6,6,2024-06-14,25.87
O01575,2024-03-21,PR0022,W05,C05,West,Standard,12,6,9,2024-03-30,3.0
O01576,2025-07-08,PR0186,W02,C02,North,Economy,2,10,11,2025-07-19,18.82
O01577,2025-01-15,PR0168,W06,C08,Central,Same Day,7,1,1,2025-01-16,43.87
O01578,2025-05-19,PR0259,W01,C01,Central,Same Day,9,1,1,2025-05-20,24.62
O01579,2025-05-17,PR0181,W03,C02,South,Same Day,1,1,1,2025-05-18,35.31
O01580,2025-02-11,PR0217,W03,C06,South,Express,11,3,3,2025-02-14,27.48
O01581,2024-02-25,PR0028,W06,C03,Central,Economy,7,10,7,2024-03-03,45.89
O01582,2025-05-04,PR0269,W01,C01,Central,Standard,3,6,4,2025-05-08,15.91
O01583,2025-05-29,PR0253,W07,C02,East,Economy,1,10,5,2025-06-03,30.71
O01584,2025-12-03,PR0076,W03,C04,South,Economy,3,10,8,2025-12-11,26.65
O01585,2024-05-03,PR0076,W06,C06,Central,Economy,2,10,12,2024-05-15,26.4
O01586,2024-11-19,PR0005,W10,C05,North,Standard,8,6,2,2024-11-21,18.23
O01587,2025-11-21,PR0054,W09,C01,South,Economy,12,10,10,2025-12-01,27.53
O01588,2025-08-17,PR0237,W02,C07,North,Same Day,1,1,1,2025-08-18,24.44
O01589,2025-01-05,PR0274,W01,C04,Central,Same Day,8,1,1,2025-01-06,22.67
O01590,2024-07-10,PR0075,W06,C02,Central,Same Day,2,1,1,2024-07-11,27.67
O01591,2024-08-30,PR0006,W07,C02,East,Economy,5,10,4,2024-09-03,38.93
O01592,2025-09-19,PR0236,W04,C06,East,Same Day,7,1,1,2025-09-20,34.34
O01593,2024-07-07,PR0130,W08,C01,West,Economy,3,10,3,2024-07-10,23.78
O01594,2024-08-03,PR0127,W05,C03,West,Same Day,5,1,1,2024-08-04,24.34
O01595,2025-01-08,PR0193,W08,C02,West,Same Day,8,1,1,2025-01-09,31.47
O01596,2025-04-06,PR0105,W09,C04,South,Express,14,3,1,2025-04-07,33.23
O01597,2025-08-12,PR0009,W03,C05,South,Standard,6,6,8,2025-08-20,3.0
O01598,2024-10-03,PR0160,W03,C04,South,Economy,6,10,5,2024-10-08,35.76
O01599,2025-01-25,PR0164,W03,C04,South,Express,7,3,3,2025-01-28,23.83
O01600,2024-06-02,PR0297,W05,C06,West,Standard,1,6,5,2024-06-07,15.8
O01601,2024-06-29,PR0269,W08,C07,West,Economy,6,10,11,2024-07-10,20.84
O01602,2024-05-17,PR0051,W01,C03,Central,Same Day,6,1,1,2024-05-18,35.56
O01603,2025-05-13,PR0041,W07,C03,East,Same Day,5,1,2,2025-05-15,29.93
O01604,2025-07-29,PR0054,W06,C03,Central,Standard,5,6,2,2025-07-31,22.06
O01605,2025-02-11,PR0009,W10,C05,North,Express,3,3,4,2025-02-15,6.38
O01606,2024-03-02,PR0223,W09,C04,South,Same Day,1,1,1,2024-03-03,33.69
O01607,2025-05-02,PR0292,W10,C05,North,Economy,13,10,8,2025-05-10,31.33
O01608,2024-12-08,PR0140,W04,C02,East,Same Day,3,1,2,2024-12-10,29.54
O01609,2025-01-03,PR0078,W06,C06,Central,Same Day,1,1,1,2025-01-04,24.06
O01610,2024-12-18,PR0220,W02,C01,North,Economy,8,10,9,2024-12-27,37.12
O01611,2024-05-04,PR0006,W07,C03,East,Express,11,3,4,2024-05-08,29.03
O01612,2025-08-13,PR0162,W06,C03,Central,Express,6,3,3,2025-08-16,34.62
O01613,2024-10-18,PR0206,W07,C05,East,Same Day,13,1,1,2024-10-19,37.87
O01614,2025-11-20,PR0148,W01,C02,Central,Economy,12,10,16,2025-12-06,21.74
O01615,2025-04-02,PR0295,W10,C05,North,Economy,3,10,6,2025-04-08,33.21
O01616,2025-09-20,PR0095,W07,C07,East,Economy,12,10,5,2025-09-25,34.39
O01617,2025-10-08,PR0153,W09,C07,South,Express,6,3,1,2025-10-09,8.42
O01618,2025-10-17,PR0111,W07,C02,East,Economy,1,10,11,2025-10-28,24.48
O01619,2025-10-08,PR0102,W06,C03,Central,Economy,14,10,11,2025-10-19,20.52
O01620,2024-03-14,PR0045,W02,C03,North,Express,1,3,4,2024-03-18,40.2
O01621,2024-12-17,PR0038,W03,C03,South,Same Day,5,1,1,2024-12-18,44.5
O01622,2024-11-20,PR0206,W07,C07,East,Same Day,9,1,1,2024-11-21,33.17
O01623,2025-09-11,PR0183,W08,C03,West,Same Day,3,1,1,2025-09-12,37.19
O01624,2025-03-31,PR0103,W04,C07,East,Economy,8,10,6,2025-04-06,31.19
O01625,2025-02-27,PR0059,W09,C06,South,Express,11,3,2,2025-03-01,18.69
O01626,2024-01-24,PR0043,W03,C07,South,Express,11,3,3,2024-01-27,16.45
O01627,2025-11-08,PR0029,W07,C01,East,Standard,14,6,6,2025-11-14,3.0
O01628,2024-08-03,PR0215,W09,C08,South,standard,11,10,4,2024-08-07,22.11
O01629,2024-04-15,PR0110,W02,C08,North,Standard,11,6,3,2024-04-18,3.5
O01630,2025-04-29,PR0005,W01,C04,Central,Standard,1,6,6,2025-05-05,25.32
O01631,2024-01-27,PR0072,W05,C08,West,Standard,2,6,7,2024-02-03,15.87
O01632,2024-04-16,PR0262,W04,C01,East,Express,7,3,3,2024-04-19,31.78
O01633,2024-03-27,PR0174,W05,C06,West,Same Day,14,1,1,2024-03-28,37.93
O01634,2024-08-22,PR0142,W09,C01,South,Same Day,7,1,1,2024-08-23,15.94
O01635,2025-03-29,PR0172,W03,C05,South,Express,13,3,1,2025-03-30,41.65
O01636,2025-06-23,PR0081,W09,C02,South,Standard,14,6,6,2025-06-29,23.13
O01637,2024-02-05,PR0135,W07,C08,East,Same Day,11,1,1,2024-02-06,23.01
O01638,2025-05-02,PR0186,W08,C01,West,Same Day,11,1,1,2025-05-03,31.36
O01639,2025-07-15,PR0175,W08,C05,West,Express,11,3,3,2025-07-18,30.12
O01640,2025-12-15,PR0141,W06,C04,Central,Express,10,3,2,2025-12-17,33.17
O01641,2025-08-28,PR0236,W01,C07,Central,Economy,10,10,8,2025-09-05,33.66
O01642,2025-10-08,PR0151,W06,C06,Central,Economy,5,10,10,2025-10-18,30.79
O01643,2025-06-20,PR0262,W06,C02,Central,Same Day,8,1,1,2025-06-21,40.55
O01644,2024-12-21,PR0061,W05,C05,West,Express,5,3,5,2024-12-26,24.39
O01645,2024-04-01,PR0252,W08,C08,West,Same Day,7,1,1,2024-04-02,14.31
O01646,2025-01-09,PR0191,W05,C06,West,Same Day,1,1,1,2025-01-10,36.47
O01647,2024-06-08,PR0093,W04,C05,East,Standard,12,6,6,2024-06-14,4.76
O01648,2024-01-01,PR0278,W06,C04,Central,Express,3,3,5,2024-01-06,19.14
O01649,2024-12-18,PR0212,W07,C04,East,Economy,13,10,8,2024-12-26,24.16
O01650,2025-07-01,PR0238,W10,C04,North,Economy,4,10,8,2025-07-09,36.47
O01651,2025-05-03,PR0078,W04,C04,East,Standard,11,6,7,2025-05-10,26.72
O01652,2025-03-16,PR0272,W04,C08,East,Express,5,3,4,2025-03-20,39.78
O01653,2024-01-08,PR0144,W01,C06,Central,Same Day,3,1,1,2024-01-09,35.08
O01654,2024-07-12,PR0145,W05,C07,West,Economy,3,10,10,2024-07-22,41.19
O01655,2025-02-08,PR0203,W03,C05,South,Express,4,3,5,2025-02-13,42.47
O01656,2025-10-23,PR0042,W05,C06,West,Economy,1,10,6,2025-10-29,32.02
O01657,2024-08-13,PR0068,W07,C08,East,Standard,8,6,8,2024-08-21,37.8
O01658,2025-03-08,PR0186,W03,C02,South,Same Day,5,1,1,2025-03-09,22.56
O01659,2024-10-18,PR0293,W06,C05,Central,Same Day,7,1,1,2024-10-19,30.91
O01660,2025-02-26,PR0251,W09,C01,South,Standard,6,6,7,2025-03-05,18.03
O01661,2024-07-05,PR0157,W09,C06,South,Same Day,6,1,1,2024-07-06,31.04
O01662,2024-04-23,PR0127,W08,C07,West,Economy,4,10,13,2024-05-06,43.02
O01663,2024-10-05,PR0282,W01,C05,Central,Economy,9,10,5,2024-10-10,22.36
O01664,2024-07-11,PR0189,W04,C02,East,Standard,8,6,7,2024-07-18,5.14
O01665,2024-06-04,PR0216,W02,C04,North,Standard,6,6,6,2024-06-10,30.65
O01666,2024-07-09,PR0030,W10,C05,North,Same Day,12,1,1,2024-07-10,19.58
O01667,2024-10-02,PR0113,W09,C07,South,Economy,4,10,12,2024-10-14,23.75
O01668,2024-01-09,PR0035,W09,C07,South,Standard,4,6,5,2024-01-14,15.7
O01669,2024-06-03,PR0060,W10,C05,North,Economy,13,10,13,2024-06-16,40.27
O01670,2024-08-10,PR0017,W07,C01,East,Economy,2,10,7,2024-08-17,25.79
O01671,2024-11-15,PR0007,W08,C04,West,Same Day,8,1,1,2024-11-16,24.86
O01672,2025-04-19,PR0074,W10,C02,North,Same Day,9,1,2,2025-04-21,23.91
O01673,2024-03-23,PR0233,W09,C02,South,Standard,12,6,2,2024-03-25,27.03
O01674,2024-09-29,PR0288,W08,C04,West,Standard,3,6,2,2024-10-01,24.4
O01675,2025-07-10,PR0005,W08,C07,West,Express,10,3,2,2025-07-12,38.86
O01676,2024-07-15,PR0166,W04,C04,East,Economy,3,10,8,2024-07-23,26.62
O01677,2024-01-13,PR0207,W10,C07,North,Express,14,3,3,2024-01-16,21.86
O01678,2025-01-29,PR0022,W05,C08,West,Express,3,3,2,2025-01-31,28.64
O01679,2024-02-04,PR0134,W03,C04,South,Economy,5,10,13,2024-02-17,23.39
O01680,2024-04-06,PR0148,W06,C04,Central,Express,5,3,2,2024-04-08,37.44
O01681,2025-04-29,PR0240,W08,C07,West,Same Day,11,1,1,2025-04-30,30.62
O01682,2024-11-26,PR0299,W03,C06,South,Standard,2,6,6,2024-12-02,13.36
O01683,2025-07-16,PR0158,W01,C01,Central,Standard,8,6,6,2025-07-22,3.38
O01684,2024-09-16,PR0084,W08,C01,West,Same Day,12,1,1,2024-09-17,12.68
O01685,2024-07-22,PR0184,W04,C01,East,Standard,3,6,7,2024-07-29,12.93
O01686,2025-11-13,PR0122,W03,C05,South,Standard,10,6,6,2025-11-19,17.04
O01687,2024-08-29,PR0033,W08,C08,West,Same Day,5,1,1,2024-08-30,28.25
O01688,2024-01-16,PR0128,W09,C03,South,standard,8,1,1,2024-01-17,29.62
O01689,2025-08-21,PR0243,W10,C03,North,Economy,8,10,10,2025-08-31,36.83
O01690,2024-09-05,PR0180,W02,C05,North,Standard,1,6,4,2024-09-09,27.86
O01691,2025-08-18,PR0110,W08,C04,West,Express,3,3,4,2025-08-22,27.72
O01692,2025-01-15,PR0116,W10,C02,North,Express,3,3,3,2025-01-18,36.76
O01693,2024-06-10,PR0167,W05,C08,West,Standard,1,6,5,2024-06-15,3.0
O01694,2025-12-03,PR0030,W01,C01,Central,Same Day,2,1,1,2025-12-04,19.8
O01695,2025-10-02,PR0265,W02,C03,North,Standard,2,6,7,2025-10-09,17.56
O01696,2024-12-30,PR0013,W09,C07,South,Standard,6,6,4,2025-01-03,36.73
O01697,2024-05-08,PR0027,W08,C02,West,Express,2,3,4,2024-05-12,35.23
O01698,2024-11-20,PR0079,W06,C06,Central,Same Day,14,1,1,2024-11-21,26.26
O01699,2025-03-25,PR0147,W03,C05,South,Standard,3,6,6,2025-03-31,30.96
O01700,2025-12-06,PR0193,W05,C02,West,Same Day,5,1,1,2025-12-07,22.06
O01701,2024-05-17,PR0227,W04,C07,East,Standard,5,6,4,2024-05-21,14.71
O01702,2025-05-11,PR0092,W05,C02,West,Same Day,3,1,1,2025-05-12,22.25
O01703,2025-07-09,PR0077,W05,C07,West,Express,5,3,2,2025-07-11,34.14
O01704,2025-08-03,PR0137,W09,C08,South,Same Day,7,1,1,2025-08-04,18.82
O01705,2024-11-27,PR0265,W05,C07,West,Same Day,11,1,1,2024-11-28,30.19
O01706,2025-09-05,PR0245,W06,C07,Central,Express,13,3,1,2025-09-06,41.74
O01707,2024-03-11,PR0206,W06,C04,Central,Express,4,3,3,2024-03-14,19.48
O01708,2025-04-05,PR0229,W04,C05,East,Same Day,12,1,1,2025-04-06,23.75
O01709,2025-07-08,PR0265,W04,C07,East,Economy,12,10,7,2025-07-15,35.03
O01710,2024-01-01,PR0134,W06,C04,Central,Economy,10,10,3,2024-01-04,33.43
O01711,2024-07-08,PR0089,W10,C04,North,Same Day,4,1,3,2024-07-11,25.05
O01712,2025-09-27,PR0074,W09,C08,South,Same Day,8,1,1,2025-09-28,34.4
O01713,2024-03-05,PR0216,W06,C01,Central,Economy,12,10,10,2024-03-15,26.54
O01714,2024-07-13,PR0080,W06,C02,Central,Economy,11,10,10,2024-07-23,31.67
O01715,2025-07-18,PR0215,W09,C07,South,Same Day,6,1,1,2025-07-19,23.1
O01716,2024-11-26,PR0055,W08,C07,West,Same Day,12,1,1,2024-11-27,23.75
O01717,2024-04-23,PR0138,W02,C08,North,Standard,13,6,3,2024-04-26,16.33
O01718,2024-02-14,PR0202,W03,C03,South,Express,9,3,2,2024-02-16,34.17
O01719,2024-02-02,PR0113,W09,C01,South,Standard,7,6,5,2024-02-07,24.77
O01720,2025-05-12,PR0144,W09,C01,South,Standard,9,6,3,2025-05-15,3.0
O01721,2024-02-02,PR0067,W01,C02,Central,Economy,9,10,8,2024-02-10,19.69
O01722,2025-11-04,PR0161,W05,C08,West,Same Day,4,1,1,2025-11-05,38.88
O01723,2024-02-20,PR0217,W07,C05,East,Express,1,3,1,2024-02-21,29.51
O01724,2025-09-12,PR0202,W10,C04,North,Standard,14,6,2,2025-09-14,19.51
O01725,2024-08-01,PR0204,W05,C05,West,Standard,6,6,6,2024-08-07,22.21
O01726,2025-04-24,PR0192,W02,C01,North,Same Day,3,1,1,2025-04-25,44.51
O01727,2025-07-25,PR0032,W05,C02,West,Same Day,13,1,2,2025-07-27,34.28
O01728,2025-12-26,PR0068,W10,C05,North,Same Day,14,1,1,2025-12-27,30.47
O01729,2025-06-25,PR0264,W02,C04,North,Standard,4,6,7,2025-07-02,37.95
O01730,2024-11-07,PR0223,W10,C07,North,Express,11,3,2,2024-11-09,28.66
O01731,2025-06-15,PR0294,W02,C05,North,Standard,3,6,8,2025-06-23,17.8
O01732,2024-08-24,PR0245,W01,C08,Central,Economy,7,10,4,2024-08-28,37.31
O01733,2024-07-13,PR0021,W03,C03,South,Express,12,3,4,2024-07-17,17.46
O01734,2025-08-06,PR0074,W09,C04,South,Economy,5,10,12,2025-08-18,31.14
O01735,2024-04-18,PR0096,W01,C05,Central,Same Day,2,1,1,2024-04-19,39.31
O01736,2025-11-21,PR0024,W05,C05,West,Economy,2,10,6,2025-11-27,21.1
O01737,2024-04-16,PR0222,W09,C01,South,Express,3,3,3,2024-04-19,44.26
O01738,2025-07-17,PR0005,W08,C08,West,Same Day,13,1,1,2025-07-18,27.97
O01739,2025-11-04,PR0061,W09,C08,South,Economy,14,10,7,2025-11-11,23.96
O01740,2024-12-26,PR0003,W04,C06,East,Same Day,11,1,1,2024-12-27,37.61
O01741,2025-01-15,PR0178,W08,C02,West,Economy,13,10,8,2025-01-23,19.38
O01742,2024-11-27,PR0033,W06,C07,Central,Express,5,3,3,2024-11-30,20.81
O01743,2025-07-30,PR0161,W06,C02,Central,Express,12,3,1,2025-07-31,22.37
O01744,2025-01-19,PR0283,W06,C01,Central,Same Day,14,1,1,2025-01-20,22.96
O01745,2025-01-03,PR0225,W08,C05,West,Economy,10,10,12,2025-01-15,20.58
O01746,2025-02-10,PR0033,W02,C08,North,Standard,6,6,5,2025-02-15,16.29
O01747,2024-10-18,PR0175,W01,C05,Central,Standard,7,6,6,2024-10-24,18.33
O01748,2025-06-14,PR0279,W03,C06,South,Same Day,14,1,1,2025-06-15,27.65
O01749,2024-01-07,PR0005,W07,C06,East,Express,5,3,4,2024-01-11,20.81
O01750,2024-08-07,PR0194,W04,C06,East,Standard,5,6,3,2024-08-10,19.59
O01751,2025-12-07,PR0056,W07,C08,East,Express,5,3,2,2025-12-09,24.62
O01752,2024-04-06,PR0081,W10,C03,North,Economy,11,10,14,2024-04-20,30.86
O01753,2024-12-30,PR0281,W09,C01,,Express,12,3,2,2025-01-01,20.97
O01754,2024-09-28,PR0116,W07,C02,East,Express,7,3,2,2024-09-30,24.38
O01755,2024-08-26,PR0216,W07,C04,East,Same Day,8,1,2,2024-08-28,43.49
O01756,2024-04-04,PR0110,W01,C04,Central,Economy,3,10,11,2024-04-15,22.65
O01757,2025-08-05,PR0160,W09,C08,South,Standard,6,6,6,2025-08-11,23.54
O01758,2024-11-28,PR0262,W05,C02,West,Express,9,3,3,2024-12-01,26.01
O01759,2025-05-14,PR0187,W06,C08,Central,Standard,10,6,5,2025-05-19,19.57
O01760,2025-09-01,PR0221,W04,C01,East,Standard,7,6,9,2025-09-10,26.69
O01761,2025-08-13,PR0270,W05,C04,West,standard,11,6,3,2025-08-16,15.08
O01762,2024-02-27,PR0101,W04,C07,East,Same Day,2,1,1,2024-02-28,18.0
O01763,2025-03-20,PR0125,W05,C05,West,Standard,9,6,5,2025-03-25,15.29
O01764,2024-08-20,PR0261,W01,C03,Central,Standard,12,6,8,2024-08-28,14.1
O01765,2025-10-11,PR0155,W05,C07,West,Standard,14,6,7,2025-10-18,24.06
O01766,2024-11-08,PR0194,W06,C04,Central,Standard,14,6,6,2024-11-14,22.08
O01767,2024-11-22,PR0159,W06,C01,Central,Express,7,3,1,2024-11-23,25.86
O01768,2024-11-30,PR0240,W01,C06,Central,Express,8,3,2,2024-12-02,36.38
O01769,2024-06-05,PR0219,W02,C01,North,Economy,13,10,7,2024-06-12,44.5
O01770,2025-04-01,PR0137,W06,C01,Central,Standard,5,6,5,2025-04-06,11.38
O01771,2024-08-15,PR0176,W05,C01,West,Same Day,5,1,1,2024-08-16,28.74
O01772,2025-02-07,PR0064,W09,C06,South,Express,14,3,1,2025-02-08,33.89
O01773,2024-12-10,PR0253,W10,C08,North,Economy,5,10,7,2024-12-17,29.53
O01774,2025-08-08,PR0253,W10,C04,North,Economy,6,10,9,2025-08-17,19.24
O01775,2024-09-25,PR0186,W02,C08,North,Economy,14,10,4,2024-09-29,14.49
O01776,2025-05-28,PR0066,W05,C04,West,Express,7,3,3,2025-05-31,17.45
O01777,2024-05-18,PR0162,W05,C05,West,Express,12,3,1,2024-05-19,25.43
O01778,2025-05-14,PR0204,W05,C03,West,Express,12,3,3,2025-05-17,39.99
O01779,2025-07-28,PR0266,W01,C06,Central,Express,7,3,3,2025-07-31,36.98
O01780,2024-09-05,PR0206,W10,C03,North,Same Day,8,1,1,2024-09-06,24.5
O01781,2025-03-16,PR0139,W07,C01,East,Standard,12,6,2,2025-03-18,13.89
O01782,2024-04-25,PR0084,W05,C08,West,Economy,7,10,13,2024-05-08,25.21
O01783,2025-01-09,PR0292,W04,C03,East,Express,11,3,2,2025-01-11,44.17
O01784,2024-11-24,PR0193,W07,C03,East,Standard,3,6,6,2024-11-30,15.04
O01785,2024-11-08,PR0076,W09,C03,South,Same Day,7,1,1,2024-11-09,25.81
O01786,2025-09-23,PR0229,W08,C06,West,Express,12,3,4,2025-09-27,23.57
O01787,2025-03-27,PR0146,W10,C01,North,Express,9,3,3,2025-03-30,23.74
O01788,2024-07-23,PR0229,W04,C06,East,Express,2,3,3,2024-07-26,37.35
O01789,2024-03-28,PR0187,W10,C08,North,Standard,4,6,4,2024-04-01,9.38
O01790,2024-09-05,PR0012,W06,C08,Central,Express,12,3,3,2024-09-08,31.56
O01791,2024-10-21,PR0018,W10,C02,North,Same Day,5,1,2,2024-10-23,29.55
O01792,2025-12-11,PR0164,W10,C05,North,Same Day,14,1,2,2025-12-13,31.26
O01793,2025-04-05,PR0261,W08,C06,West,Standard,2,6,8,2025-04-13,24.81
O01794,2024-12-05,PR0109,W09,C07,South,Express,7,3,1,2024-12-06,30.85
O01795,2024-07-27,PR0216,W01,C02,Central,Same Day,6,1,2,2024-07-29,
O01796,2025-07-15,PR0245,W05,C03,West,Express,5,3,1,2025-07-16,29.08
O01797,2025-12-12,PR0085,W10,C08,North,Economy,12,10,12,2025-12-24,47.34
O01798,2025-08-19,PR0210,W06,C06,Central,Standard,4,6,5,2025-08-24,25.76
O01799,2024-09-18,PR0055,W09,C05,South,Standard,9,6,5,2024-09-23,24.88
O01800,2024-10-17,PR0178,W09,C02,South,Same Day,7,1,1,2024-10-18,24.25
O01801,2024-02-24,PR0282,W05,C05,West,Standard,8,6,11,2024-03-06,39.66
O01802,2024-03-09,PR0058,W08,C05,West,Same Day,10,1,1,2024-03-10,38.0
O01803,2025-11-09,PR0205,W07,C02,East,Standard,6,6,5,2025-11-14,31.52
O01804,2024-01-20,PR0194,W04,C03,East,Economy,8,10,11,2024-01-31,35.02
O01805,2024-08-24,PR0249,W05,C04,West,Standard,13,6,8,2024-09-01,31.49
O01806,2024-11-19,PR0243,W08,C02,West,Standard,3,6,8,2024-11-27,13.79
O01807,2024-07-09,PR0261,W03,C04,South,Economy,4,10,11,2024-07-20,21.44
O01808,2025-07-28,PR0211,W02,C01,North,Standard,6,6,6,2025-08-03,17.59
O01809,2024-09-10,PR0046,W06,C08,Central,Same Day,12,1,2,2024-09-12,28.55
O01810,2024-12-07,PR0151,W05,C02,West,Economy,5,10,7,2024-12-14,41.61
O01811,2024-06-09,PR0207,W10,C03,North,Same Day,4,1,1,2024-06-10,34.19
O01812,2025-12-01,PR0036,W07,C05,East,Same Day,3,1,2,2025-12-03,32.37
O01813,2025-10-02,PR0207,W07,C07,East,Express,1,3,2,2025-10-04,33.84
O01814,2025-05-28,PR0262,W04,C07,East,Standard,12,6,2,2025-05-30,25.81
O01815,2025-10-02,PR0186,W04,C01,East,Economy,13,10,10,2025-10-12,19.89
O01816,2024-01-31,PR0009,W06,C01,Central,Same Day,13,1,1,2024-02-01,20.21
O01817,2024-08-18,PR0003,W09,C04,South,Same Day,13,1,1,2024-08-19,19.94
O01818,2025-02-06,PR0108,W09,C07,South,Standard,13,6,7,2025-02-13,22.07
O01819,2025-01-26,PR0008,W06,C07,Central,Express,7,3,4,2025-01-30,13.91
O01820,2025-03-03,PR0087,W03,C06,,Express,1,3,4,2025-03-07,26.27
O01821,2025-03-12,PR0262,W07,C05,East,Same Day,9,1,2,2025-03-14,28.01
O01822,2025-04-04,PR0286,W06,C05,Central,Express,2,3,5,2025-04-09,32.19
O01823,2024-07-30,PR0129,W03,C08,South,Express,9,3,5,2024-08-04,36.84
O01824,2024-05-21,PR0057,W07,C07,East,Express,14,3,3,2024-05-24,33.16
O01825,2025-03-16,PR0124,W09,C01,South,Express,4,3,4,2025-03-20,20.78
O01826,2024-11-21,PR0103,W02,C02,North,Standard,1,6,4,2024-11-25,22.18
O01827,2024-07-07,PR0120,W04,C06,East,standard,14,3,4,2024-07-11,47.09
O01828,2024-01-31,PR0169,W07,C05,East,Economy,11,10,13,2024-02-13,35.47
O01829,2025-02-25,PR0175,W07,C07,East,Economy,10,10,11,2025-03-08,36.44
O01830,2025-10-14,PR0060,W04,C06,East,Express,9,3,6,2025-10-20,42.26
O01831,2024-07-11,PR0180,W02,C07,North,Express,14,3,5,2024-07-16,21.23
O01832,2024-07-08,PR0067,W10,C01,North,Same Day,13,1,2,2024-07-10,38.48
O01833,2025-09-12,PR0192,W06,C02,Central,Express,12,3,1,2025-09-13,27.33
O01834,2025-09-02,PR0017,W03,C01,South,Express,1,3,3,2025-09-05,29.27
O01835,2025-12-04,PR0174,W02,C05,North,Same Day,1,1,1,2025-12-05,28.84
O01836,2024-03-22,PR0158,W05,C06,West,Express,14,3,1,2024-03-23,35.08
O01837,2025-05-29,PR0107,W01,C03,Central,Economy,8,10,12,2025-06-10,36.7
O01838,2025-12-30,PR0222,W04,C06,East,Express,11,3,4,2026-01-03,27.58
O01839,2025-01-31,PR0093,W08,C06,West,Economy,2,10,10,2025-02-10,18.43
O01840,2024-05-20,PR0055,W03,C06,South,Express,10,3,1,2024-05-21,24.39
O01841,2024-08-19,PR0040,W10,C02,North,Economy,9,10,8,2024-08-27,27.59
O01842,2024-01-16,PR0087,W07,C08,East,Economy,4,10,9,2024-01-25,32.3
O01843,2024-08-15,PR0145,W09,C03,South,Express,5,3,3,2024-08-18,37.75
O01844,2024-03-08,PR0127,W03,C07,South,standard,9,10,3,2024-03-11,23.78
O01845,2025-09-23,PR0268,W08,C04,West,Same Day,14,1,1,2025-09-24,37.79
O01846,2025-04-13,PR0210,W09,C04,South,Economy,1,10,10,2025-04-23,32.41
O01847,2025-02-18,PR0164,W10,C01,North,Economy,7,10,10,2025-02-28,34.54
O01848,2024-11-16,PR0117,W08,C07,West,Standard,5,6,6,2024-11-22,6.92
O01849,2025-06-17,PR0240,W02,C04,North,Economy,12,10,12,2025-06-29,29.94
O01850,2025-04-12,PR0212,W02,C01,North,Express,9,3,3,2025-04-15,29.18
O01851,2025-06-15,PR0053,W06,C05,Central,Economy,1,10,13,2025-06-28,37.45
O01852,2024-02-10,PR0019,W06,C05,Central,Economy,14,10,11,2024-02-21,49.38
O01853,2025-06-12,PR0116,W02,C05,North,Express,1,3,5,2025-06-17,30.11
O01854,2024-10-25,PR0094,W05,C03,West,Economy,6,10,10,2024-11-04,30.28
O01855,2024-11-07,PR0121,W07,C05,East,Economy,10,10,3,2024-11-10,17.59
O01856,2024-06-19,PR0226,W05,C01,West,Same Day,3,1,1,2024-06-20,30.74
O01857,2025-09-19,PR0077,W10,C02,North,Express,4,3,5,2025-09-24,34.74
O01858,2025-04-19,PR0276,W05,C02,West,Standard,9,6,2,2025-04-21,28.01
O01859,2025-05-27,PR0225,W02,C02,North,Express,12,3,4,2025-05-31,40.13
O01860,2025-08-22,PR0070,W06,C07,Central,Express,4,3,3,2025-08-25,24.11
O01861,2025-02-06,PR0088,W05,C06,West,Same Day,10,1,1,2025-02-07,12.81
O01862,2025-04-06,PR0292,W02,C06,North,Express,13,3,2,2025-04-08,26.64
O01863,2025-04-09,PR0006,W06,C06,Central,Express,6,3,3,2025-04-12,19.3
O01864,2025-04-10,PR0292,W02,C07,North,Same Day,14,1,1,2025-04-11,46.34
O01865,2024-11-27,PR0061,W09,C08,South,Standard,5,6,6,2024-12-03,13.33
O01866,2024-04-03,PR0089,W10,C08,,Economy,2,10,7,2024-04-10,40.08
O01867,2025-10-11,PR0026,W04,C02,East,Standard,4,6,8,2025-10-19,29.85
O01868,2025-06-20,PR0054,W05,C05,West,Express,10,3,1,2025-06-21,22.09
O01869,2025-01-22,PR0228,W01,C08,Central,Economy,1,10,13,2025-02-04,20.9
O01870,2024-02-14,PR0229,W03,C04,South,Same Day,5,1,1,2024-02-15,28.29
O01871,2025-08-02,PR0013,W03,C07,South,Express,2,3,1,2025-08-03,28.18
O01872,2024-05-28,PR0264,W03,C02,South,Standard,11,6,5,2024-06-02,12.8
O01873,2025-03-05,PR0159,W07,C01,East,Same Day,10,1,1,2025-03-06,45.79
O01874,2025-04-01,PR0056,W04,C01,East,Express,9,3,4,2025-04-05,33.04
O01875,2024-04-30,PR0026,W03,C05,South,Express,13,3,4,2024-05-04,5.93
O01876,2024-01-04,PR0177,W01,C07,Central,Same Day,2,1,2,2024-01-06,9.78
O01877,2024-01-13,PR0265,W05,C04,West,Economy,13,10,10,2024-01-23,18.2
O01878,2025-05-25,PR0087,W01,C03,Central,Standard,11,6,4,2025-05-29,15.44
O01879,2025-09-14,PR0247,W05,C05,West,Express,10,3,6,2025-09-20,27.63
O01880,2024-08-10,PR0185,W01,C05,Central,Economy,4,10,15,2024-08-25,24.29
O01881,2025-04-09,PR0198,W05,C01,West,Economy,5,10,5,2025-04-14,41.56
O01882,2024-03-22,PR0056,W06,C06,Central,Standard,10,6,5,2024-03-27,18.56
O01883,2024-09-07,PR0028,W01,C05,Central,Same Day,14,1,1,2024-09-08,33.2
O01884,2025-09-26,PR0132,W01,C01,Central,Express,14,3,6,2025-10-02,23.01
O01885,2024-02-20,PR0148,W03,C01,South,Express,1,3,4,2024-02-24,24.13
O01886,2024-02-26,PR0103,W07,C07,East,Standard,2,6,7,2024-03-04,19.81
O01887,2024-05-28,PR0201,W10,C03,North,Same Day,12,1,1,2024-05-29,28.5
O01888,2024-12-05,PR0026,W10,C03,North,Standard,14,6,6,2024-12-11,29.21
O01889,2024-04-21,PR0138,W05,C05,West,Express,11,3,2,2024-04-23,28.62
O01890,2024-06-14,PR0287,W07,C05,East,Express,1,3,1,2024-06-15,22.71
O01891,2025-04-11,PR0198,W01,C01,Central,Same Day,14,1,1,2025-04-12,25.47
O01892,2024-02-06,PR0239,W10,C07,North,Same Day,13,1,1,2024-02-07,26.87
O01893,2024-11-26,PR0188,W07,C03,East,Economy,10,10,6,2024-12-02,34.43
O01894,2024-03-10,PR0174,W05,C05,West,Standard,4,6,5,2024-03-15,24.56
O01895,2024-10-26,PR0186,W05,C02,West,Express,12,3,2,2024-10-28,28.33
O01896,2024-05-04,PR0172,W04,C02,East,Same Day,9,1,1,2024-05-05,24.95
O01897,2025-06-23,PR0116,W05,C06,West,Express,7,3,5,2025-06-28,21.62
O01898,2025-12-13,PR0224,W09,C02,South,Standard,2,6,6,2025-12-19,13.23
O01899,2024-04-21,PR0170,W06,C03,Central,Standard,2,6,6,2024-04-27,34.23
O01900,2025-05-10,PR0116,W06,C07,Central,Same Day,9,1,1,2025-05-11,25.62
O01901,2025-03-13,PR0047,W01,C07,Central,Same Day,8,1,1,2025-03-14,29.97
O01902,2024-09-22,PR0141,W06,C05,Central,Same Day,7,1,1,2024-09-23,46.22
O01903,2024-05-12,PR0275,W01,C04,Central,Economy,6,10,3,2024-05-15,35.62
O01904,2025-06-16,PR0263,W08,C07,West,Economy,13,10,13,2025-06-29,36.61
O01905,2024-07-03,PR0062,W01,C01,Central,Express,6,3,2,2024-07-05,26.4
O01906,2025-12-26,PR0101,W07,C01,East,Express,9,3,6,2026-01-01,40.01
O01907,2024-01-02,PR0051,W02,C04,North,Standard,3,6,6,2024-01-08,25.48
O01908,2025-04-21,PR0048,W10,C02,North,Express,9,3,2,2025-04-23,45.93
O01909,2025-09-22,PR0281,W08,C08,West,Economy,10,10,7,2025-09-29,22.07
O01910,2024-02-16,PR0200,W04,C06,East,Same Day,5,1,2,2024-02-18,34.58
O01911,2025-07-27,PR0050,W03,C03,South,Standard,11,6,3,2025-07-30,22.18
O01912,2025-10-17,PR0243,W03,C08,South,Same Day,3,1,2,2025-10-19,24.91
O01913,2024-09-17,PR0158,W02,C03,North,Same Day,10,1,1,2024-09-18,38.26
O01914,2024-11-03,PR0202,W01,C05,Central,Same Day,7,1,1,2024-11-04,29.01
O01915,2024-01-07,PR0164,W02,C06,North,Same Day,7,1,1,2024-01-08,39.93
O01916,2024-12-15,PR0273,W08,C04,West,Standard,2,6,7,2024-12-22,13.94
O01917,2024-06-28,PR0069,W03,C01,South,Same Day,4,1,1,2024-06-29,11.12
O01918,2024-12-12,PR0199,W08,C08,West,Economy,1,10,16,2024-12-28,23.48
O01919,2024-02-06,PR0013,W09,C04,South,Economy,10,10,11,2024-02-17,32.6
O01920,2024-06-08,PR0148,W08,C02,West,Same Day,2,1,1,2024-06-09,37.22
O01921,2025-04-18,PR0130,W05,C07,West,Standard,11,6,5,2025-04-23,24.29
O01922,2025-06-17,PR0186,W04,C06,East,Same Day,13,1,1,2025-06-18,39.81
O01923,2025-07-22,PR0058,W06,C04,Central,Standard,14,6,10,2025-08-01,22.67
O01924,2024-08-01,PR0288,W01,C02,Central,Same Day,11,1,1,2024-08-02,25.99
O01925,2024-12-28,PR0255,W02,C04,North,Express,3,3,2,2024-12-30,13.41
O01926,2024-10-14,PR0200,W02,C01,North,Same Day,5,1,1,2024-10-15,45.8
O01927,2025-01-19,PR0051,W01,C03,,Express,6,3,3,2025-01-22,26.77
O01928,2025-08-07,PR0053,W06,C01,Central,Economy,2,10,11,2025-08-18,33.1
O01929,2024-07-10,PR0107,W01,C04,Central,Standard,2,6,2,2024-07-12,22.16
O01930,2024-11-11,PR0125,W07,C08,East,Standard,7,6,7,2024-11-18,5.09
O01931,2024-10-05,PR0080,W08,C05,West,Standard,1,6,2,2024-10-07,3.0
O01932,2025-05-23,PR0177,W09,C07,South,Same Day,11,1,1,2025-05-24,30.34
O01933,2025-04-07,PR0034,W04,C07,East,Express,7,3,1,2025-04-08,
O01934,2025-06-21,PR0060,W04,C04,East,Express,6,3,1,2025-06-22,31.43
O01935,2024-04-24,PR0238,W07,C07,East,Standard,11,6,2,2024-04-26,15.63
O01936,2024-07-25,PR0103,W10,C04,North,Economy,8,10,6,2024-07-31,29.64
O01937,2025-06-02,PR0241,W02,C07,North,Economy,3,10,11,2025-06-13,35.13
O01938,2025-05-27,PR0159,W03,C01,South,Express,3,3,2,2025-05-29,39.87
O01939,2024-12-14,PR0230,W08,C05,West,Same Day,11,1,1,2024-12-15,23.46
O01940,2024-12-01,PR0213,W03,C07,South,Standard,9,6,3,2024-12-04,11.26
O01941,2025-06-12,PR0163,W03,C02,South,Express,6,3,2,2025-06-14,23.85
O01942,2024-02-07,PR0148,W05,C03,West,Economy,6,10,6,2024-02-13,32.55
O01943,2025-12-31,PR0272,W01,C03,Central,Standard,8,6,4,2026-01-04,13.87
O01944,2024-01-05,PR0007,W04,C08,East,Standard,6,6,4,2024-01-09,26.61
O01945,2025-12-04,PR0200,W01,C02,Central,Standard,6,6,5,2025-12-09,3.0
O01946,2024-12-07,PR0130,W08,C07,West,Standard,4,6,4,2024-12-11,24.06
O01947,2024-04-15,PR0054,W01,C08,Central,Same Day,1,1,1,2024-04-16,32.44
O01948,2024-01-24,PR0203,W01,C03,Central,Same Day,14,1,1,2024-01-25,37.16
O01949,2025-10-16,PR0169,W09,C04,South,Same Day,7,1,1,2025-10-17,17.06
O01950,2024-07-24,PR0269,W09,C04,South,Same Day,7,1,1,2024-07-25,53.25
O01951,2024-10-10,PR0174,W06,C04,Central,Same Day,4,1,1,2024-10-11,21.21
O01952,2025-03-27,PR0148,W02,C04,North,Same Day,5,1,2,2025-03-29,33.01
O01953,2024-06-01,PR0210,W09,C07,South,Same Day,9,1,1,2024-06-02,38.34
O01954,2024-04-27,PR0073,W10,C03,North,Standard,8,6,6,2024-05-03,9.0
O01955,2024-07-30,PR0142,W01,C04,Central,Same Day,13,1,1,2024-07-31,23.97
O01956,2025-07-16,PR0091,W07,C07,East,Same Day,7,1,1,2025-07-17,29.79
O01957,2024-05-24,PR0055,W04,C03,East,Express,12,3,2,2024-05-26,28.01
O01958,2024-06-24,PR0020,W10,C06,North,Same Day,5,1,1,2024-06-25,32.33
O01959,2025-09-19,PR0232,W07,C05,East,Economy,7,10,9,2025-09-28,26.78
O01960,2024-02-21,PR0116,W09,C05,South,Standard,5,6,3,2024-02-24,27.22
O01961,2025-04-27,PR0171,W02,C01,North,Standard,5,6,3,2025-04-30,
O01962,2025-01-27,PR0125,W10,C01,North,Standard,1,6,8,2025-02-04,30.78
O01963,2025-03-12,PR0022,W08,C01,West,Express,13,3,4,2025-03-16,32.55
O01964,2025-12-22,PR0230,W01,C01,Central,Economy,13,10,12,2026-01-03,35.46
O01965,2025-09-23,PR0040,W07,C05,East,Same Day,4,1,1,2025-09-24,23.6
O01966,2024-12-06,PR0240,W09,C01,South,Standard,8,6,7,2024-12-13,16.99
O01967,2025-04-21,PR0199,W01,C07,Central,Express,5,3,3,2025-04-24,40.15
O01968,2024-04-05,PR0215,W08,C05,West,Standard,14,6,3,2024-04-08,12.87
O01969,2025-04-11,PR0291,W04,C03,East,Economy,1,10,8,2025-04-19,43.14
O01970,2025-04-26,PR0114,W03,C04,South,Express,12,3,5,2025-05-01,28.99
O01971,2024-05-27,PR0232,W01,C04,Central,Same Day,1,1,2,2024-05-29,31.46
O01972,2025-01-07,PR0123,W05,C03,West,Express,3,3,3,2025-01-10,14.07
O01973,2025-12-17,PR0143,W07,C03,East,Same Day,6,1,1,2025-12-18,34.26
O01974,2025-04-09,PR0294,W05,C01,West,Standard,6,6,6,2025-04-15,6.99
O01975,2024-03-07,PR0266,W05,C05,West,Standard,12,6,5,2024-03-12,36.22
O01976,2024-12-25,PR0292,W08,C01,West,Economy,6,10,9,2025-01-03,29.5
O01977,2024-06-23,PR0001,W07,C06,East,Same Day,6,1,2,2024-06-25,14.87
O01978,2025-09-10,PR0023,W01,C01,Central,Express,11,3,4,2025-09-14,30.32
O01979,2025-06-04,PR0201,W02,C07,North,Economy,3,10,11,2025-06-15,36.53
O01980,2024-04-19,PR0151,W07,C05,East,Standard,8,6,5,2024-04-24,16.72
O01981,2024-11-05,PR0299,W01,C06,Central,Economy,6,10,14,2024-11-19,16.27
O01982,2025-02-14,PR0020,W06,C01,Central,Economy,7,10,8,2025-02-22,36.36
O01983,2024-09-01,PR0201,W06,C01,Central,Express,5,3,2,2024-09-03,39.06
O01984,2025-07-15,PR0124,W03,C01,South,Economy,2,10,9,2025-07-24,24.98
O01985,2025-01-28,PR0274,W02,C02,North,Same Day,13,1,1,2025-01-29,24.15
O01986,2024-08-01,PR0162,W06,C01,Central,Economy,1,10,13,2024-08-14,45.29
O01987,2025-03-21,PR0237,W06,C06,Central,Same Day,2,1,1,2025-03-22,21.99
O01988,2025-07-11,PR0299,W03,C07,South,Express,12,3,4,2025-07-15,36.5
O01989,2025-11-09,PR0199,W02,C05,North,Economy,1,10,11,2025-11-20,51.21
O01990,2024-04-27,PR0240,W06,C02,Central,Economy,12,10,4,2024-05-01,31.17
O01991,2024-11-29,PR0006,W01,C03,Central,Standard,9,6,2,2024-12-01,28.07
O01992,2025-03-31,PR0222,W09,C07,South,Same Day,6,1,1,2025-04-01,26.3
O01993,2025-02-19,PR0271,W02,C06,North,Standard,8,6,3,2025-02-22,13.96
O01994,2025-12-02,PR0001,W06,C04,Central,Economy,14,10,13,2025-12-15,16.62
O01995,2024-12-01,PR0169,W05,C04,West,Standard,10,6,7,2024-12-08,14.5
O01996,2024-04-02,PR0259,W09,C03,South,Express,13,3,2,2024-04-04,37.18
O01997,2025-08-17,PR0097,W02,C01,North,Express,2,3,2,2025-08-19,28.39
O01998,2025-11-07,PR0172,W09,C08,South,Economy,10,10,6,2025-11-13,25.22
O01999,2025-06-28,PR0115,W04,C06,East,Economy,13,10,8,2025-07-06,32.79
O02000,2025-09-22,PR0172,W01,C01,Central,Economy,6,10,6,2025-09-28,19.89
O02001,2024-07-19,PR0039,W09,C01,South,Same Day,12,1,1,2024-07-20,14.42
O02002,2024-11-02,PR0112,W01,C03,Central,Same Day,9,1,1,2024-11-03,32.77
O02003,2025-03-21,PR0158,W04,C07,East,Standard,5,6,8,2025-03-29,3.0
O02004,2025-08-19,PR0076,W02,C01,North,Economy,4,10,12,2025-08-31,48.77
O02005,2024-05-10,PR0225,W04,C05,East,Standard,5,6,7,2024-05-17,3.0
O02006,2025-01-13,PR0280,W06,C08,Central,Standard,7,6,7,2025-01-20,16.98
O02007,2024-01-01,PR0200,W01,C06,Central,Same Day,1,1,1,2024-01-02,19.64
O02008,2024-04-22,PR0153,W07,C06,East,Standard,4,6,7,2024-04-29,11.1
O02009,2024-08-28,PR0196,W05,C05,West,Economy,1,10,9,2024-09-06,34.39
O02010,2025-10-02,PR0043,W04,C01,East,Economy,2,10,4,2025-10-06,42.55
O02011,2025-02-19,PR0089,W05,C05,West,Economy,3,10,11,2025-03-02,21.9
O02012,2025-07-12,PR0028,W09,C01,South,Express,13,3,2,2025-07-14,35.46
O02013,2025-05-01,PR0144,W03,C05,,Express,1,3,4,2025-05-05,27.07
O02014,2025-07-22,PR0067,W08,C08,West,Same Day,1,1,1,2025-07-23,36.47
O02015,2025-03-03,PR0240,W03,C05,South,Same Day,10,1,1,2025-03-04,30.61
O02016,2025-11-17,PR0273,W09,C03,South,Express,8,3,4,2025-11-21,34.93
O02017,2024-01-12,PR0001,W02,C02,North,Standard,7,6,5,2024-01-17,3.0
O02018,2024-05-27,PR0224,W05,C06,West,Economy,12,10,5,2024-06-01,36.97
O02019,2024-05-19,PR0172,W02,C07,North,Express,9,3,2,2024-05-21,40.3
O02020,2025-10-19,PR0249,W08,C03,West,Economy,6,10,12,2025-10-31,28.6
O02021,2025-12-13,PR0063,W06,C07,Central,Economy,8,10,7,2025-12-20,29.31
O02022,2025-09-30,PR0083,W09,C01,South,Economy,2,10,8,2025-10-08,17.94
O02023,2025-06-05,PR0034,W05,C02,West,Economy,7,10,12,2025-06-17,46.7
O02024,2025-01-28,PR0065,W07,C04,East,Express,10,3,3,2025-01-31,38.17
O02025,2024-07-09,PR0126,W08,C07,West,Standard,1,6,6,2024-07-15,28.67
O02026,2025-08-14,PR0099,W05,C04,West,Express,3,3,3,2025-08-17,34.05
O02027,2025-12-30,PR0090,W06,C08,Central,Same Day,14,1,1,2025-12-31,14.49
O02028,2025-02-24,PR0241,W06,C05,Central,Same Day,11,1,1,2025-02-25,36.37
O02029,2024-02-04,PR0051,W02,C01,North,Economy,14,10,9,2024-02-13,27.7
O02030,2025-12-22,PR0292,W04,C03,East,Standard,14,6,7,2025-12-29,12.08
O02031,2025-08-17,PR0270,W05,C01,West,Standard,12,6,8,2025-08-25,27.69
O02032,2024-05-25,PR0021,W06,C04,Central,Same Day,14,1,1,2024-05-26,11.85
O02033,2025-04-21,PR0029,W01,C03,Central,Standard,8,6,3,2025-04-24,38.35
O02034,2025-06-19,PR0171,W01,C07,Central,Standard,2,6,6,2025-06-25,9.1
O02035,2024-09-08,PR0284,W05,C06,West,Standard,4,6,4,2024-09-12,12.27
O02036,2025-12-01,PR0276,W06,C02,Central,Same Day,11,1,1,2025-12-02,30.37
O02037,2025-09-19,PR0141,W10,C08,North,Same Day,4,1,1,2025-09-20,31.64
O02038,2025-07-01,PR0186,W10,C08,North,Economy,2,10,8,2025-07-09,21.63
O02039,2025-04-09,PR0040,W01,C02,Central,Economy,13,10,7,2025-04-16,23.3
O02040,2025-08-10,PR0147,W04,C04,East,Economy,11,10,5,2025-08-15,35.0
O02041,2024-12-27,PR0181,W04,C04,East,Same Day,9,1,1,2024-12-28,36.27
O02042,2024-06-20,PR0017,W02,C05,North,Same Day,9,1,1,2024-06-21,41.5
O02043,2025-07-31,PR0104,W07,C02,East,Standard,1,6,4,2025-08-04,11.74
O02044,2025-10-06,PR0077,W08,C04,West,Express,8,3,3,2025-10-09,22.58
O02045,2025-08-09,PR0159,W10,C03,North,Same Day,10,1,2,2025-08-11,28.63
O02046,2025-10-01,PR0198,W10,C06,North,Same Day,5,1,1,2025-10-02,27.87
O02047,2025-05-11,PR0240,W10,C08,North,Express,10,3,1,2025-05-12,27.54
O02048,2025-06-01,PR0278,W02,C08,North,Same Day,14,1,1,2025-06-02,39.97
O02049,2024-09-15,PR0116,W09,C07,South,Same Day,10,1,1,2024-09-16,18.48
O02050,2024-10-08,PR0167,W04,C06,East,Standard,11,6,5,2024-10-13,19.66
O02051,2024-04-24,PR0175,W06,C03,Central,Express,6,3,1,2024-04-25,34.63
O02052,2025-08-28,PR0279,W03,C04,South,Economy,11,10,15,2025-09-12,25.86
O02053,2025-01-13,PR0120,W03,C06,South,Same Day,1,1,1,2025-01-14,58.49
O02054,2025-12-18,PR0197,W09,C03,South,Economy,11,10,10,2025-12-28,38.1
O02055,2024-07-04,PR0097,W01,C03,Central,Standard,4,6,4,2024-07-08,9.53
O02056,2024-12-17,PR0252,W02,C02,North,Express,7,3,6,2024-12-23,19.35
O02057,2025-09-01,PR0234,W09,C05,South,Economy,4,10,7,2025-09-08,29.36
O02058,2025-02-26,PR0105,W05,C06,West,Express,13,3,1,2025-02-27,31.58
O02059,2025-11-07,PR0014,W05,C01,West,Express,9,3,1,2025-11-08,14.5
O02060,2024-08-03,PR0032,W06,C04,Central,Same Day,14,1,1,2024-08-04,43.76
O02061,2024-02-25,PR0030,W07,C04,East,Standard,13,6,3,2024-02-28,21.42
O02062,2024-02-23,PR0244,W09,C03,South,Economy,14,10,7,2024-03-01,34.47
O02063,2025-02-12,PR0165,W05,C05,West,Same Day,8,1,1,2025-02-13,46.97
O02064,2025-05-02,PR0281,W06,C01,Central,Express,6,3,3,2025-05-05,19.03
O02065,2025-01-23,PR0299,W05,C01,West,Economy,13,10,6,2025-01-29,27.25
O02066,2024-09-25,PR0073,W09,C05,South,Economy,7,10,9,2024-10-04,30.64
O02067,2024-01-13,PR0244,W07,C08,East,Economy,6,10,8,2024-01-21,31.47
O02068,2025-01-26,PR0056,W04,C02,East,Standard,11,6,4,2025-01-30,23.3
O02069,2024-04-09,PR0246,W06,C01,Central,Same Day,13,1,1,2024-04-10,27.96
O02070,2025-03-18,PR0089,W01,C08,Central,Same Day,8,1,2,2025-03-20,27.99
O02071,2024-12-09,PR0186,W07,C02,East,Same Day,5,1,1,2024-12-10,27.45
O02072,2024-04-10,PR0054,W07,C06,East,Economy,11,10,6,2024-04-16,23.51
O02073,2025-04-17,PR0169,W09,C07,South,Express,11,3,2,2025-04-19,39.16
O02074,2025-06-16,PR0296,W04,C06,East,Express,3,3,3,2025-06-19,26.79
O02075,2024-11-16,PR0184,W01,C01,Central,Standard,5,6,6,2024-11-22,21.33
O02076,2025-11-19,PR0039,W02,C02,North,Standard,8,6,2,2025-11-21,12.82
O02077,2024-01-13,PR0156,W08,C05,West,Standard,6,6,3,2024-01-16,13.44
O02078,2025-06-21,PR0199,W02,C07,North,Economy,8,10,9,2025-06-30,40.47
O02079,2024-12-25,PR0193,W03,C06,South,Same Day,4,1,1,2024-12-26,16.99
O02080,2024-09-14,PR0087,W03,C07,South,Standard,2,6,7,2024-09-21,9.98
O02081,2024-01-25,PR0054,W06,C03,Central,Standard,2,6,4,2024-01-29,26.68
O02082,2024-02-28,PR0256,W01,C03,Central,Express,12,3,1,2024-02-29,18.91
O02083,2025-09-05,PR0154,W02,C04,North,Standard,2,6,4,2025-09-09,7.65
O02084,2024-03-29,PR0127,W01,C02,Central,Express,10,3,4,2024-04-02,18.41
O02085,2025-01-19,PR0273,W01,C01,Central,Express,3,3,3,2025-01-22,25.78
O02086,2024-04-23,PR0244,W09,C06,South,Same Day,8,1,2,2024-04-25,39.62
O02087,2024-10-28,PR0108,W08,C05,West,Standard,7,6,8,2024-11-05,25.52
O02088,2025-10-16,PR0107,W08,C01,West,Same Day,8,1,1,2025-10-17,38.1
O02089,2025-03-13,PR0242,W04,C02,East,Same Day,14,1,1,2025-03-14,34.74
O02090,2024-06-14,PR0260,W02,C04,North,Same Day,8,1,1,2024-06-15,25.32
O02091,2024-03-04,PR0300,W05,C02,West,Economy,14,10,10,2024-03-14,49.75
O02092,2024-12-06,PR0201,W10,C08,North,Same Day,3,1,1,2024-12-07,36.26
O02093,2024-09-28,PR0246,W03,C03,South,Economy,8,10,7,2024-10-05,29.06
O02094,2024-03-12,PR0056,W05,C07,West,Express,11,3,2,2024-03-14,37.6
O02095,2025-09-16,PR0129,W05,C08,West,Express,12,3,1,2025-09-17,41.87
O02096,2025-10-22,PR0100,W05,C06,West,Standard,3,6,6,2025-10-28,13.01
O02097,2024-05-27,PR0081,W01,C04,Central,Economy,6,10,17,2024-06-13,29.34
O02098,2024-08-11,PR0095,W06,C07,Central,Standard,14,6,5,2024-08-16,23.95
O02099,2025-03-28,PR0099,W04,C03,East,Standard,11,6,6,2025-04-03,26.18
O02100,2024-02-05,PR0270,W10,C01,North,Standard,4,6,3,2024-02-08,27.22
O02101,2025-08-08,PR0236,W04,C05,East,Economy,8,10,6,2025-08-14,38.8
O02102,2024-01-20,PR0218,W08,C05,West,Express,8,3,3,2024-01-23,35.89
O02103,2025-10-30,PR0297,W10,C03,North,Standard,10,6,3,2025-11-02,16.9
O02104,2025-11-11,PR0218,W08,C06,West,Same Day,6,1,1,2025-11-12,26.65
O02105,2024-06-04,PR0023,W04,C02,East,Economy,12,10,11,2024-06-15,36.34
O02106,2025-08-11,PR0078,W02,C07,North,Economy,1,10,12,2025-08-23,28.34
O02107,2025-05-04,PR0271,W08,C06,West,Economy,12,10,9,2025-05-13,20.38
O02108,2024-03-12,PR0096,W01,C05,Central,Express,1,3,5,2024-03-17,30.48
O02109,2024-01-04,PR0260,W08,C08,West,Economy,11,10,3,2024-01-07,31.04
O02110,2024-05-04,PR0100,W01,C02,Central,Same Day,13,1,1,2024-05-05,18.52
O02111,2024-12-07,PR0198,W07,C08,East,Economy,8,10,8,2024-12-15,33.82
O02112,2024-02-26,PR0089,W02,C04,North,Same Day,5,1,1,2024-02-27,39.14
O02113,2025-07-01,PR0093,W07,C07,East,Standard,4,6,4,2025-07-05,18.96
O02114,2025-04-15,PR0076,W04,C07,East,Express,7,3,3,2025-04-18,22.34
O02115,2024-06-29,PR0267,W01,C01,Central,Standard,5,6,4,2024-07-03,13.42
O02116,2025-01-28,PR0184,W09,C08,South,Same Day,5,1,1,2025-01-29,26.84
O02117,2025-12-13,PR0024,W05,C02,West,Standard,9,6,4,2025-12-17,31.78
O02118,2025-10-07,PR0229,W04,C01,East,Economy,3,10,13,2025-10-20,22.16
O02119,2024-03-27,PR0289,W05,C01,West,Express,14,3,3,2024-03-30,26.53
O02120,2024-05-23,PR0150,W02,C08,North,Express,10,3,2,2024-05-25,46.07
O02121,2024-01-26,PR0146,W01,C03,Central,Express,6,3,4,2024-01-30,31.4
O02122,2025-05-15,PR0063,W05,C06,West,Standard,1,6,7,2025-05-22,13.18
O02123,2025-07-07,PR0186,W07,C03,East,Economy,12,10,8,2025-07-15,27.5
O02124,2025-06-30,PR0205,W05,C05,West,Standard,14,6,4,2025-07-04,28.4
O02125,2024-02-07,PR0082,W04,C04,East,Standard,12,6,5,2024-02-12,23.0
O02126,2024-12-11,PR0179,W02,C01,North,Economy,11,10,13,2024-12-24,21.77
O02127,2024-05-01,PR0293,W03,C04,South,Economy,9,10,8,2024-05-09,19.96
O02128,2025-11-25,PR0206,W01,C01,Central,Express,1,3,2,2025-11-27,28.38
O02129,2025-08-16,PR0183,W03,C04,South,Standard,6,6,7,2025-08-23,14.7
O02130,2024-02-07,PR0092,W09,C05,South,Economy,2,10,9,2024-02-16,15.13
O02131,2025-10-31,PR0030,W10,C02,North,Economy,2,10,10,2025-11-10,31.15
O02132,2025-09-25,PR0123,W10,C08,North,Express,10,3,1,2025-09-26,26.52
O02133,2025-12-19,PR0130,W09,C04,South,Standard,9,6,2,2025-12-21,26.42
O02134,2024-06-25,PR0035,W10,C08,North,Same Day,5,1,1,2024-06-26,36.4
O02135,2024-04-09,PR0105,W08,C08,West,Express,1,3,1,2024-04-10,38.58
O02136,2025-08-28,PR0163,W10,C02,North,Standard,3,6,5,2025-09-02,6.38
O02137,2024-04-26,PR0173,W05,C08,West,Express,11,3,2,2024-04-28,48.36
O02138,2024-03-05,PR0096,W09,C05,South,Economy,3,10,9,2024-03-14,26.88
O02139,2024-12-11,PR0098,W05,C07,West,Same Day,4,1,1,2024-12-12,31.0
O02140,2024-05-03,PR0180,W06,C05,Central,Express,4,3,3,2024-05-06,33.17
O02141,2024-11-25,PR0285,W03,C08,South,Standard,2,6,6,2024-12-01,28.9
O02142,2025-08-30,PR0110,W03,C08,South,Same Day,6,1,1,2025-08-31,20.6
O02143,2024-03-05,PR0025,W02,C02,North,Same Day,13,1,1,2024-03-06,34.32
O02144,2024-05-24,PR0092,W08,C02,West,Express,5,3,3,2024-05-27,25.91
O02145,2025-12-14,PR0263,W04,C08,East,Express,7,3,1,2025-12-15,27.15
O02146,2025-03-25,PR0175,W03,C07,South,Standard,6,6,3,2025-03-28,22.25
O02147,2024-05-16,PR0117,W10,C02,North,Economy,9,10,11,2024-05-27,23.12
O02148,2024-06-10,PR0282,W02,C04,North,Economy,3,10,11,2024-06-21,28.27
O02149,2024-03-23,PR0014,W02,C01,North,Standard,11,6,7,2024-03-30,8.17
O02150,2024-07-02,PR0168,W10,C07,North,Same Day,12,1,1,2024-07-03,24.14
O02151,2025-03-02,PR0277,W08,C06,West,Express,11,3,3,2025-03-05,35.05
O02152,2024-07-30,PR0177,W09,C07,South,Same Day,1,1,1,2024-07-31,25.98
O02153,2025-06-19,PR0130,W05,C08,West,Economy,4,10,9,2025-06-28,49.04
O02154,2024-09-01,PR0259,W03,C01,South,Standard,2,6,3,2024-09-04,24.02
O02155,2025-09-02,PR0169,W03,C07,South,Economy,2,10,8,2025-09-10,34.28
O02156,2025-09-18,PR0027,W10,C08,North,Same Day,2,1,1,2025-09-19,37.32
O02157,2024-12-22,PR0156,W08,C07,West,Standard,1,6,8,2024-12-30,26.57
O02158,2025-07-25,PR0204,W03,C07,South,Express,5,3,3,2025-07-28,43.08
O02159,2024-04-30,PR0290,W01,C06,Central,Standard,5,6,4,2024-05-04,7.89
O02160,2025-09-25,PR0296,W07,C01,East,Express,8,3,4,2025-09-29,34.52
O02161,2025-04-20,PR0176,W09,C08,South,Same Day,4,1,1,2025-04-21,32.23
O02162,2024-02-24,PR0262,W03,C07,South,Standard,4,6,3,2024-02-27,20.03
O02163,2024-06-01,PR0156,W08,C08,West,Economy,13,10,11,2024-06-12,32.54
O02164,2024-06-29,PR0164,W03,C02,South,Standard,2,6,4,2024-07-03,5.36
O02165,2024-02-25,PR0026,W07,C07,East,Same Day,5,1,1,2024-02-26,28.85
O02166,2024-08-02,PR0105,W05,C06,West,Same Day,11,1,1,2024-08-03,49.05
O02167,2024-12-08,PR0262,W01,C07,Central,Economy,3,10,11,2024-12-19,43.13
O02168,2024-02-14,PR0107,W10,C02,North,Standard,11,6,6,2024-02-20,13.84
O02169,2025-07-04,PR0030,W03,C04,South,Express,6,3,5,2025-07-09,31.41
O02170,2024-01-30,PR0135,W08,C03,West,Standard,1,6,5,2024-02-04,13.6
O02171,2024-03-13,PR0039,W09,C08,South,Economy,2,10,10,2024-03-23,31.84
O02172,2025-08-29,PR0044,W06,C03,Central,Same Day,7,1,2,2025-08-31,41.84
O02173,2025-03-05,PR0154,W03,C05,South,Same Day,5,1,1,2025-03-06,27.58
O02174,2024-08-23,PR0256,W10,C06,North,Same Day,11,1,1,2024-08-24,28.39
O02175,2024-08-21,PR0134,W10,C03,North,Express,7,3,3,2024-08-24,27.24
O02176,2025-02-26,PR0073,W03,C02,South,Economy,1,10,16,2025-03-14,42.32
O02177,2024-08-13,PR0281,W02,C03,North,Economy,13,10,11,2024-08-24,30.97
O02178,2025-08-22,PR0230,W08,C04,West,Standard,10,6,6,2025-08-28,12.33
O02179,2025-03-22,PR0014,W09,C05,South,Express,8,3,2,2025-03-24,32.45
O02180,2025-09-16,PR0227,W08,C03,West,Express,11,3,5,2025-09-21,35.33
O02181,2025-01-31,PR0133,W07,C04,East,Express,4,3,2,2025-02-02,39.81
O02182,2025-04-13,PR0112,W09,C02,South,Same Day,3,1,1,2025-04-14,41.22
O02183,2024-10-03,PR0139,W09,C03,South,Same Day,14,1,1,2024-10-04,32.62
O02184,2024-05-10,PR0025,W10,C03,North,Standard,14,6,7,2024-05-17,7.73
O02185,2024-10-14,PR0183,W03,C03,South,Standard,6,6,6,2024-10-20,7.53
O02186,2025-04-21,PR0178,W08,C05,West,Economy,14,10,8,2025-04-29,20.02
O02187,2024-06-24,PR0180,W04,C03,East,Express,1,3,3,2024-06-27,34.14
O02188,2024-10-29,PR0297,W01,C01,Central,Express,2,3,4,2024-11-02,37.79
O02189,2025-10-15,PR0064,W06,C07,,Express,11,3,4,2025-10-19,27.51
O02190,2025-08-14,PR0261,W01,C07,Central,Express,11,3,2,2025-08-16,27.55
O02191,2024-03-29,PR0270,W08,C02,West,Economy,4,10,8,2024-04-06,35.26
O02192,2024-08-09,PR0197,W06,C07,Central,Economy,1,10,14,2024-08-23,44.68
O02193,2025-04-18,PR0142,W04,C05,East,Standard,14,6,3,2025-04-21,27.01
O02194,2025-03-14,PR0293,W03,C03,South,Express,10,3,3,2025-03-17,23.39
O02195,2024-12-01,PR0134,W05,C03,West,Express,9,3,2,2024-12-03,23.09
O02196,2025-08-28,PR0053,W09,C06,South,Standard,2,6,7,2025-09-04,13.21
O02197,2025-03-03,PR0098,W02,C05,North,Standard,3,6,9,2025-03-12,9.74
O02198,2025-04-26,PR0248,W06,C04,Central,Standard,6,6,12,2025-05-08,17.18
O02199,2025-03-11,PR0106,W01,C05,Central,Economy,6,10,8,2025-03-19,24.69
O02200,2025-05-05,PR0291,W10,C08,North,Economy,9,10,7,2025-05-12,27.71
O02201,2025-05-22,PR0222,W09,C05,South,Standard,12,6,4,2025-05-26,22.14
O02202,2025-07-25,PR0072,W10,C03,North,Economy,8,10,8,2025-08-02,50.3
O02203,2024-08-11,PR0117,W09,C03,South,Same Day,13,1,1,2024-08-12,37.49
O02204,2024-10-29,PR0061,W03,C02,South,Standard,4,6,7,2024-11-05,33.53
O02205,2024-01-17,PR0254,W05,C05,West,Same Day,12,1,1,2024-01-18,29.91
O02206,2024-06-14,PR0165,W08,C04,West,Standard,13,6,3,2024-06-17,8.39
O02207,2025-04-10,PR0020,W08,C01,West,Express,10,3,1,2025-04-11,38.33
O02208,2025-12-21,PR0097,W08,C05,West,Express,5,3,3,2025-12-24,22.48
O02209,2025-01-14,PR0296,W05,C08,West,Standard,12,6,8,2025-01-22,5.82
O02210,2025-10-04,PR0183,W02,C02,North,Economy,7,10,12,2025-10-16,25.66
O02211,2025-12-08,PR0034,W04,C07,East,Standard,10,6,4,2025-12-12,17.99
O02212,2024-10-30,PR0138,W08,C06,West,Same Day,3,1,1,2024-10-31,34.92
O02213,2025-12-15,PR0212,W06,C01,Central,Express,11,3,4,2025-12-19,38.12
O02214,2025-12-02,PR0194,W10,C08,North,Same Day,11,1,1,2025-12-03,36.03
O02215,2024-02-26,PR0174,W01,C01,Central,Same Day,13,1,1,2024-02-27,47.5
O02216,2024-02-22,PR0082,W10,C08,North,Economy,5,10,6,2024-02-28,35.95
O02217,2025-01-09,PR0016,W08,C06,West,Standard,2,6,6,2025-01-15,8.88
O02218,2025-01-09,PR0096,W07,C01,East,Express,11,3,2,2025-01-11,23.74
O02219,2025-10-25,PR0258,W01,C07,Central,Standard,10,6,6,2025-10-31,35.36
O02220,2025-07-28,PR0204,W09,C02,South,Express,9,3,4,2025-08-01,32.66
O02221,2024-12-08,PR0173,W03,C07,South,Standard,12,6,2,2024-12-10,28.8
O02222,2025-10-26,PR0128,W05,C05,West,Express,8,3,3,2025-10-29,
O02223,2024-08-18,PR0221,W07,C03,East,Same Day,12,1,1,2024-08-19,43.32
O02224,2024-09-30,PR0008,W06,C02,Central,Economy,4,10,9,2024-10-09,38.66
O02225,2024-10-10,PR0102,W02,C06,North,Standard,6,6,9,2024-10-19,3.0
O02226,2025-01-16,PR0242,W04,C08,East,Economy,5,10,8,2025-01-24,32.96
O02227,2025-05-12,PR0015,W01,C02,Central,Standard,8,6,7,2025-05-19,24.06
O02228,2025-04-26,PR0050,W01,C07,,Same Day,11,1,1,2025-04-27,37.56
O02229,2025-04-07,PR0075,W06,C03,,Same Day,12,1,2,2025-04-09,38.41
O02230,2025-11-20,PR0126,W10,C01,,Express,5,3,3,2025-11-23,30.47
O02231,2025-04-13,PR0150,W02,C05,North,Standard,6,6,4,2025-04-17,21.08
O02232,2025-02-04,PR0154,W09,C05,South,Same Day,8,1,1,2025-02-05,34.3
O02233,2024-03-19,PR0097,W02,C05,North,Express,14,3,3,2024-03-22,9.08
O02234,2024-10-09,PR0201,W10,C04,North,Express,9,3,1,2024-10-10,16.9
O02235,2025-05-23,PR0106,W09,C08,South,Express,3,3,3,2025-05-26,28.77
O02236,2025-06-17,PR0010,W10,C03,North,Same Day,2,1,1,2025-06-18,38.47
O02237,2025-03-02,PR0132,W06,C04,Central,Express,8,3,3,2025-03-05,19.74
O02238,2025-04-30,PR0090,W07,C02,East,Economy,13,10,9,2025-05-09,34.84
O02239,2025-03-30,PR0037,W10,C06,North,Same Day,8,1,1,2025-03-31,26.84
O02240,2024-07-12,PR0006,W10,C01,North,Standard,12,6,3,2024-07-15,8.86
O02241,2024-08-25,PR0236,W06,C05,Central,Same Day,2,1,1,2024-08-26,27.51
O02242,2025-02-25,PR0283,W01,C04,Central,Same Day,12,1,1,2025-02-26,23.96
O02243,2025-11-02,PR0241,W07,C06,East,Economy,8,10,7,2025-11-09,42.17
O02244,2025-08-30,PR0287,W01,C05,Central,Economy,9,10,10,2025-09-09,19.97
O02245,2025-04-13,PR0233,W07,C05,East,Express,14,3,3,2025-04-16,28.46
O02246,2024-11-09,PR0224,W09,C02,South,Same Day,5,1,1,2024-11-10,29.68
O02247,2024-08-20,PR0226,W08,C07,West,Same Day,8,1,1,2024-08-21,50.66
O02248,2024-10-22,PR0272,W10,C05,North,Express,7,3,4,2024-10-26,10.46
O02249,2024-12-27,PR0007,W04,C03,East,Economy,10,10,10,2025-01-06,33.05
O02250,2024-06-19,PR0260,W01,C06,Central,Express,6,3,4,2024-06-23,33.54
O02251,2025-12-29,PR0265,W01,C05,Central,Same Day,11,1,1,2025-12-30,24.56
O02252,2024-07-05,PR0248,W03,C03,South,Express,4,3,3,2024-07-08,31.77
O02253,2024-06-14,PR0003,W09,C08,South,Standard,8,6,8,2024-06-22,3.21
O02254,2024-02-12,PR0130,W07,C06,East,Express,13,3,4,2024-02-16,44.98
O02255,2025-03-27,PR0253,W07,C06,East,Same Day,11,1,1,2025-03-28,38.14
O02256,2024-07-07,PR0156,W09,C05,South,Standard,6,6,8,2024-07-15,23.47
O02257,2025-11-12,PR0284,W04,C08,East,Same Day,7,1,1,2025-11-13,23.72
O02258,2024-05-31,PR0102,W07,C04,East,Economy,3,10,7,2024-06-07,20.06
O02259,2025-07-06,PR0078,W09,C03,South,Same Day,3,1,1,2025-07-07,15.37
O02260,2024-05-04,PR0094,W10,C05,North,Economy,9,10,8,2024-05-12,21.93
O02261,2025-05-26,PR0179,W03,C06,South,Economy,13,10,7,2025-06-02,38.14
O02262,2024-11-23,PR0036,W09,C06,South,Standard,6,6,6,2024-11-29,28.39
O02263,2025-07-13,PR0017,W01,C04,Central,Same Day,6,1,1,2025-07-14,38.48
O02264,2025-10-24,PR0124,W07,C01,East,Economy,6,10,8,2025-11-01,26.61
O02265,2024-10-23,PR0082,W01,C04,Central,Express,7,3,3,2024-10-26,16.69
O02266,2025-08-01,PR0103,W08,C08,West,Same Day,3,1,1,2025-08-02,24.49
O02267,2025-12-06,PR0223,W10,C07,North,Economy,13,10,12,2025-12-18,34.55
O02268,2024-02-11,PR0145,W03,C01,South,Standard,11,6,4,2024-02-15,24.08
O02269,2024-11-11,PR0101,W02,C07,North,Economy,8,10,8,2024-11-19,29.27
O02270,2025-09-24,PR0266,W09,C02,South,Economy,13,10,13,2025-10-07,22.3
O02271,2024-12-31,PR0071,W10,C07,North,Same Day,5,1,1,2025-01-01,32.9
O02272,2024-02-26,PR0233,W01,C04,Central,Express,8,3,3,2024-02-29,25.18
O02273,2025-08-20,PR0026,W01,C02,Central,Express,5,3,3,2025-08-23,19.8
O02274,2024-10-11,PR0298,W03,C06,South,Standard,8,6,6,2024-10-17,22.11
O02275,2024-03-26,PR0238,W06,C04,Central,Economy,9,10,8,2024-04-03,41.2
O02276,2025-11-24,PR0072,W10,C03,North,Economy,1,10,4,2025-11-28,27.04
O02277,2024-07-18,PR0137,W05,C02,West,Same Day,6,1,1,2024-07-19,23.74
O02278,2025-09-09,PR0028,W06,C01,Central,Standard,1,6,8,2025-09-17,7.47
O02279,2025-11-13,PR0132,W07,C05,East,Economy,10,10,4,2025-11-17,44.72
O02280,2024-05-31,PR0209,W08,C08,,Same Day,5,1,2,2024-06-02,28.92
O02281,2025-01-30,PR0214,W04,C07,East,Standard,9,6,4,2025-02-03,22.44
O02282,2024-10-18,PR0085,W04,C02,East,Same Day,1,1,1,2024-10-19,31.71
O02283,2024-11-11,PR0286,W08,C07,West,Standard,9,6,6,2024-11-17,4.2
O02284,2024-08-08,PR0029,W08,C08,West,Economy,4,10,11,2024-08-19,41.8
O02285,2025-03-29,PR0059,W07,C01,East,Express,14,3,1,2025-03-30,8.82
O02286,2025-03-10,PR0095,W05,C01,West,Express,2,3,4,2025-03-14,41.07
O02287,2025-08-24,PR0090,W01,C01,Central,Standard,12,6,6,2025-08-30,26.51
O02288,2024-05-27,PR0184,W03,C02,South,Same Day,7,1,1,2024-05-28,32.33
O02289,2025-05-01,PR0010,W01,C03,Central,Same Day,9,1,1,2025-05-02,32.37
O02290,2024-03-08,PR0262,W06,C07,Central,Economy,9,10,6,2024-03-14,15.5
O02291,2024-03-31,PR0083,W10,C02,North,Economy,1,10,7,2024-04-07,36.74
O02292,2025-10-16,PR0193,W04,C05,East,Economy,9,10,9,2025-10-25,23.85
O02293,2024-06-28,PR0066,W01,C07,Central,Economy,12,10,5,2024-07-03,35.67
O02294,2025-12-28,PR0156,W01,C08,Central,Express,13,3,1,2025-12-29,22.95
O02295,2024-07-23,PR0003,W09,C03,South,Economy,12,10,10,2024-08-02,28.24
O02296,2024-10-23,PR0217,W01,C05,Central,Economy,6,10,7,2024-10-30,46.52
O02297,2024-02-13,PR0185,W07,C07,East,Same Day,13,1,1,2024-02-14,17.72
O02298,2025-05-20,PR0232,W01,C04,,Economy,9,10,13,2025-06-02,38.92
O02299,2024-08-17,PR0053,W02,C07,North,Standard,4,6,5,2024-08-22,8.01
O02300,2024-06-06,PR0076,W04,C04,East,Same Day,13,1,1,2024-06-07,22.1
O02301,2025-10-17,PR0228,W05,C04,West,Standard,6,6,10,2025-10-27,21.85
O02302,2025-10-31,PR0204,W04,C06,East,Economy,11,10,13,2025-11-13,29.07
O02303,2024-07-02,PR0209,W05,C08,West,Express,5,3,2,2024-07-04,28.81
O02304,2024-01-30,PR0092,W02,C08,North,Same Day,7,1,1,2024-01-31,35.17
O02305,2025-05-19,PR0009,W10,C07,North,Same Day,11,1,1,2025-05-20,16.29
O02306,2025-08-18,PR0103,W05,C03,West,Economy,5,10,6,2025-08-24,15.97
O02307,2024-09-21,PR0288,W08,C05,West,Standard,9,6,8,2024-09-29,28.45
O02308,2025-01-17,PR0147,W01,C05,Central,Standard,1,6,5,2025-01-22,26.8
O02309,2024-09-22,PR0102,W03,C04,South,Standard,1,6,8,2024-09-30,15.33
O02310,2024-05-29,PR0285,W07,C03,East,Economy,5,10,7,2024-06-05,10.33
O02311,2025-12-10,PR0081,W03,C07,South,Same Day,2,1,1,2025-12-11,23.51
O02312,2024-06-16,PR0251,W02,C03,North,Same Day,4,1,1,2024-06-17,19.7
O02313,2025-01-04,PR0065,W08,C06,West,Same Day,4,1,1,2025-01-05,17.86
O02314,2024-02-19,PR0063,W04,C03,East,Same Day,12,1,1,2024-02-20,37.24
O02315,2025-06-26,PR0258,W02,C05,North,standard,5,3,1,2025-06-27,28.88
O02316,2025-10-05,PR0009,W03,C03,South,Standard,11,6,5,2025-10-10,11.86
O02317,2025-09-05,PR0038,W03,C03,South,Same Day,5,1,1,2025-09-06,34.4
O02318,2024-11-19,PR0203,W04,C07,East,Same Day,11,1,1,2024-11-20,28.78
O02319,2025-12-02,PR0108,W07,C08,East,Standard,7,6,4,2025-12-06,27.96
O02320,2025-07-01,PR0214,W01,C05,Central,Same Day,6,1,1,2025-07-02,35.73
O02321,2024-05-27,PR0234,W10,C02,North,Express,8,3,4,2024-05-31,29.84
O02322,2025-06-14,PR0151,W04,C02,East,Same Day,6,1,2,2025-06-16,43.18
O02323,2025-05-11,PR0171,W08,C03,West,Same Day,9,1,1,2025-05-12,29.79
O02324,2024-06-15,PR0108,W02,C08,North,Express,14,3,1,2024-06-16,16.68
O02325,2024-06-07,PR0262,W01,C01,Central,Express,14,3,1,2024-06-08,30.82
O02326,2024-07-11,PR0271,W01,C02,Central,Standard,4,6,4,2024-07-15,10.29
O02327,2025-03-03,PR0061,W05,C01,West,Standard,3,6,8,2025-03-11,26.25
O02328,2024-04-29,PR0296,W03,C06,South,Standard,2,6,8,2024-05-07,13.73
O02329,2025-05-06,PR0033,W07,C08,East,Same Day,1,1,1,2025-05-07,24.79
O02330,2025-12-08,PR0058,W07,C04,East,Express,1,3,3,2025-12-11,22.55
O02331,2025-03-28,PR0068,W01,C03,Central,Same Day,11,1,1,2025-03-29,7.03
O02332,2024-06-25,PR0146,W04,C03,East,Standard,7,6,5,2024-06-30,34.98
O02333,2024-05-01,PR0039,W09,C02,South,Express,14,3,3,2024-05-04,29.68
O02334,2025-12-11,PR0002,W03,C08,South,Express,4,3,3,2025-12-14,40.71
O02335,2024-11-10,PR0048,W03,C08,South,Express,4,3,4,2024-11-14,21.37
O02336,2024-05-13,PR0277,W10,C06,North,Economy,5,10,10,2024-05-23,31.07
O02337,2025-12-08,PR0085,W02,C07,North,Standard,5,6,4,2025-12-12,20.33
O02338,2024-01-20,PR0090,W08,C08,West,Economy,9,10,8,2024-01-28,28.4
O02339,2024-02-13,PR0035,W03,C08,South,standard,1,6,3,2024-02-16,11.21
O02340,2024-02-03,PR0168,W01,C08,Central,Standard,6,6,5,2024-02-08,11.9
O02341,2025-04-25,PR0010,W10,C04,North,Same Day,9,1,1,2025-04-26,30.85
O02342,2024-02-14,PR0037,W02,C01,North,Same Day,10,1,1,2024-02-15,37.99
O02343,2025-11-14,PR0001,W10,C07,North,Standard,8,6,7,2025-11-21,11.96
O02344,2024-05-06,PR0077,W01,C02,Central,Express,10,3,4,2024-05-10,24.5
O02345,2025-08-24,PR0186,W09,C08,South,Express,12,3,2,2025-08-26,40.54
O02346,2025-11-17,PR0206,W04,C01,East,Standard,1,6,2,2025-11-19,22.12
O02347,2024-04-02,PR0226,W09,C02,South,Same Day,5,1,1,2024-04-03,18.15
O02348,2025-08-16,PR0051,W04,C02,East,Same Day,6,1,1,2025-08-17,29.39
O02349,2024-06-13,PR0159,W01,C02,Central,Express,10,3,3,2024-06-16,22.02
O02350,2025-06-01,PR0206,W01,C07,Central,Standard,3,6,4,2025-06-05,14.1
O02351,2024-04-11,PR0188,W01,C08,Central,Standard,2,6,2,2024-04-13,11.69
O02352,2025-06-25,PR0103,W09,C06,,Express,8,3,5,2025-06-30,36.86
O02353,2024-10-15,PR0007,W03,C07,South,Standard,11,6,6,2024-10-21,37.2
O02354,2024-04-11,PR0057,W03,C06,South,Economy,5,10,11,2024-04-22,47.34
O02355,2025-01-10,PR0015,W01,C01,Central,Express,4,3,3,2025-01-13,31.28
O02356,2025-03-26,PR0011,W10,C03,North,Express,13,3,2,2025-03-28,20.44
O02357,2024-12-29,PR0090,W05,C06,West,Economy,1,10,12,2025-01-10,34.19
O02358,2024-08-07,PR0171,W06,C01,Central,Express,5,3,4,2024-08-11,32.44
O02359,2025-02-21,PR0236,W10,C08,North,Same Day,12,1,1,2025-02-22,36.38
O02360,2024-05-06,PR0160,W05,C02,West,Standard,3,6,3,2024-05-09,6.99
O02361,2025-06-16,PR0225,W09,C02,South,Economy,5,10,12,2025-06-28,33.14
O02362,2025-01-04,PR0020,W04,C01,East,standard,11,6,6,2025-01-10,23.46
O02363,2024-03-25,PR0131,W04,C05,East,Economy,14,10,7,2024-04-01,
O02364,2024-04-28,PR0295,W08,C05,West,Same Day,6,1,1,2024-04-29,20.22
O02365,2025-04-12,PR0191,W01,C01,Central,Same Day,6,1,1,2025-04-13,39.89
O02366,2025-12-04,PR0062,W08,C08,West,Express,14,3,2,2025-12-06,36.61
O02367,2025-07-21,PR0071,W05,C04,West,Same Day,3,1,1,2025-07-22,41.41
O02368,2025-03-14,PR0144,W09,C02,South,Standard,6,6,3,2025-03-17,10.66
O02369,2025-05-02,PR0023,W07,C07,East,Express,11,3,4,2025-05-06,31.51
O02370,2024-01-14,PR0133,W08,C03,West,Standard,1,6,3,2024-01-17,15.38
O02371,2025-02-09,PR0209,W05,C06,West,Standard,13,6,-2,2025-02-11,36.5
O02372,2024-05-02,PR0174,W03,C02,South,Economy,4,10,8,2024-05-10,46.05
O02373,2025-02-14,PR0235,W06,C02,Central,Standard,7,6,5,2025-02-19,3.0
O02374,2024-06-21,PR0128,W02,C02,North,Same Day,2,1,1,2024-06-22,23.29
O02375,2024-07-22,PR0021,W07,C07,East,Express,2,3,2,2024-07-24,20.19
O02376,2025-09-01,PR0229,W08,C07,West,Standard,3,6,7,2025-09-08,23.68
O02377,2024-08-26,PR0132,W08,C02,West,Economy,5,10,11,2024-09-06,16.4
O02378,2024-10-12,PR0159,W01,C01,Central,Same Day,7,1,1,2024-10-13,24.26
O02379,2025-10-21,PR0033,W08,C04,West,Same Day,1,1,1,2025-10-22,33.84
O02380,2025-05-02,PR0125,W01,C03,Central,Economy,5,10,11,2025-05-13,38.88
O02381,2025-05-11,PR0055,W01,C06,Central,Same Day,12,1,2,2025-05-13,39.76
O02382,2024-05-30,PR0264,W08,C04,West,Standard,2,6,4,2024-06-03,21.55
O02383,2024-05-05,PR0274,W04,C02,East,Economy,4,10,14,2024-05-19,24.63
O02384,2025-05-24,PR0017,W09,C08,South,Express,5,3,2,2025-05-26,47.54
O02385,2024-01-31,PR0014,W10,C08,North,Standard,12,6,5,2024-02-05,24.97
O02386,2024-03-10,PR0002,W08,C05,West,Standard,3,6,9,2024-03-19,28.51
O02387,2024-07-02,PR0259,W05,C08,West,Same Day,2,1,1,2024-07-03,48.88
O02388,2024-06-05,PR0237,W07,C03,East,Standard,14,6,4,2024-06-09,7.76
O02389,2024-03-19,PR0022,W01,C07,Central,Economy,12,10,13,2024-04-01,35.46
O02390,2025-04-22,PR0184,W09,C06,South,Same Day,6,1,1,2025-04-23,15.16
O02391,2025-11-08,PR0265,W05,C05,West,Economy,13,10,6,2025-11-14,36.17
O02392,2025-05-31,PR0177,W04,C05,East,Same Day,4,1,2,2025-06-02,33.73
O02393,2025-07-07,PR0214,W06,C01,Central,Standard,6,6,7,2025-07-14,16.96
O02394,2024-02-02,PR0075,W08,C02,West,Standard,14,6,5,2024-02-07,15.48
O02395,2025-01-27,PR0272,W05,C08,West,Same Day,9,1,1,2025-01-28,27.33
O02396,2025-01-20,PR0279,W08,C03,West,Economy,6,10,4,2025-01-24,
O02397,2024-02-06,PR0132,W02,C08,North,Express,4,3,4,2024-02-10,34.16
O02398,2025-07-24,PR0146,W07,C02,East,Express,2,3,2,2025-07-26,31.7
O02399,2025-05-18,PR0113,W08,C03,West,Express,9,3,2,2025-05-20,18.79
O02400,2024-11-15,PR0240,W08,C01,West,Economy,6,10,8,2024-11-23,33.13
O02401,2024-04-22,PR0291,W06,C02,Central,Economy,5,10,5,2024-04-27,25.52
O02402,2025-11-06,PR0125,W06,C01,Central,Economy,3,10,12,2025-11-18,29.99
O02403,2025-05-02,PR0210,W06,C01,Central,Express,11,3,2,2025-05-04,21.26
O02404,2025-06-02,PR0034,W02,C08,North,Economy,11,10,9,2025-06-11,32.25
O02405,2024-09-26,PR0201,W05,C05,West,standard,5,10,12,2024-10-08,22.68
O02406,2025-09-23,PR0087,W07,C02,East,Same Day,10,1,1,2025-09-24,36.52
O02407,2024-11-24,PR0160,W02,C03,North,Standard,7,6,6,2024-11-30,21.02
O02408,2025-08-27,PR0151,W02,C07,North,Express,14,3,3,2025-08-30,35.64
O02409,2025-01-10,PR0174,W04,C08,East,Standard,4,6,5,2025-01-15,9.8
O02410,2025-10-02,PR0144,W07,C08,East,Economy,14,10,14,2025-10-16,20.2
O02411,2024-04-09,PR0217,W05,C02,West,Same Day,1,1,1,2024-04-10,29.23
O02412,2024-12-31,PR0259,W05,C06,West,Same Day,4,1,1,2025-01-01,22.15
O02413,2024-02-27,PR0221,W03,C05,South,Express,13,3,1,2024-02-28,31.42
O02414,2024-08-28,PR0031,W07,C04,East,Standard,11,6,5,2024-09-02,39.42
O02415,2025-12-05,PR0020,W02,C07,North,Same Day,12,1,1,2025-12-06,30.97
O02416,2024-04-27,PR0272,W07,C06,East,Express,10,3,1,2024-04-28,20.16
O02417,2024-01-21,PR0171,W06,C04,Central,Same Day,4,1,2,2024-01-23,38.3
O02418,2024-02-08,PR0164,W05,C08,West,Economy,4,10,12,2024-02-20,21.24
O02419,2025-08-04,PR0291,W06,C07,Central,Economy,3,10,9,2025-08-13,17.94
O02420,2024-09-30,PR0101,W02,C04,North,Economy,4,10,7,2024-10-07,31.31
O02421,2025-08-25,PR0053,W02,C07,North,Same Day,13,1,1,2025-08-26,21.96
O02422,2025-01-21,PR0130,W01,C05,Central,Economy,6,10,5,2025-01-26,39.03
O02423,2024-11-26,PR0148,W06,C03,Central,Standard,9,6,5,2024-12-01,45.31
O02424,2025-05-15,PR0196,W02,C02,North,Express,7,3,1,2025-05-16,22.43
O02425,2024-12-10,PR0185,W08,C05,West,Same Day,9,1,1,2024-12-11,24.01
O02426,2024-06-19,PR0012,W06,C07,Central,Same Day,9,1,1,2024-06-20,32.18
O02427,2025-01-07,PR0191,W08,C08,West,Express,6,3,6,2025-01-13,10.61
O02428,2025-05-23,PR0242,W10,C04,North,Express,2,3,3,2025-05-26,16.48
O02429,2024-10-21,PR0001,W07,C06,East,Standard,11,6,7,2024-10-28,35.68
O02430,2024-10-31,PR0099,W06,C08,Central,Economy,1,10,9,2024-11-09,20.84
O02431,2024-08-19,PR0270,W01,C07,Central,Standard,8,6,8,2024-08-27,6.97
O02432,2025-08-15,PR0163,W02,C03,North,Same Day,9,1,1,2025-08-16,39.14
O02433,2024-10-06,PR0279,W02,C04,North,Economy,14,10,10,2024-10-16,56.51
O02434,2025-03-13,PR0136,W09,C06,South,Same Day,5,1,1,2025-03-14,35.26
O02435,2024-03-19,PR0073,W04,C01,East,Same Day,9,1,1,2024-03-20,23.94
O02436,2025-03-19,PR0244,W06,C08,Central,Same Day,1,1,1,2025-03-20,34.15
O02437,2024-07-23,PR0150,W05,C08,West,Economy,2,10,10,2024-08-02,32.74
O02438,2024-09-14,PR0226,W01,C03,Central,Economy,4,10,9,2024-09-23,31.75
O02439,2025-11-18,PR0282,W06,C07,Central,Express,5,3,3,2025-11-21,36.31
O02440,2024-01-20,PR0004,W01,C06,Central,Express,2,3,5,2024-01-25,24.5
O02441,2025-08-13,PR0105,W05,C01,West,Express,10,3,1,2025-08-14,33.75
O02442,2025-11-07,PR0066,W05,C07,West,Same Day,4,1,1,2025-11-08,30.73
O02443,2025-10-15,PR0096,W01,C06,Central,Economy,12,10,13,2025-10-28,30.78
O02444,2025-08-02,PR0085,W02,C05,North,Express,10,3,5,2025-08-07,31.36
O02445,2025-01-08,PR0110,W08,C06,West,Express,10,3,1,2025-01-09,39.46
O02446,2024-09-03,PR0054,W09,C03,South,Same Day,6,1,1,2024-09-04,26.72
O02447,2025-03-21,PR0176,W08,C01,West,Same Day,1,1,1,2025-03-22,34.01
O02448,2024-03-06,PR0029,W03,C08,South,Economy,8,10,10,2024-03-16,11.56
O02449,2024-09-30,PR0029,W04,C05,East,Express,1,3,1,2024-10-01,25.08
O02450,2024-09-19,PR0208,W06,C04,Central,Express,6,3,1,2024-09-20,17.79
O02451,2025-02-19,PR0292,W09,C01,South,Standard,4,6,4,2025-02-23,20.59
O02452,2024-06-02,PR0152,W09,C01,South,Standard,14,6,7,2024-06-09,15.46
O02453,2024-09-08,PR0042,W04,C01,East,Economy,6,10,4,2024-09-12,48.09
O02454,2025-05-12,PR0179,W06,C05,Central,Economy,5,10,6,2025-05-18,26.59
O02455,2025-03-08,PR0080,W02,C08,North,Express,12,3,4,2025-03-12,28.38
O02456,2024-06-12,PR0227,W04,C03,East,Express,9,3,7,2024-06-19,31.58
O02457,2024-01-30,PR0038,W04,C02,East,Same Day,14,1,1,2024-01-31,23.55
O02458,2025-11-05,PR0172,W06,C01,Central,standard,10,3,1,2025-11-06,32.42
O02459,2025-10-21,PR0049,W10,C03,North,Economy,12,10,8,2025-10-29,17.04
O02460,2024-01-21,PR0263,W02,C05,North,Standard,9,6,7,2024-01-28,5.41
O02461,2024-11-17,PR0227,W06,C08,Central,Same Day,3,1,1,2024-11-18,41.37
O02462,2024-03-06,PR0080,W08,C08,West,Same Day,13,1,1,2024-03-07,21.42
O02463,2025-11-18,PR0050,W10,C01,North,Economy,14,10,10,2025-11-28,20.85
O02464,2024-05-23,PR0062,W09,C01,South,Standard,8,6,3,2024-05-26,25.6
O02465,2025-08-07,PR0097,W01,C04,Central,Standard,8,6,2,2025-08-09,23.99
O02466,2025-06-18,PR0158,W06,C07,Central,Same Day,2,1,1,2025-06-19,18.45
O02467,2025-05-23,PR0189,W02,C01,North,Express,12,3,4,2025-05-27,12.7
O02468,2025-09-06,PR0268,W10,C08,North,Same Day,11,1,1,2025-09-07,24.26
O02469,2024-12-03,PR0270,W06,C05,Central,Economy,9,10,11,2024-12-14,37.01
O02470,2024-08-29,PR0226,W05,C01,West,Express,3,3,4,2024-09-02,52.33
O02471,2024-05-27,PR0077,W10,C03,North,Express,4,3,6,2024-06-02,24.65
O02472,2024-08-07,PR0006,W07,C02,East,Economy,6,10,14,2024-08-21,20.67
O02473,2025-02-22,PR0264,W04,C08,East,Standard,13,6,5,2025-02-27,18.96
O02474,2025-05-17,PR0161,W06,C08,Central,Same Day,2,1,1,2025-05-18,33.44
O02475,2025-12-17,PR0251,W02,C02,North,Same Day,14,1,1,2025-12-18,27.01
O02476,2025-07-12,PR0087,W05,C08,West,Economy,2,10,11,2025-07-23,42.11
O02477,2025-11-30,PR0292,W09,C06,South,Same Day,9,1,1,2025-12-01,38.39
O02478,2024-05-28,PR0262,W07,C01,East,Economy,4,10,12,2024-06-09,22.58
O02479,2025-01-11,PR0132,W04,C07,East,Standard,14,6,3,2025-01-14,13.74
O02480,2025-10-22,PR0263,W06,C05,Central,Standard,10,6,6,2025-10-28,27.77
O02481,2025-11-09,PR0100,W02,C07,North,Express,9,3,5,2025-11-14,34.75
O02482,2024-09-16,PR0190,W01,C08,Central,Economy,9,10,11,2024-09-27,31.43
O02483,2024-11-12,PR0081,W07,C08,East,Standard,11,6,5,2024-11-17,18.45
O02484,2025-07-01,PR0287,W03,C06,South,Economy,13,10,7,2025-07-08,18.22
O02485,2025-02-01,PR0293,W10,C02,North,Economy,7,10,8,2025-02-09,32.22
O02486,2024-09-18,PR0035,W07,C03,East,Standard,1,6,5,2024-09-23,21.53
O02487,2024-08-29,PR0123,W04,C01,East,Express,3,3,6,2024-09-04,39.53
O02488,2024-06-13,PR0284,W08,C03,West,Same Day,13,1,2,2024-06-15,20.22
O02489,2025-10-21,PR0130,W05,C05,West,Standard,12,6,6,2025-10-27,28.08
O02490,2024-10-07,PR0243,W02,C02,North,Economy,1,10,11,2024-10-18,16.84
O02491,2025-04-27,PR0194,W08,C05,West,Same Day,14,1,1,2025-04-28,30.18
O02492,2025-03-08,PR0137,W02,C05,North,Express,11,3,3,2025-03-11,34.34
O02493,2025-12-16,PR0091,W04,C05,East,Standard,14,6,5,2025-12-21,11.21
O02494,2024-12-26,PR0028,W05,C03,West,Same Day,8,1,1,2024-12-27,27.94
O02495,2025-04-09,PR0215,W02,C08,North,Standard,8,6,7,2025-04-16,17.57
O02496,2025-10-18,PR0148,W09,C02,South,Economy,12,10,15,2025-11-02,32.72
O02497,2025-10-18,PR0011,W09,C06,South,Standard,14,6,5,2025-10-23,15.53
O02498,2025-02-14,PR0122,W09,C03,South,Same Day,13,1,1,2025-02-15,36.2
O02499,2024-11-17,PR0001,W01,C05,Central,Standard,8,6,5,2024-11-22,28.58
O02500,2024-04-23,PR0022,W03,C06,South,Express,10,3,2,2024-04-25,33.36
O02501,2025-06-12,PR0148,W03,C03,South,Economy,12,10,8,2025-06-20,27.27
O02502,2024-11-23,PR0110,W08,C08,West,Economy,6,10,6,2024-11-29,13.17
O02503,2024-05-16,PR0189,W04,C03,East,Express,1,3,3,2024-05-19,41.2
O02504,2025-12-04,PR0259,W06,C07,Central,Same Day,1,1,1,2025-12-05,24.62
O02505,2024-10-15,PR0231,W03,C08,South,Standard,12,6,5,2024-10-20,27.82
O02506,2025-02-28,PR0230,W04,C08,East,Express,11,3,2,2025-03-02,25.5
O02507,2025-02-06,PR0029,W08,C08,West,Express,4,3,2,2025-02-08,28.97
O02508,2024-01-22,PR0190,W02,C06,North,Express,7,3,1,2024-01-23,30.02
O02509,2024-04-01,PR0142,W05,C02,West,Express,9,3,4,2024-04-05,41.6
O02510,2024-09-25,PR0221,W03,C05,South,Standard,7,6,7,2024-10-02,22.64
O02511,2025-02-14,PR0211,W06,C08,Central,Economy,8,10,6,2025-02-20,38.09
O02512,2025-09-06,PR0089,W04,C07,East,Express,6,3,1,2025-09-07,36.12
O02513,2024-04-01,PR0078,W04,C05,East,Express,9,3,5,2024-04-06,41.62
O02514,2025-08-03,PR0075,W10,C07,North,Standard,4,6,5,2025-08-08,14.54
O02515,2025-06-22,PR0250,W05,C01,West,Economy,5,10,10,2025-07-02,31.66
O02516,2025-11-20,PR0010,W08,C07,West,Standard,6,6,5,2025-11-25,21.7
O02517,2024-08-17,PR0222,W03,C08,South,Express,8,3,3,2024-08-20,30.78
O02518,2024-09-29,PR0019,W07,C03,East,Economy,13,10,8,2024-10-07,32.67
O02519,2025-01-26,PR0086,W09,C01,South,Economy,12,10,5,2025-01-31,19.23
O02520,2024-07-30,PR0277,W01,C04,Central,Express,6,3,1,2024-07-31,26.98
O02521,2024-10-16,PR0063,W03,C04,South,Economy,4,10,9,2024-10-25,31.33
O02522,2024-07-03,PR0292,W05,C07,West,Express,10,3,4,2024-07-07,27.55
O02523,2024-01-30,PR0132,W04,C01,East,Same Day,1,1,1,2024-01-31,40.02
O02524,2024-08-29,PR0067,W06,C05,Central,Economy,6,10,13,2024-09-11,25.41
O02525,2024-09-11,PR0292,W04,C03,East,Economy,11,10,8,2024-09-19,24.0
O02526,2024-03-28,PR0094,W10,C03,North,Economy,1,10,9,2024-04-06,26.5
O02527,2024-05-16,PR0105,W07,C05,East,Economy,4,10,13,2024-05-29,41.33
O02528,2025-12-04,PR0267,W09,C03,South,Economy,8,10,-2,2025-12-13,15.71
O02529,2025-12-26,PR0288,W08,C08,West,Same Day,13,1,1,2025-12-27,48.54
O02530,2024-03-15,PR0095,W10,C03,North,Standard,12,6,5,2024-03-20,18.3
O02531,2024-02-23,PR0256,W07,C07,East,Express,4,3,2,2024-02-25,34.23
O02532,2025-04-27,PR0261,W04,C04,East,Standard,8,6,9,2025-05-06,27.96
O02533,2024-01-06,PR0250,W07,C03,East,Economy,9,10,8,2024-01-14,34.77
O02534,2024-11-05,PR0057,W08,C06,West,Same Day,10,1,1,2024-11-06,19.23
O02535,2024-05-15,PR0094,W01,C08,Central,Standard,14,6,4,2024-05-19,27.96
O02536,2025-08-17,PR0131,W09,C07,South,Same Day,13,1,1,2025-08-18,31.64
O02537,2024-06-22,PR0117,W06,C04,Central,Economy,8,10,7,2024-06-29,22.47
O02538,2024-12-13,PR0117,W05,C04,West,Express,12,3,4,2024-12-17,42.92
O02539,2024-04-01,PR0153,W04,C04,East,Economy,10,10,11,2024-04-12,26.8
O02540,2024-05-25,PR0027,W07,C07,East,Standard,3,6,5,2024-05-30,27.3
O02541,2024-11-16,PR0075,W02,C01,North,Express,10,3,2,2024-11-18,33.7
O02542,2025-05-26,PR0083,W07,C05,East,Same Day,3,1,1,2025-05-27,25.99
O02543,2025-03-16,PR0163,W07,C07,East,Same Day,7,1,1,2025-03-17,33.83
O02544,2025-09-19,PR0028,W04,C03,East,Same Day,13,1,1,2025-09-20,31.68
O02545,2025-03-22,PR0171,W03,C04,South,Same Day,2,1,1,2025-03-23,30.76
O02546,2025-05-18,PR0206,W03,C03,South,Economy,5,10,4,2025-05-22,44.26
O02547,2024-02-24,PR0261,W09,C01,South,Express,7,3,3,2024-02-27,14.65
O02548,2024-02-25,PR0016,W03,C07,South,Express,11,3,2,2024-02-27,35.84
O02549,2024-02-06,PR0193,W08,C04,West,standard,14,1,1,2024-02-07,17.91
O02550,2024-06-16,PR0056,W05,C02,West,Economy,13,10,11,2024-06-27,29.02
O02551,2024-04-28,PR0185,W05,C04,West,Standard,10,6,5,2024-05-03,16.72
O02552,2025-03-28,PR0260,W04,C08,East,Economy,5,10,14,2025-04-11,38.56
O02553,2025-04-13,PR0217,W05,C03,West,Standard,11,6,4,2025-04-17,18.14
O02554,2024-05-31,PR0180,W10,C03,North,Same Day,7,1,1,2024-06-01,35.57
O02555,2024-04-05,PR0045,W03,C03,South,Same Day,12,1,1,2024-04-06,35.8
O02556,2024-07-03,PR0169,W03,C06,South,Same Day,6,1,1,2024-07-04,14.26
O02557,2025-07-30,PR0009,W01,C01,Central,Express,12,3,2,2025-08-01,31.71
O02558,2025-08-20,PR0253,W02,C04,North,Express,8,3,4,2025-08-24,34.41
O02559,2025-03-02,PR0293,W02,C02,North,Express,5,3,2,2025-03-04,25.12
O02560,2025-05-25,PR0044,W10,C05,North,Same Day,1,1,2,2025-05-27,29.79
O02561,2024-01-27,PR0111,W04,C01,East,Standard,3,6,5,2024-02-01,19.36
O02562,2025-02-07,PR0276,W04,C08,East,Standard,3,6,8,2025-02-15,20.49
O02563,2024-11-27,PR0166,W09,C06,South,Standard,2,6,2,2024-11-29,11.29
O02564,2024-03-24,PR0133,W05,C04,West,Economy,2,10,8,2024-04-01,28.29
O02565,2025-04-09,PR0025,W04,C03,East,Standard,7,6,5,2025-04-14,20.22
O02566,2024-12-03,PR0078,W02,C03,North,Economy,5,10,9,2024-12-12,37.24
O02567,2024-11-28,PR0007,W01,C05,Central,Express,6,3,6,2024-12-04,24.66
O02568,2024-08-04,PR0295,W02,C04,North,Same Day,6,1,1,2024-08-05,28.28
O02569,2024-11-26,PR0192,W10,C07,North,Standard,6,6,6,2024-12-02,32.35
O02570,2025-07-14,PR0183,W06,C04,Central,Economy,3,10,13,2025-07-27,30.3
O02571,2024-04-04,PR0121,W08,C01,West,Same Day,8,1,1,2024-04-05,23.78
O02572,2024-07-01,PR0285,W09,C08,South,Economy,11,10,4,2024-07-05,49.49
O02573,2024-04-01,PR0101,W10,C04,North,Express,11,3,2,2024-04-03,29.36
O02574,2024-06-15,PR0011,W05,C01,West,Economy,6,10,9,2024-06-24,18.53
O02575,2024-10-18,PR0123,W09,C06,South,Standard,5,6,5,2024-10-23,25.75
O02576,2024-11-01,PR0260,W05,C01,West,Economy,5,10,13,2024-11-14,22.27
O02577,2024-11-13,PR0065,W01,C04,Central,Express,12,3,6,2024-11-19,18.1
O02578,2025-01-02,PR0104,W10,C03,North,Same Day,3,1,2,2025-01-04,36.13
O02579,2025-06-08,PR0154,W03,C07,South,Economy,10,10,9,2025-06-17,45.17
O02580,2025-04-01,PR0261,W05,C02,West,Economy,13,10,7,2025-04-08,31.4
O02581,2024-10-01,PR0003,W06,C02,Central,Economy,12,10,10,2024-10-11,37.85
O02582,2024-04-02,PR0121,W08,C07,West,Same Day,9,1,1,2024-04-03,30.06
O02583,2025-09-20,PR0037,W09,C03,South,Economy,13,10,7,2025-09-27,32.0
O02584,2025-10-07,PR0147,W05,C08,West,Standard,14,6,3,2025-10-10,20.54
O02585,2024-02-11,PR0212,W01,C07,Central,Same Day,6,1,1,2024-02-12,23.35
O02586,2025-04-19,PR0263,W03,C02,South,Express,7,3,3,2025-04-22,46.63
O02587,2025-05-22,PR0193,W01,C02,Central,Standard,5,6,3,2025-05-25,21.06
O02588,2024-10-24,PR0159,W08,C07,West,Economy,12,10,10,2024-11-03,33.66
O02589,2024-03-22,PR0151,W05,C05,West,Same Day,13,1,1,2024-03-23,28.57
O02590,2024-06-01,PR0059,W09,C05,South,Same Day,13,1,2,2024-06-03,38.74
O02591,2024-09-11,PR0068,W06,C07,Central,Economy,1,10,8,2024-09-19,27.35
O02592,2024-10-29,PR0070,W01,C03,Central,Standard,6,6,4,2024-11-02,13.17
O02593,2025-07-18,PR0116,W02,C03,,Standard,14,6,8,2025-07-26,18.62
O02594,2025-06-09,PR0261,W02,C07,North,Economy,7,10,6,2025-06-15,39.33
O02595,2025-02-26,PR0173,W02,C05,North,Economy,6,10,5,2025-03-03,26.94
O02596,2025-11-07,PR0138,W06,C07,Central,Same Day,4,1,1,2025-11-08,21.1
O02597,2024-12-29,PR0230,W07,C03,East,Standard,5,6,5,2025-01-03,24.27
O02598,2025-05-30,PR0094,W02,C03,North,Standard,5,6,9,2025-06-08,11.62
O02599,2025-11-08,PR0154,W08,C05,West,Express,1,3,4,2025-11-12,46.82
O02600,2024-07-05,PR0286,W05,C08,West,Standard,6,6,2,2024-07-07,29.54
O02601,2024-03-26,PR0167,W08,C07,West,Same Day,1,1,1,2024-03-27,25.33
O02602,2024-11-17,PR0112,W06,C05,Central,Economy,11,10,10,2024-11-27,33.7
O02603,2025-11-17,PR0034,W08,C01,West,Same Day,1,1,2,2025-11-19,32.9
O02604,2024-12-15,PR0146,W03,C08,South,Express,5,3,3,2024-12-18,34.64
O02605,2024-07-08,PR0254,W02,C05,North,Same Day,2,1,1,2024-07-09,36.85
O02606,2025-11-20,PR0168,W02,C04,North,Economy,14,10,8,2025-11-28,45.06
O02607,2025-07-01,PR0121,W02,C02,North,Standard,11,6,2,2025-07-03,27.98
O02608,2025-02-08,PR0047,W02,C03,North,Standard,4,6,7,2025-02-15,25.77
O02609,2024-06-24,PR0275,W05,C01,West,Economy,9,10,6,2024-06-30,37.41
O02610,2025-12-09,PR0038,W08,C05,West,Economy,8,10,3,2025-12-12,33.3
O02611,2024-11-06,PR0289,W06,C02,Central,Same Day,7,1,1,2024-11-07,19.37
O02612,2025-12-08,PR0193,W08,C06,West,Same Day,9,1,1,2025-12-09,29.54
O02613,2024-03-30,PR0210,W09,C06,South,Express,7,3,1,2024-03-31,46.94
O02614,2024-01-15,PR0256,W03,C04,,Standard,10,6,7,2024-01-22,15.9
O02615,2024-01-17,PR0055,W03,C01,South,Standard,6,6,5,2024-01-22,12.31
O02616,2024-08-02,PR0018,W05,C08,West,Express,14,3,2,2024-08-04,11.94
O02617,2025-10-27,PR0248,W03,C03,South,Economy,14,10,11,2025-11-07,33.03
O02618,2025-10-03,PR0278,W06,C07,Central,Express,2,3,4,2025-10-07,19.9
O02619,2024-03-29,PR0094,W04,C02,East,Economy,3,10,10,2024-04-08,26.42
O02620,2024-05-31,PR0178,W05,C01,West,Economy,8,10,6,2024-06-06,24.44
O02621,2024-01-23,PR0017,W10,C01,North,Express,11,3,2,2024-01-25,33.96
O02622,2024-06-05,PR0209,W05,C05,West,Economy,11,10,5,2024-06-10,25.49
O02623,2025-04-27,PR0139,W10,C01,North,Economy,12,10,8,2025-05-05,23.15
O02624,2025-08-22,PR0140,W09,C03,South,Express,3,3,2,2025-08-24,39.53
O02625,2024-10-28,PR0177,W01,C08,Central,Economy,8,10,16,2024-11-13,26.65
O02626,2024-02-22,PR0288,W07,C04,East,Standard,14,6,11,2024-03-04,
O02627,2024-04-15,PR0071,W08,C04,West,Economy,3,10,11,2024-04-26,14.14
O02628,2025-05-22,PR0213,W06,C07,Central,Same Day,14,1,2,2025-05-24,34.32
O02629,2024-02-07,PR0091,W08,C03,West,Economy,11,10,6,2024-02-13,35.65
O02630,2025-05-12,PR0220,W01,C07,Central,Economy,1,10,5,2025-05-17,30.07
O02631,2024-08-25,PR0166,W10,C03,North,Standard,9,6,3,2024-08-28,3.57
O02632,2025-03-08,PR0280,W01,C02,Central,Same Day,4,1,1,2025-03-09,24.25
O02633,2025-07-20,PR0028,W02,C02,North,Same Day,14,1,1,2025-07-21,28.59
O02634,2025-10-25,PR0060,W08,C04,West,Economy,13,10,5,2025-10-30,17.98
O02635,2024-04-29,PR0292,W05,C03,West,Same Day,9,1,1,2024-04-30,21.79
O02636,2025-04-04,PR0265,W08,C06,West,Standard,1,6,4,2025-04-08,3.0
O02637,2024-06-14,PR0011,W07,C05,East,Express,3,3,2,2024-06-16,30.52
O02638,2025-04-25,PR0101,W07,C01,East,Economy,5,10,7,2025-05-02,39.91
O02639,2024-08-25,PR0249,W06,C04,Central,Express,7,3,3,2024-08-28,36.63
O02640,2025-08-24,PR0215,W04,C05,East,Economy,8,10,7,2025-08-31,24.43
O02641,2024-05-14,PR0132,W07,C08,East,Economy,9,10,16,2024-05-30,29.41
O02642,2025-03-02,PR0126,W04,C08,East,Economy,6,10,17,2025-03-19,30.45
O02643,2024-06-14,PR0184,W06,C01,Central,Express,7,3,4,2024-06-18,33.81
O02644,2024-10-16,PR0065,W10,C02,North,Economy,9,10,9,2024-10-25,41.6
O02645,2024-05-12,PR0256,W09,C01,South,Express,12,3,1,2024-05-13,27.07
O02646,2024-06-09,PR0117,W06,C06,Central,Economy,5,10,8,2024-06-17,17.19
O02647,2024-04-13,PR0133,W08,C07,West,Economy,3,10,6,2024-04-19,31.2
O02648,2024-11-06,PR0121,W03,C01,South,Express,10,3,1,2024-11-07,33.64
O02649,2025-07-24,PR0022,W02,C05,North,Standard,10,6,10,2025-08-03,7.93
O02650,2025-01-02,PR0185,W07,C02,East,Same Day,5,1,2,2025-01-04,29.93
O02651,2025-11-24,PR0093,W09,C05,South,Express,14,3,3,2025-11-27,26.64
O02652,2025-05-30,PR0073,W02,C03,North,Standard,12,6,4,2025-06-03,13.07
O02653,2024-12-11,PR0236,W05,C07,West,Standard,9,6,4,2024-12-15,5.66
O02654,2025-09-24,PR0159,W03,C08,South,Standard,13,6,5,2025-09-29,14.8
O02655,2025-07-29,PR0114,W09,C01,South,Economy,12,10,7,2025-08-05,27.58
O02656,2024-09-21,PR0141,W04,C03,East,Same Day,14,1,1,2024-09-22,17.07
O02657,2024-02-17,PR0231,W06,C01,Central,Same Day,1,1,1,2024-02-18,19.16
O02658,2024-06-03,PR0149,W06,C03,Central,Standard,13,6,5,2024-06-08,25.32
O02659,2025-12-24,PR0009,W02,C04,North,Economy,9,10,7,2025-12-31,39.16
O02660,2025-04-13,PR0039,W10,C08,North,Standard,3,6,3,2025-04-16,25.33
O02661,2025-09-17,PR0091,W01,C04,Central,Standard,7,6,5,2025-09-22,34.94
O02662,2025-07-29,PR0095,W10,C04,North,Standard,12,6,9,2025-08-07,7.73
O02663,2024-06-20,PR0287,W10,C08,North,Express,5,3,3,2024-06-23,39.32
O02664,2025-01-05,PR0017,W03,C04,South,Same Day,9,1,1,2025-01-06,33.53
O02665,2025-12-26,PR0041,W05,C06,West,Economy,11,10,9,2026-01-04,39.9
O02666,2024-04-11,PR0284,W09,C08,South,Same Day,5,1,2,2024-04-13,35.17
O02667,2024-12-08,PR0111,W09,C05,South,Standard,8,6,9,2024-12-17,25.09
O02668,2024-07-25,PR0228,W05,C03,West,Economy,1,10,15,2024-08-09,30.08
O02669,2024-01-07,PR0094,W09,C01,South,Economy,2,10,11,2024-01-18,37.2
O02670,2024-12-15,PR0264,W04,C06,East,Express,12,3,3,2024-12-18,43.52
O02671,2024-03-28,PR0245,W07,C05,East,Same Day,5,1,1,2024-03-29,20.3
O02672,2025-02-28,PR0119,W04,C04,East,Express,12,3,4,2025-03-04,14.77
O02673,2024-06-04,PR0106,W01,C08,Central,Economy,3,10,10,2024-06-14,39.91
O02674,2024-08-21,PR0061,W09,C05,South,Economy,13,10,13,2024-09-03,29.64
O02675,2025-02-27,PR0137,W08,C04,West,Economy,10,10,4,2025-03-03,46.15
O02676,2025-06-12,PR0153,W04,C07,East,Standard,8,6,5,2025-06-17,28.47
O02677,2025-03-29,PR0099,W03,C03,South,Standard,7,6,3,2025-04-01,11.5
O02678,2025-06-13,PR0191,W02,C02,North,Standard,6,6,8,2025-06-21,20.18
O02679,2024-12-12,PR0141,W07,C07,East,Economy,10,10,11,2024-12-23,23.53
O02680,2024-06-17,PR0289,W05,C06,West,Standard,8,6,5,2024-06-22,22.52
O02681,2025-02-06,PR0006,W10,C06,North,Express,6,3,3,2025-02-09,28.14
O02682,2025-08-11,PR0033,W10,C01,North,Same Day,10,1,1,2025-08-12,26.42
O02683,2025-03-05,PR0175,W08,C03,West,Same Day,13,1,1,2025-03-06,5.33
O02684,2024-11-17,PR0252,W07,C05,East,Standard,12,6,6,2024-11-23,9.78
O02685,2024-10-13,PR0140,W01,C02,Central,Express,9,3,2,2024-10-15,12.2
O02686,2025-12-18,PR0050,W08,C05,West,Economy,7,10,12,2025-12-30,28.29
O02687,2025-10-21,PR0109,W09,C06,South,Economy,13,10,6,2025-10-27,32.86
O02688,2025-12-15,PR0150,W04,C08,East,Economy,10,10,10,2025-12-25,39.43
O02689,2024-07-21,PR0233,W04,C01,East,Standard,5,6,5,2024-07-26,16.37
O02690,2024-02-07,PR0101,W01,C08,Central,Same Day,11,1,1,2024-02-08,49.3
O02691,2025-02-03,PR0131,W03,C03,South,Same Day,12,1,1,2025-02-04,21.56
O02692,2024-08-06,PR0211,W10,C08,North,Same Day,5,1,1,2024-08-07,35.98
O02693,2025-06-17,PR0047,W07,C08,East,Express,14,3,5,2025-06-22,27.44
O02694,2024-01-24,PR0159,W10,C06,North,Same Day,8,1,1,2024-01-25,56.76
O02695,2024-09-04,PR0117,W04,C03,East,Economy,14,10,9,2024-09-13,37.84
O02696,2025-06-01,PR0166,W02,C05,North,Standard,2,6,9,2025-06-10,11.54
O02697,2025-01-16,PR0048,W07,C07,East,Same Day,11,1,1,2025-01-17,15.75
O02698,2024-05-06,PR0083,W02,C01,North,Standard,4,6,6,2024-05-12,21.78
O02699,2025-04-04,PR0204,W07,C01,East,Standard,1,6,5,2025-04-09,23.21
O02700,2025-04-09,PR0297,W07,C08,East,Express,1,3,1,2025-04-10,21.54
O02701,2025-08-18,PR0175,W06,C04,Central,Express,14,3,3,2025-08-21,20.18
O02702,2024-12-24,PR0158,W07,C02,East,Same Day,4,1,1,2024-12-25,48.85
O02703,2025-11-13,PR0268,W01,C07,Central,Express,4,3,3,2025-11-16,36.85
O02704,2025-01-21,PR0293,W06,C04,Central,Express,14,3,1,2025-01-22,38.02
O02705,2024-04-17,PR0051,W04,C05,East,Express,3,3,1,2024-04-18,42.14
O02706,2025-01-04,PR0293,W05,C02,West,Standard,12,6,2,2025-01-06,3.0
O02707,2024-05-30,PR0091,W08,C06,West,Economy,2,10,12,2024-06-11,3.0
O02708,2024-03-24,PR0056,W10,C05,North,Standard,1,6,8,2024-04-01,27.3
O02709,2025-03-11,PR0197,W03,C03,South,Economy,6,10,8,2025-03-19,21.59
O02710,2024-08-07,PR0080,W05,C06,West,Standard,4,6,5,2024-08-12,9.51
O02711,2025-01-13,PR0016,W01,C01,Central,Economy,10,10,9,2025-01-22,16.02
O02712,2025-08-25,PR0123,W06,C01,Central,Economy,11,10,9,2025-09-03,17.42
O02713,2024-09-27,PR0276,W06,C03,Central,Economy,7,10,9,2024-10-06,24.46
O02714,2025-10-13,PR0247,W08,C06,West,standard,4,10,7,2025-10-20,3.0
O02715,2025-12-06,PR0166,W08,C08,West,Economy,10,10,4,2025-12-10,23.76
O02716,2024-06-15,PR0059,W09,C07,South,Express,1,3,5,2024-06-20,34.21
O02717,2025-05-11,PR0066,W08,C01,West,Express,12,3,5,2025-05-16,16.37
O02718,2025-12-22,PR0193,W01,C06,Central,Standard,10,6,2,2025-12-24,3.0
O02719,2025-12-12,PR0142,W09,C01,South,Economy,3,10,15,2025-12-27,41.5
O02720,2025-04-29,PR0185,W10,C06,North,Express,2,3,2,2025-05-01,33.23
O02721,2025-07-26,PR0092,W04,C05,East,Standard,7,6,5,2025-07-31,18.45
O02722,2025-09-08,PR0137,W08,C03,West,Standard,13,6,2,2025-09-10,27.42
O02723,2024-05-03,PR0246,W04,C04,East,Same Day,7,1,2,2024-05-05,32.48
O02724,2024-02-11,PR0082,W06,C03,Central,Express,2,3,3,2024-02-14,27.63
O02725,2024-04-30,PR0054,W07,C02,East,Same Day,13,1,1,2024-05-01,24.66
O02726,2025-01-18,PR0171,W07,C03,East,Same Day,14,1,1,2025-01-19,33.75
O02727,2025-05-12,PR0127,W10,C08,North,Express,11,3,2,2025-05-14,41.48
O02728,2024-05-25,PR0184,W06,C04,Central,Economy,5,10,6,2024-05-31,33.28
O02729,2024-02-19,PR0268,W04,C02,East,Same Day,12,1,1,2024-02-20,44.33
O02730,2024-08-08,PR0197,W03,C04,South,Economy,11,10,6,2024-08-14,26.91
O02731,2024-01-03,PR0223,W02,C08,North,Same Day,9,1,1,2024-01-04,39.22
O02732,2024-03-10,PR0129,W02,C04,North,Economy,7,10,6,2024-03-16,21.69
O02733,2025-05-07,PR0251,W01,C08,Central,Same Day,14,1,1,2025-05-08,20.43
O02734,2025-08-02,PR0097,W08,C08,West,Same Day,8,1,1,2025-08-03,25.81
O02735,2025-01-21,PR0130,W05,C06,West,Express,1,3,4,2025-01-25,31.73
O02736,2024-05-21,PR0059,W01,C04,Central,Economy,9,10,8,2024-05-29,40.9
O02737,2025-04-05,PR0043,W05,C07,West,Express,14,3,4,2025-04-09,32.69
O02738,2024-11-29,PR0242,W02,C08,North,Economy,11,10,4,2024-12-03,20.74
O02739,2025-01-31,PR0275,W09,C06,South,Economy,12,10,5,2025-02-05,26.86
O02740,2024-12-13,PR0294,W01,C03,Central,Standard,10,6,5,2024-12-18,20.92
O02741,2025-11-17,PR0028,W08,C03,West,Same Day,8,1,2,2025-11-19,24.07
O02742,2025-10-23,PR0295,W02,C02,North,Express,2,3,3,2025-10-26,35.1
O02743,2025-12-25,PR0095,W10,C01,North,Same Day,2,1,1,2025-12-26,28.95
O02744,2025-07-28,PR0128,W10,C02,North,Standard,14,6,8,2025-08-05,31.88
O02745,2024-07-16,PR0106,W06,C04,Central,Standard,8,6,8,2024-07-24,7.46
O02746,2025-08-06,PR0270,W01,C03,Central,Express,1,3,5,2025-08-11,17.18
O02747,2025-05-02,PR0275,W06,C08,Central,Standard,13,6,7,2025-05-09,16.59
O02748,2024-05-03,PR0235,W01,C02,Central,Express,6,3,1,2024-05-04,28.52
O02749,2024-01-20,PR0143,W04,C02,East,Express,12,3,3,2024-01-23,27.01
O02750,2024-09-08,PR0001,W01,C04,Central,Economy,4,10,10,2024-09-18,31.34
O02751,2024-03-27,PR0154,W06,C06,Central,Same Day,10,1,1,2024-03-28,22.2
O02752,2025-02-15,PR0146,W06,C04,Central,Standard,8,6,6,2025-02-21,17.15
O02753,2025-05-18,PR0254,W10,C08,North,Same Day,8,1,1,2025-05-19,50.5
O02754,2025-03-23,PR0108,W03,C05,South,Economy,3,10,7,2025-03-30,13.92
O02755,2024-01-25,PR0045,W06,C06,,Same Day,12,1,1,2024-01-26,58.61
O02756,2025-01-26,PR0250,W07,C03,East,Standard,3,6,5,2025-01-31,16.85
O02757,2024-04-27,PR0267,W10,C01,North,Express,6,3,4,2024-05-01,17.95
O02758,2024-10-19,PR0077,W03,C03,South,Express,8,3,4,2024-10-23,16.33
O02759,2024-09-18,PR0150,W10,C06,North,Express,7,3,3,2024-09-21,38.2
O02760,2024-11-10,PR0057,W08,C02,West,Express,7,3,2,2024-11-12,42.75
O02761,2024-03-01,PR0130,W01,C08,Central,Same Day,13,1,1,2024-03-02,25.13
O02762,2024-07-04,PR0239,W10,C01,North,Standard,7,6,3,2024-07-07,19.8
O02763,2024-11-01,PR0164,W05,C03,West,Standard,1,6,5,2024-11-06,10.77
O02764,2024-11-23,PR0147,W09,C04,South,Economy,5,10,7,2024-11-30,24.36
O02765,2024-11-27,PR0055,W07,C03,East,Economy,5,10,10,2024-12-07,36.55
O02766,2024-05-03,PR0102,W10,C07,North,Express,7,3,3,2024-05-06,12.4
O02767,2024-09-02,PR0174,W01,C08,Central,Express,1,3,2,2024-09-04,26.04
O02768,2025-05-19,PR0241,W01,C01,Central,Economy,6,10,10,2025-05-29,37.1
O02769,2024-04-27,PR0202,W07,C08,East,Standard,6,6,4,2024-05-01,19.58
O02770,2024-11-21,PR0062,W08,C06,West,Economy,13,10,6,2024-11-27,32.37
O02771,2024-03-08,PR0267,W08,C08,West,Standard,9,6,3,2024-03-11,25.32
O02772,2025-02-21,PR0271,W03,C06,South,Standard,2,6,5,2025-02-26,25.36
O02773,2024-10-02,PR0052,W01,C06,Central,Standard,6,6,2,2024-10-04,15.18
O02774,2024-09-09,PR0160,W06,C02,Central,Express,14,3,1,2024-09-10,23.71
O02775,2024-11-07,PR0080,W01,C06,Central,Economy,3,10,8,2024-11-15,30.98
O02776,2025-04-01,PR0091,W02,C06,North,Express,1,3,4,2025-04-05,37.09
O02777,2024-05-25,PR0249,W07,C05,East,Express,13,3,6,2024-05-31,44.36
O02778,2024-09-08,PR0256,W01,C08,Central,standard,2,10,4,2024-09-12,37.2
O02779,2025-07-22,PR0176,W08,C01,West,Standard,11,6,7,2025-07-29,26.24
O02780,2024-01-02,PR0253,W05,C03,West,Same Day,4,1,1,2024-01-03,33.53
O02781,2025-10-30,PR0089,W03,C06,South,Standard,6,6,6,2025-11-05,18.87
O02782,2024-03-02,PR0084,W08,C07,West,Same Day,2,1,1,2024-03-03,37.36
O02783,2025-09-04,PR0180,W07,C02,East,Economy,10,10,9,2025-09-13,34.73
O02784,2024-12-25,PR0009,W03,C04,South,Same Day,10,1,1,2024-12-26,13.35
O02785,2024-02-16,PR0074,W09,C06,South,Standard,12,6,6,2024-02-22,22.26
O02786,2024-11-03,PR0168,W10,C02,North,Economy,11,10,6,2024-11-09,43.9
O02787,2025-12-16,PR0238,W02,C06,North,Express,7,3,2,2025-12-18,36.31
O02788,2025-07-23,PR0135,W04,C02,East,Economy,5,10,7,2025-07-30,18.88
O02789,2024-08-03,PR0041,W06,C03,Central,Same Day,13,1,1,2024-08-04,16.45
O02790,2025-11-29,PR0246,W04,C05,East,Same Day,8,1,2,2025-12-01,17.86
O02791,2025-12-25,PR0016,W08,C03,West,Same Day,4,1,1,2025-12-26,32.69
O02792,2024-09-08,PR0153,W07,C08,East,Same Day,11,1,1,2024-09-09,14.58
O02793,2024-08-03,PR0169,W08,C01,West,Same Day,6,1,1,2024-08-04,29.64
O02794,2024-01-17,PR0155,W03,C01,South,Standard,7,6,2,2024-01-19,15.52
O02795,2025-09-15,PR0225,W08,C05,West,Standard,2,6,5,2025-09-20,23.17
O02796,2024-01-10,PR0154,W09,C07,South,Economy,5,10,11,2024-01-21,30.96
O02797,2025-07-23,PR0021,W05,C02,West,Economy,5,10,8,2025-07-31,48.01
O02798,2025-07-05,PR0276,W10,C03,North,Standard,2,6,7,2025-07-12,19.87
O02799,2025-07-05,PR0047,W10,C08,North,Economy,6,10,11,2025-07-16,26.64
O02800,2025-11-19,PR0195,W10,C05,North,Same Day,2,1,1,2025-11-20,42.97
O02801,2025-01-20,PR0201,W06,C06,Central,Same Day,12,1,1,2025-01-21,35.42
O02802,2025-01-31,PR0030,W09,C06,South,Standard,4,6,4,2025-02-04,14.31
O02803,2024-05-07,PR0072,W05,C07,West,Same Day,12,1,1,2024-05-08,47.8
O02804,2024-07-16,PR0083,W08,C01,West,Standard,4,6,5,2024-07-21,5.86
O02805,2024-08-14,PR0275,W02,C05,North,Same Day,9,1,1,2024-08-15,31.36
O02806,2025-11-27,PR0123,W04,C04,East,Express,1,3,3,2025-11-30,34.58
O02807,2024-04-02,PR0238,W01,C05,Central,Same Day,6,1,1,2024-04-03,31.78
O02808,2024-08-14,PR0249,W03,C06,South,Economy,9,10,9,2024-08-23,27.19
O02809,2025-01-06,PR0240,W02,C03,North,Same Day,3,1,1,2025-01-07,30.98
O02810,2025-05-19,PR0187,W01,C06,Central,Express,6,3,1,2025-05-20,20.1
O02811,2024-01-08,PR0280,W09,C07,South,Economy,5,10,10,2024-01-18,23.7
O02812,2024-04-23,PR0233,W07,C03,East,Economy,7,10,8,2024-05-01,39.81
O02813,2024-06-23,PR0275,W06,C07,Central,Express,5,3,2,2024-06-25,30.62
O02814,2025-11-06,PR0074,W01,C05,Central,Express,9,3,1,2025-11-07,38.82
O02815,2024-03-07,PR0115,W01,C08,Central,Express,4,3,3,2024-03-10,33.81
O02816,2024-03-07,PR0242,W09,C08,South,Same Day,10,1,1,2024-03-08,29.44
O02817,2025-08-06,PR0166,W03,C06,South,Same Day,4,1,2,2025-08-08,39.69
O02818,2024-07-15,PR0116,W10,C02,North,Same Day,6,1,1,2024-07-16,21.02
O02819,2025-11-28,PR0133,W01,C08,,Economy,10,10,12,2025-12-10,25.12
O02820,2024-01-03,PR0227,W05,C06,West,Standard,8,6,6,2024-01-09,3.0
O02821,2024-11-26,PR0075,W05,C08,West,Economy,12,10,16,2024-12-12,32.06
O02822,2024-10-07,PR0237,W02,C02,North,Economy,5,10,12,2024-10-19,27.29
O02823,2025-05-22,PR0203,W04,C01,East,Standard,13,6,9,2025-05-31,14.01
O02824,2024-08-17,PR0124,W02,C04,North,Same Day,10,1,1,2024-08-18,42.42
O02825,2025-03-06,PR0201,W01,C02,Central,Economy,2,10,7,2025-03-13,47.7
O02826,2024-11-19,PR0029,W02,C08,North,Economy,2,10,6,2024-11-25,35.59
O02827,2024-07-18,PR0199,W07,C04,East,Standard,11,6,2,2024-07-20,12.39
O02828,2025-08-08,PR0068,W10,C05,North,Express,4,3,3,2025-08-11,27.51
O02829,2025-12-07,PR0279,W05,C06,West,Standard,12,6,3,2025-12-10,23.13
O02830,2024-09-12,PR0036,W03,C07,South,Express,7,3,1,2024-09-13,29.56
O02831,2024-12-03,PR0032,W07,C03,East,Standard,13,6,8,2024-12-11,33.32
O02832,2025-10-03,PR0091,W10,C08,North,Standard,4,6,8,2025-10-11,14.84
O02833,2025-05-06,PR0264,W05,C02,West,Standard,13,6,6,2025-05-12,29.63
O02834,2025-08-29,PR0131,W07,C01,East,Same Day,2,1,1,2025-08-30,42.89
O02835,2024-09-10,PR0114,W02,C05,North,Economy,6,10,8,2024-09-18,25.24
O02836,2024-09-01,PR0131,W07,C04,East,Standard,5,6,4,2024-09-05,17.7
O02837,2024-12-07,PR0024,W01,C07,Central,Express,9,3,3,2024-12-10,31.05
O02838,2024-03-15,PR0003,W06,C03,Central,Economy,10,10,9,2024-03-24,25.8
O02839,2024-04-07,PR0288,W08,C03,West,Standard,6,6,2,2024-04-09,20.75
O02840,2024-03-28,PR0125,W02,C06,North,Standard,13,6,7,2024-04-04,22.32
O02841,2025-01-21,PR0101,W07,C08,East,Standard,3,6,2,2025-01-23,7.35
O02842,2024-05-10,PR0076,W10,C04,North,Economy,14,10,7,2024-05-17,46.48
O02843,2024-02-26,PR0020,W04,C01,East,Economy,5,10,13,2024-03-10,31.17
O02844,2024-03-08,PR0231,W10,C06,North,Standard,4,6,5,2024-03-13,22.62
O02845,2025-07-26,PR0007,W10,C05,North,Same Day,14,1,1,2025-07-27,29.67
O02846,2025-01-25,PR0155,W05,C02,West,Standard,5,6,4,2025-01-29,11.82
O02847,2025-09-24,PR0293,W05,C02,West,Express,2,3,1,2025-09-25,37.72
O02848,2025-09-05,PR0044,W06,C06,Central,Standard,9,6,10,2025-09-15,17.93
O02849,2025-04-09,PR0163,W08,C05,West,Economy,3,10,9,2025-04-18,24.81
O02850,2025-03-14,PR0116,W01,C07,Central,Standard,10,6,6,2025-03-20,29.0
O02851,2024-12-13,PR0206,W02,C02,North,Economy,7,10,10,2024-12-23,21.53
O02852,2025-06-13,PR0065,W04,C05,East,Express,7,3,1,2025-06-14,27.31
O02853,2024-04-20,PR0146,W10,C02,North,Standard,6,6,8,2024-04-28,10.67
O02854,2025-09-01,PR0075,W02,C05,North,Express,3,3,2,2025-09-03,26.9
O02855,2025-08-09,PR0125,W03,C08,South,Same Day,8,1,1,2025-08-10,24.42
O02856,2024-12-29,PR0014,W05,C08,West,Economy,4,10,11,2025-01-09,39.39
O02857,2025-09-27,PR0169,W08,C01,West,Express,1,3,4,2025-10-01,11.76
O02858,2024-09-05,PR0114,W03,C05,South,Standard,6,6,2,2024-09-07,31.47
O02859,2024-03-02,PR0197,W03,C02,South,Same Day,6,1,1,2024-03-03,33.78
O02860,2025-08-21,PR0035,W05,C04,West,Same Day,3,1,1,2025-08-22,22.23
O02861,2024-11-14,PR0104,W01,C05,,Express,1,3,4,2024-11-18,11.88
O02862,2024-05-30,PR0291,W05,C06,West,Same Day,1,1,1,2024-05-31,32.18
O02863,2025-09-09,PR0049,W04,C05,East,Same Day,8,1,1,2025-09-10,26.57
O02864,2025-01-12,PR0281,W02,C08,North,Express,5,3,4,2025-01-16,48.16
O02865,2024-02-28,PR0172,W09,C02,South,Standard,5,6,4,2024-03-03,18.51
O02866,2025-03-08,PR0178,W07,C02,East,Express,10,3,1,2025-03-09,37.24
O02867,2024-07-24,PR0082,W09,C01,South,Standard,7,6,3,2024-07-27,19.06
O02868,2024-12-15,PR0121,W09,C01,South,Economy,10,10,7,2024-12-22,19.37
O02869,2025-12-12,PR0183,W05,C02,West,Same Day,2,1,1,2025-12-13,36.91
O02870,2025-08-15,PR0279,W06,C03,Central,Same Day,12,1,2,2025-08-17,35.6
O02871,2025-09-22,PR0191,W07,C06,East,Economy,3,10,12,2025-10-04,49.33
O02872,2024-12-02,PR0248,W03,C08,South,Standard,1,6,5,2024-12-07,25.6
O02873,2025-04-10,PR0112,W02,C08,North,Economy,8,10,11,2025-04-21,32.54
O02874,2024-08-12,PR0052,W10,C05,North,Express,5,3,3,2024-08-15,14.03
O02875,2025-12-10,PR0137,W03,C06,South,Economy,3,10,10,2025-12-20,28.06
O02876,2025-09-30,PR0102,W03,C08,South,Express,4,3,3,2025-10-03,41.93
O02877,2025-05-07,PR0021,W07,C01,East,Economy,6,10,10,2025-05-17,29.08
O02878,2024-07-29,PR0113,W05,C08,West,Express,1,3,3,2024-08-01,30.03
O02879,2024-01-07,PR0291,W07,C05,East,Standard,3,6,6,2024-01-13,17.3
O02880,2024-03-16,PR0184,W07,C03,East,Standard,10,6,9,2024-03-25,26.71
O02881,2025-07-22,PR0165,W02,C01,North,Express,1,3,2,2025-07-24,36.85
O02882,2024-10-24,PR0266,W05,C02,West,Express,9,3,3,2024-10-27,31.73
O02883,2025-10-08,PR0167,W01,C07,Central,Same Day,4,1,1,2025-10-09,25.06
O02884,2024-02-14,PR0160,W10,C05,North,Express,6,3,2,2024-02-16,20.06
O02885,2024-07-21,PR0222,W04,C02,East,Express,8,3,3,2024-07-24,14.35
O02886,2024-08-12,PR0112,W07,C04,East,Express,7,3,5,2024-08-17,25.03
O02887,2024-12-13,PR0060,W06,C05,Central,Express,11,3,5,2024-12-18,23.74
O02888,2024-07-01,PR0005,W03,C06,South,Standard,9,6,6,2024-07-07,25.24
O02889,2024-06-29,PR0247,W07,C02,East,Standard,14,6,3,2024-07-02,39.93
O02890,2024-01-22,PR0097,W09,C01,South,Economy,12,10,11,2024-02-02,46.57
O02891,2025-11-01,PR0178,W10,C05,North,Same Day,8,1,1,2025-11-02,34.2
O02892,2024-08-03,PR0236,W04,C05,East,Economy,11,10,8,2024-08-11,28.46
O02893,2024-09-02,PR0125,W07,C06,East,Same Day,6,1,1,2024-09-03,19.52
O02894,2025-11-07,PR0175,W03,C06,South,Economy,12,10,4,2025-11-11,30.28
O02895,2025-12-29,PR0028,W10,C07,North,Standard,10,6,6,2026-01-04,4.16
O02896,2024-05-27,PR0128,W03,C05,South,Express,3,3,6,2024-06-02,30.61
O02897,2024-07-15,PR0091,W06,C02,Central,Economy,6,10,9,2024-07-24,32.7
O02898,2025-12-12,PR0198,W04,C05,East,Same Day,5,1,1,2025-12-13,43.26
O02899,2025-09-05,PR0157,W08,C05,West,Express,1,3,2,2025-09-07,38.55
O02900,2024-02-17,PR0189,W01,C06,Central,Express,13,3,2,2024-02-19,21.81
O02901,2025-07-02,PR0145,W04,C02,East,Express,6,3,3,2025-07-05,27.28
O02902,2024-12-01,PR0082,W09,C08,South,Standard,2,6,8,2024-12-09,10.61
O02903,2025-10-06,PR0152,W04,C06,East,Express,14,3,4,2025-10-10,26.34
O02904,2025-06-04,PR0201,W01,C01,Central,Economy,5,10,5,2025-06-09,26.23
O02905,2024-08-02,PR0221,W10,C05,North,Economy,5,10,6,2024-08-08,19.86
O02906,2025-11-10,PR0279,W06,C06,Central,Standard,11,6,3,2025-11-13,10.29
O02907,2024-06-20,PR0295,W01,C04,Central,Economy,9,10,3,2024-06-23,18.4
O02908,2025-10-22,PR0122,W06,C02,Central,Same Day,14,1,1,2025-10-23,20.0
O02909,2025-05-25,PR0178,W01,C06,Central,Economy,5,10,9,2025-06-03,30.73
O02910,2024-07-02,PR0118,W04,C06,East,Same Day,14,1,1,2024-07-03,20.48
O02911,2025-06-22,PR0127,W08,C04,West,Economy,13,10,7,2025-06-29,39.06
O02912,2025-04-30,PR0024,W04,C03,East,Economy,3,10,15,2025-05-15,38.7
O02913,2025-10-15,PR0124,W01,C04,Central,Standard,7,6,6,2025-10-21,5.3
O02914,2024-07-31,PR0014,W03,C07,South,Express,5,3,4,2024-08-04,29.7
O02915,2025-04-07,PR0165,W09,C07,South,Economy,1,10,15,2025-04-22,39.01
O02916,2024-08-11,PR0108,W04,C02,East,Economy,2,10,12,2024-08-23,23.24
O02917,2025-01-21,PR0004,W01,C06,Central,Express,13,3,2,2025-01-23,34.0
O02918,2025-01-18,PR0200,W07,C06,East,Standard,1,6,5,2025-01-23,26.01
O02919,2024-05-17,PR0032,W10,C06,North,Same Day,10,1,2,2024-05-19,24.1
O02920,2025-03-31,PR0112,W06,C06,Central,Same Day,11,1,1,2025-04-01,31.26
O02921,2024-08-23,PR0034,W06,C07,Central,Standard,3,6,6,2024-08-29,13.12
O02922,2025-04-21,PR0014,W01,C01,Central,Same Day,5,1,1,2025-04-22,24.66
O02923,2025-03-12,PR0179,W05,C01,West,Economy,7,10,11,2025-03-23,40.42
O02924,2025-03-18,PR0020,W08,C08,West,Same Day,13,1,1,2025-03-19,34.91
O02925,2025-05-24,PR0127,W04,C08,East,Same Day,11,1,1,2025-05-25,19.39
O02926,2025-01-26,PR0262,W10,C08,North,Express,14,3,1,2025-01-27,18.12
O02927,2025-03-28,PR0214,W03,C08,South,Same Day,6,1,1,2025-03-29,32.3
O02928,2025-10-22,PR0222,W02,C03,North,Same Day,8,1,1,2025-10-23,32.13
O02929,2024-03-25,PR0274,W04,C04,East,Standard,5,6,4,2024-03-29,3.65
O02930,2024-10-10,PR0128,W09,C04,South,Standard,13,6,7,2024-10-17,13.28
O02931,2024-05-01,PR0087,W10,C01,North,Same Day,3,1,1,2024-05-02,35.87
O02932,2024-02-09,PR0057,W06,C02,Central,Express,9,3,4,2024-02-13,44.67
O02933,2024-12-07,PR0252,W09,C03,South,Same Day,12,1,1,2024-12-08,47.52
O02934,2024-09-13,PR0210,W07,C08,East,Same Day,2,1,2,2024-09-15,40.2
O02935,2024-07-14,PR0069,W01,C08,Central,Express,5,3,2,2024-07-16,24.87
O02936,2025-07-10,PR0289,W04,C08,East,Standard,9,6,5,2025-07-15,13.21
O02937,2024-11-02,PR0082,W04,C01,East,Same Day,6,1,1,2024-11-03,25.3
O02938,2025-02-17,PR0101,W08,C06,West,Standard,5,6,2,2025-02-19,15.48
O02939,2025-04-28,PR0038,W01,C06,Central,Express,14,3,2,2025-04-30,34.74
O02940,2025-02-11,PR0067,W09,C07,South,Express,6,3,4,2025-02-15,25.18
O02941,2024-08-02,PR0239,W08,C05,West,Express,4,3,1,2024-08-03,18.43
O02942,2025-06-12,PR0273,W06,C01,Central,standard,9,10,8,2025-06-20,32.09
O02943,2025-04-17,PR0136,W04,C08,East,Standard,11,6,8,2025-04-25,24.94
O02944,2024-11-16,PR0117,W09,C01,South,Economy,1,10,9,2024-11-25,28.32
O02945,2025-12-15,PR0145,W08,C05,West,Express,12,3,3,2025-12-18,40.86
O02946,2025-03-25,PR0127,W05,C04,West,Standard,6,6,8,2025-04-02,5.71
O02947,2025-01-18,PR0166,W09,C05,South,standard,6,3,4,2025-01-22,32.51
O02948,2024-11-08,PR0040,W10,C05,North,Economy,12,10,7,2024-11-15,24.82
O02949,2025-11-05,PR0076,W04,C08,East,Same Day,7,1,1,2025-11-06,23.89
O02950,2024-08-18,PR0083,W05,C06,West,Economy,14,10,9,2024-08-27,28.6
O02951,2025-12-03,PR0101,W08,C06,West,Same Day,7,1,1,2025-12-04,31.78
O02952,2024-11-29,PR0170,W06,C07,Central,Standard,5,6,4,2024-12-03,20.27
O02953,2025-08-04,PR0250,W02,C05,North,Express,5,3,5,2025-08-09,37.9
O02954,2024-06-06,PR0220,W07,C03,East,Economy,14,10,9,2024-06-15,32.01
O02955,2025-01-25,PR0031,W03,C08,South,Economy,1,10,6,2025-01-31,30.53
O02956,2024-03-06,PR0211,W06,C02,Central,Economy,3,10,12,2024-03-18,47.14
O02957,2024-07-11,PR0136,W05,C02,West,Standard,11,6,6,2024-07-17,24.37
O02958,2024-12-02,PR0041,W01,C03,Central,Economy,8,10,8,2024-12-10,36.05
O02959,2025-10-16,PR0202,W04,C07,East,Standard,12,6,3,2025-10-19,30.8
O02960,2024-06-24,PR0219,W10,C05,North,Express,5,3,3,2024-06-27,30.74
O02961,2024-02-02,PR0022,W06,C05,Central,Economy,12,10,4,2024-02-06,30.51
O02962,2024-01-28,PR0183,W09,C05,South,Express,5,3,3,2024-01-31,26.91
O02963,2024-03-12,PR0226,W05,C01,West,Same Day,5,1,1,2024-03-13,28.57
O02964,2024-07-29,PR0118,W09,C03,South,Same Day,7,1,1,2024-07-30,18.77
O02965,2025-11-06,PR0109,W06,C02,Central,Standard,12,6,9,2025-11-15,31.98
O02966,2025-04-10,PR0299,W02,C05,North,Same Day,9,1,1,2025-04-11,13.09
O02967,2025-06-14,PR0145,W10,C06,North,Express,3,3,3,2025-06-17,30.79
O02968,2024-11-30,PR0224,W08,C07,West,Economy,10,10,7,2024-12-07,37.16
O02969,2024-06-09,PR0046,W02,C02,North,Express,11,3,4,2024-06-13,24.55
O02970,2025-07-03,PR0174,W05,C02,West,Economy,10,10,8,2025-07-11,22.18
O02971,2024-03-11,PR0294,W05,C02,West,Express,13,3,4,2024-03-15,26.7
O02972,2024-05-13,PR0054,W09,C02,South,Same Day,11,1,1,2024-05-14,12.67
O02973,2025-03-18,PR0172,W05,C01,West,Express,2,3,3,2025-03-21,37.72
O02974,2025-09-10,PR0174,W06,C04,Central,Same Day,12,1,1,2025-09-11,30.36
O02975,2025-08-24,PR0023,W09,C05,South,Economy,9,10,12,2025-09-05,19.36
O02976,2024-10-09,PR0012,W03,C05,South,Standard,8,6,8,2024-10-17,10.53
O02977,2024-05-26,PR0030,W05,C08,West,Standard,11,6,6,2024-06-01,19.42
O02978,2025-02-12,PR0165,W01,C01,Central,Express,12,3,5,2025-02-17,26.88
O02979,2025-06-22,PR0226,W04,C02,East,Economy,1,10,8,2025-06-30,43.46
O02980,2025-04-16,PR0074,W05,C08,West,Standard,13,6,6,2025-04-22,30.17
O02981,2024-04-03,PR0125,W04,C05,East,Economy,5,10,9,2024-04-12,40.86
O02982,2024-12-21,PR0226,W04,C01,East,Economy,8,10,12,2025-01-02,31.85
O02983,2025-09-19,PR0047,W09,C01,South,Economy,12,10,4,2025-09-23,21.7
O02984,2024-09-12,PR0061,W09,C01,South,Economy,7,10,11,2024-09-23,21.51
O02985,2025-04-13,PR0263,W05,C05,West,Express,12,3,2,2025-04-15,24.86
O02986,2025-12-16,PR0193,W01,C08,Central,Standard,13,6,5,2025-12-21,22.13
O02987,2025-02-06,PR0246,W10,C02,North,Express,14,3,1,2025-02-07,28.58
O02988,2024-06-10,PR0299,W04,C07,East,Same Day,12,1,1,2024-06-11,34.56
O02989,2025-11-13,PR0045,W10,C02,North,Express,4,3,4,2025-11-17,18.86
O02990,2025-05-20,PR0242,W05,C08,West,Standard,9,6,6,2025-05-26,21.25
O02991,2025-01-12,PR0231,W02,C02,North,Standard,8,6,7,2025-01-19,3.0
O02992,2025-05-31,PR0076,W07,C03,East,Economy,7,10,12,2025-06-12,24.24
O02993,2025-04-06,PR0048,W09,C03,South,Same Day,6,1,1,2025-04-07,37.28
O02994,2024-07-31,PR0217,W06,C06,Central,Standard,14,6,6,2024-08-06,16.87
O02995,2025-04-18,PR0106,W02,C03,North,Standard,7,6,4,2025-04-22,30.75
O02996,2025-10-16,PR0242,W05,C04,West,Economy,9,10,9,2025-10-25,37.29
O02997,2024-12-17,PR0139,W05,C01,West,Express,8,3,5,2024-12-22,36.54
O02998,2025-02-10,PR0097,W02,C04,North,Standard,12,6,7,2025-02-17,31.65
O02999,2024-09-13,PR0288,W10,C04,North,Express,4,3,4,2024-09-17,29.48
O03000,2024-11-30,PR0222,W05,C03,West,Economy,2,10,10,2024-12-10,33.19
O03001,2025-04-17,PR0229,W02,C08,North,Standard,13,6,4,2025-04-21,25.86
O03002,2025-07-15,PR0250,W03,C03,South,Economy,1,10,9,2025-07-24,41.95
O03003,2024-05-23,PR0073,W08,C06,,Same Day,11,1,1,2024-05-24,18.38
O03004,2024-06-14,PR0151,W03,C06,South,Standard,12,6,6,2024-06-20,47.24
O03005,2025-09-13,PR0097,W02,C07,North,Express,4,3,5,2025-09-18,33.38
O03006,2024-10-28,PR0294,W10,C04,North,Economy,4,10,9,2024-11-06,49.41
O03007,2024-06-21,PR0009,W02,C08,North,Standard,4,6,3,2024-06-24,7.81
O03008,2025-11-24,PR0112,W07,C02,East,Express,3,3,2,2025-11-26,19.56
O03009,2025-03-27,PR0030,W04,C06,East,Express,12,3,4,2025-03-31,24.9
O03010,2024-08-09,PR0121,W10,C03,North,Express,10,3,1,2024-08-10,19.86
O03011,2025-03-28,PR0156,W02,C04,North,Standard,13,6,3,2025-03-31,26.75
O03012,2025-02-03,PR0085,W04,C05,East,Economy,1,10,4,2025-02-07,29.2
O03013,2024-02-23,PR0276,W01,C05,Central,Standard,14,6,2,2024-02-25,11.63
O03014,2024-02-19,PR0056,W08,C02,West,Express,6,3,4,2024-02-23,26.77
O03015,2024-09-12,PR0169,W04,C04,East,Express,1,3,2,2024-09-14,25.36
O03016,2024-07-23,PR0060,W02,C01,North,Standard,3,6,9,2024-08-01,3.0
O03017,2025-03-07,PR0251,W02,C03,North,Standard,7,6,3,2025-03-10,22.55
O03018,2024-12-11,PR0220,W09,C04,South,Standard,12,6,8,2024-12-19,22.22
O03019,2024-08-13,PR0103,W02,C05,North,Express,8,3,4,2024-08-17,29.78
O03020,2024-06-20,PR0079,W02,C04,North,Economy,1,10,9,2024-06-29,51.92
O03021,2025-06-08,PR0053,W02,C03,North,Same Day,11,1,1,2025-06-09,20.12
O03022,2024-11-26,PR0071,W06,C04,Central,Express,1,3,4,2024-11-30,30.08
O03023,2025-10-01,PR0017,W03,C04,South,Economy,5,10,6,2025-10-07,18.59
O03024,2025-03-14,PR0065,W10,C01,North,Express,14,3,2,2025-03-16,16.75
O03025,2024-08-06,PR0090,W02,C02,North,Same Day,10,1,1,2024-08-07,21.15
O03026,2024-11-27,PR0181,W03,C02,South,Standard,13,6,5,2024-12-02,15.66
O03027,2025-02-15,PR0132,W07,C04,East,Standard,14,6,9,2025-02-24,24.9
O03028,2025-02-02,PR0211,W03,C03,South,Economy,4,10,7,2025-02-09,19.32
O03029,2024-08-13,PR0232,W10,C01,North,Same Day,10,1,1,2024-08-14,27.0
O03030,2025-10-27,PR0087,W01,C02,Central,Same Day,7,1,1,2025-10-28,41.7
O03031,2024-02-14,PR0249,W10,C06,North,Express,3,3,4,2024-02-18,30.27
O03032,2025-02-24,PR0125,W07,C08,East,Economy,13,10,11,2025-03-07,14.02
O03033,2024-04-14,PR0174,W06,C05,Central,Express,9,3,2,2024-04-16,39.47
O03034,2024-09-14,PR0046,W10,C01,North,Same Day,1,1,1,2024-09-15,13.6
O03035,2025-10-08,PR0157,W08,C01,West,Express,6,3,4,2025-10-12,47.25
O03036,2024-12-06,PR0047,W09,C07,South,Same Day,4,1,1,2024-12-07,23.49
O03037,2025-11-13,PR0165,W08,C03,West,Standard,12,6,5,2025-11-18,4.14
O03038,2024-12-09,PR0286,W10,C02,North,Economy,5,10,11,2024-12-20,32.25
O03039,2025-01-26,PR0061,W06,C06,Central,Express,11,3,5,2025-01-31,26.86
O03040,2025-05-30,PR0080,W01,C04,Central,Standard,6,6,10,2025-06-09,17.98
O03041,2024-08-26,PR0027,W02,C06,North,Standard,14,6,6,2024-09-01,17.44
O03042,2024-11-12,PR0096,W03,C08,South,Economy,14,10,6,2024-11-18,28.76
O03043,2024-09-06,PR0084,W06,C03,Central,Standard,9,6,3,2024-09-09,28.46
O03044,2024-03-02,PR0123,W09,C03,South,Same Day,8,1,1,2024-03-03,32.09
O03045,2025-05-25,PR0289,W07,C01,East,Express,10,3,3,2025-05-28,37.24
O03046,2024-06-04,PR0041,W08,C08,West,Express,11,3,2,2024-06-06,23.42
O03047,2025-10-19,PR0031,W02,C03,North,Express,11,3,1,2025-10-20,26.97
O03048,2025-09-04,PR0003,W08,C02,West,Same Day,5,1,2,2025-09-06,33.02
O03049,2024-05-17,PR0203,W04,C02,East,Same Day,2,1,1,2024-05-18,26.84
O03050,2025-10-21,PR0022,W10,C02,North,Economy,2,10,5,2025-10-26,24.13
O03051,2025-10-25,PR0006,W07,C05,East,Standard,14,6,4,2025-10-29,10.31
O03052,2024-08-22,PR0162,W04,C02,East,Same Day,13,1,3,2024-08-25,11.24
O03053,2024-09-05,PR0194,W03,C03,South,Standard,14,6,4,2024-09-09,4.98
O03054,2025-11-11,PR0294,W09,C03,South,Express,7,3,1,2025-11-12,15.13
O03055,2025-09-14,PR0008,W05,C08,West,Same Day,10,1,1,2025-09-15,28.22
O03056,2024-07-06,PR0018,W08,C04,West,Standard,12,6,5,2024-07-11,14.88
O03057,2024-03-07,PR0013,W05,C05,West,Standard,7,6,3,2024-03-10,22.56
O03058,2024-07-16,PR0176,W10,C05,North,Express,6,3,2,2024-07-18,25.97
O03059,2024-07-28,PR0269,W03,C06,South,Standard,9,6,6,2024-08-03,15.24
O03060,2024-06-26,PR0297,W06,C07,Central,Express,7,3,4,2024-06-30,31.13
O03061,2024-08-29,PR0216,W01,C03,Central,Standard,11,6,7,2024-09-05,12.67
O03062,2025-03-12,PR0173,W05,C01,West,Same Day,7,1,1,2025-03-13,26.05
O03063,2024-06-17,PR0184,W09,C06,South,Express,8,3,1,2024-06-18,21.44
O03064,2025-03-10,PR0287,W03,C07,South,Express,5,3,2,2025-03-12,24.18
O03065,2024-11-06,PR0177,W07,C01,East,Economy,3,10,6,2024-11-12,27.83
O03066,2025-10-12,PR0288,W09,C04,South,Same Day,5,1,1,2025-10-13,29.64
O03067,2025-05-07,PR0193,W10,C02,North,Same Day,9,1,1,2025-05-08,30.86
O03068,2025-02-11,PR0158,W08,C01,West,Express,3,3,2,2025-02-13,24.4
O03069,2025-04-27,PR0260,W05,C03,West,Economy,1,10,10,2025-05-07,28.18
O03070,2025-06-01,PR0151,W01,C02,Central,Economy,13,10,8,2025-06-09,16.38
O03071,2024-06-08,PR0235,W05,C05,West,Standard,5,6,5,2024-06-13,23.03
O03072,2025-01-25,PR0173,W05,C02,West,Standard,14,6,6,2025-01-31,33.94
O03073,2024-11-03,PR0268,W06,C03,Central,Express,4,3,2,2024-11-05,20.91
O03074,2025-07-20,PR0052,W03,C05,South,Same Day,8,1,1,2025-07-21,39.46
O03075,2025-01-24,PR0009,W08,C02,West,Same Day,12,1,1,2025-01-25,22.65
O03076,2025-04-09,PR0216,W04,C05,East,Economy,12,10,12,2025-04-21,17.58
O03077,2025-07-29,PR0103,W01,C08,Central,Economy,5,10,4,2025-08-02,30.87
O03078,2024-03-14,PR0256,W04,C06,East,Express,4,3,1,2024-03-15,34.53
O03079,2025-04-25,PR0241,W03,C01,South,Express,12,3,5,2025-04-30,31.37
O03080,2024-07-13,PR0056,W02,C03,North,Standard,8,6,7,2024-07-20,19.76
O03081,2025-05-27,PR0188,W07,C03,East,Economy,1,10,11,2025-06-07,20.14
O03082,2025-02-18,PR0082,W05,C04,West,Economy,6,10,8,2025-02-26,30.37
O03083,2025-01-17,PR0255,W08,C01,West,Economy,13,10,9,2025-01-26,40.75
O03084,2024-11-11,PR0135,W06,C01,Central,Standard,12,6,5,2024-11-16,17.82
O03085,2025-02-22,PR0109,W10,C08,North,Standard,5,6,6,2025-02-28,21.4
O03086,2025-01-29,PR0087,W01,C02,Central,Express,1,3,4,2025-02-02,47.75
O03087,2024-07-17,PR0243,W08,C05,West,Same Day,11,1,1,2024-07-18,30.92
O03088,2024-12-22,PR0080,W06,C02,Central,Economy,7,10,7,2024-12-29,31.65
O03089,2025-10-12,PR0006,W04,C07,East,Standard,1,6,4,2025-10-16,12.29
O03090,2025-10-28,PR0114,W08,C03,West,Economy,12,10,10,2025-11-07,24.74
O03091,2024-09-09,PR0233,W03,C01,South,Economy,14,10,9,2024-09-18,27.26
O03092,2024-02-05,PR0065,W07,C08,East,Standard,11,6,8,2024-02-13,32.44
O03093,2025-12-15,PR0043,W03,C02,South,Same Day,8,1,1,2025-12-16,38.32
O03094,2025-09-11,PR0166,W08,C07,West,Express,8,3,5,2025-09-16,21.9
O03095,2024-09-17,PR0023,W09,C05,South,Express,6,3,4,2024-09-21,26.45
O03096,2024-01-13,PR0138,W02,C08,North,Standard,7,6,8,2024-01-21,19.12
O03097,2025-10-21,PR0058,W05,C05,West,Economy,13,10,10,2025-10-31,19.25
O03098,2025-12-24,PR0155,W01,C01,Central,Standard,4,6,2,2025-12-26,17.95
O03099,2025-06-14,PR0254,W09,C05,South,Economy,6,10,9,2025-06-23,23.65
O03100,2024-06-18,PR0107,W05,C07,West,Same Day,12,1,1,2024-06-19,35.27
O03101,2025-12-09,PR0300,W04,C01,East,Economy,3,10,9,2025-12-18,22.17
O03102,2025-08-23,PR0176,W04,C07,East,Economy,6,10,9,2025-09-01,40.81
O03103,2024-04-01,PR0186,W02,C08,North,Same Day,14,1,1,2024-04-02,31.26
O03104,2024-05-26,PR0212,W07,C01,East,Express,6,3,4,2024-05-30,20.44
O03105,2025-02-11,PR0118,W07,C08,East,Standard,5,6,7,2025-02-18,20.48
O03106,2024-06-21,PR0003,W05,C06,West,Standard,13,6,9,2024-06-30,11.92
O03107,2024-04-09,PR0148,W02,C04,North,Economy,7,10,12,2024-04-21,42.61
O03108,2025-06-21,PR0178,W05,C01,West,Same Day,13,1,1,2025-06-22,25.07
O03109,2025-03-17,PR0291,W03,C02,South,Express,4,3,4,2025-03-21,22.69
O03110,2025-01-18,PR0093,W09,C05,South,Express,6,3,3,2025-01-21,21.65
O03111,2024-07-21,PR0046,W08,C04,West,Express,11,3,3,2024-07-24,31.45
O03112,2025-05-29,PR0150,W10,C05,North,Economy,2,10,12,2025-06-10,3.5
O03113,2025-08-03,PR0008,W03,C04,South,Express,2,3,4,2025-08-07,34.7
O03114,2024-07-24,PR0049,W02,C08,North,Express,1,3,6,2024-07-30,23.42
O03115,2024-07-15,PR0127,W07,C06,East,Economy,8,10,6,2024-07-21,32.17
O03116,2025-03-27,PR0034,W06,C03,Central,Standard,12,6,7,2025-04-03,27.88
O03117,2025-10-13,PR0202,W03,C04,South,Standard,10,6,6,2025-10-19,30.84
O03118,2024-10-27,PR0278,W10,C07,North,Economy,7,10,6,2024-11-02,23.73
O03119,2024-05-07,PR0177,W07,C07,East,Standard,4,6,3,2024-05-10,14.48
O03120,2024-12-16,PR0040,W10,C02,North,Express,4,3,1,2024-12-17,30.35
O03121,2025-05-04,PR0129,W05,C04,West,Standard,4,6,7,2025-05-11,13.86
O03122,2024-01-10,PR0220,W10,C04,North,Same Day,8,1,1,2024-01-11,36.51
O03123,2024-01-08,PR0158,W01,C08,Central,Standard,1,6,9,2024-01-17,3.0
O03124,2024-04-09,PR0132,W03,C06,South,Standard,14,6,5,2024-04-14,14.85
O03125,2025-01-19,PR0051,W01,C01,Central,Same Day,14,1,1,2025-01-20,23.98
O03126,2025-05-12,PR0058,W05,C08,West,Same Day,5,1,1,2025-05-13,36.99
O03127,2025-09-10,PR0192,W08,C04,West,Same Day,12,1,1,2025-09-11,16.45
O03128,2025-01-14,PR0004,W04,C05,East,Same Day,9,1,1,2025-01-15,34.29
O03129,2024-09-02,PR0154,W04,C07,East,Economy,6,10,17,2024-09-19,22.38
O03130,2025-01-22,PR0004,W06,C05,Central,Standard,3,6,-2,2025-01-27,12.8
O03131,2024-12-30,PR0045,W07,C02,East,Standard,13,6,5,2025-01-04,19.41
O03132,2024-01-04,PR0166,W05,C05,West,Economy,2,10,8,2024-01-12,41.98
O03133,2024-05-22,PR0256,W02,C08,North,Standard,7,6,4,2024-05-26,8.92
O03134,2025-06-27,PR0059,W04,C01,East,Express,8,3,2,2025-06-29,26.29
O03135,2025-01-12,PR0196,W08,C03,West,Economy,1,10,11,2025-01-23,37.72
O03136,2025-06-11,PR0267,W05,C07,West,Express,14,3,4,2025-06-15,42.2
O03137,2024-01-04,PR0069,W07,C03,East,Standard,12,6,5,2024-01-09,31.15
O03138,2025-10-10,PR0049,W04,C01,East,Standard,2,6,2,2025-10-12,14.21
O03139,2024-11-29,PR0050,W05,C04,West,Express,9,3,3,2024-12-02,30.32
O03140,2025-09-13,PR0227,W08,C04,West,Economy,13,10,12,2025-09-25,44.62
O03141,2025-09-19,PR0200,W10,C03,North,Same Day,1,1,1,2025-09-20,
O03142,2025-03-14,PR0046,W05,C06,West,Standard,1,6,4,2025-03-18,17.1
O03143,2025-01-29,PR0203,W07,C08,East,Express,4,3,1,2025-01-30,26.04
O03144,2025-12-30,PR0145,W03,C04,South,Standard,2,6,2,2026-01-01,20.44
O03145,2024-05-10,PR0284,W08,C06,West,Standard,4,6,6,2024-05-16,24.46
O03146,2024-11-04,PR0228,W01,C08,Central,Economy,6,10,6,2024-11-10,13.33
O03147,2024-06-21,PR0039,W05,C02,West,Standard,12,6,6,2024-06-27,20.3
O03148,2025-05-08,PR0207,W01,C05,Central,Express,2,3,3,2025-05-11,38.99
O03149,2024-09-06,PR0088,W03,C03,South,Express,13,3,4,2024-09-10,49.35
O03150,2025-11-06,PR0282,W02,C06,North,Standard,1,6,7,2025-11-13,21.48
O03151,2025-03-21,PR0018,W02,C08,North,Express,7,3,1,2025-03-22,22.31
O03152,2024-11-30,PR0294,W08,C08,West,Same Day,3,1,1,2024-12-01,18.59
O03153,2024-08-13,PR0023,W04,C06,East,Economy,12,10,7,2024-08-20,17.23
O03154,2025-11-17,PR0137,W10,C08,North,Express,8,3,3,2025-11-20,44.47
O03155,2025-07-01,PR0160,W08,C07,West,Standard,9,6,2,2025-07-03,19.65
O03156,2025-12-09,PR0288,W07,C03,East,Express,4,3,2,2025-12-11,37.92
O03157,2025-08-12,PR0279,W06,C02,Central,Standard,9,6,2,2025-08-14,24.6
O03158,2025-10-21,PR0191,W07,C01,East,Economy,2,10,10,2025-10-31,36.43
O03159,2025-01-25,PR0231,W06,C03,Central,Economy,7,10,6,2025-01-31,41.78
O03160,2024-08-26,PR0080,W03,C08,South,Same Day,12,1,1,2024-08-27,27.6
O03161,2024-04-28,PR0147,W04,C07,East,Standard,10,6,9,2024-05-07,18.36
O03162,2024-04-24,PR0073,W02,C01,North,Same Day,6,1,1,2024-04-25,25.07
O03163,2025-08-29,PR0279,W03,C03,South,Standard,3,6,7,2025-09-05,22.01
O03164,2025-08-09,PR0068,W04,C03,East,Express,2,3,3,2025-08-12,19.34
O03165,2024-11-16,PR0208,W05,C02,West,Standard,5,6,7,2024-11-23,8.44
O03166,2024-11-14,PR0294,W02,C05,North,Express,6,3,4,2024-11-18,33.29
O03167,2025-02-01,PR0137,W08,C04,West,Same Day,11,1,3,2025-02-04,42.81
O03168,2025-01-08,PR0152,W03,C06,South,Express,2,3,3,2025-01-11,41.64
O03169,2024-04-19,PR0059,W08,C01,West,Standard,8,6,7,2024-04-26,18.34
O03170,2025-07-05,PR0153,W05,C06,West,Same Day,13,1,1,2025-07-06,27.26
O03171,2024-05-28,PR0213,W07,C08,East,Express,4,3,2,2024-05-30,38.65
O03172,2025-05-26,PR0287,W05,C03,West,Express,1,3,1,2025-05-27,24.26
O03173,2025-09-07,PR0058,W07,C07,East,Express,3,3,1,2025-09-08,14.41
O03174,2025-11-12,PR0189,W02,C07,North,Same Day,11,1,1,2025-11-13,13.16
O03175,2024-11-12,PR0184,W01,C06,Central,Standard,12,6,3,2024-11-15,33.17
O03176,2024-10-07,PR0247,W01,C03,Central,Economy,8,10,13,2024-10-20,50.34
O03177,2025-10-08,PR0093,W09,C01,South,Economy,6,10,14,2025-10-22,23.17
O03178,2024-10-25,PR0137,W05,C01,West,Standard,11,6,10,2024-11-04,27.86
O03179,2024-12-07,PR0177,W09,C04,South,Express,11,3,2,2024-12-09,25.5
O03180,2024-08-18,PR0153,W02,C08,North,Express,13,3,4,2024-08-22,29.47
O03181,2025-05-14,PR0119,W05,C07,West,Same Day,1,1,1,2025-05-15,27.68
O03182,2025-11-06,PR0264,W09,C02,South,Standard,5,6,3,2025-11-09,12.32
O03183,2025-07-15,PR0062,W05,C02,West,Same Day,10,1,1,2025-07-16,30.7
O03184,2025-03-08,PR0050,W08,C01,West,Same Day,2,1,1,2025-03-09,50.06
O03185,2025-02-04,PR0010,W08,C01,West,Standard,2,6,4,2025-02-08,17.44
O03186,2025-06-24,PR0077,W04,C04,East,Same Day,13,1,1,2025-06-25,21.83
O03187,2025-12-14,PR0193,W09,C05,South,Economy,14,10,4,2025-12-18,37.07
O03188,2024-04-09,PR0070,W09,C06,South,Same Day,4,1,1,2024-04-10,29.9
O03189,2025-08-17,PR0118,W02,C06,North,Same Day,2,1,1,2025-08-18,30.37
O03190,2025-04-13,PR0101,W09,C03,South,Express,6,3,3,2025-04-16,31.12
O03191,2025-03-28,PR0200,W05,C03,West,Same Day,11,1,2,2025-03-30,28.53
O03192,2024-05-28,PR0245,W03,C02,South,Express,11,3,4,2024-06-01,50.79
O03193,2024-07-19,PR0076,W02,C06,North,Same Day,10,1,1,2024-07-20,22.01
O03194,2025-08-12,PR0176,W02,C03,North,Express,8,3,5,2025-08-17,3.0
O03195,2025-01-20,PR0130,W05,C05,West,Express,14,3,4,2025-01-24,21.51
O03196,2024-02-27,PR0283,W02,C08,North,Same Day,9,1,1,2024-02-28,45.64
O03197,2025-04-30,PR0113,W09,C02,South,Standard,6,6,3,2025-05-03,11.15
O03198,2024-04-30,PR0125,W01,C05,Central,Same Day,2,1,1,2024-05-01,35.57
O03199,2025-08-30,PR0197,W05,C06,West,Express,4,3,1,2025-08-31,23.07
O03200,2025-10-04,PR0110,W08,C05,West,Express,10,3,3,2025-10-07,35.06
O03201,2024-02-04,PR0015,W10,C03,North,Express,10,3,3,2024-02-07,22.46
O03202,2025-02-10,PR0096,W08,C02,West,Same Day,2,1,1,2025-02-11,39.99
O03203,2025-12-05,PR0245,W06,C03,Central,Express,10,3,4,2025-12-09,21.86
O03204,2025-10-30,PR0142,W05,C03,West,Standard,11,6,7,2025-11-06,8.0
O03205,2025-04-19,PR0120,W08,C03,West,Same Day,14,1,1,2025-04-20,24.57
O03206,2025-10-09,PR0106,W05,C04,West,Same Day,6,1,2,2025-10-11,27.08
O03207,2024-01-12,PR0080,W10,C04,North,Standard,1,6,5,2024-01-17,19.91
O03208,2024-03-25,PR0266,W10,C01,North,Economy,5,10,10,2024-04-04,25.46
O03209,2025-10-18,PR0246,W01,C03,Central,Express,11,3,5,2025-10-23,31.35
O03210,2024-01-24,PR0194,W06,C05,Central,Economy,2,10,8,2024-02-01,20.87
O03211,2024-10-07,PR0041,W10,C01,North,Express,11,3,4,2024-10-11,35.51
O03212,2025-01-28,PR0256,W05,C04,West,Economy,11,10,7,2025-02-04,20.67
O03213,2024-11-01,PR0271,W06,C07,Central,Express,7,3,5,2024-11-06,28.34
O03214,2024-04-11,PR0063,W04,C07,East,Standard,11,6,6,2024-04-17,25.22
O03215,2025-12-31,PR0137,W01,C06,Central,Express,4,3,1,2026-01-01,49.31
O03216,2025-02-19,PR0085,W10,C02,North,Economy,13,10,14,2025-03-05,16.39
O03217,2025-07-23,PR0020,W06,C04,Central,Economy,10,10,10,2025-08-02,21.11
O03218,2024-03-06,PR0146,W01,C04,Central,Standard,10,6,9,2024-03-15,24.23
O03219,2024-07-31,PR0163,W10,C01,North,Express,10,3,4,2024-08-04,33.8
O03220,2025-09-05,PR0297,W09,C02,South,Standard,5,6,5,2025-09-10,13.23
O03221,2025-07-22,PR0261,W08,C01,West,Same Day,1,1,1,2025-07-23,29.86
O03222,2024-05-05,PR0288,W10,C06,North,Express,2,3,3,2024-05-08,38.6
O03223,2025-08-11,PR0007,W09,C04,South,Express,6,3,3,2025-08-14,28.82
O03224,2024-03-30,PR0042,W01,C05,Central,Same Day,12,1,1,2024-03-31,23.11
O03225,2024-02-05,PR0250,W02,C07,North,Standard,2,6,5,2024-02-10,27.29
O03226,2025-06-02,PR0245,W04,C08,East,Same Day,3,1,1,2025-06-03,39.47
O03227,2025-07-11,PR0044,W09,C04,South,Economy,10,10,10,2025-07-21,31.4
O03228,2025-11-04,PR0046,W02,C02,North,Express,2,3,2,2025-11-06,31.49
O03229,2024-11-03,PR0189,W02,C07,North,Same Day,10,1,1,2024-11-04,35.45
O03230,2025-11-05,PR0279,W01,C07,Central,Economy,13,10,6,2025-11-11,45.71
O03231,2024-05-23,PR0211,W01,C02,Central,Economy,6,10,6,2024-05-29,25.26
O03232,2025-12-12,PR0243,W07,C02,East,Same Day,11,1,1,2025-12-13,11.98
O03233,2025-09-12,PR0046,W01,C08,,Express,7,3,1,2025-09-13,35.25
O03234,2025-12-05,PR0207,W02,C07,North,Standard,6,6,9,2025-12-14,24.27
O03235,2024-08-30,PR0136,W02,C06,North,Express,4,3,4,2024-09-03,29.94
O03236,2024-05-25,PR0120,W04,C04,East,Express,11,3,5,2024-05-30,48.83
O03237,2024-05-17,PR0122,W01,C04,Central,Express,1,3,3,2024-05-20,19.04
O03238,2025-08-28,PR0043,W04,C05,East,Same Day,11,1,1,2025-08-29,30.85
O03239,2024-05-11,PR0059,W06,C08,Central,Economy,13,10,11,2024-05-22,38.71
O03240,2024-03-17,PR0153,W06,C05,,Same Day,6,1,1,2024-03-18,36.2
O03241,2024-09-23,PR0288,W05,C07,West,Express,8,3,2,2024-09-25,38.67
O03242,2025-02-13,PR0116,W05,C08,West,Standard,4,6,3,2025-02-16,34.41
O03243,2024-09-17,PR0108,W08,C02,West,Express,4,3,3,2024-09-20,24.86
O03244,2025-07-02,PR0051,W09,C06,South,Standard,7,6,5,2025-07-07,9.73
O03245,2025-10-06,PR0106,W07,C04,East,Express,2,3,5,2025-10-11,27.68
O03246,2025-01-16,PR0274,W06,C04,Central,Express,11,3,4,2025-01-20,25.58
O03247,2025-03-05,PR0197,W09,C02,South,Same Day,9,1,1,2025-03-06,42.38
O03248,2025-03-20,PR0273,W05,C08,West,Standard,13,6,7,2025-03-27,35.76
O03249,2025-09-10,PR0174,W03,C01,South,Standard,7,6,4,2025-09-14,9.68
O03250,2024-10-03,PR0227,W10,C06,North,Standard,11,6,8,2024-10-11,15.61
O03251,2025-12-01,PR0015,W06,C06,Central,Economy,7,10,12,2025-12-13,31.37
O03252,2024-03-08,PR0066,W07,C08,East,Standard,3,6,6,2024-03-14,21.16
O03253,2025-01-06,PR0232,W04,C03,East,Same Day,13,1,1,2025-01-07,14.17
O03254,2024-05-29,PR0295,W03,C01,South,Same Day,11,1,1,2024-05-30,18.58
O03255,2024-01-11,PR0092,W10,C03,North,Economy,2,10,13,2024-01-24,37.86
O03256,2024-08-15,PR0137,W08,C03,West,Standard,5,6,2,2024-08-17,13.33
O03257,2024-05-06,PR0072,W03,C08,South,Same Day,11,1,1,2024-05-07,34.18
O03258,2025-08-25,PR0093,W08,C06,West,Standard,9,6,6,2025-08-31,20.15
O03259,2025-06-25,PR0014,W04,C06,East,Same Day,10,1,1,2025-06-26,26.93
O03260,2025-07-18,PR0056,W04,C05,East,Standard,4,6,5,2025-07-23,13.31
O03261,2024-02-19,PR0293,W03,C05,South,Same Day,7,1,1,2024-02-20,16.42
O03262,2025-02-02,PR0015,W03,C05,South,Same Day,9,1,1,2025-02-03,20.07
O03263,2025-11-25,PR0125,W01,C06,Central,Economy,6,10,8,2025-12-03,37.36
O03264,2025-05-03,PR0069,W01,C03,Central,Express,5,3,5,2025-05-08,39.95
O03265,2024-09-22,PR0230,W02,C06,North,Express,14,3,1,2024-09-23,13.61
O03266,2025-11-04,PR0159,W09,C05,South,Express,2,3,1,2025-11-05,22.58
O03267,2025-01-22,PR0200,W06,C07,Central,Same Day,10,1,1,2025-01-23,37.92
O03268,2024-02-24,PR0167,W04,C07,,Express,8,3,4,2024-02-28,39.13
O03269,2025-11-25,PR0145,W01,C01,Central,Economy,11,10,12,2025-12-07,32.27
O03270,2025-12-24,PR0052,W05,C01,West,Express,7,3,2,2025-12-26,39.1
O03271,2025-03-25,PR0143,W07,C01,East,Economy,3,10,3,2025-03-28,22.57
O03272,2025-05-29,PR0059,W07,C04,East,Same Day,11,1,1,2025-05-30,33.16
O03273,2025-03-14,PR0235,W06,C03,Central,Express,6,3,4,2025-03-18,5.81
O03274,2024-11-08,PR0289,W10,C07,North,Same Day,3,1,1,2024-11-09,31.33
O03275,2025-02-20,PR0175,W04,C08,East,Standard,2,6,8,2025-02-28,26.31
O03276,2025-10-11,PR0002,W02,C03,North,Standard,1,6,4,2025-10-15,36.66
O03277,2024-09-02,PR0154,W02,C04,North,Express,14,3,3,2024-09-05,21.69
O03278,2025-08-12,PR0085,W02,C03,North,Standard,14,6,4,2025-08-16,14.8
O03279,2024-10-19,PR0204,W06,C06,Central,Economy,5,10,6,2024-10-25,35.42
O03280,2024-01-11,PR0087,W08,C08,West,Express,5,3,1,2024-01-12,33.9
O03281,2025-05-06,PR0024,W05,C05,West,Standard,13,6,5,2025-05-11,31.62
O03282,2025-02-19,PR0270,W02,C04,North,Express,12,3,3,2025-02-22,20.49
O03283,2024-01-08,PR0283,W05,C01,West,Same Day,3,1,1,2024-01-09,17.22
O03284,2024-09-07,PR0033,W01,C01,Central,Standard,14,6,5,2024-09-12,18.03
O03285,2025-09-13,PR0266,W05,C08,West,Express,1,3,2,2025-09-15,29.46
O03286,2025-11-21,PR0258,W01,C06,Central,Express,3,3,2,2025-11-23,18.52
O03287,2024-06-28,PR0199,W02,C02,North,Same Day,7,1,1,2024-06-29,31.47
O03288,2024-05-16,PR0268,W01,C06,Central,Same Day,14,1,1,2024-05-17,37.58
O03289,2024-02-22,PR0210,W08,C04,West,Economy,8,10,11,2024-03-04,13.39
O03290,2025-01-23,PR0144,W09,C07,South,Same Day,4,1,1,2025-01-24,25.5
O03291,2024-04-25,PR0002,W04,C08,East,Express,3,3,2,2024-04-27,22.7
O03292,2025-07-06,PR0222,W10,C08,North,Same Day,10,1,2,2025-07-08,36.75
O03293,2024-11-02,PR0062,W08,C07,West,Same Day,6,1,1,2024-11-03,42.62
O03294,2024-09-28,PR0009,W09,C04,South,Standard,6,6,5,2024-10-03,3.0
O03295,2025-10-08,PR0121,W01,C01,Central,Economy,14,10,10,2025-10-18,25.21
O03296,2024-08-10,PR0294,W04,C04,East,Standard,7,6,2,2024-08-12,30.5
O03297,2025-04-19,PR0256,W06,C07,Central,Economy,13,10,7,2025-04-26,41.04
O03298,2024-02-28,PR0273,W07,C01,East,Standard,11,6,4,2024-03-03,19.04
O03299,2025-09-22,PR0260,W05,C06,West,Same Day,1,1,1,2025-09-23,30.74
O03300,2024-11-01,PR0059,W04,C01,East,Standard,9,6,4,2024-11-05,3.0
O03301,2024-01-06,PR0190,W07,C07,East,standard,6,3,3,2024-01-09,22.01
O03302,2025-02-15,PR0002,W04,C07,East,Standard,11,6,8,2025-02-23,30.76
O03303,2024-04-13,PR0273,W05,C08,West,Economy,7,10,14,2024-04-27,50.07
O03304,2024-07-21,PR0131,W02,C05,North,Express,5,3,3,2024-07-24,32.35
O03305,2025-02-24,PR0150,W10,C05,North,Economy,2,10,15,2025-03-11,22.17
O03306,2024-01-08,PR0293,W09,C06,South,Same Day,2,1,1,2024-01-09,29.48
O03307,2024-08-19,PR0161,W08,C06,West,Economy,3,10,12,2024-08-31,14.03
O03308,2025-01-18,PR0251,W07,C01,East,Same Day,14,1,2,2025-01-20,34.93
O03309,2025-03-14,PR0029,W09,C08,South,Same Day,3,1,1,2025-03-15,43.16
O03310,2024-04-21,PR0096,W08,C02,West,Economy,2,10,3,2024-04-24,37.93
O03311,2024-06-14,PR0084,W09,C01,South,Same Day,7,1,2,2024-06-16,24.53
O03312,2025-03-20,PR0227,W10,C07,North,Same Day,7,1,2,2025-03-22,40.65
O03313,2025-12-27,PR0233,W03,C02,South,Standard,2,6,8,2026-01-04,23.09
O03314,2024-07-13,PR0268,W07,C05,East,Standard,2,6,2,2024-07-15,17.92
O03315,2024-05-16,PR0119,W05,C07,West,Economy,13,10,9,2024-05-25,38.97
O03316,2024-12-05,PR0233,W10,C05,North,Express,12,3,3,2024-12-08,30.46
O03317,2025-11-13,PR0116,W03,C08,South,Economy,14,10,7,2025-11-20,42.9
O03318,2025-11-12,PR0064,W04,C02,East,Standard,13,6,6,2025-11-18,15.13
O03319,2025-03-07,PR0008,W08,C05,West,Economy,10,10,5,2025-03-12,18.66
O03320,2025-11-29,PR0155,W09,C07,South,Same Day,5,1,1,2025-11-30,25.91
O03321,2025-02-13,PR0056,W06,C03,Central,Economy,2,10,10,2025-02-23,26.17
O03322,2024-05-14,PR0220,W10,C05,North,Standard,11,6,4,2024-05-18,7.68
O03323,2024-01-22,PR0078,W03,C02,South,Express,9,3,1,2024-01-23,28.08
O03324,2024-12-18,PR0112,W01,C02,Central,Standard,7,6,2,2024-12-20,22.4
O03325,2025-12-01,PR0179,W09,C03,,Standard,12,6,4,2025-12-05,13.4
O03326,2025-11-25,PR0283,W07,C04,East,Economy,8,10,9,2025-12-04,30.23
O03327,2025-09-03,PR0177,W10,C07,North,Economy,4,10,9,2025-09-12,25.51
O03328,2025-05-06,PR0201,W07,C02,East,Same Day,7,1,1,2025-05-07,34.39
O03329,2025-05-12,PR0091,W02,C07,North,Economy,4,10,10,2025-05-22,31.25
O03330,2024-09-10,PR0150,W06,C04,Central,Express,11,3,2,2024-09-12,26.49
O03331,2025-06-07,PR0025,W03,C05,South,Express,3,3,3,2025-06-10,9.11
O03332,2024-10-14,PR0230,W10,C01,North,Same Day,13,1,1,2024-10-15,13.56
O03333,2025-12-18,PR0064,W09,C03,South,Economy,10,10,8,2025-12-26,36.14
O03334,2024-07-22,PR0159,W08,C05,West,Standard,9,6,8,2024-07-30,20.09
O03335,2025-12-18,PR0028,W01,C06,Central,Express,10,3,3,2025-12-21,9.68
O03336,2024-07-12,PR0120,W06,C03,Central,Express,3,3,2,2024-07-14,43.4
O03337,2024-08-22,PR0150,W10,C03,North,Express,8,3,1,2024-08-23,22.39
O03338,2025-02-14,PR0266,W02,C05,North,Same Day,4,1,1,2025-02-15,27.51
O03339,2024-07-15,PR0196,W03,C07,South,Economy,10,10,8,2024-07-23,36.87
O03340,2024-01-19,PR0065,W01,C04,,Express,13,3,3,2024-01-22,33.31
O03341,2024-04-03,PR0210,W10,C05,North,Economy,1,10,9,2024-04-12,18.02
O03342,2025-02-21,PR0160,W01,C03,Central,Same Day,6,1,1,2025-02-22,29.99
O03343,2025-12-17,PR0173,W09,C04,South,Express,14,3,3,2025-12-20,32.65
O03344,2024-12-10,PR0008,W08,C01,West,Economy,5,10,10,2024-12-20,3.0
O03345,2024-03-03,PR0098,W06,C01,Central,Economy,14,10,10,2024-03-13,26.7
O03346,2025-10-21,PR0272,W10,C03,North,Same Day,8,1,1,2025-10-22,29.78
O03347,2024-04-22,PR0182,W04,C01,East,Same Day,8,1,1,2024-04-23,27.26
O03348,2024-10-14,PR0221,W04,C04,East,Economy,10,10,14,2024-10-28,41.02
O03349,2024-09-09,PR0264,W07,C04,East,Standard,4,6,10,2024-09-19,25.37
O03350,2024-07-05,PR0133,W10,C04,North,Standard,12,6,7,2024-07-12,19.79
O03351,2024-02-23,PR0230,W07,C06,East,Express,5,3,3,2024-02-26,40.12
O03352,2024-10-19,PR0016,W05,C07,West,Same Day,9,1,1,2024-10-20,21.64
O03353,2025-09-13,PR0007,W10,C07,North,Economy,8,10,6,2025-09-19,22.01
O03354,2024-07-08,PR0013,W04,C06,East,Economy,9,10,8,2024-07-16,30.11
O03355,2025-01-07,PR0245,W04,C06,East,Same Day,7,1,1,2025-01-08,24.45
O03356,2024-04-24,PR0210,W10,C01,North,Standard,9,6,8,2024-05-02,17.78
O03357,2025-11-30,PR0007,W01,C08,Central,Express,7,3,3,2025-12-03,26.97
O03358,2024-12-05,PR0230,W04,C01,East,Same Day,2,1,2,2024-12-07,24.5
O03359,2025-08-26,PR0281,W06,C05,Central,Same Day,2,1,1,2025-08-27,33.13
O03360,2024-08-31,PR0113,W04,C02,East,standard,9,3,4,2024-09-04,34.73
O03361,2025-08-21,PR0051,W05,C05,West,Standard,11,6,6,2025-08-27,26.5
O03362,2024-04-18,PR0181,W03,C07,South,Standard,1,6,7,2024-04-25,24.45
O03363,2024-02-12,PR0043,W01,C06,Central,Express,12,3,1,2024-02-13,18.8
O03364,2024-07-16,PR0002,W05,C04,West,Standard,3,6,5,2024-07-21,28.33
O03365,2024-03-17,PR0244,W01,C08,Central,Same Day,8,1,1,2024-03-18,28.78
O03366,2024-11-04,PR0300,W08,C03,West,Express,8,3,3,2024-11-07,34.21
O03367,2025-06-30,PR0179,W03,C07,South,Standard,6,6,2,2025-07-02,23.17
O03368,2024-05-10,PR0166,W03,C07,South,Economy,14,10,11,2024-05-21,34.59
O03369,2025-07-17,PR0010,W07,C07,East,Same Day,10,1,1,2025-07-18,29.43
O03370,2025-01-09,PR0183,W08,C01,West,Standard,4,6,8,2025-01-17,28.94
O03371,2025-03-22,PR0247,W02,C03,North,Economy,13,10,8,2025-03-30,29.74
O03372,2025-03-05,PR0210,W06,C08,Central,Standard,7,6,6,2025-03-11,20.88
O03373,2024-06-19,PR0136,W01,C05,Central,Same Day,8,1,1,2024-06-20,36.51
O03374,2025-12-14,PR0182,W03,C05,South,Same Day,7,1,1,2025-12-15,34.37
O03375,2024-02-16,PR0081,W01,C01,Central,Standard,14,6,8,2024-02-24,31.02
O03376,2025-12-11,PR0122,W03,C08,South,Economy,12,10,14,2025-12-25,45.06
O03377,2025-05-21,PR0077,W01,C02,Central,Standard,1,6,7,2025-05-28,15.23
O03378,2024-06-18,PR0131,W08,C01,West,Economy,1,10,10,2024-06-28,21.17
O03379,2025-07-29,PR0287,W08,C03,West,Economy,1,10,11,2025-08-09,19.58
O03380,2025-09-13,PR0180,W07,C04,East,Express,11,3,1,2025-09-14,27.43
O03381,2024-07-07,PR0265,W10,C03,North,Express,13,3,2,2024-07-09,
O03382,2025-08-08,PR0239,W03,C06,South,Standard,3,6,4,2025-08-12,29.9
O03383,2025-06-09,PR0288,W08,C03,West,Same Day,2,1,1,2025-06-10,37.64
O03384,2024-11-06,PR0055,W03,C07,South,Same Day,6,1,1,2024-11-07,17.18
O03385,2025-12-26,PR0029,W07,C07,East,Standard,6,6,7,2026-01-02,7.57
O03386,2024-06-24,PR0161,W03,C05,South,Standard,2,6,3,2024-06-27,14.38
O03387,2025-06-30,PR0248,W03,C02,South,Same Day,14,1,1,2025-07-01,17.05
O03388,2024-02-10,PR0097,W09,C02,South,Same Day,14,1,1,2024-02-11,25.69
O03389,2024-05-16,PR0200,W04,C03,East,Standard,9,6,2,2024-05-18,22.59
O03390,2025-10-19,PR0160,W09,C04,South,Express,13,3,3,2025-10-22,34.34
O03391,2025-07-01,PR0237,W02,C04,North,Standard,10,6,2,2025-07-03,16.04
O03392,2025-10-26,PR0157,W04,C03,East,Same Day,7,1,1,2025-10-27,29.14
O03393,2024-11-28,PR0134,W10,C04,North,Same Day,1,1,1,2024-11-29,18.96
O03394,2024-05-16,PR0279,W05,C01,West,Same Day,7,1,1,2024-05-17,31.86
O03395,2024-11-28,PR0083,W02,C04,North,standard,8,6,6,2024-12-04,18.71
O03396,2024-12-30,PR0102,W03,C07,South,Same Day,8,1,1,2024-12-31,29.65
O03397,2024-06-29,PR0191,W07,C02,East,Standard,2,6,5,2024-07-04,14.42
O03398,2025-07-04,PR0182,W06,C07,Central,Standard,12,6,5,2025-07-09,3.0
O03399,2025-12-05,PR0105,W08,C05,West,Same Day,10,1,1,2025-12-06,11.88
O03400,2025-10-03,PR0232,W01,C07,Central,Express,10,3,1,2025-10-04,35.38
O03401,2025-03-28,PR0058,W09,C02,South,Same Day,12,1,1,2025-03-29,21.17
O03402,2024-10-02,PR0255,W03,C03,South,Economy,11,10,12,2024-10-14,16.89
O03403,2024-06-08,PR0001,W05,C02,West,Express,4,3,1,2024-06-09,34.85
O03404,2025-03-20,PR0006,W04,C04,East,Express,2,3,2,2025-03-22,25.46
O03405,2025-05-05,PR0105,W02,C07,North,Economy,7,10,12,2025-05-17,28.72
O03406,2024-07-04,PR0033,W05,C08,West,Express,12,3,2,2024-07-06,54.86
O03407,2024-06-29,PR0068,W09,C01,South,Economy,5,10,14,2024-07-13,27.57
O03408,2024-07-03,PR0195,W04,C08,East,Standard,10,6,6,2024-07-09,8.97
O03409,2024-11-13,PR0262,W09,C02,South,Express,10,3,3,2024-11-16,14.68
O03410,2025-02-07,PR0012,W06,C03,Central,Express,10,3,2,2025-02-09,31.81
O03411,2024-03-12,PR0162,W09,C04,South,Standard,10,6,5,2024-03-17,14.3
O03412,2025-03-12,PR0205,W09,C01,South,Economy,13,10,11,2025-03-23,25.92
O03413,2025-10-22,PR0103,W08,C07,West,Standard,14,6,6,2025-10-28,13.18
O03414,2025-06-23,PR0171,W03,C08,South,Standard,4,6,7,2025-06-30,23.71
O03415,2025-09-09,PR0021,W02,C06,North,Economy,10,10,5,2025-09-14,24.84
O03416,2025-01-28,PR0153,W10,C05,North,Standard,14,6,6,2025-02-03,4.99
O03417,2024-01-14,PR0221,W02,C05,North,Express,8,3,1,2024-01-15,38.25
O03418,2024-09-11,PR0066,W02,C03,North,Same Day,2,1,1,2024-09-12,38.26
O03419,2024-05-26,PR0013,W06,C08,Central,Standard,13,6,4,2024-05-30,33.1
O03420,2024-01-10,PR0225,W02,C04,North,Same Day,6,1,1,2024-01-11,26.01
O03421,2025-12-25,PR0166,W02,C03,North,Express,14,3,4,2025-12-29,25.75
O03422,2024-05-22,PR0217,W05,C06,West,Economy,6,10,13,2024-06-04,25.08
O03423,2024-06-16,PR0290,W07,C08,East,Same Day,6,1,1,2024-06-17,38.55
O03424,2025-05-05,PR0008,W03,C05,South,Express,14,3,3,2025-05-08,29.7
O03425,2024-02-27,PR0185,W01,C02,Central,Same Day,4,1,1,2024-02-28,37.56
O03426,2025-10-04,PR0236,W06,C03,Central,Standard,2,6,8,2025-10-12,10.76
O03427,2024-01-22,PR0158,W10,C05,North,Standard,3,6,5,2024-01-27,8.8
O03428,2025-07-11,PR0018,W07,C06,East,Standard,14,6,3,2025-07-14,3.0
O03429,2025-06-07,PR0053,W05,C07,West,Express,11,3,2,2025-06-09,31.51
O03430,2024-01-02,PR0143,W09,C06,South,Standard,1,6,5,2024-01-07,23.69
O03431,2024-08-20,PR0102,W08,C03,West,Economy,13,10,8,2024-08-28,37.9
O03432,2024-05-30,PR0122,W04,C08,East,Same Day,13,1,1,2024-05-31,21.0
O03433,2024-08-19,PR0194,W08,C07,West,Standard,10,6,4,2024-08-23,7.82
O03434,2025-05-18,PR0200,W03,C06,South,Standard,13,6,3,2025-05-21,15.48
O03435,2024-08-17,PR0199,W10,C03,North,Same Day,14,1,1,2024-08-18,33.65
O03436,2024-12-31,PR0286,W02,C06,North,Same Day,4,1,1,2025-01-01,29.91
O03437,2024-05-01,PR0117,W07,C07,East,Standard,5,6,4,2024-05-05,12.49
O03438,2024-02-14,PR0174,W06,C05,Central,Express,1,3,4,2024-02-18,18.65
O03439,2024-07-01,PR0210,W05,C05,West,Same Day,8,1,1,2024-07-02,12.86
O03440,2025-09-06,PR0057,W09,C05,South,Economy,4,10,14,2025-09-20,30.49
O03441,2024-06-02,PR0042,W04,C04,East,Same Day,3,1,1,2024-06-03,34.51
O03442,2024-12-22,PR0136,W02,C06,North,Same Day,10,1,1,2024-12-23,32.95
O03443,2025-05-26,PR0138,W07,C02,East,Same Day,3,1,2,2025-05-28,41.15
O03444,2025-12-29,PR0226,W10,C01,North,Standard,1,6,4,2026-01-02,12.44
O03445,2024-06-01,PR0296,W03,C07,South,Same Day,10,1,1,2024-06-02,39.37
O03446,2024-05-31,PR0075,W08,C08,West,Economy,9,10,11,2024-06-11,31.4
O03447,2025-05-04,PR0296,W10,C07,North,Standard,12,6,6,2025-05-10,3.0
O03448,2025-08-14,PR0072,W08,C08,West,Same Day,13,1,2,2025-08-16,17.08
O03449,2024-05-28,PR0269,W10,C01,North,Same Day,1,1,1,2024-05-29,18.48
O03450,2024-05-10,PR0192,W09,C03,South,Economy,10,10,7,2024-05-17,39.83
O03451,2024-12-27,PR0006,W07,C01,East,Economy,13,10,5,2025-01-01,27.12
O03452,2025-03-10,PR0110,W05,C06,West,Economy,1,10,6,2025-03-16,32.25
O03453,2025-09-08,PR0057,W07,C03,East,Express,2,3,3,2025-09-11,27.56
O03454,2025-10-31,PR0052,W03,C08,South,Economy,9,10,5,2025-11-05,26.48
O03455,2025-03-04,PR0291,W06,C03,Central,Economy,5,10,8,2025-03-12,24.82
O03456,2025-07-05,PR0204,W01,C07,Central,Economy,4,10,7,2025-07-12,28.51
O03457,2025-06-29,PR0148,W01,C03,Central,Express,12,3,3,2025-07-02,23.99
O03458,2025-01-28,PR0088,W10,C08,North,Economy,7,10,3,2025-01-31,25.91
O03459,2025-06-23,PR0091,W06,C01,Central,Express,9,3,3,2025-06-26,49.04
O03460,2025-12-20,PR0135,W02,C02,North,Express,6,3,5,2025-12-25,25.2
O03461,2025-01-05,PR0125,W02,C08,North,Express,4,3,4,2025-01-09,16.25
O03462,2024-01-18,PR0075,W07,C07,East,Economy,10,10,11,2024-01-29,36.7
O03463,2024-05-16,PR0261,W10,C05,North,Standard,6,6,4,2024-05-20,9.14
O03464,2024-12-23,PR0034,W04,C03,East,Express,7,3,3,2024-12-26,17.23
O03465,2024-10-28,PR0175,W08,C05,West,Express,8,3,4,2024-11-01,32.58
O03466,2025-07-18,PR0036,W05,C04,West,Express,3,3,3,2025-07-21,19.49
O03467,2024-08-03,PR0111,W03,C07,South,Standard,2,6,2,2024-08-05,9.92
O03468,2024-05-21,PR0013,W10,C02,North,Express,5,3,4,2024-05-25,20.03
O03469,2025-01-21,PR0077,W10,C08,North,Economy,14,10,14,2025-02-04,21.8
O03470,2025-01-15,PR0055,W10,C07,North,Standard,12,6,4,2025-01-19,29.35
O03471,2025-11-09,PR0229,W01,C08,Central,Standard,14,6,6,2025-11-15,18.01
O03472,2025-05-03,PR0179,W06,C08,Central,Express,10,3,3,2025-05-06,43.62
O03473,2024-01-31,PR0245,W03,C06,South,Same Day,7,1,1,2024-02-01,19.54
O03474,2024-05-24,PR0267,W02,C04,North,Express,14,3,3,2024-05-27,36.23
O03475,2024-03-19,PR0224,W10,C08,North,Economy,4,10,4,2024-03-23,27.49
O03476,2024-06-02,PR0231,W09,C01,South,Economy,2,10,12,2024-06-14,30.47
O03477,2024-05-23,PR0092,W06,C08,Central,Same Day,13,1,1,2024-05-24,26.13
O03478,2025-04-26,PR0054,W05,C02,West,Same Day,11,1,1,2025-04-27,12.5
O03479,2025-03-30,PR0176,W10,C06,North,Same Day,5,1,2,2025-04-01,40.57
O03480,2024-04-23,PR0240,W09,C05,South,Standard,12,6,7,2024-04-30,23.19
O03481,2025-10-19,PR0193,W02,C04,North,Express,4,3,2,2025-10-21,33.88
O03482,2025-05-30,PR0127,W09,C02,South,Standard,4,6,7,2025-06-06,20.28
O03483,2025-02-09,PR0218,W08,C07,West,Economy,7,10,11,2025-02-20,31.92
O03484,2025-07-21,PR0088,W04,C04,East,Same Day,11,1,1,2025-07-22,37.07
O03485,2025-12-27,PR0248,W09,C08,,Economy,10,10,13,2026-01-09,22.09
O03486,2024-06-09,PR0196,W04,C03,East,Standard,3,6,3,2024-06-12,11.12
O03487,2025-06-18,PR0191,W08,C06,West,Express,12,3,3,2025-06-21,29.59
O03488,2024-08-04,PR0232,W08,C06,West,Standard,4,6,8,2024-08-12,13.13
O03489,2024-08-12,PR0061,W08,C04,West,Express,5,3,3,2024-08-15,22.89
O03490,2025-07-26,PR0113,W06,C02,Central,Standard,13,6,3,2025-07-29,22.2
O03491,2025-12-10,PR0232,W08,C07,West,Economy,5,10,7,2025-12-17,25.83
O03492,2024-11-16,PR0042,W08,C04,West,Economy,3,10,14,2024-11-30,27.74
O03493,2024-06-17,PR0020,W02,C03,North,Same Day,12,1,2,2024-06-19,37.62
O03494,2025-10-24,PR0054,W05,C05,West,Express,6,3,1,2025-10-25,12.72
O03495,2024-10-03,PR0228,W02,C07,North,Standard,5,6,5,2024-10-08,15.97
O03496,2024-03-20,PR0024,W04,C06,East,Same Day,10,1,2,2024-03-22,27.2
O03497,2024-01-29,PR0291,W09,C05,South,Same Day,10,1,1,2024-01-30,20.31
O03498,2024-06-15,PR0248,W01,C01,Central,Standard,3,6,5,2024-06-20,18.39
O03499,2024-03-07,PR0037,W03,C06,South,Standard,9,6,4,2024-03-11,19.3
O03500,2024-11-12,PR0238,W03,C03,South,Express,3,3,-2,2024-11-15,24.19
O03501,2025-10-15,PR0037,W10,C08,North,Express,9,3,1,2025-10-16,12.17
O03502,2024-10-02,PR0161,W02,C07,North,Standard,2,6,5,2024-10-07,11.14
O03503,2025-07-31,PR0089,W05,C01,West,Standard,3,6,3,2025-08-03,8.29
O03504,2024-02-19,PR0125,W04,C07,East,Standard,2,6,5,2024-02-24,15.41
O03505,2024-11-12,PR0032,W02,C02,North,Same Day,4,1,1,2024-11-13,25.03
O03506,2024-10-16,PR0035,W05,C04,West,Express,7,3,2,2024-10-18,
O03507,2024-11-18,PR0250,W05,C07,West,Same Day,2,1,1,2024-11-19,41.21
O03508,2024-05-12,PR0282,W02,C07,North,Same Day,13,1,1,2024-05-13,35.95
O03509,2025-02-21,PR0165,W01,C03,Central,Standard,10,6,5,2025-02-26,15.55
O03510,2025-05-29,PR0251,W03,C05,South,Standard,5,6,2,2025-05-31,13.94
O03511,2025-08-24,PR0166,W05,C04,West,Economy,13,10,10,2025-09-03,30.19
O03512,2025-08-23,PR0040,W10,C07,North,Same Day,7,1,1,2025-08-24,38.1
O03513,2024-06-14,PR0294,W03,C05,South,Economy,4,10,11,2024-06-25,24.27
O03514,2024-03-21,PR0238,W10,C08,North,Express,13,3,3,2024-03-24,17.69
O03515,2024-08-08,PR0284,W03,C06,South,Express,6,3,5,2024-08-13,35.15
O03516,2025-05-28,PR0262,W01,C06,Central,Same Day,7,1,1,2025-05-29,35.36
O03517,2025-04-03,PR0271,W09,C03,South,Same Day,9,1,1,2025-04-04,23.89
O03518,2024-10-24,PR0016,W04,C04,East,Economy,14,10,10,2024-11-03,34.11
O03519,2024-02-10,PR0022,W05,C04,West,Express,6,3,6,2024-02-16,28.84
O03520,2024-08-01,PR0129,W06,C08,Central,Standard,5,6,6,2024-08-07,11.56
O03521,2024-06-05,PR0069,W01,C06,Central,Economy,6,10,14,2024-06-19,16.57
O03522,2024-04-09,PR0263,W02,C01,North,Express,13,3,3,2024-04-12,19.35
O03523,2024-11-12,PR0232,W01,C02,Central,Standard,12,6,8,2024-11-20,24.66
O03524,2025-05-25,PR0254,W10,C05,North,Economy,2,10,7,2025-06-01,42.65
O03525,2024-11-17,PR0049,W09,C06,South,Same Day,9,1,1,2024-11-18,37.99
O03526,2024-06-14,PR0186,W10,C04,North,Same Day,13,1,1,2024-06-15,23.69
O03527,2025-08-13,PR0168,W07,C07,East,Same Day,14,1,1,2025-08-14,37.18
O03528,2024-04-01,PR0208,W02,C01,North,Express,11,3,2,2024-04-03,31.41
O03529,2025-12-28,PR0234,W05,C07,West,Same Day,12,1,1,2025-12-29,54.11
O03530,2025-04-29,PR0035,W07,C05,East,Economy,14,10,8,2025-05-07,18.12
O03531,2025-10-27,PR0107,W03,C04,South,Standard,2,6,5,2025-11-01,21.49
O03532,2025-08-05,PR0174,W08,C04,West,Standard,14,6,5,2025-08-10,24.89
O03533,2025-01-07,PR0175,W07,C07,East,Economy,5,10,7,2025-01-14,39.05
O03534,2025-02-22,PR0166,W06,C05,Central,Express,6,3,1,2025-02-23,36.37
O03535,2025-03-27,PR0163,W07,C03,East,Same Day,10,1,1,2025-03-28,26.26
O03536,2025-01-17,PR0271,W02,C01,North,Economy,12,10,12,2025-01-29,34.21
O03537,2025-06-02,PR0031,W05,C07,West,Same Day,14,1,1,2025-06-03,27.35
O03538,2025-11-29,PR0015,W02,C05,North,Standard,3,6,3,2025-12-02,7.21
O03539,2024-09-07,PR0258,W01,C04,Central,Standard,10,6,7,2024-09-14,27.22
O03540,2024-06-07,PR0232,W10,C02,North,Same Day,12,1,1,2024-06-08,30.18
O03541,2025-01-19,PR0057,W09,C06,South,Economy,2,10,4,2025-01-23,23.97
O03542,2024-03-15,PR0122,W03,C07,South,Economy,3,10,11,2024-03-26,17.52
O03543,2025-04-18,PR0048,W10,C07,North,Same Day,10,1,1,2025-04-19,40.39
O03544,2025-04-22,PR0042,W08,C08,West,Economy,6,10,9,2025-05-01,19.26
O03545,2024-04-21,PR0253,W10,C01,North,Express,3,3,4,2024-04-25,22.13
O03546,2024-04-20,PR0253,W05,C08,West,Economy,5,10,9,2024-04-29,26.0
O03547,2024-07-23,PR0095,W08,C08,West,Same Day,9,1,1,2024-07-24,27.76
O03548,2024-03-07,PR0144,W07,C03,East,Same Day,9,1,1,2024-03-08,30.75
O03549,2025-09-10,PR0138,W05,C07,West,Express,9,3,2,2025-09-12,37.26
O03550,2025-12-20,PR0018,W08,C05,West,Standard,3,6,2,2025-12-22,16.54
O03551,2024-10-12,PR0042,W05,C07,West,Standard,14,6,3,2024-10-15,13.89
O03552,2025-07-12,PR0009,W03,C01,South,Economy,6,10,-2,2025-07-26,38.22
O03553,2024-05-29,PR0060,W03,C08,South,Same Day,4,1,1,2024-05-30,31.53
O03554,2025-08-04,PR0274,W10,C07,North,Economy,9,10,6,2025-08-10,25.25
O03555,2024-03-04,PR0117,W04,C03,East,Economy,4,10,10,2024-03-14,32.33
O03556,2025-04-29,PR0227,W09,C01,South,Standard,4,6,7,2025-05-06,15.85
O03557,2024-08-04,PR0168,W02,C03,North,Economy,10,10,9,2024-08-13,26.0
O03558,2024-10-03,PR0030,W04,C02,East,Express,11,3,-2,2024-10-04,28.04
O03559,2024-03-26,PR0151,W09,C07,South,Standard,2,6,2,2024-03-28,3.0
O03560,2024-10-07,PR0118,W08,C06,West,Standard,6,6,6,2024-10-13,20.54
O03561,2024-11-01,PR0188,W05,C05,West,Economy,4,10,10,2024-11-11,20.63
O03562,2025-06-21,PR0063,W09,C01,South,Same Day,14,1,1,2025-06-22,29.09
O03563,2024-07-07,PR0145,W10,C08,North,Standard,4,6,4,2024-07-11,3.0
O03564,2025-03-14,PR0020,W04,C02,East,Same Day,10,1,2,2025-03-16,21.19
O03565,2024-06-17,PR0205,W09,C01,South,Same Day,11,1,1,2024-06-18,40.22
O03566,2025-03-05,PR0097,W05,C06,,Economy,10,10,5,2025-03-10,20.87
O03567,2025-07-02,PR0049,W03,C05,South,Economy,11,10,8,2025-07-10,22.37
O03568,2024-12-29,PR0260,W06,C03,Central,Economy,3,10,3,2025-01-01,
O03569,2024-01-11,PR0048,W06,C08,Central,Express,14,3,1,2024-01-12,38.69
O03570,2024-03-20,PR0045,W06,C08,Central,Express,9,3,3,2024-03-23,22.43
O03571,2024-11-27,PR0076,W07,C03,East,Standard,5,6,4,2024-12-01,11.16
O03572,2024-06-03,PR0089,W05,C08,West,Express,12,3,5,2024-06-08,28.92
O03573,2025-05-26,PR0118,W07,C07,East,Standard,10,6,5,2025-05-31,16.0
O03574,2025-11-21,PR0196,W05,C08,West,Same Day,2,1,1,2025-11-22,19.21
O03575,2025-06-17,PR0029,W02,C05,North,Economy,1,10,9,2025-06-26,29.72
O03576,2024-05-08,PR0198,W08,C06,West,Standard,8,6,3,2024-05-11,3.0
O03577,2024-02-07,PR0285,W09,C08,South,Express,12,3,2,2024-02-09,26.1
O03578,2025-03-06,PR0294,W01,C07,Central,Express,11,3,4,2025-03-10,17.28
O03579,2025-09-07,PR0056,W05,C01,West,Express,11,3,3,2025-09-10,41.75
O03580,2024-12-22,PR0097,W09,C07,South,Express,2,3,2,2024-12-24,27.27
O03581,2025-11-26,PR0194,W06,C06,Central,Standard,10,6,4,2025-11-30,7.14
O03582,2025-01-14,PR0093,W07,C07,East,Standard,1,6,4,2025-01-18,33.73
O03583,2024-11-05,PR0215,W07,C05,East,Standard,6,6,5,2024-11-10,19.64
O03584,2025-12-17,PR0002,W05,C02,West,Economy,3,10,10,2025-12-27,25.13
O03585,2025-02-27,PR0256,W08,C08,West,Same Day,1,1,1,2025-02-28,31.03
O03586,2024-12-26,PR0287,W06,C06,Central,Economy,7,10,12,2025-01-07,27.49
O03587,2025-06-19,PR0097,W04,C06,East,Standard,2,6,12,2025-07-01,11.17
O03588,2024-06-29,PR0105,W08,C04,West,Economy,10,10,9,2024-07-08,37.87
O03589,2025-01-17,PR0103,W03,C08,South,Express,7,3,4,2025-01-21,35.78
O03590,2025-07-09,PR0180,W08,C05,West,Economy,3,10,12,2025-07-21,22.77
O03591,2024-10-18,PR0140,W05,C06,West,Same Day,10,1,1,2024-10-19,32.31
O03592,2025-12-19,PR0070,W06,C02,Central,Standard,10,6,3,2025-12-22,16.98
O03593,2024-03-30,PR0137,W02,C04,North,Standard,5,6,5,2024-04-04,36.94
O03594,2025-10-27,PR0205,W02,C01,North,Economy,4,10,8,2025-11-04,35.52
O03595,2024-04-16,PR0085,W08,C06,West,Standard,6,6,4,2024-04-20,31.36
O03596,2025-10-10,PR0104,W08,C06,West,Standard,4,6,2,2025-10-12,27.29
O03597,2025-11-14,PR0121,W04,C02,East,Economy,1,10,8,2025-11-22,28.61
O03598,2024-08-04,PR0287,W09,C06,South,Economy,9,10,14,2024-08-18,13.52
O03599,2025-07-18,PR0294,W08,C07,West,Standard,9,6,5,2025-07-23,13.48
O03600,2024-07-19,PR0118,W05,C05,West,Standard,1,6,7,2024-07-26,3.0
O03601,2024-12-25,PR0031,W08,C08,West,Economy,11,10,9,2025-01-03,18.98
O03602,2025-10-22,PR0148,W08,C07,West,Standard,10,6,2,2025-10-24,24.78
O03603,2025-01-18,PR0081,W03,C03,South,Same Day,10,1,1,2025-01-19,26.23
O03604,2024-10-01,PR0038,W07,C06,East,Same Day,2,1,1,2024-10-02,28.69
O03605,2025-02-28,PR0224,W03,C01,South,Standard,6,6,5,2025-03-05,20.3
O03606,2025-02-28,PR0114,W10,C02,North,Standard,9,6,6,2025-03-06,10.6
O03607,2024-01-27,PR0206,W09,C07,South,Same Day,2,1,1,2024-01-28,38.78
O03608,2025-06-15,PR0038,W06,C03,Central,Same Day,1,1,1,2025-06-16,34.36
O03609,2024-12-09,PR0144,W09,C08,South,Economy,9,10,6,2024-12-15,30.65
O03610,2024-09-04,PR0272,W01,C08,Central,Economy,12,10,13,2024-09-17,26.56
O03611,2024-07-16,PR0285,W06,C02,Central,Economy,11,10,11,2024-07-27,32.28
O03612,2024-02-22,PR0089,W01,C05,Central,Economy,11,10,12,2024-03-05,30.43
O03613,2024-05-11,PR0208,W08,C08,,Express,8,3,5,2024-05-16,46.85
O03614,2025-02-16,PR0241,W04,C06,East,Express,10,3,5,2025-02-21,37.45
O03615,2025-03-23,PR0101,W03,C01,South,Standard,8,6,6,2025-03-29,14.88
O03616,2025-12-28,PR0017,W09,C04,South,Standard,10,6,10,2026-01-07,26.96
O03617,2025-10-08,PR0198,W01,C07,Central,Economy,13,10,10,2025-10-18,16.87
O03618,2025-10-04,PR0243,W07,C06,East,Express,7,3,4,2025-10-08,35.35
O03619,2024-11-26,PR0299,W09,C08,South,Standard,10,6,5,2024-12-01,25.22
O03620,2024-04-05,PR0237,W10,C02,North,Economy,14,10,5,2024-04-10,22.08
O03621,2024-01-12,PR0097,W01,C05,Central,Express,1,3,5,2024-01-17,27.24
O03622,2024-01-29,PR0144,W06,C07,Central,Standard,9,6,2,2024-01-31,9.52
O03623,2025-08-08,PR0161,W08,C06,West,Standard,4,6,6,2025-08-14,18.71
O03624,2024-05-13,PR0052,W08,C07,West,Same Day,8,1,2,2024-05-15,25.3
O03625,2024-07-10,PR0184,W09,C05,South,Express,11,3,4,2024-07-14,32.54
O03626,2024-10-31,PR0235,W09,C04,South,Express,8,3,3,2024-11-03,30.14
O03627,2025-01-22,PR0208,W07,C07,East,Standard,8,6,7,2025-01-29,9.44
O03628,2024-10-08,PR0038,W02,C06,North,Express,11,3,4,2024-10-12,3.0
O03629,2025-10-04,PR0290,W02,C08,North,Standard,10,6,7,2025-10-11,40.42
O03630,2024-04-23,PR0076,W08,C04,West,Standard,8,6,2,2024-04-25,13.48
O03631,2024-04-19,PR0041,W09,C04,South,Same Day,3,1,1,2024-04-20,31.96
O03632,2024-09-25,PR0281,W03,C04,South,Standard,8,6,7,2024-10-02,13.16
O03633,2024-03-20,PR0101,W05,C02,West,Same Day,12,1,1,2024-03-21,34.85
O03634,2024-07-31,PR0054,W08,C08,West,Standard,1,6,6,2024-08-06,18.07
O03635,2025-05-17,PR0063,W02,C07,North,Economy,6,10,7,2025-05-24,26.44
O03636,2024-03-16,PR0135,W08,C05,West,Standard,12,6,6,2024-03-22,9.36
O03637,2024-08-03,PR0123,W08,C08,West,Economy,11,10,3,2024-08-06,32.13
O03638,2024-11-17,PR0221,W08,C06,West,Express,4,3,2,2024-11-19,13.08
O03639,2024-07-03,PR0084,W07,C04,East,Standard,14,6,5,2024-07-08,30.19
O03640,2024-07-01,PR0212,W06,C07,Central,Standard,11,6,7,2024-07-08,20.39
O03641,2024-04-30,PR0200,W07,C02,East,Same Day,5,1,2,2024-05-02,21.45
O03642,2025-05-10,PR0238,W06,C07,Central,Standard,10,6,9,2025-05-19,3.0
O03643,2024-06-11,PR0141,W01,C08,Central,Same Day,12,1,1,2024-06-12,14.8
O03644,2024-05-04,PR0136,W03,C03,South,Standard,7,6,6,2024-05-10,24.06
O03645,2025-07-02,PR0216,W02,C08,North,Express,14,3,2,2025-07-04,46.25
O03646,2024-08-09,PR0285,W04,C07,East,Standard,3,6,6,2024-08-15,20.24
O03647,2024-08-10,PR0136,W02,C01,North,Same Day,12,1,2,2024-08-12,10.84
O03648,2024-05-21,PR0021,W09,C04,South,Standard,12,6,5,2024-05-26,19.51
O03649,2025-12-09,PR0174,W03,C05,South,Same Day,2,1,1,2025-12-10,38.04
O03650,2024-10-07,PR0051,W05,C02,West,Express,10,3,3,2024-10-10,45.61
O03651,2024-04-04,PR0183,W04,C08,East,Same Day,9,1,1,2024-04-05,43.41
O03652,2025-04-23,PR0250,W05,C02,West,Economy,9,10,13,2025-05-06,27.97
O03653,2025-06-08,PR0167,W08,C07,,Express,12,3,1,2025-06-09,32.2
O03654,2024-09-13,PR0298,W09,C08,South,Express,2,3,3,2024-09-16,26.46
O03655,2025-12-04,PR0237,W07,C01,East,Economy,1,10,13,2025-12-17,40.53
O03656,2024-04-15,PR0196,W06,C02,Central,Same Day,2,1,1,2024-04-16,15.98
O03657,2024-06-18,PR0230,W03,C07,South,Economy,13,10,9,2024-06-27,31.16
O03658,2025-03-19,PR0068,W05,C04,West,Economy,7,10,9,2025-03-28,29.4
O03659,2025-09-02,PR0199,W07,C01,East,Same Day,7,1,1,2025-09-03,32.22
O03660,2025-09-29,PR0183,W10,C01,North,Economy,10,10,13,2025-10-12,25.88
O03661,2025-03-15,PR0174,W03,C05,South,Same Day,5,1,1,2025-03-16,40.3
O03662,2025-01-17,PR0075,W02,C06,North,Economy,8,10,13,2025-01-30,38.9
O03663,2024-06-20,PR0282,W02,C06,North,Same Day,12,1,2,2024-06-22,35.8
O03664,2025-08-23,PR0283,W05,C05,,Same Day,8,1,1,2025-08-24,31.05
O03665,2025-09-10,PR0064,W01,C06,Central,Same Day,10,1,1,2025-09-11,39.39
O03666,2025-02-11,PR0184,W02,C07,North,Standard,10,6,2,2025-02-13,19.92
O03667,2024-07-03,PR0251,W07,C01,East,Economy,3,10,6,2024-07-09,50.65
O03668,2024-07-09,PR0284,W07,C08,East,Express,9,3,3,2024-07-12,36.83
O03669,2024-03-15,PR0267,W03,C06,South,Same Day,4,1,1,2024-03-16,30.18
O03670,2025-01-15,PR0045,W09,C01,South,Same Day,4,1,1,2025-01-16,39.56
O03671,2024-05-05,PR0039,W02,C03,,Same Day,7,1,1,2024-05-06,12.72
O03672,2025-12-05,PR0066,W02,C03,North,Same Day,7,1,1,2025-12-06,27.37
O03673,2024-08-06,PR0019,W08,C03,West,Same Day,1,1,1,2024-08-07,14.81
O03674,2024-08-26,PR0130,W01,C03,Central,Standard,2,6,6,2024-09-01,19.31
O03675,2025-01-29,PR0226,W04,C07,East,Express,6,3,1,2025-01-30,33.41
O03676,2025-06-23,PR0154,W09,C03,South,Standard,12,6,8,2025-07-01,34.44
O03677,2025-07-28,PR0170,W07,C04,East,Standard,8,6,3,2025-07-31,26.87
O03678,2025-08-10,PR0159,W05,C04,West,Economy,10,10,9,2025-08-19,21.32
O03679,2024-11-21,PR0100,W07,C01,East,Express,7,3,6,2024-11-27,27.39
O03680,2024-07-20,PR0150,W02,C02,North,Economy,2,10,5,2024-07-25,39.64
O03681,2025-05-25,PR0183,W10,C08,North,Same Day,14,1,1,2025-05-26,3.0
O03682,2025-03-07,PR0057,W02,C01,North,Standard,10,6,5,2025-03-12,10.8
O03683,2025-04-08,PR0297,W03,C07,South,Same Day,8,1,1,2025-04-09,19.41
O03684,2025-08-28,PR0202,W05,C02,West,Express,12,3,3,2025-08-31,18.88
O03685,2025-08-13,PR0132,W10,C05,North,Same Day,1,1,1,2025-08-14,28.33
O03686,2024-01-19,PR0017,W01,C08,Central,Standard,1,6,9,2024-01-28,3.0
O03687,2025-04-17,PR0175,W07,C07,East,Express,9,3,1,2025-04-18,38.51
O03688,2025-02-16,PR0104,W10,C01,North,Standard,9,6,4,2025-02-20,15.12
O03689,2024-12-11,PR0198,W02,C07,North,Standard,11,6,7,2024-12-18,6.97
O03690,2025-04-26,PR0123,W02,C05,North,Economy,12,10,10,2025-05-06,32.64
O03691,2024-11-04,PR0144,W04,C03,East,Same Day,13,1,2,2024-11-06,19.91
O03692,2024-12-20,PR0100,W08,C03,West,Standard,13,6,4,2024-12-24,12.4
O03693,2025-07-23,PR0092,W07,C04,East,Economy,13,10,7,2025-07-30,44.81
O03694,2025-09-19,PR0222,W02,C03,North,Economy,10,10,5,2025-09-24,44.51
O03695,2024-11-01,PR0072,W05,C03,West,standard,1,10,9,2024-11-10,18.39
O03696,2025-10-18,PR0211,W02,C03,North,Same Day,4,1,1,2025-10-19,27.35
O03697,2025-09-24,PR0287,W02,C06,North,Standard,10,6,3,2025-09-27,21.39
O03698,2024-08-17,PR0102,W10,C05,North,Standard,11,6,6,2024-08-23,8.82
O03699,2024-05-22,PR0188,W02,C04,North,Same Day,5,1,1,2024-05-23,21.5
O03700,2025-12-05,PR0102,W08,C07,West,Express,9,3,3,2025-12-08,38.49
O03701,2024-06-23,PR0293,W02,C07,North,Express,4,3,3,2024-06-26,33.51
O03702,2025-01-12,PR0293,W06,C03,Central,Standard,13,6,6,2025-01-18,18.98
O03703,2025-12-05,PR0242,W02,C02,North,Same Day,4,1,2,2025-12-07,35.65
O03704,2024-02-14,PR0038,W10,C06,North,Standard,5,6,6,2024-02-20,3.08
O03705,2024-11-07,PR0061,W10,C03,North,Same Day,12,1,1,2024-11-08,33.25
O03706,2024-12-03,PR0041,W06,C06,Central,Economy,2,10,9,2024-12-12,40.41
O03707,2024-10-03,PR0133,W09,C03,South,Express,12,3,3,2024-10-06,23.59
O03708,2025-08-20,PR0009,W08,C04,West,Standard,10,6,5,2025-08-25,11.9
O03709,2024-05-09,PR0103,W07,C07,East,Express,11,3,5,2024-05-14,14.19
O03710,2025-08-21,PR0022,W05,C03,West,Economy,7,10,5,2025-08-26,25.4
O03711,2025-11-15,PR0094,W10,C02,North,Express,5,3,1,2025-11-16,39.64
O03712,2025-08-14,PR0275,W08,C05,West,Economy,12,10,7,2025-08-21,29.05
O03713,2024-10-14,PR0170,W04,C07,East,Economy,14,10,12,2024-10-26,22.45
O03714,2024-08-19,PR0071,W10,C04,North,Same Day,1,1,1,2024-08-20,24.15
O03715,2024-10-30,PR0067,W02,C03,North,Same Day,5,1,1,2024-10-31,32.44
O03716,2025-07-25,PR0068,W03,C02,South,Express,7,3,3,2025-07-28,20.74
O03717,2025-12-12,PR0162,W10,C07,North,Standard,13,6,2,2025-12-14,3.5
O03718,2025-05-21,PR0240,W10,C02,North,Express,14,3,1,2025-05-22,35.48
O03719,2024-01-14,PR0090,W03,C04,South,Economy,9,10,8,2024-01-22,37.42
O03720,2025-01-29,PR0208,W09,C04,South,Economy,11,10,9,2025-02-07,27.97
O03721,2024-04-17,PR0024,W04,C02,East,Express,4,3,3,2024-04-20,24.38
O03722,2025-08-27,PR0113,W06,C07,Central,Same Day,11,1,2,2025-08-29,42.26
O03723,2024-11-15,PR0184,W08,C03,West,Express,13,3,3,2024-11-18,29.17
O03724,2025-05-31,PR0232,W10,C01,North,Express,10,3,1,2025-06-01,21.25
O03725,2024-08-12,PR0009,W04,C01,East,Economy,7,10,9,2024-08-21,35.29
O03726,2025-04-08,PR0256,W01,C01,Central,Express,11,3,3,2025-04-11,43.29
O03727,2025-02-13,PR0079,W09,C05,South,Standard,6,6,3,2025-02-16,19.39
O03728,2024-10-11,PR0127,W05,C03,West,Express,2,3,1,2024-10-12,32.93
O03729,2025-12-03,PR0160,W04,C05,East,Standard,13,6,6,2025-12-09,26.51
O03730,2024-05-30,PR0115,W08,C07,West,Standard,2,6,7,2024-06-06,30.12
O03731,2024-04-22,PR0284,W03,C05,South,Standard,1,6,5,2024-04-27,8.62
O03732,2025-04-16,PR0039,W09,C07,South,Same Day,3,1,1,2025-04-17,34.64
O03733,2024-01-30,PR0032,W08,C05,West,Economy,9,10,10,2024-02-09,24.97
O03734,2024-12-26,PR0093,W07,C05,East,Standard,11,6,5,2024-12-31,14.16
O03735,2025-07-17,PR0248,W10,C02,North,Same Day,10,1,1,2025-07-18,29.83
O03736,2025-03-17,PR0109,W03,C03,South,Express,5,3,3,2025-03-20,25.49
O03737,2025-02-10,PR0155,W01,C06,Central,Economy,12,10,10,2025-02-20,41.05
O03738,2025-06-04,PR0288,W04,C03,East,Standard,6,6,6,2025-06-10,19.71
O03739,2025-03-27,PR0045,W07,C06,East,Same Day,5,1,1,2025-03-28,30.36
O03740,2024-04-10,PR0041,W02,C05,North,Economy,2,10,7,2024-04-17,28.89
O03741,2025-03-08,PR0220,W09,C01,South,Same Day,10,1,1,2025-03-09,23.42
O03742,2024-07-12,PR0037,W08,C02,West,Express,2,3,3,2024-07-15,29.19
O03743,2025-08-31,PR0161,W07,C03,East,Economy,8,10,8,2025-09-08,34.04
O03744,2025-06-15,PR0157,W08,C07,West,Standard,5,6,4,2025-06-19,6.16
O03745,2025-11-28,PR0284,W10,C05,North,Express,10,3,8,2025-12-06,23.88
O03746,2024-04-23,PR0150,W09,C01,South,Standard,3,6,6,2024-04-29,20.1
O03747,2024-02-24,PR0094,W10,C08,North,Same Day,4,1,1,2024-02-25,35.9
O03748,2024-09-01,PR0105,W02,C02,North,Standard,6,6,5,2024-09-06,23.55
O03749,2024-10-09,PR0070,W09,C04,South,Economy,5,10,10,2024-10-19,11.16
O03750,2025-02-05,PR0119,W08,C06,West,Standard,9,6,9,2025-02-14,12.48
O03751,2024-08-13,PR0196,W07,C07,East,Economy,8,10,3,2024-08-16,
O03752,2024-07-29,PR0144,W03,C08,South,Express,12,3,2,2024-07-31,40.69
O03753,2024-12-21,PR0033,W07,C08,East,Same Day,1,1,1,2024-12-22,22.54
O03754,2024-01-04,PR0058,W02,C06,North,Express,2,3,3,2024-01-07,22.46
O03755,2025-05-30,PR0149,W01,C01,Central,Economy,5,10,8,2025-06-07,28.59
O03756,2024-11-08,PR0099,W09,C01,South,Express,6,3,1,2024-11-09,29.18
O03757,2024-11-18,PR0081,W10,C08,North,Express,14,3,1,2024-11-19,37.34
O03758,2024-07-10,PR0046,W07,C01,East,Economy,8,10,13,2024-07-23,17.88
O03759,2024-05-25,PR0092,W10,C06,North,Economy,10,10,8,2024-06-02,43.14
O03760,2025-03-14,PR0230,W04,C06,East,Standard,11,6,5,2025-03-19,37.45
O03761,2024-06-30,PR0213,W04,C02,East,Standard,11,6,5,2024-07-05,18.78
O03762,2024-06-23,PR0296,W10,C01,North,Same Day,3,1,1,2024-06-24,14.5
O03763,2025-04-30,PR0123,W06,C02,Central,Standard,11,6,7,2025-05-07,15.04
O03764,2025-05-15,PR0210,W03,C04,South,Economy,8,10,9,2025-05-24,32.04
O03765,2024-04-22,PR0058,W10,C03,North,Standard,9,6,5,2024-04-27,5.08
O03766,2025-08-03,PR0015,W04,C04,East,Express,10,3,2,2025-08-05,35.04
O03767,2025-06-21,PR0177,W01,C04,Central,Express,8,3,2,2025-06-23,32.24
O03768,2024-05-30,PR0142,W10,C05,North,Standard,8,6,4,2024-06-03,20.27
O03769,2024-11-07,PR0012,W04,C06,East,Economy,2,10,10,2024-11-17,26.4
O03770,2025-05-17,PR0253,W07,C04,East,Same Day,11,1,1,2025-05-18,34.96
O03771,2025-11-10,PR0126,W05,C04,West,Same Day,2,1,-2,2025-11-11,20.86
O03772,2025-01-08,PR0264,W05,C06,West,Standard,13,6,6,2025-01-14,18.08
O03773,2024-12-27,PR0198,W04,C05,East,Same Day,8,1,1,2024-12-28,27.71
O03774,2025-06-14,PR0052,W01,C04,Central,Economy,5,10,11,2025-06-25,33.5
O03775,2024-04-25,PR0174,W07,C06,East,Standard,2,6,5,2024-04-30,27.39
O03776,2024-05-31,PR0091,W08,C04,West,Express,4,3,4,2024-06-04,22.94
O03777,2025-11-06,PR0123,W09,C02,South,Same Day,5,1,1,2025-11-07,33.04
O03778,2025-05-24,PR0136,W02,C01,North,Express,8,3,4,2025-05-28,22.57
O03779,2025-08-14,PR0210,W05,C06,West,Same Day,2,1,1,2025-08-15,15.22
O03780,2024-07-30,PR0057,W02,C03,North,Express,10,3,3,2024-08-02,25.93
O03781,2025-01-21,PR0104,W02,C02,North,Same Day,3,1,1,2025-01-22,16.65
O03782,2025-10-03,PR0189,W06,C05,Central,Economy,4,10,8,2025-10-11,14.98
O03783,2025-06-23,PR0032,W03,C06,South,Same Day,6,1,1,2025-06-24,18.11
O03784,2025-11-26,PR0159,W04,C03,East,Same Day,10,1,1,2025-11-27,31.44
O03785,2025-02-04,PR0133,W01,C06,Central,Economy,10,10,11,2025-02-15,27.69
O03786,2024-10-09,PR0084,W07,C02,East,Express,9,3,2,2024-10-11,32.63
O03787,2024-02-12,PR0262,W06,C05,Central,Same Day,10,1,1,2024-02-13,41.16
O03788,2025-09-19,PR0264,W10,C01,North,Economy,9,10,12,2025-10-01,41.69
O03789,2025-04-10,PR0255,W01,C08,Central,Same Day,2,1,1,2025-04-11,19.04
O03790,2024-10-22,PR0246,W10,C05,North,Standard,5,6,5,2024-10-27,12.45
O03791,2025-05-25,PR0010,W03,C01,South,Economy,9,10,6,2025-05-31,37.21
O03792,2025-11-28,PR0282,W09,C01,South,Same Day,6,1,2,2025-11-30,18.28
O03793,2025-09-30,PR0282,W01,C06,Central,Express,6,3,4,2025-10-04,28.03
O03794,2024-11-06,PR0282,W05,C01,West,Same Day,9,1,1,2024-11-07,37.69
O03795,2024-03-07,PR0270,W07,C05,East,Standard,10,6,6,2024-03-13,30.71
O03796,2025-04-09,PR0127,W10,C02,North,Express,3,3,2,2025-04-11,18.5
O03797,2024-10-16,PR0206,W06,C02,Central,Standard,7,6,4,2024-10-20,24.65
O03798,2024-02-24,PR0119,W05,C07,West,Same Day,4,1,1,2024-02-25,43.29
O03799,2024-01-06,PR0125,W05,C04,West,Same Day,14,1,1,2024-01-07,40.83
O03800,2025-11-07,PR0098,W10,C06,North,Standard,6,6,2,2025-11-09,6.82
O03801,2024-09-14,PR0221,W09,C05,South,Same Day,3,1,1,2024-09-15,21.0
O03802,2024-10-17,PR0083,W01,C06,Central,Express,10,3,2,2024-10-19,39.06
O03803,2024-03-29,PR0050,W04,C01,East,Express,14,3,2,2024-03-31,29.64
O03804,2024-07-20,PR0050,W08,C08,West,Standard,14,6,2,2024-07-22,9.33
O03805,2024-10-24,PR0039,W09,C03,South,Standard,6,6,4,2024-10-28,21.74
O03806,2025-04-29,PR0155,W07,C08,East,Express,7,3,4,2025-05-03,28.77
O03807,2025-11-25,PR0135,W08,C01,West,Economy,9,10,6,2025-12-01,22.07
O03808,2025-02-12,PR0033,W02,C04,North,Same Day,3,1,1,2025-02-13,37.68
O03809,2024-11-05,PR0262,W06,C04,Central,Same Day,11,1,1,2024-11-06,37.71
O03810,2024-06-26,PR0051,W06,C07,Central,Economy,11,10,10,2024-07-06,37.62
O03811,2025-11-26,PR0098,W07,C01,East,Express,11,3,1,2025-11-27,29.55
O03812,2025-11-30,PR0067,W09,C02,South,Same Day,14,1,1,2025-12-01,
O03813,2024-05-18,PR0004,W08,C06,West,Express,8,3,2,2024-05-20,42.12
O03814,2024-11-04,PR0235,W07,C03,East,Standard,3,6,5,2024-11-09,17.11
O03815,2024-10-31,PR0084,W06,C04,Central,Economy,2,10,7,2024-11-07,25.92
O03816,2025-07-12,PR0256,W03,C06,South,Economy,9,10,7,2025-07-19,25.47
O03817,2025-03-23,PR0269,W10,C08,North,Express,4,3,5,2025-03-28,51.0
O03818,2025-06-23,PR0241,W08,C02,West,Same Day,7,1,2,2025-06-25,29.94
O03819,2025-05-30,PR0076,W04,C08,East,Economy,2,10,7,2025-06-06,52.29
O03820,2024-12-28,PR0214,W08,C05,,Economy,14,10,10,2025-01-07,31.39
O03821,2025-03-06,PR0045,W05,C02,West,Economy,13,10,10,2025-03-16,27.92
O03822,2024-01-29,PR0260,W01,C07,Central,Standard,12,6,8,2024-02-06,20.41
O03823,2025-03-07,PR0268,W02,C07,North,Express,8,3,4,2025-03-11,41.01
O03824,2025-09-21,PR0233,W07,C07,East,Express,13,3,2,2025-09-23,15.6
O03825,2025-08-17,PR0221,W06,C02,Central,Same Day,9,1,1,2025-08-18,38.0
O03826,2024-05-10,PR0004,W01,C01,Central,Same Day,8,1,1,2024-05-11,37.48
O03827,2024-02-24,PR0120,W08,C05,West,Express,8,3,3,2024-02-27,22.67
O03828,2025-02-16,PR0286,W02,C08,North,Economy,12,10,14,2025-03-02,31.25
O03829,2025-06-14,PR0231,W05,C03,West,Standard,7,6,7,2025-06-21,25.43
O03830,2024-03-27,PR0135,W02,C02,North,Same Day,13,1,1,2024-03-28,17.33
O03831,2025-10-27,PR0228,W02,C02,North,standard,6,1,2,2025-10-29,27.34
O03832,2025-08-31,PR0291,W10,C08,North,Same Day,5,1,1,2025-09-01,33.56
O03833,2025-08-02,PR0254,W05,C03,West,Same Day,9,1,2,2025-08-04,20.22
O03834,2024-03-03,PR0215,W02,C02,North,Standard,2,6,7,2024-03-10,30.6
O03835,2025-12-19,PR0260,W09,C01,South,Express,7,3,2,2025-12-21,48.37
O03836,2025-07-29,PR0291,W05,C06,West,Express,1,3,1,2025-07-30,32.51
O03837,2024-08-16,PR0135,W03,C06,South,Same Day,8,1,1,2024-08-17,34.7
O03838,2025-10-05,PR0161,W04,C04,East,Standard,9,6,4,2025-10-09,6.8
O03839,2025-05-11,PR0087,W01,C01,Central,Express,9,3,3,2025-05-14,17.94
O03840,2024-04-27,PR0201,W02,C02,North,Standard,5,6,6,2024-05-03,32.35
O03841,2024-06-05,PR0160,W01,C06,Central,Standard,12,6,8,2024-06-13,23.68
O03842,2025-06-16,PR0264,W10,C03,North,Express,12,3,5,2025-06-21,36.48
O03843,2024-07-28,PR0176,W10,C04,North,Economy,11,10,8,2024-08-05,25.5
O03844,2024-01-26,PR0097,W06,C06,Central,Economy,6,10,8,2024-02-03,34.84
O03845,2025-02-04,PR0195,W10,C08,North,Standard,9,6,4,2025-02-08,3.0
O03846,2024-11-03,PR0102,W05,C08,West,Economy,8,10,11,2024-11-14,33.66
O03847,2024-07-07,PR0228,W03,C05,South,Same Day,3,1,1,2024-07-08,23.02
O03848,2025-09-19,PR0147,W08,C02,West,Standard,14,6,7,2025-09-26,11.37
O03849,2025-03-18,PR0175,W09,C04,South,Standard,11,6,2,2025-03-20,23.32
O03850,2024-07-08,PR0088,W09,C03,South,Express,5,3,1,2024-07-09,40.5
O03851,2024-06-23,PR0100,W01,C07,Central,Express,13,3,4,2024-06-27,35.71
O03852,2025-05-02,PR0052,W05,C02,West,Same Day,14,1,1,2025-05-03,49.61
O03853,2024-10-23,PR0238,W02,C07,North,Economy,11,10,11,2024-11-03,31.02
O03854,2025-01-11,PR0244,W07,C01,East,Economy,4,10,7,2025-01-18,40.08
O03855,2025-01-30,PR0269,W10,C06,North,Economy,10,10,14,2025-02-13,33.12
O03856,2025-03-02,PR0178,W05,C01,West,Express,6,3,2,2025-03-04,
O03857,2024-01-29,PR0244,W07,C01,East,Economy,3,10,7,2024-02-05,41.49
O03858,2024-05-03,PR0222,W06,C02,Central,Economy,11,10,13,2024-05-16,20.81
O03859,2024-01-12,PR0043,W06,C06,Central,Same Day,3,1,1,2024-01-13,12.74
O03860,2024-02-04,PR0226,W01,C02,Central,Economy,11,10,15,2024-02-19,36.08
O03861,2024-02-13,PR0267,W04,C06,East,Express,12,3,4,2024-02-17,36.43
O03862,2025-04-24,PR0188,W05,C03,West,Same Day,7,1,1,2025-04-25,24.74
O03863,2024-01-10,PR0124,W09,C07,South,Same Day,4,1,1,2024-01-11,38.24
O03864,2025-05-27,PR0094,W01,C08,Central,Express,2,3,4,2025-05-31,32.56
O03865,2024-12-23,PR0262,W01,C06,Central,Economy,12,10,8,2024-12-31,27.24
O03866,2025-06-09,PR0217,W02,C07,North,Express,8,3,3,2025-06-12,42.67
O03867,2025-11-02,PR0002,W03,C05,South,Same Day,5,1,1,2025-11-03,26.76
O03868,2025-11-02,PR0093,W01,C02,Central,Same Day,11,1,1,2025-11-03,29.3
O03869,2025-04-15,PR0134,W03,C06,South,Same Day,3,1,1,2025-04-16,33.61
O03870,2025-11-05,PR0105,W04,C07,East,Economy,4,10,12,2025-11-17,4.67
O03871,2024-03-10,PR0088,W08,C08,,Economy,6,10,11,2024-03-21,22.09
O03872,2025-04-28,PR0269,W01,C02,,Express,7,3,1,2025-04-29,39.74
O03873,2025-08-12,PR0013,W01,C02,Central,Same Day,4,1,1,2025-08-13,27.22
O03874,2024-05-12,PR0207,W04,C05,East,Same Day,7,1,1,2024-05-13,33.55
O03875,2025-08-21,PR0188,W06,C08,Central,Economy,13,10,14,2025-09-04,32.85
O03876,2024-03-10,PR0142,W10,C08,North,Standard,9,6,4,2024-03-14,12.1
O03877,2024-06-11,PR0196,W03,C08,South,Standard,10,6,5,2024-06-16,6.48
O03878,2025-11-12,PR0294,W10,C02,North,Economy,11,10,15,2025-11-27,17.84
O03879,2025-11-26,PR0024,W05,C04,West,Same Day,4,1,1,2025-11-27,22.78
O03880,2024-08-25,PR0124,W09,C04,South,Standard,14,6,9,2024-09-03,14.36
O03881,2024-06-27,PR0231,W08,C07,West,Economy,7,10,5,2024-07-02,13.8
O03882,2024-03-06,PR0121,W10,C08,North,standard,13,1,1,2024-03-07,54.64
O03883,2024-04-27,PR0230,W10,C03,North,Standard,7,6,5,2024-05-02,14.92
O03884,2025-03-28,PR0048,W07,C04,East,Standard,10,6,9,2025-04-06,13.01
O03885,2024-06-27,PR0027,W04,C06,East,Standard,11,6,3,2024-06-30,33.31
O03886,2025-12-16,PR0024,W05,C03,West,Economy,3,10,9,2025-12-25,27.07
O03887,2024-05-16,PR0111,W01,C01,Central,Express,14,3,3,2024-05-19,12.82
O03888,2024-07-19,PR0077,W04,C04,East,Economy,9,10,3,2024-07-22,37.26
O03889,2025-03-24,PR0127,W04,C05,East,Express,10,3,2,2025-03-26,25.8
O03890,2024-07-25,PR0193,W09,C01,South,Economy,13,10,14,2024-08-08,30.93
O03891,2025-06-25,PR0015,W03,C02,South,Standard,11,6,4,2025-06-29,28.99
O03892,2025-08-19,PR0015,W10,C06,North,Standard,7,6,6,2025-08-25,6.28
O03893,2024-07-27,PR0022,W02,C01,North,Express,8,3,5,2024-08-01,27.06
O03894,2024-01-06,PR0252,W07,C03,East,Economy,6,10,10,2024-01-16,28.33
O03895,2025-08-04,PR0016,W06,C03,Central,Standard,14,6,5,2025-08-09,21.97
O03896,2024-12-14,PR0104,W03,C05,South,standard,1,10,8,2024-12-22,18.27
O03897,2024-07-13,PR0084,W09,C08,South,Economy,5,10,6,2024-07-19,32.77
O03898,2025-05-27,PR0261,W04,C05,East,Same Day,3,1,2,2025-05-29,40.89
O03899,2025-09-25,PR0098,W01,C05,Central,Express,11,3,3,2025-09-28,39.53
O03900,2024-03-09,PR0007,W08,C05,West,Economy,3,10,15,2024-03-24,34.75
O03901,2025-10-02,PR0093,W05,C01,West,Standard,11,6,3,2025-10-05,21.34
O03902,2025-08-05,PR0208,W10,C01,North,Express,1,3,1,2025-08-06,27.24
O03903,2025-06-13,PR0257,W04,C05,East,Standard,5,6,6,2025-06-19,6.25
O03904,2024-04-30,PR0052,W05,C07,West,Express,11,3,1,2024-05-01,42.47
O03905,2024-02-22,PR0043,W01,C05,Central,Same Day,5,1,1,2024-02-23,31.95
O03906,2024-01-24,PR0021,W03,C05,South,Same Day,10,1,2,2024-01-26,23.09
O03907,2024-09-14,PR0202,W08,C08,West,Same Day,13,1,1,2024-09-15,42.11
O03908,2024-03-10,PR0200,W09,C04,South,Same Day,9,1,2,2024-03-12,27.82
O03909,2024-03-17,PR0083,W06,C08,Central,Express,2,3,3,2024-03-20,28.54
O03910,2025-06-14,PR0202,W01,C08,Central,Same Day,9,1,1,2025-06-15,13.66
O03911,2025-02-12,PR0106,W01,C07,Central,Standard,7,6,4,2025-02-16,13.91
O03912,2025-07-13,PR0150,W02,C03,North,Economy,1,10,10,2025-07-23,21.15
O03913,2024-09-26,PR0114,W10,C04,North,Standard,9,6,5,2024-10-01,16.92
O03914,2024-12-12,PR0185,W05,C03,West,Same Day,2,1,1,2024-12-13,30.28
O03915,2024-07-24,PR0124,W07,C01,East,Standard,9,6,2,2024-07-26,24.04
O03916,2024-05-22,PR0070,W03,C02,South,Same Day,2,1,1,2024-05-23,22.64
O03917,2025-11-10,PR0180,W02,C05,North,Express,11,3,1,2025-11-11,32.98
O03918,2025-05-20,PR0283,W10,C02,North,Standard,1,6,7,2025-05-27,16.74
O03919,2024-12-20,PR0020,W02,C01,North,Economy,14,10,9,2024-12-29,28.17
O03920,2025-09-04,PR0139,W06,C08,Central,Standard,10,6,5,2025-09-09,16.27
O03921,2025-07-18,PR0160,W08,C04,West,Express,12,3,3,2025-07-21,17.06
O03922,2024-10-04,PR0257,W10,C04,North,Standard,11,6,2,2024-10-06,27.7
O03923,2024-02-06,PR0049,W08,C03,West,Express,11,3,5,2024-02-11,26.47
O03924,2025-10-27,PR0219,W07,C02,East,Economy,10,10,9,2025-11-05,39.67
O03925,2025-05-04,PR0258,W07,C06,East,Express,10,3,3,2025-05-07,48.87
O03926,2024-01-22,PR0281,W10,C01,North,Standard,9,6,7,2024-01-29,22.32
O03927,2024-07-19,PR0286,W06,C02,Central,standard,2,10,8,2024-07-27,32.87
O03928,2025-11-29,PR0026,W02,C03,North,Economy,10,10,10,2025-12-09,40.62
O03929,2024-02-23,PR0219,W08,C05,West,Economy,4,10,10,2024-03-04,23.51
O03930,2025-12-13,PR0175,W03,C01,South,Economy,12,10,7,2025-12-20,15.81
O03931,2025-12-19,PR0176,W05,C02,West,Express,3,3,5,2025-12-24,28.23
O03932,2024-04-28,PR0044,W08,C02,West,Standard,2,6,6,2024-05-04,22.45
O03933,2025-09-22,PR0262,W04,C08,East,Same Day,8,1,1,2025-09-23,31.7
O03934,2024-07-17,PR0030,W07,C05,East,Economy,3,10,4,2024-07-21,21.79
O03935,2024-02-29,PR0068,W03,C02,South,Express,6,3,4,2024-03-04,33.72
O03936,2024-04-04,PR0040,W01,C01,Central,Standard,12,6,7,2024-04-11,10.48
O03937,2024-08-20,PR0161,W05,C07,West,Standard,7,6,5,2024-08-25,10.58
O03938,2024-01-16,PR0260,W03,C01,South,Standard,3,6,7,2024-01-23,3.0
O03939,2024-03-19,PR0116,W10,C03,North,Express,4,3,2,2024-03-21,39.39
O03940,2025-03-25,PR0137,W09,C06,South,Same Day,14,1,1,2025-03-26,19.76
O03941,2024-02-14,PR0161,W04,C02,East,Same Day,14,1,1,2024-02-15,30.81
O03942,2025-09-08,PR0007,W03,C07,South,Same Day,4,1,1,2025-09-09,35.02
O03943,2024-05-12,PR0139,W06,C06,Central,Economy,6,10,13,2024-05-25,32.69
O03944,2025-05-05,PR0069,W10,C08,North,Standard,12,6,6,2025-05-11,28.82
O03945,2024-03-19,PR0176,W04,C01,East,Express,14,3,1,2024-03-20,28.79
O03946,2025-05-21,PR0222,W07,C07,East,Express,5,3,1,2025-05-22,39.99
O03947,2025-03-30,PR0048,W04,C08,East,Same Day,14,1,1,2025-03-31,24.51
O03948,2025-07-18,PR0169,W07,C05,East,Express,14,3,1,2025-07-19,28.72
O03949,2025-06-23,PR0134,W07,C04,East,Same Day,12,1,2,2025-06-25,14.46
O03950,2025-12-15,PR0250,W01,C04,Central,Standard,1,6,4,2025-12-19,26.97
O03951,2024-02-25,PR0035,W07,C03,East,Economy,7,10,8,2024-03-04,20.9
O03952,2025-12-23,PR0044,W06,C02,Central,Economy,1,10,10,2026-01-02,27.14
O03953,2024-10-13,PR0091,W02,C08,North,Express,14,3,3,2024-10-16,20.19
O03954,2024-05-20,PR0080,W06,C05,Central,Express,10,3,4,2024-05-24,31.43
O03955,2024-11-08,PR0061,W01,C08,Central,Express,3,3,4,2024-11-12,33.88
O03956,2024-05-05,PR0157,W04,C01,East,Express,3,3,3,2024-05-08,22.71
O03957,2024-02-06,PR0085,W09,C03,South,Economy,2,10,11,2024-02-17,46.7
O03958,2025-10-27,PR0153,W08,C08,West,Standard,4,6,8,2025-11-04,25.62
O03959,2024-01-22,PR0082,W08,C06,West,Standard,8,6,7,2024-01-29,20.56
O03960,2024-10-03,PR0067,W04,C08,East,Economy,13,10,15,2024-10-18,32.56
O03961,2024-11-03,PR0060,W02,C03,North,Standard,7,6,6,2024-11-09,20.39
O03962,2024-10-12,PR0224,W01,C02,Central,Economy,8,10,7,2024-10-19,35.04
O03963,2025-05-22,PR0211,W10,C06,North,Economy,12,10,12,2025-06-03,29.31
O03964,2025-01-28,PR0197,W08,C04,West,Standard,12,6,7,2025-02-04,27.17
O03965,2024-08-17,PR0083,W03,C02,South,Economy,10,10,7,2024-08-24,33.85
O03966,2024-07-07,PR0133,W08,C07,West,Standard,8,6,6,2024-07-13,20.51
O03967,2025-11-07,PR0117,W07,C07,East,Standard,14,6,8,2025-11-15,3.25
O03968,2025-07-08,PR0030,W07,C05,,Standard,1,6,8,2025-07-16,16.23
O03969,2025-09-15,PR0291,W04,C03,East,Same Day,9,1,2,2025-09-17,34.22
O03970,2025-08-28,PR0238,W03,C07,South,Standard,3,6,11,2025-09-08,5.07
O03971,2024-12-15,PR0027,W06,C03,Central,Economy,9,10,8,2024-12-23,23.98
O03972,2025-03-13,PR0172,W10,C05,North,standard,8,6,5,2025-03-18,20.37
O03973,2025-07-20,PR0223,W05,C06,West,Same Day,12,1,1,2025-07-21,28.78
O03974,2025-07-01,PR0041,W05,C04,West,Economy,8,10,10,2025-07-11,31.17
O03975,2025-08-09,PR0199,W01,C04,Central,Same Day,2,1,1,2025-08-10,18.29
O03976,2024-06-15,PR0146,W05,C08,West,Economy,9,10,6,2024-06-21,41.92
O03977,2024-08-31,PR0239,W09,C03,South,Standard,10,6,8,2024-09-08,
O03978,2024-10-14,PR0163,W07,C02,East,Standard,4,6,7,2024-10-21,6.09
O03979,2024-09-12,PR0227,W06,C03,Central,Same Day,4,1,1,2024-09-13,13.63
O03980,2024-12-11,PR0066,W06,C05,Central,Economy,6,10,5,2024-12-16,21.57
O03981,2024-02-09,PR0031,W01,C08,Central,Same Day,14,1,2,2024-02-11,15.67
O03982,2025-01-05,PR0086,W04,C06,East,Same Day,5,1,1,2025-01-06,31.55
O03983,2025-10-30,PR0284,W06,C04,Central,Standard,10,6,8,2025-11-07,19.16
O03984,2024-05-07,PR0234,W07,C06,East,Same Day,14,1,1,2024-05-08,23.71
O03985,2024-09-27,PR0158,W09,C03,South,Economy,3,10,7,2024-10-04,47.15
O03986,2025-04-18,PR0182,W10,C02,North,Economy,13,10,11,2025-04-29,22.71
O03987,2024-01-10,PR0139,W08,C03,West,Standard,6,6,3,2024-01-13,6.58
O03988,2025-01-02,PR0211,W05,C03,West,Express,4,3,4,2025-01-06,33.21
O03989,2025-02-22,PR0046,W10,C02,North,Standard,12,6,7,2025-03-01,23.07
O03990,2024-10-10,PR0129,W01,C08,Central,Same Day,9,1,1,2024-10-11,32.76
O03991,2024-03-06,PR0169,W08,C08,West,Express,1,3,3,2024-03-09,26.68
O03992,2024-09-21,PR0083,W07,C02,East,Same Day,14,1,2,2024-09-23,53.07
O03993,2025-05-21,PR0028,W03,C08,South,Express,13,3,1,2025-05-22,12.83
O03994,2025-10-07,PR0228,W09,C03,South,Express,11,3,3,2025-10-10,39.08
O03995,2025-09-24,PR0250,W02,C03,North,Express,3,3,2,2025-09-26,19.38
O03996,2024-04-27,PR0094,W10,C01,North,Express,3,3,3,2024-04-30,35.49
O03997,2025-12-01,PR0030,W01,C01,Central,Economy,9,10,6,2025-12-07,29.63
O03998,2025-08-16,PR0234,W04,C07,East,Standard,10,6,11,2025-08-27,19.11
O03999,2025-07-20,PR0170,W03,C02,South,Standard,9,6,7,2025-07-27,30.64
O04000,2024-09-22,PR0203,W04,C02,East,Standard,3,6,6,2024-09-28,10.82
O04001,2025-11-25,PR0206,W07,C03,East,Standard,6,6,5,2025-11-30,26.51
O04002,2025-09-06,PR0241,W09,C03,South,Same Day,7,1,2,2025-09-08,39.1
O04003,2024-04-21,PR0038,W02,C05,North,Economy,2,10,11,2024-05-02,26.5
O04004,2024-04-25,PR0206,W01,C04,Central,Standard,4,6,2,2024-04-27,15.45
O04005,2024-08-30,PR0109,W09,C08,South,Same Day,8,1,1,2024-08-31,31.97
O04006,2025-08-07,PR0134,W04,C06,East,Economy,5,10,9,2025-08-16,35.97
O04007,2024-03-14,PR0111,W05,C08,West,Same Day,7,1,1,2024-03-15,42.35
O04008,2024-05-26,PR0132,W02,C06,North,Same Day,7,1,1,2024-05-27,24.93
O04009,2025-09-13,PR0262,W07,C02,East,Same Day,3,1,1,2025-09-14,17.92
O04010,2025-02-21,PR0204,W07,C05,East,Economy,9,10,6,2025-02-27,35.93
O04011,2024-10-28,PR0115,W01,C03,Central,Standard,14,6,4,2024-11-01,31.99
O04012,2024-06-13,PR0178,W04,C05,East,Standard,12,6,6,2024-06-19,3.0
O04013,2024-10-24,PR0087,W09,C05,South,Standard,10,6,2,2024-10-26,28.61
O04014,2024-04-18,PR0238,W01,C05,Central,Express,9,3,3,2024-04-21,22.78
O04015,2024-11-16,PR0278,W06,C06,Central,Same Day,7,1,1,2024-11-17,19.88
O04016,2024-08-08,PR0065,W05,C06,West,Standard,12,6,3,2024-08-11,13.98
O04017,2025-11-03,PR0214,W09,C03,South,Economy,13,10,8,2025-11-11,32.44
O04018,2025-10-26,PR0165,W02,C04,North,Standard,5,6,6,2025-11-01,17.57
O04019,2024-08-17,PR0175,W06,C03,Central,Economy,11,10,9,2024-08-26,27.26
O04020,2025-07-05,PR0009,W10,C07,North,Standard,9,6,3,2025-07-08,18.65
O04021,2025-09-13,PR0266,W05,C03,West,Economy,2,10,11,2025-09-24,30.51
O04022,2024-11-20,PR0295,W07,C06,East,Express,2,3,5,2024-11-25,19.11
O04023,2025-08-12,PR0177,W07,C04,East,Express,12,3,3,2025-08-15,30.39
O04024,2024-12-02,PR0126,W03,C06,South,Same Day,6,1,1,2024-12-03,22.17
O04025,2024-08-24,PR0127,W05,C08,West,Same Day,10,1,1,2024-08-25,31.49
O04026,2024-04-28,PR0245,W09,C03,South,Economy,2,10,11,2024-05-09,24.4
O04027,2025-02-23,PR0188,W04,C08,East,Standard,9,6,5,2025-02-28,6.87
O04028,2024-12-26,PR0160,W01,C01,Central,Standard,14,6,9,2025-01-04,33.23
O04029,2025-01-05,PR0022,W08,C01,West,Express,9,3,1,2025-01-06,33.3
O04030,2025-04-04,PR0010,W08,C07,West,Express,8,3,1,2025-04-05,35.83
O04031,2025-08-06,PR0141,W09,C06,South,Express,5,3,2,2025-08-08,21.08
O04032,2025-02-21,PR0164,W06,C04,Central,Express,6,3,4,2025-02-25,33.31
O04033,2025-09-12,PR0281,W07,C08,East,Same Day,8,1,1,2025-09-13,42.84
O04034,2024-12-15,PR0239,W07,C07,East,Standard,12,6,7,2024-12-22,31.88
O04035,2024-03-24,PR0053,W08,C03,West,Economy,8,10,11,2024-04-04,35.96
O04036,2025-06-01,PR0078,W09,C04,South,Economy,13,10,9,2025-06-10,29.81
O04037,2025-10-09,PR0268,W09,C06,South,Express,11,3,3,2025-10-12,45.28
O04038,2025-04-09,PR0161,W02,C03,North,Express,14,3,4,2025-04-13,20.84
O04039,2024-05-03,PR0120,W08,C07,West,Same Day,2,1,1,2024-05-04,25.22
O04040,2025-07-21,PR0258,W05,C01,West,Standard,10,6,6,2025-07-27,20.69
O04041,2024-05-09,PR0170,W10,C07,North,Economy,6,10,10,2024-05-19,41.34
O04042,2024-01-25,PR0262,W09,C05,South,Standard,13,6,6,2024-01-31,23.05
O04043,2024-05-15,PR0057,W06,C08,Central,Economy,1,10,13,2024-05-28,37.21
O04044,2025-03-08,PR0062,W07,C06,East,Express,10,3,3,2025-03-11,29.62
O04045,2025-02-15,PR0288,W01,C01,Central,Express,9,3,2,2025-02-17,28.5
O04046,2025-12-30,PR0103,W07,C05,East,Standard,6,6,5,2026-01-04,19.46
O04047,2024-12-10,PR0078,W07,C01,East,Standard,3,6,3,2024-12-13,11.88
O04048,2024-02-16,PR0210,W02,C06,North,Same Day,5,1,2,2024-02-18,24.02
O04049,2025-04-04,PR0027,W05,C02,West,Economy,11,10,8,2025-04-12,40.31
O04050,2025-03-22,PR0094,W07,C08,East,Economy,2,10,9,2025-03-31,37.14
O04051,2025-12-17,PR0162,W09,C03,South,Express,6,3,5,2025-12-22,37.68
O04052,2025-08-26,PR0246,W06,C05,Central,Standard,2,6,6,2025-09-01,40.16
O04053,2024-06-04,PR0075,W02,C02,North,Same Day,3,1,1,2024-06-05,45.66
O04054,2025-11-21,PR0030,W05,C06,West,Economy,1,10,10,2025-12-01,35.15
O04055,2024-11-24,PR0219,W08,C01,West,Express,10,3,4,2024-11-28,26.03
O04056,2025-06-04,PR0157,W06,C03,Central,Same Day,4,1,2,2025-06-06,42.15
O04057,2024-04-09,PR0165,W03,C07,South,Same Day,13,1,1,2024-04-10,33.92
O04058,2025-05-20,PR0047,W04,C01,East,Standard,10,6,6,2025-05-26,5.54
O04059,2025-07-31,PR0197,W01,C04,Central,Economy,5,10,11,2025-08-11,40.07
O04060,2024-10-19,PR0172,W07,C04,East,Economy,5,10,3,2024-10-22,40.11
O04061,2024-11-22,PR0241,W03,C05,South,Express,2,3,3,2024-11-25,26.8
O04062,2024-02-12,PR0096,W03,C05,South,Economy,1,10,15,2024-02-27,59.21
O04063,2025-06-15,PR0033,W04,C06,East,Same Day,2,1,1,2025-06-16,36.94
O04064,2024-04-11,PR0244,W04,C05,East,Same Day,11,1,2,2024-04-13,26.09
O04065,2024-06-18,PR0156,W10,C07,North,Same Day,8,1,1,2024-06-19,25.09
O04066,2024-10-07,PR0080,W08,C05,West,Economy,1,10,8,2024-10-15,44.09
O04067,2024-08-17,PR0114,W03,C07,South,Same Day,9,1,1,2024-08-18,34.8
O04068,2024-09-22,PR0158,W06,C02,Central,Standard,6,6,6,2024-09-28,14.4
O04069,2024-08-25,PR0260,W07,C07,East,Express,5,3,3,2024-08-28,42.92
O04070,2024-04-08,PR0013,W09,C08,South,Express,1,3,5,2024-04-13,31.52
O04071,2024-01-29,PR0260,W01,C06,Central,Standard,7,6,8,2024-02-06,16.95
O04072,2025-07-06,PR0182,W01,C08,Central,Express,9,3,6,2025-07-12,29.59
O04073,2024-01-07,PR0102,W05,C04,West,Standard,8,6,2,2024-01-09,22.62
O04074,2025-01-13,PR0028,W09,C04,South,Same Day,8,1,2,2025-01-15,38.48
O04075,2025-08-07,PR0248,W05,C01,West,Economy,8,10,7,2025-08-14,24.23
O04076,2025-06-17,PR0300,W03,C01,South,Economy,6,10,11,2025-06-28,22.41
O04077,2024-10-29,PR0135,W10,C06,North,Standard,2,6,6,2024-11-04,6.45
O04078,2025-03-31,PR0279,W05,C06,West,Economy,7,10,4,2025-04-04,48.26
O04079,2024-09-26,PR0216,W10,C05,North,Express,9,3,2,2024-09-28,34.17
O04080,2024-10-12,PR0043,W02,C08,North,Same Day,7,1,1,2024-10-13,29.83
O04081,2024-03-21,PR0256,W03,C08,South,Standard,11,6,7,2024-03-28,13.36
O04082,2024-11-30,PR0220,W09,C02,South,Same Day,4,1,1,2024-12-01,47.81
O04083,2024-10-09,PR0047,W05,C05,West,Standard,11,6,7,2024-10-16,17.89
O04084,2025-12-24,PR0164,W04,C02,East,Standard,9,6,2,2025-12-26,26.18
O04085,2025-03-19,PR0092,W02,C01,North,Same Day,12,1,1,2025-03-20,25.39
O04086,2024-07-13,PR0047,W01,C03,Central,Standard,1,6,9,2024-07-22,25.02
O04087,2025-10-11,PR0192,W02,C06,North,Express,11,3,1,2025-10-12,29.04
O04088,2024-05-20,PR0175,W06,C06,Central,Economy,14,10,9,2024-05-29,20.92
O04089,2024-08-13,PR0236,W03,C03,South,Same Day,8,1,1,2024-08-14,19.43
O04090,2025-04-26,PR0093,W03,C05,South,Economy,12,10,11,2025-05-07,23.96
O04091,2024-07-10,PR0182,W05,C02,West,Same Day,7,1,1,2024-07-11,25.36
O04092,2024-05-14,PR0209,W09,C03,South,Standard,10,6,6,2024-05-20,12.62
O04093,2025-06-12,PR0200,W09,C02,South,Standard,7,6,5,2025-06-17,7.66
O04094,2025-03-20,PR0162,W10,C01,North,Economy,7,10,11,2025-03-31,36.39
O04095,2025-07-25,PR0173,W06,C08,Central,Express,3,3,5,2025-07-30,26.19
O04096,2025-12-28,PR0045,W03,C05,South,Standard,2,6,2,2025-12-30,20.71
O04097,2025-03-04,PR0082,W04,C08,East,Economy,2,10,16,2025-03-20,36.92
O04098,2025-10-08,PR0243,W01,C07,Central,Express,12,3,3,2025-10-11,35.67
O04099,2025-10-15,PR0089,W07,C03,East,Economy,13,10,3,2025-10-18,35.62
O04100,2025-06-27,PR0110,W09,C06,South,Same Day,14,1,1,2025-06-28,31.29
O04101,2024-08-25,PR0274,W07,C01,East,Economy,3,10,9,2024-09-03,23.67
O04102,2025-05-16,PR0211,W08,C04,West,Same Day,11,1,1,2025-05-17,46.57
O04103,2025-07-10,PR0099,W08,C03,West,Same Day,3,1,1,2025-07-11,22.96
O04104,2024-04-08,PR0181,W03,C01,South,Standard,7,6,4,2024-04-12,3.0
O04105,2024-10-21,PR0255,W08,C02,West,Economy,10,10,11,2024-11-01,21.17
O04106,2024-11-29,PR0174,W03,C06,South,Economy,9,10,14,2024-12-13,32.26
O04107,2024-04-28,PR0021,W03,C03,South,Economy,14,10,11,2024-05-09,28.05
O04108,2024-11-22,PR0026,W02,C04,North,Same Day,13,1,1,2024-11-23,27.91
O04109,2025-12-14,PR0106,W08,C01,West,Express,10,3,3,2025-12-17,39.17
O04110,2025-05-10,PR0136,W08,C06,West,Economy,7,10,11,2025-05-21,27.78
O04111,2025-12-04,PR0117,W09,C04,South,Standard,14,6,8,2025-12-12,11.93
O04112,2024-10-24,PR0235,W07,C04,East,Express,8,3,4,2024-10-28,27.79
O04113,2025-02-22,PR0010,W10,C07,North,Same Day,13,1,1,2025-02-23,24.31
O04114,2024-09-24,PR0062,W04,C07,East,Economy,3,10,11,2024-10-05,51.24
O04115,2025-02-04,PR0048,W08,C07,West,Economy,3,10,11,2025-02-15,18.18
O04116,2025-02-12,PR0025,W04,C05,East,Standard,8,6,6,2025-02-18,28.14
O04117,2024-10-01,PR0282,W08,C03,West,Express,9,3,1,2024-10-02,32.23
O04118,2024-12-13,PR0140,W10,C03,North,Same Day,4,1,1,2024-12-14,33.53
O04119,2025-04-03,PR0244,W05,C01,West,Express,4,3,2,2025-04-05,25.32
O04120,2025-08-09,PR0079,W09,C07,South,Express,6,3,5,2025-08-14,40.03
O04121,2025-10-02,PR0300,W10,C01,North,Same Day,5,1,1,2025-10-03,27.92
O04122,2024-05-12,PR0229,W01,C06,Central,Standard,6,6,6,2024-05-18,12.26
O04123,2024-01-22,PR0156,W08,C04,West,Standard,3,6,7,2024-01-29,11.18
O04124,2025-12-22,PR0099,W07,C02,East,Same Day,5,1,1,2025-12-23,23.56
O04125,2025-07-20,PR0155,W02,C03,North,Standard,13,6,2,2025-07-22,18.73
O04126,2025-06-15,PR0223,W09,C01,South,Same Day,6,1,1,2025-06-16,32.9
O04127,2025-07-02,PR0112,W09,C07,South,Express,4,3,3,2025-07-05,15.58
O04128,2025-07-02,PR0074,W08,C03,West,Express,12,3,2,2025-07-04,15.52
O04129,2024-10-24,PR0008,W09,C03,South,Same Day,4,1,1,2024-10-25,45.07
O04130,2024-12-05,PR0216,W05,C03,West,Express,3,3,2,2024-12-07,42.46
O04131,2025-07-20,PR0142,W03,C03,South,Standard,5,6,9,2025-07-29,25.63
O04132,2024-02-06,PR0070,W10,C03,North,Standard,13,6,4,2024-02-10,10.38
O04133,2025-05-28,PR0175,W08,C08,West,Economy,8,10,12,2025-06-09,28.7
O04134,2024-02-13,PR0291,W03,C02,South,Same Day,9,1,1,2024-02-14,30.69
O04135,2024-11-04,PR0287,W02,C08,North,Express,10,3,1,2024-11-05,24.14
O04136,2025-10-08,PR0182,W09,C08,South,Standard,1,6,7,2025-10-15,41.62
O04137,2024-10-05,PR0274,W02,C06,North,Economy,9,10,10,2024-10-15,40.42
O04138,2025-11-02,PR0266,W08,C07,West,Express,2,3,4,2025-11-06,19.6
O04139,2024-10-03,PR0167,W10,C02,North,Standard,6,6,6,2024-10-09,12.11
O04140,2024-03-16,PR0060,W06,C06,Central,Economy,1,10,9,2024-03-25,40.73
O04141,2024-01-21,PR0114,W02,C08,North,Express,9,3,5,2024-01-26,34.48
O04142,2024-04-07,PR0094,W06,C04,Central,Economy,4,10,10,2024-04-17,23.36
O04143,2024-07-17,PR0018,W06,C07,Central,Same Day,2,1,1,2024-07-18,23.16
O04144,2024-11-27,PR0152,W08,C03,West,Standard,13,6,3,2024-11-30,26.31
O04145,2024-11-05,PR0247,W07,C02,East,Economy,14,10,7,2024-11-12,28.03
O04146,2024-07-26,PR0160,W02,C07,North,Same Day,9,1,2,2024-07-28,22.73
O04147,2025-11-02,PR0126,W01,C08,Central,Economy,11,10,8,2025-11-10,20.46
O04148,2025-01-20,PR0043,W07,C01,East,Economy,14,10,6,2025-01-26,34.13
O04149,2024-04-05,PR0141,W03,C07,South,Economy,7,10,10,2024-04-15,18.82
O04150,2025-07-28,PR0262,W07,C02,East,Economy,8,10,11,2025-08-08,22.76
O04151,2024-10-18,PR0116,W06,C05,Central,Express,11,3,2,2024-10-20,18.86
O04152,2025-01-26,PR0199,W02,C07,North,Economy,9,10,13,2025-02-08,48.08
O04153,2025-02-07,PR0040,W04,C07,East,Standard,4,6,7,2025-02-14,15.59
O04154,2025-04-08,PR0116,W09,C07,South,Standard,13,6,3,2025-04-11,3.81
O04155,2025-02-10,PR0284,W09,C07,South,Economy,14,10,12,2025-02-22,11.31
O04156,2025-01-13,PR0224,W08,C05,West,Standard,10,6,7,2025-01-20,29.4
O04157,2025-10-20,PR0203,W07,C06,East,Same Day,13,1,1,2025-10-21,13.01
O04158,2024-05-27,PR0025,W10,C04,North,Standard,10,6,7,2024-06-03,13.96
O04159,2025-07-28,PR0253,W09,C03,South,Express,7,3,1,2025-07-29,19.43
O04160,2025-05-16,PR0079,W06,C01,Central,Express,6,3,1,2025-05-17,32.35
O04161,2024-03-26,PR0155,W09,C08,South,Economy,9,10,8,2024-04-03,24.78
O04162,2025-09-23,PR0247,W05,C07,West,Express,6,3,4,2025-09-27,34.12
O04163,2024-03-01,PR0263,W05,C01,West,Same Day,8,1,1,2024-03-02,24.01
O04164,2025-02-25,PR0260,W07,C06,East,Same Day,2,1,1,2025-02-26,27.94
O04165,2024-06-03,PR0195,W10,C03,North,Same Day,6,1,1,2024-06-04,29.87
O04166,2025-12-06,PR0252,W01,C01,Central,Economy,14,10,13,2025-12-19,36.4
O04167,2024-01-06,PR0206,W07,C02,East,Express,7,3,1,2024-01-07,38.12
O04168,2025-07-29,PR0218,W05,C06,West,Economy,6,10,10,2025-08-08,12.07
O04169,2024-11-16,PR0289,W09,C02,South,Same Day,6,1,1,2024-11-17,24.69
O04170,2025-04-17,PR0047,W05,C06,West,Standard,1,6,7,2025-04-24,28.06
O04171,2024-04-17,PR0126,W08,C06,West,Standard,14,6,7,2024-04-24,18.89
O04172,2025-01-19,PR0276,W03,C06,South,Standard,12,6,7,2025-01-26,34.72
O04173,2024-06-14,PR0031,W06,C07,Central,Standard,1,6,6,2024-06-20,23.03
O04174,2024-06-19,PR0118,W09,C02,South,Economy,1,10,12,2024-07-01,39.86
O04175,2024-04-26,PR0068,W02,C02,North,Economy,5,10,5,2024-05-01,43.89
O04176,2025-05-22,PR0048,W03,C07,South,Economy,4,10,11,2025-06-02,39.71
O04177,2024-05-23,PR0146,W06,C05,Central,Economy,1,10,8,2024-05-31,12.64
O04178,2025-02-12,PR0152,W10,C08,North,Same Day,13,1,1,2025-02-13,12.34
O04179,2024-04-30,PR0175,W08,C07,West,Same Day,5,1,1,2024-05-01,22.93
O04180,2025-11-23,PR0268,W04,C07,East,Same Day,2,1,1,2025-11-24,29.58
O04181,2025-09-21,PR0295,W04,C08,East,Express,6,3,4,2025-09-25,41.22
O04182,2024-05-24,PR0235,W07,C04,East,Express,8,3,4,2024-05-28,26.27
O04183,2025-09-20,PR0244,W04,C01,East,Same Day,10,1,1,2025-09-21,25.87
O04184,2025-04-28,PR0279,W08,C04,West,Express,4,3,3,2025-05-01,30.63
O04185,2024-12-04,PR0055,W09,C05,South,Express,8,3,1,2024-12-05,53.91
O04186,2025-06-20,PR0201,W05,C08,West,Standard,11,6,2,2025-06-22,6.1
O04187,2024-11-21,PR0254,W05,C05,West,Express,11,3,2,2024-11-23,34.66
O04188,2024-06-02,PR0247,W08,C03,West,Standard,14,6,6,2024-06-08,14.14
O04189,2024-01-06,PR0141,W07,C05,,Express,9,3,2,2024-01-08,21.63
O04190,2024-07-23,PR0185,W02,C07,North,Economy,3,10,12,2024-08-04,28.48
O04191,2024-12-04,PR0254,W10,C07,North,Standard,11,6,5,2024-12-09,24.87
O04192,2025-10-01,PR0165,W08,C06,West,Express,1,3,5,2025-10-06,20.35
O04193,2024-03-09,PR0139,W07,C05,East,Express,5,3,1,2024-03-10,43.21
O04194,2024-12-19,PR0167,W02,C05,North,Express,13,3,3,2024-12-22,32.27
O04195,2024-10-08,PR0220,W04,C01,East,Economy,7,10,11,2024-10-19,26.99
O04196,2025-08-21,PR0134,W07,C01,East,Same Day,6,1,1,2025-08-22,30.29
O04197,2025-10-01,PR0108,W05,C01,West,Same Day,2,1,1,2025-10-02,19.36
O04198,2025-07-28,PR0155,W01,C06,Central,Express,1,3,3,2025-07-31,18.51
O04199,2024-03-20,PR0059,W06,C07,Central,Express,8,3,2,2024-03-22,18.12
O04200,2024-04-15,PR0205,W03,C08,South,Same Day,7,1,2,2024-04-17,44.67
O04201,2024-07-01,PR0176,W04,C08,East,Standard,3,6,3,2024-07-04,9.78
O04202,2024-05-09,PR0215,W06,C02,Central,Economy,3,10,9,2024-05-18,26.24
O04203,2024-12-04,PR0270,W01,C07,Central,Same Day,10,1,2,2024-12-06,23.57
O04204,2025-09-22,PR0171,W05,C06,West,Express,9,3,2,2025-09-24,25.3
O04205,2024-06-21,PR0161,W02,C02,North,Express,13,3,2,2024-06-23,28.49
O04206,2024-08-09,PR0030,W10,C08,North,Express,4,3,6,2024-08-15,26.92
O04207,2024-05-26,PR0089,W09,C04,South,Economy,10,10,7,2024-06-02,35.43
O04208,2024-01-01,PR0043,W07,C04,East,Standard,14,6,2,2024-01-03,12.35
O04209,2024-02-23,PR0277,W03,C07,South,Economy,6,10,12,2024-03-06,39.14
O04210,2025-03-11,PR0222,W08,C06,West,Same Day,10,1,2,2025-03-13,27.85
O04211,2024-11-05,PR0242,W06,C06,Central,Standard,14,6,7,2024-11-12,17.31
O04212,2024-09-03,PR0290,W06,C02,Central,Economy,4,10,15,2024-09-18,26.81
O04213,2025-01-21,PR0170,W08,C08,West,Economy,4,10,12,2025-02-02,35.2
O04214,2024-12-29,PR0073,W04,C06,East,Same Day,4,1,2,2024-12-31,17.59
O04215,2025-06-27,PR0048,W02,C05,North,Express,14,3,1,2025-06-28,26.85
O04216,2024-06-19,PR0102,W07,C08,East,Express,4,3,2,2024-06-21,24.6
O04217,2025-03-23,PR0286,W01,C06,Central,Economy,6,10,12,2025-04-04,33.5
O04218,2025-05-16,PR0124,W04,C05,East,Standard,5,6,2,2025-05-18,29.22
O04219,2025-07-25,PR0011,W05,C03,West,Same Day,11,1,1,2025-07-26,29.29
O04220,2024-07-01,PR0270,W10,C08,North,Same Day,4,1,1,2024-07-02,33.52
O04221,2025-04-22,PR0268,W07,C08,East,Economy,2,10,9,2025-05-01,36.5
O04222,2024-08-06,PR0082,W01,C05,Central,Express,9,3,4,2024-08-10,29.76
O04223,2025-01-26,PR0248,W07,C07,East,Express,3,3,4,2025-01-30,30.28
O04224,2024-01-11,PR0188,W09,C07,South,Economy,2,10,10,2024-01-21,38.04
O04225,2025-01-04,PR0251,W06,C07,Central,Express,4,3,1,2025-01-05,21.96
O04226,2024-01-06,PR0097,W01,C07,Central,Same Day,3,1,1,2024-01-07,29.52
O04227,2024-12-02,PR0076,W10,C02,North,Same Day,4,1,2,2024-12-04,35.25
O04228,2024-09-16,PR0038,W01,C05,Central,Standard,2,6,6,2024-09-22,18.57
O04229,2025-09-13,PR0290,W07,C05,East,Standard,8,6,8,2025-09-21,29.32
O04230,2025-10-24,PR0250,W07,C01,East,Economy,12,10,9,2025-11-02,19.88
O04231,2025-02-11,PR0082,W02,C05,North,Same Day,3,1,1,2025-02-12,46.72
O04232,2024-10-07,PR0172,W02,C04,North,Standard,8,6,6,2024-10-13,6.1
O04233,2025-04-27,PR0058,W06,C01,Central,Economy,9,10,7,2025-05-04,29.33
O04234,2025-05-17,PR0059,W09,C02,South,Economy,9,10,11,2025-05-28,37.02
O04235,2025-10-25,PR0255,W01,C02,Central,Standard,11,6,2,2025-10-27,22.59
O04236,2024-02-09,PR0167,W07,C02,East,Standard,10,6,7,2024-02-16,8.26
O04237,2025-09-19,PR0051,W03,C07,South,Express,11,3,3,2025-09-22,33.28
O04238,2024-05-14,PR0082,W02,C05,North,Economy,2,10,14,2024-05-28,24.54
O04239,2024-05-02,PR0049,W02,C02,North,Economy,8,10,12,2024-05-14,34.61
O04240,2025-10-14,PR0039,W02,C05,North,Same Day,7,1,1,2025-10-15,29.64
O04241,2024-04-09,PR0276,W06,C05,Central,Same Day,11,1,2,2024-04-11,40.3
O04242,2024-07-17,PR0116,W01,C01,Central,Standard,12,6,4,2024-07-21,18.29
O04243,2024-12-06,PR0196,W04,C04,East,Express,9,3,1,2024-12-07,33.82
O04244,2025-08-23,PR0180,W04,C04,East,Standard,7,6,5,2025-08-28,28.15
O04245,2025-11-11,PR0093,W08,C02,West,Economy,7,10,6,2025-11-17,49.34
O04246,2025-11-14,PR0207,W10,C08,North,Standard,12,6,5,2025-11-19,35.65
O04247,2024-07-16,PR0061,W01,C07,Central,Express,13,3,2,2024-07-18,37.8
O04248,2024-09-30,PR0004,W02,C08,North,Express,1,3,3,2024-10-03,29.98
O04249,2025-03-30,PR0286,W02,C07,North,Same Day,9,1,1,2025-03-31,28.75
O04250,2025-09-15,PR0264,W03,C01,South,Economy,7,10,12,2025-09-27,17.77
O04251,2024-06-26,PR0259,W10,C07,North,Same Day,5,1,1,2024-06-27,19.36
O04252,2024-10-07,PR0230,W01,C08,Central,Same Day,8,1,1,2024-10-08,24.33
O04253,2024-04-30,PR0085,W04,C08,East,Economy,9,10,6,2024-05-06,31.74
O04254,2025-08-04,PR0022,W02,C05,North,Economy,4,10,8,2025-08-12,30.05
O04255,2024-03-31,PR0094,W02,C05,North,Standard,14,6,6,2024-04-06,17.11
O04256,2024-07-05,PR0010,W10,C08,North,Express,14,3,2,2024-07-07,15.59
O04257,2024-11-21,PR0042,W01,C05,Central,Standard,11,6,4,2024-11-25,34.09
O04258,2024-06-22,PR0158,W02,C04,North,Express,2,3,3,2024-06-25,28.41
O04259,2025-10-15,PR0011,W04,C05,East,Economy,12,10,10,2025-10-25,32.93
O04260,2024-03-24,PR0141,W03,C06,South,Same Day,2,1,1,2024-03-25,22.53
O04261,2025-11-28,PR0065,W09,C04,South,Express,10,3,4,2025-12-02,31.16
O04262,2024-11-13,PR0010,W10,C01,North,Economy,3,10,14,2024-11-27,42.8
O04263,2025-12-23,PR0174,W07,C04,East,Express,7,3,4,2025-12-27,45.69
O04264,2024-10-12,PR0214,W03,C08,South,Same Day,13,1,1,2024-10-13,24.53
O04265,2025-02-27,PR0056,W03,C02,South,Express,7,3,3,2025-03-02,26.05
O04266,2024-10-06,PR0120,W03,C04,South,Express,3,3,3,2024-10-09,29.97
O04267,2024-10-29,PR0085,W04,C01,East,Economy,11,10,13,2024-11-11,26.38
O04268,2024-09-27,PR0277,W02,C02,North,Economy,1,10,10,2024-10-07,31.64
O04269,2024-12-29,PR0272,W01,C01,Central,Same Day,13,1,1,2024-12-30,27.65
O04270,2024-12-23,PR0081,W06,C08,Central,Economy,7,10,14,2025-01-06,36.24
O04271,2025-10-08,PR0157,W03,C04,South,Standard,4,6,6,2025-10-14,20.65
O04272,2025-08-22,PR0071,W05,C06,West,Express,13,3,1,2025-08-23,28.33
O04273,2025-07-04,PR0181,W01,C01,Central,Express,13,3,3,2025-07-07,23.91
O04274,2025-12-20,PR0129,W08,C07,West,Same Day,7,1,1,2025-12-21,16.73
O04275,2025-10-23,PR0293,W04,C08,East,Express,14,3,1,2025-10-24,19.22
O04276,2024-12-16,PR0149,W06,C03,Central,Same Day,14,1,1,2024-12-17,50.97
O04277,2024-04-02,PR0074,W06,C05,Central,Express,1,3,1,2024-04-03,29.38
O04278,2024-09-21,PR0249,W09,C05,South,Economy,10,10,11,2024-10-02,18.6
O04279,2024-09-24,PR0183,W02,C04,North,Standard,8,6,5,2024-09-29,10.89
O04280,2025-06-13,PR0136,W09,C04,South,Economy,13,10,7,2025-06-20,35.24
O04281,2024-05-23,PR0252,W08,C07,West,Same Day,10,1,1,2024-05-24,17.11
O04282,2025-01-16,PR0110,W06,C05,Central,Economy,8,10,13,2025-01-29,14.06
O04283,2025-11-05,PR0128,W01,C01,Central,Standard,8,6,7,2025-11-12,20.12
O04284,2024-11-26,PR0265,W10,C08,North,Same Day,11,1,1,2024-11-27,30.58
O04285,2024-01-09,PR0005,W03,C04,South,Economy,14,10,6,2024-01-15,34.45
O04286,2025-05-01,PR0087,W04,C05,East,Same Day,5,1,2,2025-05-03,25.9
O04287,2025-10-25,PR0216,W10,C02,North,Express,9,3,1,2025-10-26,40.35
O04288,2025-01-01,PR0008,W07,C05,East,Express,3,3,4,2025-01-05,35.51
O04289,2025-04-23,PR0015,W06,C08,Central,Express,10,3,4,2025-04-27,28.97
O04290,2024-01-23,PR0193,W05,C01,West,Economy,4,10,11,2024-02-03,29.69
O04291,2025-08-30,PR0294,W06,C03,Central,Economy,13,10,10,2025-09-09,32.91
O04292,2025-02-12,PR0266,W05,C03,West,Express,10,3,1,2025-02-13,38.69
O04293,2024-09-15,PR0284,W07,C02,East,Same Day,4,1,1,2024-09-16,39.35
O04294,2025-05-09,PR0186,W08,C06,West,Same Day,4,1,2,2025-05-11,17.52
O04295,2024-02-11,PR0144,W09,C05,South,Standard,3,6,6,2024-02-17,21.12
O04296,2025-03-07,PR0141,W08,C08,West,Same Day,3,1,1,2025-03-08,49.07
O04297,2025-08-14,PR0006,W05,C03,West,Standard,14,6,6,2025-08-20,11.44
O04298,2024-06-16,PR0191,W01,C08,Central,Express,3,3,1,2024-06-17,36.43
O04299,2024-11-03,PR0175,W01,C02,Central,Express,1,3,6,2024-11-09,43.88
O04300,2025-08-04,PR0197,W09,C02,South,Express,13,3,3,2025-08-07,13.86
O04301,2025-11-10,PR0161,W04,C03,East,Standard,12,6,8,2025-11-18,14.69
O04302,2024-04-02,PR0238,W04,C08,East,Express,8,3,1,2024-04-03,28.64
O04303,2024-12-20,PR0010,W08,C02,West,Economy,2,10,14,2025-01-03,39.65
O04304,2024-06-18,PR0015,W05,C07,West,Standard,11,6,5,2024-06-23,22.9
O04305,2025-11-05,PR0020,W03,C08,South,Express,8,3,4,2025-11-09,
O04306,2024-06-25,PR0006,W07,C08,East,Same Day,13,1,1,2024-06-26,36.77
O04307,2024-03-23,PR0123,W03,C07,South,Express,4,3,2,2024-03-25,37.06
O04308,2024-07-27,PR0171,W05,C03,West,Standard,5,6,3,2024-07-30,15.2
O04309,2024-09-07,PR0164,W09,C04,South,Same Day,14,1,1,2024-09-08,47.74
O04310,2024-01-06,PR0123,W05,C07,West,Express,13,3,1,2024-01-07,35.47
O04311,2024-12-18,PR0026,W02,C08,North,Economy,8,10,8,2024-12-26,31.7
O04312,2025-07-17,PR0299,W05,C02,West,Express,10,3,1,2025-07-18,32.86
O04313,2025-04-28,PR0136,W05,C06,West,Economy,9,10,8,2025-05-06,15.11
O04314,2025-12-24,PR0048,W03,C06,South,Standard,6,6,3,2025-12-27,23.94
O04315,2025-01-31,PR0299,W09,C05,South,Same Day,7,1,1,2025-02-01,24.9
O04316,2024-05-16,PR0062,W05,C04,West,Same Day,2,1,1,2024-05-17,40.13
O04317,2024-10-16,PR0167,W05,C04,West,Economy,10,10,9,2024-10-25,33.53
O04318,2025-06-30,PR0057,W02,C06,North,Same Day,2,1,2,2025-07-02,37.77
O04319,2025-05-15,PR0073,W01,C05,Central,Standard,10,6,3,2025-05-18,3.0
O04320,2024-08-15,PR0275,W06,C01,Central,Express,4,3,2,2024-08-17,34.94
O04321,2024-08-28,PR0203,W07,C04,East,Same Day,1,1,1,2024-08-29,34.65
O04322,2024-12-14,PR0073,W01,C05,Central,Standard,12,6,2,2024-12-16,41.9
O04323,2025-09-17,PR0137,W01,C07,Central,Economy,8,10,12,2025-09-29,31.15
O04324,2024-03-20,PR0116,W03,C04,South,Express,3,3,2,2024-03-22,26.29
O04325,2025-05-26,PR0271,W03,C07,South,Standard,5,6,4,2025-05-30,33.37
O04326,2024-08-04,PR0117,W04,C04,East,Economy,14,10,10,2024-08-14,39.1
O04327,2024-04-05,PR0243,W04,C03,East,Economy,13,10,7,2024-04-12,35.85
O04328,2025-10-31,PR0212,W09,C03,South,Economy,12,10,7,2025-11-07,32.28
O04329,2024-06-03,PR0096,W04,C07,East,Same Day,3,1,1,2024-06-04,42.19
O04330,2025-01-31,PR0076,W05,C02,West,Standard,13,6,4,2025-02-04,22.75
O04331,2024-09-24,PR0222,W08,C08,West,Express,1,3,3,2024-09-27,25.52
O04332,2024-06-16,PR0280,W05,C07,West,Standard,8,6,7,2024-06-23,21.51
O04333,2025-04-21,PR0139,W02,C03,North,Same Day,8,1,2,2025-04-23,11.09
O04334,2025-12-03,PR0094,W10,C01,North,Economy,11,10,4,2025-12-07,43.5
O04335,2024-01-13,PR0268,W09,C08,South,Same Day,1,1,1,2024-01-14,26.77
O04336,2024-05-11,PR0022,W06,C02,Central,Economy,3,10,10,2024-05-21,39.28
O04337,2025-12-03,PR0009,W08,C06,West,Standard,7,6,3,2025-12-06,20.46
O04338,2025-05-12,PR0081,W08,C07,West,Economy,1,10,6,2025-05-18,23.77
O04339,2024-02-25,PR0141,W04,C01,East,Economy,12,10,11,2024-03-07,34.62
O04340,2024-09-21,PR0116,W10,C07,North,Economy,1,10,10,2024-10-01,22.74
O04341,2025-05-29,PR0212,W04,C06,East,Economy,3,10,8,2025-06-06,42.31
O04342,2025-12-30,PR0015,W07,C01,East,Same Day,5,1,1,2025-12-31,6.82
O04343,2024-04-24,PR0248,W03,C06,South,Economy,13,10,7,2024-05-01,31.47
O04344,2025-06-28,PR0122,W05,C01,West,Standard,9,6,6,2025-07-04,19.59
O04345,2024-06-02,PR0057,W10,C08,North,Same Day,7,1,2,2024-06-04,30.26
O04346,2025-12-25,PR0067,W06,C03,Central,Same Day,4,1,1,2025-12-26,45.49
O04347,2024-07-21,PR0150,W06,C01,Central,Economy,2,10,6,2024-07-27,32.48
O04348,2025-03-21,PR0146,W02,C07,North,Economy,2,10,8,2025-03-29,24.52
O04349,2024-10-15,PR0259,W10,C08,North,Standard,4,6,5,2024-10-20,14.25
O04350,2025-05-16,PR0099,W08,C04,West,Same Day,3,1,1,2025-05-17,36.79
O04351,2024-02-21,PR0265,W06,C05,Central,Same Day,1,1,1,2024-02-22,42.15
O04352,2024-09-15,PR0211,W08,C05,West,Same Day,4,1,1,2024-09-16,38.71
O04353,2025-11-22,PR0129,W07,C03,East,Standard,2,6,3,2025-11-25,23.26
O04354,2025-07-09,PR0192,W07,C02,East,Express,14,3,1,2025-07-10,20.97
O04355,2024-10-27,PR0050,W04,C04,East,Economy,4,10,12,2024-11-08,44.45
O04356,2024-01-18,PR0012,W08,C04,West,Same Day,6,1,1,2024-01-19,41.69
O04357,2024-10-31,PR0271,W02,C06,North,Standard,5,6,2,2024-11-02,18.57
O04358,2024-12-31,PR0241,W02,C01,North,Economy,11,10,11,2025-01-11,31.72
O04359,2024-09-11,PR0292,W09,C08,South,Standard,6,6,3,2024-09-14,11.18
O04360,2025-07-01,PR0242,W02,C05,North,Express,9,3,2,2025-07-03,29.55
O04361,2024-05-28,PR0252,W05,C05,West,Economy,13,10,9,2024-06-06,28.12
O04362,2024-10-08,PR0130,W07,C02,East,Economy,1,10,10,2024-10-18,34.85
O04363,2025-12-06,PR0024,W01,C01,Central,Express,3,3,2,2025-12-08,34.78
O04364,2025-06-20,PR0239,W01,C08,Central,Economy,9,10,6,2025-06-26,23.9
O04365,2024-02-11,PR0061,W10,C08,North,Same Day,1,1,1,2024-02-12,10.41
O04366,2025-01-16,PR0233,W10,C02,North,Express,14,3,4,2025-01-20,18.19
O04367,2025-09-15,PR0081,W02,C03,North,Economy,8,10,12,2025-09-27,37.77
O04368,2025-06-08,PR0063,W10,C02,North,Same Day,13,1,1,2025-06-09,32.24
O04369,2025-10-14,PR0026,W04,C03,East,Economy,6,10,15,2025-10-29,35.32
O04370,2025-02-14,PR0140,W10,C03,North,Express,8,3,2,2025-02-16,41.21
O04371,2024-09-20,PR0072,W10,C06,North,Economy,14,10,8,2024-09-28,31.57
O04372,2024-04-29,PR0075,W09,C08,South,Same Day,13,1,1,2024-04-30,36.23
O04373,2024-11-06,PR0071,W06,C05,Central,Express,8,3,2,2024-11-08,43.0
O04374,2025-12-11,PR0255,W10,C06,North,Same Day,11,1,1,2025-12-12,33.25
O04375,2025-08-10,PR0151,W05,C05,West,Express,12,3,2,2025-08-12,33.95
O04376,2025-03-23,PR0015,W07,C05,East,Express,6,3,4,2025-03-27,53.16
O04377,2024-10-10,PR0213,W01,C01,Central,Standard,4,6,3,2024-10-13,23.59
O04378,2025-09-11,PR0260,W08,C05,,Express,4,3,3,2025-09-14,36.78
O04379,2025-11-25,PR0003,W04,C03,East,Same Day,6,1,-2,2025-11-26,18.62
O04380,2024-01-06,PR0295,W05,C02,,Express,9,3,3,2024-01-09,35.2
O04381,2024-01-20,PR0109,W05,C01,West,Express,13,3,3,2024-01-23,32.69
O04382,2024-10-08,PR0024,W07,C08,East,Economy,1,10,9,2024-10-17,24.38
O04383,2025-09-05,PR0182,W07,C02,East,Standard,2,6,8,2025-09-13,27.1
O04384,2024-08-14,PR0297,W03,C01,South,Standard,9,6,5,2024-08-19,18.97
O04385,2025-12-27,PR0041,W04,C04,East,Express,1,3,5,2026-01-01,34.15
O04386,2024-03-06,PR0281,W01,C01,Central,Same Day,12,1,1,2024-03-07,39.59
O04387,2025-12-30,PR0145,W06,C07,Central,Economy,9,10,5,2026-01-04,14.99
O04388,2025-08-25,PR0118,W05,C02,West,Same Day,2,1,1,2025-08-26,28.75
O04389,2025-07-08,PR0196,W08,C07,West,Economy,12,10,13,2025-07-21,50.06
O04390,2025-07-25,PR0043,W02,C03,North,Same Day,7,1,1,2025-07-26,27.14
O04391,2024-12-14,PR0050,W07,C04,East,Same Day,9,1,1,2024-12-15,36.89
O04392,2025-03-31,PR0150,W09,C07,South,Economy,7,10,9,2025-04-09,50.04
O04393,2025-05-25,PR0073,W03,C03,South,Express,3,3,2,2025-05-27,27.95
O04394,2025-11-20,PR0224,W05,C03,West,Same Day,12,1,1,2025-11-21,13.74
O04395,2025-02-16,PR0246,W10,C04,North,Standard,6,6,2,2025-02-18,12.05
O04396,2025-10-08,PR0293,W08,C05,West,Same Day,9,1,1,2025-10-09,32.62
O04397,2024-03-26,PR0269,W03,C05,South,Same Day,14,1,1,2024-03-27,28.29
O04398,2024-11-07,PR0232,W07,C07,East,Same Day,2,1,1,2024-11-08,28.17
O04399,2025-04-07,PR0143,W08,C06,West,Standard,10,6,8,2025-04-15,18.09
O04400,2024-06-08,PR0217,W06,C05,Central,Express,8,3,2,2024-06-10,31.51
O04401,2025-10-01,PR0095,W07,C06,East,Economy,1,10,8,2025-10-09,27.04
O04402,2025-03-01,PR0153,W10,C02,North,Same Day,4,1,1,2025-03-02,16.92
O04403,2025-07-23,PR0143,W08,C05,West,Express,2,3,1,2025-07-24,30.32
O04404,2025-01-19,PR0072,W06,C03,Central,Express,14,3,4,2025-01-23,31.21
O04405,2025-01-22,PR0037,W06,C03,Central,Standard,12,6,6,2025-01-28,18.23
O04406,2024-04-09,PR0124,W08,C05,West,Express,12,3,4,2024-04-13,21.76
O04407,2024-08-04,PR0277,W10,C04,North,Same Day,3,1,1,2024-08-05,36.71
O04408,2024-07-01,PR0293,W03,C06,South,Economy,2,10,15,2024-07-16,31.02
O04409,2025-07-17,PR0087,W05,C01,West,Same Day,13,1,1,2025-07-18,26.13
O04410,2024-08-10,PR0153,W08,C06,West,Same Day,4,1,1,2024-08-11,27.49
O04411,2024-11-23,PR0184,W04,C05,East,Standard,8,6,5,2024-11-28,23.6
O04412,2025-11-11,PR0168,W07,C05,East,Economy,8,10,8,2025-11-19,38.84
O04413,2024-08-18,PR0127,W05,C07,West,Economy,14,10,6,2024-08-24,21.9
O04414,2025-04-20,PR0265,W04,C02,East,Economy,8,10,9,2025-04-29,37.08
O04415,2024-06-09,PR0205,W09,C05,South,Economy,7,10,5,2024-06-14,37.71
O04416,2024-10-22,PR0063,W02,C02,North,Same Day,5,1,1,2024-10-23,29.24
O04417,2025-04-20,PR0251,W03,C04,South,Standard,4,6,5,2025-04-25,22.35
O04418,2025-01-27,PR0255,W01,C06,Central,Economy,10,10,15,2025-02-11,14.44
O04419,2025-03-04,PR0252,W05,C05,West,Express,3,3,4,2025-03-08,39.15
O04420,2025-10-13,PR0190,W10,C02,North,Express,12,3,2,2025-10-15,29.73
O04421,2024-05-21,PR0147,W06,C07,Central,Standard,3,6,4,2024-05-25,24.87
O04422,2025-09-05,PR0042,W01,C06,Central,Economy,6,10,13,2025-09-18,34.79
O04423,2024-01-24,PR0220,W04,C04,East,Express,5,3,3,2024-01-27,15.59
O04424,2024-06-19,PR0205,W06,C07,Central,Economy,5,10,8,2024-06-27,32.83
O04425,2025-12-01,PR0095,W10,C07,North,Same Day,2,1,1,2025-12-02,36.06
O04426,2024-01-24,PR0087,W06,C06,Central,Economy,5,10,9,2024-02-02,27.42
O04427,2025-07-19,PR0142,W06,C07,Central,Express,9,3,4,2025-07-23,24.89
O04428,2024-06-14,PR0021,W05,C01,West,Same Day,7,1,1,2024-06-15,46.87
O04429,2024-09-02,PR0213,W09,C03,South,Economy,4,10,7,2024-09-09,21.83
O04430,2025-12-30,PR0047,W09,C07,South,Same Day,10,1,1,2025-12-31,25.75
O04431,2024-05-15,PR0095,W04,C01,East,Standard,8,6,9,2024-05-24,15.06
O04432,2024-02-01,PR0100,W03,C07,South,Economy,1,10,12,2024-02-13,31.57
O04433,2025-04-15,PR0149,W03,C05,South,Economy,14,10,11,2025-04-26,28.3
O04434,2024-09-04,PR0159,W03,C01,South,standard,1,10,10,2024-09-14,21.57
O04435,2025-05-27,PR0193,W10,C01,North,Same Day,8,1,1,2025-05-28,27.67
O04436,2024-06-12,PR0176,W09,C06,South,Economy,11,10,15,2024-06-27,48.05
O04437,2024-03-12,PR0220,W10,C07,North,Standard,3,6,5,2024-03-17,20.34
O04438,2025-11-29,PR0177,W05,C03,West,Economy,4,10,11,2025-12-10,25.96
O04439,2025-01-29,PR0055,W02,C02,North,Economy,3,10,9,2025-02-07,38.71
O04440,2024-09-23,PR0258,W06,C08,Central,Standard,3,6,5,2024-09-28,18.39
O04441,2025-09-13,PR0205,W06,C03,Central,Standard,8,6,5,2025-09-18,4.22
O04442,2025-03-25,PR0186,W08,C02,West,Standard,10,6,4,2025-03-29,24.56
O04443,2024-10-26,PR0209,W08,C03,West,Standard,12,6,11,2024-11-06,3.0
O04444,2025-01-07,PR0033,W08,C06,West,Economy,6,10,7,2025-01-14,32.77
O04445,2025-03-14,PR0216,W10,C02,North,Standard,7,6,5,2025-03-19,16.6
O04446,2024-05-29,PR0103,W04,C01,,Standard,7,6,2,2024-05-31,12.17
O04447,2024-06-22,PR0025,W07,C08,East,Economy,3,10,7,2024-06-29,26.63
O04448,2025-11-03,PR0230,W04,C08,East,Express,9,3,5,2025-11-08,32.48
O04449,2024-09-05,PR0131,W05,C01,West,Express,10,3,2,2024-09-07,29.67
O04450,2024-09-27,PR0290,W10,C01,North,Same Day,6,1,1,2024-09-28,37.02
O04451,2025-10-19,PR0213,W10,C07,North,Economy,8,10,4,2025-10-23,27.42
O04452,2025-12-27,PR0253,W08,C07,West,Express,11,3,3,2025-12-30,27.12
O04453,2024-09-23,PR0141,W04,C02,East,Same Day,14,1,2,2024-09-25,37.34
O04454,2025-12-06,PR0138,W05,C03,West,Same Day,6,1,1,2025-12-07,37.23
O04455,2025-04-06,PR0241,W04,C06,East,Same Day,8,1,1,2025-04-07,12.23
O04456,2025-08-31,PR0139,W02,C08,North,Express,6,3,2,2025-09-02,27.7
O04457,2024-05-31,PR0254,W01,C04,Central,Same Day,3,1,1,2024-06-01,45.49
O04458,2024-01-27,PR0235,W09,C02,South,Same Day,1,1,1,2024-01-28,32.76
O04459,2025-07-31,PR0086,W07,C07,East,Same Day,2,1,1,2025-08-01,26.78
O04460,2024-11-10,PR0204,W09,C05,South,Same Day,4,1,1,2024-11-11,18.13
O04461,2025-05-01,PR0254,W08,C02,West,Same Day,8,1,1,2025-05-02,47.14
O04462,2024-06-07,PR0161,W03,C05,South,Express,2,3,3,2024-06-10,31.22
O04463,2025-09-14,PR0106,W07,C06,East,Economy,13,10,7,2025-09-21,18.72
O04464,2024-09-20,PR0098,W09,C03,South,Standard,14,6,12,2024-10-02,22.61
O04465,2024-08-04,PR0195,W06,C02,Central,Same Day,8,1,2,2024-08-06,35.17
O04466,2024-05-31,PR0071,W06,C04,Central,Standard,1,6,2,2024-06-02,35.43
O04467,2024-09-22,PR0120,W04,C02,East,Economy,3,10,9,2024-10-01,26.46
O04468,2025-05-03,PR0285,W06,C03,Central,Express,13,3,4,2025-05-07,10.42
O04469,2024-12-18,PR0073,W09,C05,South,Same Day,10,1,1,2024-12-19,28.02
O04470,2025-06-19,PR0118,W04,C06,East,Economy,7,10,9,2025-06-28,10.94
O04471,2025-05-11,PR0187,W09,C08,South,Economy,11,10,13,2025-05-24,27.41
O04472,2024-06-28,PR0148,W08,C03,West,Economy,4,10,13,2024-07-11,13.37
O04473,2024-01-15,PR0202,W10,C04,North,Same Day,13,1,1,2024-01-16,38.32
O04474,2024-08-18,PR0219,W04,C07,East,standard,2,3,1,2024-08-19,31.61
O04475,2024-08-17,PR0275,W03,C06,South,Same Day,6,1,1,2024-08-18,33.89
O04476,2025-09-15,PR0021,W02,C06,North,standard,4,3,1,2025-09-16,39.84
O04477,2024-12-31,PR0050,W08,C08,West,Economy,10,10,10,2025-01-10,
O04478,2025-08-06,PR0099,W02,C08,North,Express,14,3,3,2025-08-09,26.38
O04479,2024-07-26,PR0299,W07,C04,East,Standard,1,6,2,2024-07-28,22.28
O04480,2025-02-12,PR0118,W10,C01,North,Same Day,11,1,1,2025-02-13,9.24
O04481,2025-06-03,PR0039,W02,C06,North,Same Day,12,1,1,2025-06-04,34.68
O04482,2025-07-20,PR0120,W01,C06,Central,Standard,6,6,7,2025-07-27,23.99
O04483,2024-02-27,PR0152,W08,C08,West,Express,5,3,4,2024-03-02,25.73
O04484,2024-09-07,PR0154,W07,C04,East,Express,12,3,2,2024-09-09,22.28
O04485,2025-12-07,PR0178,W03,C03,South,Express,3,3,3,2025-12-10,13.68
O04486,2025-12-07,PR0146,W05,C06,West,Express,9,3,1,2025-12-08,40.04
O04487,2024-02-11,PR0266,W01,C01,Central,Same Day,9,1,1,2024-02-12,26.99
O04488,2025-07-19,PR0167,W04,C08,East,Standard,10,6,8,2025-07-27,33.77
O04489,2024-07-13,PR0284,W10,C05,North,Express,13,3,3,2024-07-16,20.96
O04490,2025-06-19,PR0202,W07,C07,East,Standard,3,6,3,2025-06-22,6.89
O04491,2024-07-31,PR0161,W09,C08,South,Express,5,3,3,2024-08-03,31.95
O04492,2025-08-22,PR0089,W06,C04,Central,Economy,11,10,3,2025-08-25,31.98
O04493,2025-04-20,PR0184,W02,C06,North,Standard,12,6,7,2025-04-27,7.69
O04494,2024-11-22,PR0052,W02,C01,North,Express,7,3,4,2024-11-26,38.18
O04495,2025-05-04,PR0280,W10,C08,North,Economy,11,10,7,2025-05-11,31.6
O04496,2024-03-26,PR0232,W08,C02,West,Express,8,3,1,2024-03-27,46.74
O04497,2024-04-12,PR0046,W06,C04,Central,Express,2,3,4,2024-04-16,33.47
O04498,2025-09-04,PR0091,W08,C04,West,Same Day,8,1,1,2025-09-05,14.91
O04499,2025-08-05,PR0012,W10,C08,North,Economy,2,10,11,2025-08-16,27.61
O04500,2024-04-24,PR0237,W05,C07,West,Express,12,3,3,2024-04-27,34.98
O04501,2025-08-26,PR0119,W06,C08,Central,Economy,5,10,6,2025-09-01,21.11
O04502,2024-01-01,PR0192,W04,C02,East,Economy,9,10,7,2024-01-08,30.45
O04503,2025-09-07,PR0121,W04,C06,East,Economy,4,10,13,2025-09-20,31.52
O04504,2025-10-08,PR0096,W09,C06,South,Same Day,2,1,1,2025-10-09,43.63
O04505,2025-06-03,PR0045,W05,C02,West,Same Day,5,1,1,2025-06-04,22.13
O04506,2025-10-22,PR0229,W04,C04,East,Same Day,13,1,1,2025-10-23,20.33
O04507,2025-06-28,PR0296,W09,C02,South,Same Day,2,1,1,2025-06-29,52.35
O04508,2024-10-08,PR0038,W01,C01,Central,Same Day,11,1,1,2024-10-09,31.19
O04509,2025-10-02,PR0287,W08,C04,West,Standard,12,6,9,2025-10-11,15.34
O04510,2024-07-05,PR0257,W08,C07,West,Standard,12,6,2,2024-07-07,13.36
O04511,2024-11-22,PR0298,W01,C06,Central,Economy,14,10,7,2024-11-29,36.15
O04512,2025-05-22,PR0088,W03,C07,,Express,4,3,4,2025-05-26,37.41
O04513,2024-03-08,PR0144,W08,C01,West,Same Day,4,1,1,2024-03-09,29.47
O04514,2024-04-06,PR0261,W05,C06,West,Same Day,8,1,1,2024-04-07,25.75
O04515,2025-10-15,PR0271,W01,C06,Central,Express,10,3,2,2025-10-17,29.93
O04516,2024-07-17,PR0018,W02,C08,North,Express,11,3,1,2024-07-18,
O04517,2024-08-06,PR0123,W07,C04,East,Same Day,5,1,2,2024-08-08,38.37
O04518,2024-11-23,PR0019,W06,C06,Central,Economy,6,10,8,2024-12-01,32.56
O04519,2024-04-15,PR0250,W07,C05,East,Express,14,3,6,2024-04-21,25.25
O04520,2025-08-07,PR0010,W09,C04,South,Same Day,14,1,1,2025-08-08,26.73
O04521,2024-06-09,PR0161,W09,C03,South,Economy,7,10,14,2024-06-23,37.75
O04522,2024-06-24,PR0181,W09,C08,South,Express,9,3,4,2024-06-28,28.27
O04523,2024-11-29,PR0288,W06,C04,Central,Economy,1,10,15,2024-12-14,21.81
O04524,2025-10-31,PR0114,W06,C08,Central,Economy,10,10,10,2025-11-10,25.98
O04525,2024-10-02,PR0028,W03,C03,South,Same Day,8,1,1,2024-10-03,31.25
O04526,2025-04-28,PR0025,W07,C04,East,Same Day,13,1,1,2025-04-29,22.77
O04527,2024-05-28,PR0171,W07,C03,East,Same Day,9,1,1,2024-05-29,34.43
O04528,2024-12-28,PR0056,W07,C08,East,Economy,13,10,7,2025-01-04,30.84
O04529,2024-11-11,PR0138,W08,C01,West,Economy,2,10,13,2024-11-24,28.63
O04530,2025-03-03,PR0183,W10,C06,North,Economy,1,10,11,2025-03-14,37.38
O04531,2024-02-26,PR0237,W05,C05,West,Same Day,1,1,1,2024-02-27,28.71
O04532,2025-10-23,PR0258,W03,C07,South,Economy,4,10,9,2025-11-01,34.87
O04533,2024-10-07,PR0158,W10,C01,North,Express,7,3,7,2024-10-14,29.32
O04534,2024-08-01,PR0023,W04,C08,East,Same Day,10,1,1,2024-08-02,15.31
O04535,2025-01-17,PR0271,W02,C03,North,Same Day,6,1,1,2025-01-18,34.44
O04536,2025-03-13,PR0065,W08,C08,West,Same Day,4,1,1,2025-03-14,35.98
O04537,2025-07-25,PR0284,W01,C07,Central,Express,9,3,4,2025-07-29,31.92
O04538,2024-08-08,PR0125,W01,C01,Central,Economy,3,10,13,2024-08-21,32.13
O04539,2024-10-07,PR0022,W10,C08,North,Standard,13,6,5,2024-10-12,22.02
O04540,2024-09-05,PR0079,W09,C06,South,Same Day,1,1,1,2024-09-06,
O04541,2025-05-06,PR0223,W06,C02,Central,Economy,1,10,10,2025-05-16,24.22
O04542,2024-02-17,PR0138,W08,C04,West,Economy,8,10,8,2024-02-25,44.76
O04543,2024-09-12,PR0114,W04,C07,East,Economy,10,10,12,2024-09-24,28.57
O04544,2024-03-01,PR0045,W10,C05,North,Standard,9,6,5,2024-03-06,11.36
O04545,2025-10-16,PR0153,W04,C04,East,Same Day,8,1,1,2025-10-17,36.56
O04546,2025-07-04,PR0189,W04,C04,East,Economy,9,10,13,2025-07-17,21.63
O04547,2024-10-18,PR0207,W10,C06,North,Economy,2,10,15,2024-11-02,33.02
O04548,2024-05-17,PR0017,W02,C06,North,Same Day,7,1,1,2024-05-18,22.22
O04549,2025-02-27,PR0202,W09,C06,South,Express,12,3,2,2025-03-01,26.17
O04550,2025-08-26,PR0298,W04,C07,East,Express,12,3,3,2025-08-29,35.64
O04551,2025-07-29,PR0235,W10,C05,North,Economy,8,10,8,2025-08-06,36.5
O04552,2024-09-08,PR0229,W07,C06,East,Same Day,14,1,1,2024-09-09,35.0
O04553,2025-07-24,PR0220,W01,C08,Central,Same Day,11,1,1,2025-07-25,34.47
O04554,2025-12-07,PR0024,W10,C02,North,Express,12,3,4,2025-12-11,33.86
O04555,2024-03-10,PR0157,W04,C01,East,Same Day,9,1,1,2024-03-11,38.12
O04556,2025-04-01,PR0144,W09,C07,South,Express,2,3,2,2025-04-03,33.01
O04557,2024-11-24,PR0029,W08,C05,West,Express,10,3,5,2024-11-29,31.87
O04558,2025-04-16,PR0009,W07,C06,East,Same Day,7,1,1,2025-04-17,28.16
O04559,2024-07-22,PR0072,W07,C04,,Same Day,10,1,1,2024-07-23,16.24
O04560,2025-09-10,PR0225,W02,C01,North,Express,14,3,5,2025-09-15,20.57
O04561,2024-05-02,PR0228,W05,C03,West,Economy,7,10,4,2024-05-06,34.54
O04562,2025-02-09,PR0294,W08,C03,West,Standard,5,6,8,2025-02-17,3.0
O04563,2025-06-25,PR0227,W02,C01,North,Same Day,6,1,1,2025-06-26,23.96
O04564,2024-01-17,PR0150,W01,C05,Central,Economy,3,10,13,2024-01-30,27.51
O04565,2024-02-02,PR0051,W06,C04,Central,Same Day,3,1,1,2024-02-03,12.49
O04566,2025-07-05,PR0277,W08,C08,West,Same Day,3,1,1,2025-07-06,29.23
O04567,2025-08-11,PR0271,W07,C01,East,Standard,13,6,7,2025-08-18,15.24
O04568,2024-03-18,PR0223,W06,C07,Central,Standard,3,6,10,2024-03-28,42.42
O04569,2025-07-25,PR0237,W02,C01,North,Express,8,3,1,2025-07-26,29.64
O04570,2025-06-09,PR0008,W10,C06,North,Economy,11,10,7,2025-06-16,15.26
O04571,2025-09-16,PR0014,W09,C05,South,Standard,14,6,5,2025-09-21,24.04
O04572,2025-12-01,PR0015,W05,C07,West,Same Day,1,1,2,2025-12-03,52.88
O04573,2025-04-21,PR0060,W08,C02,West,Express,5,3,3,2025-04-24,30.46
O04574,2025-10-28,PR0170,W04,C05,East,Standard,8,6,7,2025-11-04,15.16
O04575,2024-07-05,PR0064,W06,C04,Central,Same Day,1,1,1,2024-07-06,22.93
O04576,2025-04-09,PR0255,W01,C01,Central,Economy,3,10,10,2025-04-19,36.46
O04577,2024-01-22,PR0214,W05,C08,West,Same Day,1,1,1,2024-01-23,40.82
O04578,2024-01-07,PR0280,W06,C07,Central,Economy,1,10,12,2024-01-19,18.54
O04579,2024-01-20,PR0101,W10,C05,North,Express,10,3,2,2024-01-22,31.78
O04580,2024-11-26,PR0133,W05,C01,West,Express,12,3,2,2024-11-28,23.75
O04581,2024-09-22,PR0150,W03,C06,South,Same Day,10,1,1,2024-09-23,38.87
O04582,2025-06-29,PR0218,W05,C02,West,Express,5,3,4,2025-07-03,27.85
O04583,2025-08-11,PR0055,W07,C05,East,Express,3,3,2,2025-08-13,34.29
O04584,2024-07-12,PR0121,W03,C08,South,Express,1,3,1,2024-07-13,37.25
O04585,2024-11-11,PR0119,W09,C04,South,Standard,8,6,11,2024-11-22,19.78
O04586,2024-01-27,PR0034,W06,C05,Central,Standard,2,6,10,2024-02-06,14.02
O04587,2024-05-10,PR0037,W01,C05,Central,Same Day,8,1,1,2024-05-11,41.7
O04588,2024-03-11,PR0114,W07,C06,East,Same Day,11,1,2,2024-03-13,29.74
O04589,2024-08-23,PR0247,W03,C05,South,Express,6,3,2,2024-08-25,21.68
O04590,2024-11-06,PR0216,W09,C01,South,Economy,14,10,9,2024-11-15,22.84
O04591,2024-10-04,PR0105,W03,C02,South,Express,11,3,3,2024-10-07,30.32
O04592,2024-12-29,PR0209,W10,C04,North,Express,2,3,1,2024-12-30,25.08
O04593,2025-03-26,PR0146,W10,C06,North,Economy,4,10,11,2025-04-06,22.91
O04594,2024-01-27,PR0179,W05,C08,West,Express,14,3,2,2024-01-29,25.41
O04595,2025-01-24,PR0217,W02,C05,North,Economy,14,10,13,2025-02-06,16.19
O04596,2025-03-25,PR0147,W08,C08,West,Express,10,3,3,2025-03-28,19.27
O04597,2024-07-29,PR0130,W08,C08,West,Standard,8,6,3,2024-08-01,12.43
O04598,2024-04-05,PR0018,W09,C02,South,Standard,8,6,8,2024-04-13,18.93
O04599,2024-06-15,PR0114,W09,C06,South,Standard,4,6,5,2024-06-20,7.61
O04600,2025-05-15,PR0129,W06,C05,Central,Same Day,1,1,1,2025-05-16,20.15
O04601,2024-11-20,PR0296,W08,C02,West,Express,4,3,1,2024-11-21,37.38
O04602,2024-08-03,PR0165,W10,C08,North,Same Day,7,1,1,2024-08-04,28.65
O04603,2025-05-04,PR0073,W07,C02,East,Standard,12,6,5,2025-05-09,3.0
O04604,2025-04-12,PR0035,W10,C07,North,Standard,2,6,3,2025-04-15,19.56
O04605,2025-01-24,PR0089,W08,C05,West,Economy,2,10,7,2025-01-31,26.46
O04606,2024-04-12,PR0055,W07,C08,East,Same Day,14,1,1,2024-04-13,28.42
O04607,2024-11-13,PR0124,W02,C05,North,Economy,9,10,13,2024-11-26,36.61
O04608,2025-10-29,PR0194,W04,C06,East,Express,8,3,3,2025-11-01,36.7
O04609,2025-12-19,PR0227,W10,C01,North,Economy,9,10,7,2025-12-26,37.51
O04610,2025-04-27,PR0299,W02,C06,North,Same Day,14,1,1,2025-04-28,22.11
O04611,2025-10-24,PR0052,W04,C03,East,Standard,5,6,8,2025-11-01,14.06
O04612,2024-05-24,PR0213,W09,C01,South,Express,2,3,3,2024-05-27,23.66
O04613,2025-08-01,PR0042,W10,C04,North,Express,13,3,2,2025-08-03,42.16
O04614,2025-06-15,PR0246,W03,C05,South,Express,13,3,4,2025-06-19,24.28
O04615,2025-12-12,PR0163,W05,C03,West,Standard,12,6,4,2025-12-16,8.66
O04616,2024-03-03,PR0076,W01,C01,Central,Express,1,3,2,2024-03-05,23.53
O04617,2025-11-07,PR0278,W07,C04,East,Same Day,8,1,1,2025-11-08,33.91
O04618,2025-09-24,PR0294,W08,C02,West,Express,12,3,3,2025-09-27,24.29
O04619,2025-03-05,PR0211,W03,C01,South,Express,14,3,1,2025-03-06,23.94
O04620,2025-06-15,PR0067,W09,C05,South,Express,9,3,5,2025-06-20,28.58
O04621,2025-01-08,PR0287,W10,C03,North,Express,4,3,2,2025-01-10,29.5
O04622,2024-01-31,PR0125,W08,C02,West,Express,12,3,3,2024-02-03,26.82
O04623,2024-11-09,PR0134,W05,C07,West,Same Day,3,1,1,2024-11-10,
O04624,2024-09-28,PR0023,W01,C08,Central,Same Day,9,1,1,2024-09-29,28.59
O04625,2024-01-30,PR0266,W02,C01,North,Same Day,3,1,1,2024-01-31,42.36
O04626,2024-01-30,PR0003,W05,C04,West,Standard,5,6,6,2024-02-05,35.61
O04627,2024-05-27,PR0026,W08,C01,West,Standard,12,6,3,2024-05-30,19.68
O04628,2025-07-06,PR0064,W08,C02,West,Express,14,3,3,2025-07-09,33.75
O04629,2024-06-10,PR0054,W02,C02,North,Standard,5,6,7,2024-06-17,29.39
O04630,2024-12-23,PR0208,W09,C08,South,Standard,3,6,4,2024-12-27,24.99
O04631,2025-03-05,PR0069,W02,C04,North,Standard,2,6,8,2025-03-13,3.0
O04632,2025-05-02,PR0038,W05,C02,West,Economy,14,10,9,2025-05-11,35.0
O04633,2025-07-03,PR0196,W05,C03,West,Express,7,3,2,2025-07-05,48.19
O04634,2025-09-09,PR0225,W10,C02,North,Same Day,9,1,1,2025-09-10,21.47
O04635,2025-05-02,PR0277,W05,C04,West,Same Day,14,1,1,2025-05-03,24.09
O04636,2024-05-11,PR0277,W04,C01,East,Same Day,4,1,1,2024-05-12,33.14
O04637,2025-09-20,PR0050,W10,C06,North,Economy,7,10,12,2025-10-02,31.11
O04638,2025-05-19,PR0296,W01,C05,Central,Express,13,3,4,2025-05-23,27.53
O04639,2024-05-08,PR0180,W03,C03,South,Express,2,3,2,2024-05-10,10.12
O04640,2024-05-26,PR0191,W03,C03,South,Standard,14,6,3,2024-05-29,6.6
O04641,2024-04-07,PR0002,W08,C05,West,Same Day,11,1,1,2024-04-08,23.61
O04642,2025-09-21,PR0168,W10,C07,North,Express,14,3,4,2025-09-25,29.89
O04643,2024-08-19,PR0122,W07,C03,East,Express,11,3,1,2024-08-20,24.09
O04644,2025-11-06,PR0022,W07,C05,East,Same Day,9,1,1,2025-11-07,39.09
O04645,2025-12-28,PR0048,W08,C07,West,Same Day,9,1,2,2025-12-30,36.92
O04646,2024-05-14,PR0245,W07,C02,East,Economy,4,10,12,2024-05-26,36.0
O04647,2025-01-18,PR0150,W03,C05,South,Standard,5,6,6,2025-01-24,3.0
O04648,2025-01-29,PR0274,W10,C05,North,Express,5,3,1,2025-01-30,27.68
O04649,2024-07-05,PR0159,W02,C01,North,Express,1,3,2,2024-07-07,22.16
O04650,2025-10-11,PR0223,W02,C04,North,Express,2,3,3,2025-10-14,45.33
O04651,2024-06-14,PR0151,W05,C04,West,Same Day,5,1,1,2024-06-15,17.8
O04652,2024-01-12,PR0252,W06,C03,Central,Economy,1,10,11,2024-01-23,19.35
O04653,2025-05-10,PR0110,W04,C05,East,Express,4,3,4,2025-05-14,32.98
O04654,2025-10-05,PR0070,W01,C07,Central,Economy,6,10,9,2025-10-14,35.45
O04655,2025-04-07,PR0113,W09,C05,South,Economy,1,10,11,2025-04-18,27.9
O04656,2025-09-28,PR0129,W04,C03,East,Economy,2,10,8,2025-10-06,16.77
O04657,2024-04-30,PR0274,W07,C03,East,Same Day,4,1,2,2024-05-02,42.04
O04658,2024-12-11,PR0270,W03,C05,South,Same Day,9,1,1,2024-12-12,43.49
O04659,2024-12-15,PR0214,W08,C05,West,Economy,1,10,17,2025-01-01,33.33
O04660,2025-11-10,PR0220,W02,C07,North,Same Day,4,1,1,2025-11-11,18.65
O04661,2025-06-15,PR0054,W04,C04,East,Standard,7,6,4,2025-06-19,21.88
O04662,2025-01-09,PR0007,W08,C08,West,Standard,1,6,8,2025-01-17,11.21
O04663,2025-07-10,PR0033,W03,C05,South,Standard,4,6,2,2025-07-12,27.34
O04664,2024-08-20,PR0182,W08,C06,West,Standard,9,6,6,2024-08-26,22.78
O04665,2024-05-03,PR0147,W06,C02,Central,Same Day,11,1,1,2024-05-04,17.79
O04666,2024-05-09,PR0021,W07,C06,East,Same Day,2,1,1,2024-05-10,28.15
O04667,2025-04-08,PR0222,W05,C07,West,Standard,3,6,5,2025-04-13,20.26
O04668,2025-05-31,PR0043,W03,C07,South,Economy,14,10,3,2025-06-03,34.64
O04669,2025-06-07,PR0001,W03,C06,South,Express,1,3,4,2025-06-11,19.23
O04670,2025-11-27,PR0017,W09,C07,South,Standard,4,6,3,2025-11-30,8.87
O04671,2024-07-22,PR0055,W04,C01,East,Express,9,3,4,2024-07-26,37.5
O04672,2025-07-30,PR0256,W01,C07,Central,Standard,2,6,5,2025-08-04,8.86
O04673,2025-06-29,PR0046,W04,C04,East,Express,1,3,3,2025-07-02,31.0
O04674,2025-12-11,PR0091,W06,C03,Central,Express,10,3,3,2025-12-14,31.95
O04675,2025-01-18,PR0006,W03,C04,South,Standard,13,6,9,2025-01-27,19.82
O04676,2025-11-27,PR0014,W03,C04,South,Express,10,3,1,2025-11-28,37.36
O04677,2024-06-04,PR0058,W06,C03,Central,Economy,7,10,9,2024-06-13,34.43
O04678,2024-07-26,PR0051,W04,C06,East,Standard,5,6,3,2024-07-29,3.0
O04679,2025-02-14,PR0193,W07,C05,East,Economy,9,10,11,2025-02-25,34.19
O04680,2025-06-18,PR0215,W05,C06,West,Economy,7,10,14,2025-07-02,23.63
O04681,2025-04-24,PR0084,W07,C04,East,Express,13,3,4,2025-04-28,35.62
O04682,2024-11-03,PR0179,W02,C08,North,Standard,2,6,6,2024-11-09,26.39
O04683,2024-09-14,PR0220,W01,C01,Central,Same Day,11,1,1,2024-09-15,26.79
O04684,2024-08-01,PR0042,W06,C08,Central,Standard,1,6,3,2024-08-04,29.81
O04685,2024-03-01,PR0011,W08,C08,West,Express,12,3,3,2024-03-04,36.79
O04686,2024-05-27,PR0035,W08,C06,West,Express,7,3,5,2024-06-01,22.91
O04687,2024-09-05,PR0205,W08,C06,West,Express,8,3,3,2024-09-08,32.31
O04688,2025-10-23,PR0276,W05,C08,West,Economy,14,10,6,2025-10-29,26.64
O04689,2025-08-28,PR0103,W03,C07,South,Express,3,3,2,2025-08-30,21.75
O04690,2024-12-24,PR0279,W02,C02,North,Express,5,3,4,2024-12-28,28.7
O04691,2024-10-09,PR0024,W03,C08,South,Economy,12,10,7,2024-10-16,36.45
O04692,2024-05-06,PR0255,W06,C05,Central,Express,13,3,4,2024-05-10,12.67
O04693,2024-07-29,PR0089,W05,C03,West,Express,7,3,3,2024-08-01,20.26
O04694,2025-11-19,PR0204,W04,C03,East,Same Day,2,1,1,2025-11-20,14.22
O04695,2024-01-12,PR0019,W10,C06,North,Same Day,4,1,1,2024-01-13,24.31
O04696,2025-06-20,PR0050,W10,C08,North,Economy,11,10,11,2025-07-01,27.87
O04697,2024-08-25,PR0144,W08,C03,,Same Day,12,1,1,2024-08-26,32.82
O04698,2024-05-07,PR0100,W01,C01,Central,Economy,10,10,12,2024-05-19,26.74
O04699,2024-06-06,PR0297,W10,C06,North,Same Day,7,1,1,2024-06-07,19.96
O04700,2024-10-05,PR0240,W10,C04,North,Economy,9,10,13,2024-10-18,55.72
O04701,2024-09-18,PR0037,W02,C06,North,Economy,7,10,9,2024-09-27,30.98
O04702,2025-03-12,PR0294,W01,C04,Central,Express,14,3,4,2025-03-16,38.42
O04703,2025-12-27,PR0254,W08,C03,West,Same Day,7,1,1,2025-12-28,30.39
O04704,2024-08-18,PR0039,W01,C06,Central,Standard,10,6,2,2024-08-20,19.23
O04705,2024-03-31,PR0206,W06,C08,Central,Same Day,7,1,1,2024-04-01,22.03
O04706,2024-09-04,PR0065,W05,C04,West,Economy,13,10,11,2024-09-15,5.69
O04707,2025-03-07,PR0066,W02,C07,North,Standard,13,6,3,2025-03-10,23.33
O04708,2024-10-13,PR0247,W04,C06,East,Same Day,6,1,1,2024-10-14,24.52
O04709,2025-10-17,PR0181,W06,C03,Central,Same Day,4,1,1,2025-10-18,48.96
O04710,2025-03-05,PR0068,W04,C04,East,Same Day,6,1,1,2025-03-06,23.59
O04711,2024-03-26,PR0095,W02,C04,North,Standard,3,6,5,2024-03-31,8.27
O04712,2025-12-31,PR0139,W08,C06,West,Express,10,3,3,2026-01-03,38.85
O04713,2025-08-22,PR0062,W05,C05,West,Express,3,3,2,2025-08-24,50.55
O04714,2025-08-28,PR0293,W05,C06,West,Same Day,10,1,1,2025-08-29,28.95
O04715,2024-04-16,PR0079,W08,C08,West,Economy,1,10,12,2024-04-28,15.58
O04716,2025-09-13,PR0293,W01,C06,Central,Economy,12,10,3,2025-09-16,3.0
O04717,2024-02-13,PR0210,W06,C03,Central,Standard,13,6,3,2024-02-16,19.23
O04718,2025-08-27,PR0106,W02,C02,North,Standard,11,6,3,2025-08-30,22.06
O04719,2024-04-30,PR0278,W03,C07,South,standard,6,1,2,2024-05-02,31.09
O04720,2025-08-17,PR0267,W06,C07,Central,Economy,3,10,10,2025-08-27,32.44
O04721,2025-02-07,PR0181,W02,C05,North,Same Day,4,1,1,2025-02-08,28.52
O04722,2025-10-24,PR0265,W05,C02,West,Economy,9,10,11,2025-11-04,32.02
O04723,2025-08-10,PR0148,W01,C07,Central,Standard,14,6,6,2025-08-16,15.52
O04724,2025-02-12,PR0017,W05,C03,West,Standard,10,6,3,2025-02-15,11.96
O04725,2024-08-09,PR0202,W06,C02,Central,Express,10,3,3,2024-08-12,24.78
O04726,2024-01-25,PR0264,W07,C03,East,Standard,14,6,4,2024-01-29,20.25
O04727,2024-10-26,PR0139,W08,C04,West,Standard,2,6,6,2024-11-01,21.8
O04728,2025-04-12,PR0086,W04,C04,East,Same Day,8,1,1,2025-04-13,46.83
O04729,2025-11-30,PR0045,W07,C04,East,Same Day,14,1,1,2025-12-01,22.85
O04730,2024-09-11,PR0064,W04,C07,East,Economy,13,10,9,2024-09-20,16.31
O04731,2024-02-18,PR0105,W07,C04,East,Economy,14,10,12,2024-03-01,15.19
O04732,2025-12-16,PR0287,W04,C02,East,Express,13,3,3,2025-12-19,31.81
O04733,2024-08-02,PR0040,W06,C05,Central,Same Day,1,1,1,2024-08-03,37.74
O04734,2025-02-14,PR0044,W04,C02,East,Express,14,3,1,2025-02-15,52.41
O04735,2025-05-26,PR0092,W02,C05,North,Same Day,4,1,1,2025-05-27,31.91
O04736,2024-12-26,PR0275,W06,C02,Central,Express,9,3,2,2024-12-28,34.16
O04737,2024-11-20,PR0059,W07,C03,East,Standard,3,6,9,2024-11-29,14.09
O04738,2024-04-02,PR0054,W08,C06,West,Same Day,1,1,1,2024-04-03,33.52
O04739,2025-09-28,PR0131,W08,C04,West,standard,11,3,4,2025-10-02,39.27
O04740,2025-01-26,PR0050,W03,C01,South,Same Day,7,1,1,2025-01-27,29.07
O04741,2025-12-25,PR0043,W08,C01,West,Same Day,1,1,1,2025-12-26,22.29
O04742,2024-12-11,PR0218,W05,C04,West,Same Day,3,1,1,2024-12-12,40.08
O04743,2024-06-12,PR0297,W09,C03,South,Same Day,5,1,1,2024-06-13,23.32
O04744,2024-01-17,PR0289,W02,C04,North,Express,6,3,1,2024-01-18,31.28
O04745,2025-08-18,PR0268,W04,C03,East,Same Day,10,1,1,2025-08-19,32.92
O04746,2025-07-27,PR0300,W06,C04,Central,Express,12,3,2,2025-07-29,33.55
O04747,2025-02-11,PR0141,W01,C07,Central,Standard,10,6,5,2025-02-16,3.0
O04748,2024-07-22,PR0236,W02,C05,North,Standard,10,6,2,2024-07-24,7.85
O04749,2025-12-29,PR0062,W06,C06,Central,Economy,13,10,4,2026-01-02,23.64
O04750,2024-09-26,PR0038,W03,C03,South,Same Day,12,1,1,2024-09-27,31.6
O04751,2025-06-29,PR0047,W07,C05,East,Economy,6,10,9,2025-07-08,30.5
O04752,2024-05-16,PR0204,W05,C02,West,Standard,9,6,10,2024-05-26,15.03
O04753,2024-10-27,PR0017,W01,C06,Central,Standard,3,6,7,2024-11-03,15.57
O04754,2024-11-27,PR0001,W09,C01,South,Economy,13,10,7,2024-12-04,44.8
O04755,2024-02-11,PR0139,W03,C08,South,Express,7,3,3,2024-02-14,29.5
O04756,2025-11-14,PR0130,W04,C01,East,Standard,5,6,6,2025-11-20,6.0
O04757,2025-05-21,PR0161,W09,C03,South,Express,4,3,1,2025-05-22,19.37
O04758,2024-09-08,PR0069,W03,C05,South,Economy,14,10,13,2024-09-21,15.53
O04759,2025-10-25,PR0259,W03,C04,South,Express,6,3,3,2025-10-28,29.21
O04760,2024-01-13,PR0289,W04,C02,East,Express,12,3,2,2024-01-15,23.3
O04761,2024-01-22,PR0275,W06,C05,Central,Economy,13,10,15,2024-02-06,26.07
O04762,2025-03-25,PR0283,W08,C02,West,Express,5,3,3,2025-03-28,20.72
O04763,2025-02-26,PR0265,W03,C06,South,Economy,13,10,6,2025-03-04,29.56
O04764,2025-10-04,PR0208,W06,C07,Central,Economy,8,10,10,2025-10-14,33.43
O04765,2024-09-24,PR0051,W07,C05,East,Same Day,9,1,1,2024-09-25,26.11
O04766,2025-03-17,PR0265,W04,C05,East,Same Day,7,1,1,2025-03-18,18.23
O04767,2024-08-28,PR0254,W04,C08,East,Same Day,10,1,1,2024-08-29,31.87
O04768,2024-03-19,PR0154,W09,C02,South,Same Day,11,1,1,2024-03-20,34.3
O04769,2025-12-20,PR0169,W03,C05,South,Express,8,3,1,2025-12-21,39.06
O04770,2024-04-08,PR0253,W06,C06,Central,Economy,10,10,10,2024-04-18,29.1
O04771,2025-07-02,PR0004,W04,C03,East,Standard,3,6,5,2025-07-07,20.4
O04772,2025-09-10,PR0011,W03,C08,South,Same Day,3,1,1,2025-09-11,24.49
O04773,2025-12-19,PR0247,W06,C01,Central,Express,5,3,2,2025-12-21,30.32
O04774,2025-04-21,PR0207,W07,C05,East,Standard,4,6,7,2025-04-28,19.97
O04775,2025-04-16,PR0109,W06,C01,Central,Economy,7,10,11,2025-04-27,37.09
O04776,2025-05-24,PR0034,W06,C02,Central,Economy,12,10,6,2025-05-30,28.25
O04777,2024-03-07,PR0075,W03,C06,South,Standard,7,6,2,2024-03-09,11.68
O04778,2025-07-27,PR0024,W05,C02,West,Standard,3,6,6,2025-08-02,11.39
O04779,2024-12-21,PR0078,W05,C06,West,standard,6,3,3,2024-12-24,17.95
O04780,2024-03-06,PR0264,W04,C01,East,Standard,2,6,9,2024-03-15,24.77
O04781,2024-10-09,PR0202,W06,C01,Central,Same Day,4,1,1,2024-10-10,23.58
O04782,2024-01-29,PR0113,W01,C06,Central,Economy,14,10,4,2024-02-02,25.16
O04783,2025-03-17,PR0069,W09,C05,South,Economy,9,10,5,2025-03-22,45.52
O04784,2024-08-08,PR0029,W08,C02,West,Same Day,1,1,1,2024-08-09,43.07
O04785,2025-07-05,PR0064,W04,C03,East,Same Day,10,1,1,2025-07-06,38.6
O04786,2024-08-26,PR0297,W06,C01,Central,Economy,9,10,13,2024-09-08,19.27
O04787,2024-05-27,PR0157,W01,C02,Central,Same Day,1,1,1,2024-05-28,34.3
O04788,2024-01-07,PR0199,W01,C02,Central,Standard,2,6,6,2024-01-13,18.51
O04789,2025-12-30,PR0101,W04,C04,East,Standard,4,6,4,2026-01-03,25.27
O04790,2024-03-13,PR0290,W06,C04,Central,Standard,3,6,7,2024-03-20,11.51
O04791,2025-06-26,PR0241,W08,C01,West,Express,10,3,2,2025-06-28,32.9
O04792,2024-07-18,PR0212,W03,C02,South,Express,9,3,4,2024-07-22,18.08
O04793,2024-07-04,PR0174,W10,C02,North,Economy,7,10,12,2024-07-16,21.21
O04794,2024-05-02,PR0008,W04,C06,East,Standard,12,6,7,2024-05-09,21.45
O04795,2024-04-06,PR0294,W05,C08,West,Economy,14,10,4,2024-04-10,19.72
O04796,2025-02-21,PR0139,W05,C04,West,Economy,6,10,9,2025-03-02,27.61
O04797,2024-05-21,PR0194,W04,C07,East,Express,5,3,2,2024-05-23,34.55
O04798,2024-04-08,PR0002,W07,C05,East,Same Day,13,1,1,2024-04-09,29.75
O04799,2024-06-30,PR0001,W05,C04,West,Same Day,13,1,1,2024-07-01,37.11
O04800,2025-05-26,PR0210,W10,C08,North,Express,13,3,3,2025-05-29,25.19
O04801,2024-09-23,PR0052,W05,C01,West,Express,10,3,2,2024-09-25,27.84
O04802,2024-08-20,PR0051,W07,C03,East,Standard,11,6,5,2024-08-25,11.7
O04803,2024-12-13,PR0040,W05,C02,West,Standard,3,6,9,2024-12-22,25.63
O04804,2025-06-20,PR0124,W07,C06,East,Standard,2,6,6,2025-06-26,21.44
O04805,2025-09-12,PR0286,W02,C06,North,Standard,2,6,3,2025-09-15,13.08
O04806,2025-11-30,PR0113,W07,C04,East,Standard,2,6,6,2025-12-06,3.0
O04807,2024-06-21,PR0294,W10,C05,North,Standard,7,6,7,2024-06-28,8.56
O04808,2024-01-05,PR0282,W07,C01,East,Economy,8,10,5,2024-01-10,37.44
O04809,2024-11-09,PR0258,W10,C06,North,Same Day,1,1,1,2024-11-10,21.38
O04810,2024-03-12,PR0013,W03,C04,South,Express,6,3,5,2024-03-17,29.29
O04811,2025-10-13,PR0277,W01,C05,Central,Economy,4,10,10,2025-10-23,30.65
O04812,2024-07-05,PR0258,W01,C01,Central,Express,11,3,2,2024-07-07,31.91
O04813,2024-12-19,PR0254,W02,C02,,Express,11,3,4,2024-12-23,43.14
O04814,2025-09-06,PR0044,W07,C08,East,Express,8,3,3,2025-09-09,36.68
O04815,2025-03-27,PR0191,W03,C01,South,Express,1,3,1,2025-03-28,17.39
O04816,2025-03-31,PR0024,W10,C03,North,Standard,3,6,5,2025-04-05,17.59
O04817,2025-07-04,PR0241,W10,C08,North,Same Day,13,1,1,2025-07-05,30.67
O04818,2024-10-25,PR0065,W10,C07,North,Same Day,12,1,1,2024-10-26,22.99
O04819,2025-11-30,PR0167,W09,C03,South,Express,14,3,4,2025-12-04,21.6
O04820,2024-04-12,PR0222,W05,C01,West,Express,4,3,5,2024-04-17,22.3
O04821,2025-09-09,PR0216,W03,C06,South,Same Day,7,1,1,2025-09-10,18.18
O04822,2025-04-10,PR0167,W01,C06,Central,Economy,6,10,11,2025-04-21,32.54
O04823,2025-04-03,PR0096,W02,C03,North,Standard,2,6,7,2025-04-10,24.57
O04824,2024-12-12,PR0192,W03,C01,South,Same Day,8,1,1,2024-12-13,51.85
O04825,2024-05-24,PR0047,W03,C05,South,Economy,5,10,10,2024-06-03,34.84
O04826,2024-07-11,PR0044,W05,C08,West,Standard,6,6,8,2024-07-19,24.44
O04827,2025-01-01,PR0189,W02,C05,North,Economy,2,10,12,2025-01-13,39.22
O04828,2025-11-06,PR0283,W06,C05,Central,Standard,7,6,5,2025-11-11,28.33
O04829,2025-06-16,PR0286,W10,C04,North,Same Day,10,1,1,2025-06-17,28.75
O04830,2025-06-23,PR0249,W06,C03,Central,Economy,11,10,15,2025-07-08,21.11
O04831,2025-07-13,PR0078,W09,C07,South,Same Day,4,1,1,2025-07-14,26.43
O04832,2024-11-24,PR0150,W09,C01,South,Economy,6,10,6,2024-11-30,19.52
O04833,2024-07-21,PR0124,W07,C06,East,Economy,7,10,6,2024-07-27,35.6
O04834,2025-02-17,PR0298,W05,C04,West,Economy,14,10,11,2025-02-28,28.46
O04835,2024-03-25,PR0261,W05,C01,West,Standard,13,6,8,2024-04-02,33.71
O04836,2025-05-18,PR0246,W02,C02,North,Same Day,3,1,1,2025-05-19,32.17
O04837,2025-07-28,PR0037,W08,C03,West,Economy,6,10,11,2025-08-08,33.72
O04838,2024-11-09,PR0128,W05,C04,West,Same Day,1,1,1,2024-11-10,31.79
O04839,2025-12-01,PR0174,W10,C04,North,Standard,4,6,7,2025-12-08,18.96
O04840,2024-07-11,PR0115,W02,C03,North,Same Day,2,1,1,2024-07-12,31.92
O04841,2025-08-24,PR0178,W06,C08,Central,Express,14,3,3,2025-08-27,22.63
O04842,2025-10-18,PR0044,W04,C06,East,Standard,14,6,6,2025-10-24,5.8
O04843,2025-07-01,PR0013,W02,C07,North,Standard,6,6,9,2025-07-10,20.59
O04844,2024-11-06,PR0114,W05,C05,West,Express,3,3,1,2024-11-07,33.52
O04845,2024-12-26,PR0051,W06,C05,Central,Standard,10,6,4,2024-12-30,25.33
O04846,2025-12-01,PR0153,W08,C03,West,Express,2,3,5,2025-12-06,25.14
O04847,2025-06-04,PR0135,W07,C02,East,Standard,13,6,7,2025-06-11,25.5
O04848,2024-08-07,PR0282,W10,C08,North,Economy,4,10,5,2024-08-12,32.05
O04849,2024-07-09,PR0054,W09,C03,South,Same Day,9,1,1,2024-07-10,33.3
O04850,2024-03-15,PR0101,W09,C08,South,Economy,10,10,12,2024-03-27,32.87
O04851,2024-07-30,PR0092,W06,C08,Central,Standard,2,6,6,2024-08-05,12.73
O04852,2024-02-16,PR0015,W08,C04,West,Express,12,3,2,2024-02-18,63.34
O04853,2025-12-06,PR0191,W10,C07,North,Same Day,8,1,1,2025-12-07,50.33
O04854,2024-01-05,PR0277,W03,C05,South,Same Day,5,1,1,2024-01-06,28.39
O04855,2024-06-30,PR0066,W05,C02,West,Express,5,3,2,2024-07-02,18.44
O04856,2025-01-15,PR0196,W08,C02,West,Standard,9,6,9,2025-01-24,5.99
O04857,2024-06-08,PR0025,W03,C01,South,Express,1,3,1,2024-06-09,30.03
O04858,2025-09-28,PR0015,W07,C02,East,Economy,8,10,13,2025-10-11,32.39
O04859,2025-11-27,PR0240,W01,C01,Central,Same Day,8,1,1,2025-11-28,39.64
O04860,2024-07-28,PR0129,W07,C01,East,Economy,7,10,10,2024-08-07,35.3
O04861,2025-12-07,PR0190,W02,C03,North,Economy,12,10,14,2025-12-21,16.03
O04862,2025-02-27,PR0185,W05,C08,West,Same Day,12,1,1,2025-02-28,18.93
O04863,2024-07-13,PR0062,W05,C06,West,Same Day,6,1,1,2024-07-14,30.82
O04864,2025-09-06,PR0066,W02,C01,North,Economy,9,10,3,2025-09-09,26.08
O04865,2024-02-12,PR0277,W05,C06,West,Express,14,3,4,2024-02-16,43.5
O04866,2025-11-09,PR0006,W09,C08,South,Standard,5,6,9,2025-11-18,17.55
O04867,2025-10-14,PR0015,W02,C07,North,Standard,7,6,7,2025-10-21,26.1
O04868,2024-06-11,PR0140,W05,C04,West,Standard,4,6,2,2024-06-13,21.5
O04869,2024-07-06,PR0061,W01,C04,Central,Same Day,14,1,1,2024-07-07,38.16
O04870,2024-06-20,PR0156,W07,C03,East,Economy,8,10,8,2024-06-28,25.87
O04871,2024-10-18,PR0274,W06,C05,Central,Same Day,7,1,1,2024-10-19,31.43
O04872,2024-10-18,PR0215,W01,C04,Central,Same Day,9,1,1,2024-10-19,37.67
O04873,2024-04-21,PR0018,W10,C03,North,Economy,14,10,9,2024-04-30,30.47
O04874,2024-07-25,PR0070,W10,C04,North,Economy,1,10,12,2024-08-06,25.65
O04875,2024-07-24,PR0294,W09,C07,South,Standard,12,6,6,2024-07-30,34.34
O04876,2025-04-25,PR0117,W05,C08,West,Standard,2,6,2,2025-04-27,12.63
O04877,2024-04-24,PR0092,W03,C07,South,Standard,8,6,2,2024-04-26,3.0
O04878,2025-02-01,PR0154,W09,C07,South,Standard,13,6,6,2025-02-07,10.47
O04879,2025-12-11,PR0014,W02,C06,North,Express,9,3,4,2025-12-15,31.51
O04880,2025-03-22,PR0037,W06,C02,Central,Same Day,6,1,1,2025-03-23,35.7
O04881,2025-03-24,PR0073,W03,C04,South,Economy,11,10,8,2025-04-01,40.93
O04882,2025-09-03,PR0019,W10,C06,North,Express,5,3,1,2025-09-04,33.84
O04883,2024-08-03,PR0068,W07,C07,East,Standard,3,6,2,2024-08-05,13.01
O04884,2025-08-05,PR0245,W10,C07,North,Express,12,3,2,2025-08-07,36.95
O04885,2024-12-15,PR0173,W04,C04,East,Express,2,3,3,2024-12-18,29.83
O04886,2024-12-24,PR0088,W05,C05,West,Express,6,3,3,2024-12-27,35.91
O04887,2025-10-21,PR0102,W02,C07,North,Economy,2,10,8,2025-10-29,30.18
O04888,2025-01-24,PR0125,W03,C01,South,Same Day,9,1,1,2025-01-25,32.22
O04889,2025-06-01,PR0105,W10,C03,North,Express,7,3,5,2025-06-06,34.8
O04890,2024-07-07,PR0041,W03,C06,South,Same Day,12,1,1,2024-07-08,16.22
O04891,2025-11-04,PR0042,W08,C07,West,Standard,6,6,6,2025-11-10,3.0
O04892,2025-03-27,PR0230,W10,C06,North,Express,7,3,2,2025-03-29,24.02
O04893,2025-09-08,PR0215,W01,C05,Central,Same Day,1,1,1,2025-09-09,22.08
O04894,2025-07-24,PR0077,W03,C02,South,Express,7,3,5,2025-07-29,41.25
O04895,2025-07-14,PR0112,W04,C06,East,Standard,3,6,9,2025-07-23,14.95
O04896,2024-04-24,PR0045,W02,C01,North,Economy,12,10,13,2024-05-07,24.49
O04897,2025-06-14,PR0294,W01,C02,Central,Standard,4,6,4,2025-06-18,8.63
O04898,2025-09-25,PR0267,W09,C05,South,Same Day,9,1,2,2025-09-27,32.47
O04899,2025-01-14,PR0131,W02,C05,North,Express,10,3,2,2025-01-16,30.89
O04900,2024-04-16,PR0015,W03,C06,South,Standard,6,6,4,2024-04-20,30.67
O04901,2025-01-25,PR0120,W10,C02,North,Standard,6,6,7,2025-02-01,10.03
O04902,2025-01-31,PR0154,W01,C04,Central,Standard,10,6,6,2025-02-06,24.47
O04903,2024-08-17,PR0253,W02,C05,North,Standard,9,6,8,2024-08-25,16.38
O04904,2024-01-21,PR0203,W05,C02,West,Economy,12,10,6,2024-01-27,21.49
O04905,2024-10-16,PR0132,W06,C01,Central,Economy,13,10,14,2024-10-30,37.93
O04906,2025-04-05,PR0082,W03,C07,South,Economy,7,10,11,2025-04-16,45.89
O04907,2025-09-19,PR0025,W07,C02,East,Same Day,14,1,1,2025-09-20,26.38
O04908,2025-10-13,PR0141,W08,C08,West,Economy,1,10,8,2025-10-21,47.22
O04909,2024-06-05,PR0286,W08,C04,West,Same Day,14,1,1,2024-06-06,16.54
O04910,2024-08-17,PR0045,W03,C06,South,Same Day,13,1,1,2024-08-18,31.65
O04911,2025-10-14,PR0261,W03,C05,South,standard,13,10,13,2025-10-27,22.67
O04912,2024-09-20,PR0193,W09,C07,South,Same Day,5,1,1,2024-09-21,21.74
O04913,2024-01-22,PR0261,W05,C02,West,Same Day,13,1,1,2024-01-23,32.73
O04914,2024-05-27,PR0188,W02,C05,North,Economy,3,10,6,2024-06-02,34.39
O04915,2025-02-24,PR0014,W01,C05,Central,Express,6,3,3,2025-02-27,41.66
O04916,2025-02-15,PR0188,W09,C08,South,Same Day,3,1,1,2025-02-16,56.39
O04917,2024-08-01,PR0271,W05,C04,West,Economy,10,10,13,2024-08-14,24.8
O04918,2025-03-03,PR0033,W05,C07,West,Economy,11,10,10,2025-03-13,41.84
O04919,2025-03-30,PR0125,W05,C06,West,Economy,6,10,11,2025-04-10,20.84
O04920,2025-01-07,PR0101,W04,C08,East,Same Day,1,1,2,2025-01-09,23.38
O04921,2025-11-12,PR0215,W05,C03,West,Express,12,3,5,2025-11-17,23.43
O04922,2025-06-26,PR0081,W09,C04,South,Express,2,3,3,2025-06-29,29.13
O04923,2024-08-10,PR0105,W03,C07,South,Express,11,3,1,2024-08-11,24.03
O04924,2025-11-06,PR0157,W06,C03,Central,Same Day,1,1,1,2025-11-07,35.33
O04925,2025-04-19,PR0005,W01,C06,Central,Economy,7,10,12,2025-05-01,33.25
O04926,2025-01-18,PR0300,W07,C04,East,Express,14,3,3,2025-01-21,43.43
O04927,2025-02-06,PR0268,W03,C05,South,Economy,8,10,10,2025-02-16,33.32
O04928,2024-04-21,PR0006,W01,C05,Central,Economy,2,10,3,2024-04-24,23.1
O04929,2024-11-03,PR0252,W01,C06,Central,Economy,3,10,13,2024-11-16,40.1
O04930,2024-02-22,PR0259,W03,C07,South,Express,10,3,4,2024-02-26,28.89
O04931,2024-12-11,PR0007,W06,C04,Central,Express,11,3,6,2024-12-17,22.37
O04932,2025-11-06,PR0284,W05,C08,West,Economy,2,10,11,2025-11-17,34.57
O04933,2024-07-03,PR0002,W05,C04,West,Standard,10,6,8,2024-07-11,17.82
O04934,2025-12-11,PR0028,W09,C01,South,Economy,14,10,9,2025-12-20,33.13
O04935,2025-08-04,PR0120,W03,C05,South,Same Day,12,1,1,2025-08-05,23.47
O04936,2025-11-27,PR0138,W06,C06,Central,Express,7,3,4,2025-12-01,21.82
O04937,2025-10-18,PR0140,W05,C08,West,Express,7,3,2,2025-10-20,34.27
O04938,2024-06-03,PR0170,W08,C08,West,Same Day,13,1,1,2024-06-04,34.99
O04939,2025-04-24,PR0274,W03,C04,South,Express,7,3,2,2025-04-26,41.15
O04940,2025-05-13,PR0236,W04,C03,East,Standard,10,6,3,2025-05-16,7.9
O04941,2025-11-23,PR0087,W10,C06,North,Standard,10,6,6,2025-11-29,15.13
O04942,2024-03-28,PR0052,W02,C08,North,Standard,14,6,3,2024-03-31,15.3
O04943,2024-02-24,PR0037,W07,C01,East,Standard,3,6,5,2024-02-29,21.95
O04944,2024-11-16,PR0108,W07,C02,East,Express,6,3,1,2024-11-17,26.5
O04945,2024-06-03,PR0060,W03,C03,South,Same Day,10,1,1,2024-06-04,26.19
O04946,2024-03-08,PR0126,W07,C03,East,Same Day,14,1,2,2024-03-10,33.34
O04947,2025-08-20,PR0215,W05,C02,West,Economy,10,10,12,2025-09-01,28.91
O04948,2024-12-12,PR0208,W09,C08,South,Same Day,13,1,2,2024-12-14,38.58
O04949,2024-11-06,PR0088,W02,C07,North,Express,7,3,1,2024-11-07,34.23
O04950,2024-06-04,PR0264,W03,C01,South,Economy,3,10,11,2024-06-15,35.74
O04951,2024-05-01,PR0167,W01,C03,Central,Economy,7,10,4,2024-05-05,45.96
O04952,2024-06-11,PR0273,W01,C06,Central,Economy,8,10,7,2024-06-18,26.37
O04953,2025-12-17,PR0200,W07,C04,East,Express,14,3,3,2025-12-20,22.65
O04954,2024-04-26,PR0045,W09,C06,South,Economy,9,10,8,2024-05-04,24.68
O04955,2024-04-09,PR0060,W02,C08,North,Express,12,3,1,2024-04-10,34.96
O04956,2025-01-25,PR0087,W05,C04,West,standard,9,10,12,2025-02-06,24.28
O04957,2025-05-03,PR0183,W09,C01,South,Standard,13,6,8,2025-05-11,20.79
O04958,2025-08-23,PR0071,W07,C01,East,Economy,1,10,12,2025-09-04,31.64
O04959,2025-08-21,PR0082,W06,C03,Central,Express,3,3,2,2025-08-23,28.2
O04960,2025-04-03,PR0192,W02,C03,North,Economy,12,10,9,2025-04-12,27.2
O04961,2025-11-18,PR0024,W01,C05,Central,Same Day,14,1,2,2025-11-20,24.52
O04962,2024-12-13,PR0077,W10,C03,North,Same Day,5,1,1,2024-12-14,37.0
O04963,2024-03-11,PR0030,W09,C05,South,Express,7,3,4,2024-03-15,37.36
O04964,2025-10-01,PR0078,W07,C02,East,Economy,10,10,9,2025-10-10,30.04
O04965,2024-06-02,PR0228,W02,C07,North,Express,2,3,2,2024-06-04,33.63
O04966,2025-10-11,PR0135,W07,C01,East,Same Day,14,1,1,2025-10-12,25.41
O04967,2025-12-29,PR0176,W02,C07,North,Same Day,10,1,1,2025-12-30,25.7
O04968,2025-09-09,PR0033,W08,C02,West,Standard,5,6,10,2025-09-19,8.11
O04969,2025-09-28,PR0268,W01,C01,Central,Economy,4,10,8,2025-10-06,40.72
O04970,2024-06-22,PR0177,W07,C06,East,Same Day,1,1,1,2024-06-23,29.16
O04971,2024-07-15,PR0129,W06,C02,Central,Same Day,2,1,1,2024-07-16,36.98
O04972,2025-06-16,PR0122,W10,C01,North,Economy,4,10,8,2025-06-24,31.53
O04973,2024-11-22,PR0140,W09,C01,South,Standard,3,6,6,2024-11-28,27.05
O04974,2025-10-26,PR0177,W03,C04,South,Same Day,3,1,1,2025-10-27,31.97
O04975,2024-09-26,PR0128,W08,C02,West,Economy,11,10,10,2024-10-06,29.57
O04976,2024-12-11,PR0026,W10,C03,North,Same Day,14,1,1,2024-12-12,37.29
O04977,2025-11-03,PR0132,W05,C02,West,Standard,10,6,2,2025-11-05,13.05
O04978,2024-12-06,PR0203,W06,C03,Central,Standard,4,6,4,2024-12-10,5.36
O04979,2024-05-13,PR0043,W06,C01,Central,Standard,4,6,4,2024-05-17,20.87
O04980,2025-08-10,PR0161,W10,C03,North,Same Day,3,1,1,2025-08-11,40.22
O04981,2025-01-24,PR0195,W09,C06,South,Economy,6,10,8,2025-02-01,36.57
O04982,2025-01-24,PR0227,W08,C03,West,Standard,9,6,7,2025-01-31,35.11
O04983,2025-12-12,PR0268,W07,C06,East,Economy,5,10,6,2025-12-18,27.4
O04984,2024-12-09,PR0142,W04,C04,East,Economy,12,10,11,2024-12-20,18.78
O04985,2025-02-20,PR0133,W07,C06,East,Express,11,3,-2,2025-02-25,32.68
O04986,2024-12-20,PR0200,W07,C03,East,Express,6,3,4,2024-12-24,32.94
O04987,2025-05-15,PR0291,W07,C08,East,Same Day,7,1,1,2025-05-16,31.57
O04988,2024-03-26,PR0217,W05,C05,West,Standard,13,6,6,2024-04-01,3.0
O04989,2025-11-13,PR0135,W07,C03,East,Standard,3,6,7,2025-11-20,11.42
O04990,2024-01-24,PR0258,W09,C01,South,Standard,8,6,3,2024-01-27,22.32
O04991,2024-09-05,PR0159,W02,C03,North,Express,3,3,4,2024-09-09,7.3
O04992,2025-01-17,PR0039,W02,C01,North,Express,1,3,5,2025-01-22,29.74
O04993,2025-08-08,PR0185,W09,C03,South,Standard,11,6,6,2025-08-14,11.96
O04994,2024-03-18,PR0200,W10,C07,North,Standard,4,6,3,2024-03-21,8.63
O04995,2024-12-15,PR0205,W01,C02,Central,Standard,9,6,3,2024-12-18,31.73
O04996,2024-06-08,PR0266,W01,C03,Central,Economy,3,10,11,2024-06-19,40.84
O04997,2025-10-08,PR0054,W07,C07,East,Standard,11,6,3,2025-10-11,26.63
O04998,2025-09-19,PR0071,W10,C03,North,Standard,6,6,8,2025-09-27,41.43
O04999,2025-12-22,PR0128,W09,C08,South,Express,5,3,3,2025-12-25,23.29
O05000,2024-03-24,PR0253,W03,C07,South,Standard,2,6,2,2024-03-26,3.0
O05001,2024-04-03,PR0190,W10,C07,North,Economy,4,10,9,2024-04-12,33.82
O05002,2025-12-03,PR0251,W03,C06,South,Express,11,3,2,2025-12-05,23.05
O05003,2024-02-21,PR0207,W02,C07,,Economy,3,10,4,2024-02-25,28.76
O05004,2024-11-24,PR0228,W06,C04,Central,Express,2,3,1,2024-11-25,31.9
O05005,2025-05-02,PR0051,W03,C08,South,Economy,9,10,9,2025-05-11,21.63
O05006,2025-09-11,PR0097,W03,C08,South,Economy,14,10,10,2025-09-21,31.84
O05007,2024-10-21,PR0285,W06,C02,Central,Standard,1,6,2,2024-10-23,3.0
O05008,2025-03-29,PR0279,W03,C05,South,Standard,7,6,4,2025-04-02,22.83
O05009,2024-03-22,PR0113,W03,C01,South,Express,6,3,1,2024-03-23,31.37
O05010,2024-09-26,PR0008,W03,C08,South,Express,4,3,2,2024-09-28,25.03
O05011,2025-12-17,PR0185,W02,C04,North,Standard,10,6,6,2025-12-23,21.47
O05012,2024-07-11,PR0260,W03,C02,South,Same Day,6,1,2,2024-07-13,29.06
O05013,2024-08-21,PR0053,W03,C04,South,Economy,8,10,6,2024-08-27,3.0
O05014,2025-10-12,PR0290,W01,C05,Central,Same Day,12,1,1,2025-10-13,27.57
O05015,2025-09-07,PR0033,W08,C01,West,Same Day,11,1,1,2025-09-08,27.62
O05016,2024-08-11,PR0110,W08,C01,West,Same Day,11,1,1,2024-08-12,21.39
O05017,2024-12-19,PR0295,W03,C03,,Standard,8,6,4,2024-12-23,3.0
O05018,2025-11-01,PR0153,W07,C01,East,Same Day,5,1,1,2025-11-02,28.68
O05019,2024-06-14,PR0215,W02,C06,North,Standard,3,6,6,2024-06-20,20.24
O05020,2024-03-05,PR0029,W05,C01,West,Same Day,8,1,1,2024-03-06,30.5
O05021,2024-03-02,PR0101,W06,C08,Central,Economy,8,10,9,2024-03-11,22.71
O05022,2024-03-22,PR0245,W08,C06,West,Standard,6,6,6,2024-03-28,18.24
O05023,2025-11-21,PR0289,W10,C07,North,Same Day,14,1,1,2025-11-22,33.47
O05024,2025-08-25,PR0086,W04,C08,East,Standard,13,6,4,2025-08-29,22.62
O05025,2025-08-05,PR0148,W04,C04,East,Same Day,10,1,1,2025-08-06,30.77
O05026,2025-04-06,PR0101,W04,C02,East,Economy,5,10,9,2025-04-15,26.34
O05027,2025-01-14,PR0012,W08,C08,West,Same Day,3,1,1,2025-01-15,29.51
O05028,2025-05-15,PR0055,W07,C07,East,Express,6,3,2,2025-05-17,34.16
O05029,2024-08-21,PR0282,W06,C08,Central,Express,11,3,3,2024-08-24,16.02
O05030,2024-02-13,PR0051,W07,C03,East,Economy,13,10,6,2024-02-19,31.29
O05031,2025-04-21,PR0015,W05,C02,West,Same Day,2,1,1,2025-04-22,22.19
O05032,2025-02-16,PR0120,W05,C07,West,Economy,10,10,7,2025-02-23,41.42
O05033,2025-04-08,PR0145,W09,C08,South,Express,7,3,3,2025-04-11,33.44
O05034,2025-01-29,PR0275,W05,C08,West,Standard,5,6,7,2025-02-05,8.3
O05035,2024-05-22,PR0106,W04,C04,East,Economy,3,10,9,2024-05-31,29.76
O05036,2025-10-09,PR0048,W09,C07,South,Economy,14,10,8,2025-10-17,18.11
O05037,2025-01-09,PR0073,W02,C04,North,Economy,3,10,12,2025-01-21,31.74
O05038,2025-11-08,PR0286,W09,C06,South,Express,7,3,6,2025-11-14,24.38
O05039,2025-08-30,PR0001,W03,C07,South,Express,9,3,4,2025-09-03,21.3
O05040,2024-04-07,PR0040,W10,C05,North,Economy,13,10,14,2024-04-21,26.02
O05041,2025-04-28,PR0216,W03,C01,South,Same Day,7,1,1,2025-04-29,32.58
O05042,2024-12-11,PR0053,W03,C01,South,Standard,10,6,4,2024-12-15,16.72
O05043,2025-05-24,PR0137,W05,C05,West,Express,2,3,3,2025-05-27,38.35
O05044,2024-11-06,PR0179,W06,C05,Central,Same Day,7,1,1,2024-11-07,34.48
O05045,2024-08-21,PR0069,W03,C06,South,Economy,4,10,10,2024-08-31,33.64
O05046,2025-09-13,PR0167,W05,C07,West,Economy,3,10,9,2025-09-22,29.28
O05047,2025-03-21,PR0151,W03,C07,South,Economy,12,10,11,2025-04-01,34.44
O05048,2025-11-12,PR0045,W02,C01,North,Same Day,7,1,2,2025-11-14,18.46
O05049,2024-04-18,PR0174,W10,C06,North,Same Day,12,1,2,2024-04-20,40.33
O05050,2025-12-23,PR0026,W05,C03,West,Same Day,12,1,1,2025-12-24,44.76
O05051,2024-05-24,PR0101,W03,C01,South,Economy,5,10,10,2024-06-03,22.43
O05052,2024-08-09,PR0077,W08,C07,West,Economy,3,10,3,2024-08-12,31.27
O05053,2024-01-14,PR0226,W04,C08,East,Express,12,3,4,2024-01-18,29.34
O05054,2024-12-12,PR0103,W07,C02,East,Economy,9,10,12,2024-12-24,35.02
O05055,2025-09-18,PR0297,W02,C04,,Express,1,3,4,2025-09-22,29.37
O05056,2025-06-26,PR0119,W04,C01,East,Same Day,8,1,1,2025-06-27,26.73
O05057,2025-01-17,PR0213,W03,C06,South,Same Day,13,1,1,2025-01-18,28.75
O05058,2025-08-01,PR0250,W05,C07,West,Standard,1,6,5,2025-08-06,22.29
O05059,2024-01-19,PR0059,W05,C05,West,Same Day,14,1,2,2024-01-21,36.89
O05060,2025-03-03,PR0020,W09,C05,South,Express,3,3,3,2025-03-06,34.37
O05061,2024-11-30,PR0135,W03,C03,South,Same Day,2,1,2,2024-12-02,29.89
O05062,2025-10-11,PR0150,W08,C02,West,Same Day,11,1,1,2025-10-12,43.54
O05063,2025-07-22,PR0040,W07,C02,East,Same Day,12,1,1,2025-07-23,18.48
O05064,2025-12-16,PR0205,W03,C04,South,Express,7,3,2,2025-12-18,39.81
O05065,2024-11-25,PR0160,W06,C08,Central,Express,1,3,2,2024-11-27,29.18
O05066,2025-12-26,PR0003,W06,C07,Central,Express,10,3,4,2025-12-30,36.11
O05067,2024-09-12,PR0149,W05,C01,West,Economy,3,10,10,2024-09-22,44.24
O05068,2024-01-20,PR0026,W04,C04,East,Standard,6,6,2,2024-01-22,26.21
O05069,2025-01-28,PR0061,W03,C06,South,Same Day,4,1,1,2025-01-29,38.65
O05070,2024-03-24,PR0189,W01,C08,Central,Economy,5,10,8,2024-04-01,20.82
O05071,2025-04-18,PR0030,W06,C06,Central,Same Day,4,1,2,2025-04-20,25.02
O05072,2024-03-09,PR0286,W08,C03,West,Economy,7,10,6,2024-03-15,14.11
O05073,2024-07-16,PR0022,W04,C02,East,Express,3,3,2,2024-07-18,40.41
O05074,2025-01-07,PR0152,W10,C02,North,Economy,6,10,10,2025-01-17,33.0
O05075,2024-09-09,PR0227,W03,C02,South,Standard,9,6,7,2024-09-16,10.59
O05076,2024-12-01,PR0102,W07,C01,East,Economy,13,10,7,2024-12-08,27.82
O05077,2025-07-29,PR0067,W03,C08,South,Same Day,2,1,2,2025-07-31,48.5
O05078,2024-11-23,PR0060,W05,C06,West,Same Day,5,1,1,2024-11-24,13.2
O05079,2025-09-11,PR0148,W01,C05,Central,Express,1,3,4,2025-09-15,41.69
O05080,2025-10-23,PR0293,W09,C02,South,Standard,11,6,5,2025-10-28,19.05
O05081,2024-10-29,PR0241,W10,C08,North,Express,6,3,1,2024-10-30,40.05
O05082,2025-06-20,PR0282,W01,C05,Central,Same Day,12,1,1,2025-06-21,32.62
O05083,2024-09-11,PR0211,W05,C04,West,Economy,3,10,11,2024-09-22,29.17
O05084,2025-12-18,PR0205,W10,C05,North,Same Day,11,1,1,2025-12-19,21.93
O05085,2024-09-24,PR0280,W03,C01,South,Express,11,3,1,2024-09-25,25.96
O05086,2024-10-30,PR0275,W02,C08,North,Standard,14,6,6,2024-11-05,26.92
O05087,2025-10-29,PR0154,W08,C07,West,Standard,8,6,5,2025-11-03,26.02
O05088,2025-01-12,PR0082,W08,C02,West,Express,6,3,2,2025-01-14,26.77
O05089,2025-04-02,PR0077,W05,C01,West,Express,9,3,4,2025-04-06,28.14
O05090,2025-08-31,PR0158,W08,C07,West,Same Day,10,1,1,2025-09-01,21.13
O05091,2024-04-20,PR0291,W07,C05,East,Economy,5,10,9,2024-04-29,11.74
O05092,2024-10-09,PR0144,W09,C03,South,Economy,4,10,6,2024-10-15,31.22
O05093,2024-10-18,PR0116,W03,C05,South,Express,14,3,4,2024-10-22,43.9
O05094,2024-11-26,PR0022,W02,C04,North,Standard,14,6,9,2024-12-05,24.57
O05095,2024-02-23,PR0190,W07,C08,East,Economy,2,10,6,2024-02-29,32.92
O05096,2025-01-12,PR0048,W09,C04,South,Same Day,5,1,1,2025-01-13,31.1
O05097,2025-01-19,PR0020,W01,C08,Central,Standard,7,6,5,2025-01-24,14.3
O05098,2025-10-05,PR0075,W08,C07,West,Same Day,14,1,2,2025-10-07,27.33
O05099,2025-02-09,PR0192,W09,C03,South,Same Day,9,1,1,2025-02-10,26.35
O05100,2025-09-19,PR0021,W10,C04,North,Same Day,14,1,1,2025-09-20,47.49
O05101,2024-11-27,PR0067,W06,C02,Central,Standard,1,6,5,2024-12-02,25.49
O05102,2025-06-07,PR0051,W02,C06,North,Express,10,3,2,2025-06-09,23.09
O05103,2025-05-23,PR0296,W02,C01,North,Standard,8,6,3,2025-05-26,10.46
O05104,2024-05-23,PR0232,W03,C05,South,Standard,12,6,9,2024-06-01,32.13
O05105,2025-06-19,PR0198,W09,C03,South,Express,9,3,2,2025-06-21,28.82
O05106,2024-04-04,PR0128,W07,C08,East,Same Day,4,1,1,2024-04-05,43.43
O05107,2024-12-12,PR0259,W10,C08,North,Economy,13,10,13,2024-12-25,43.26
O05108,2024-12-17,PR0172,W02,C08,North,Economy,6,10,7,2024-12-24,23.64
O05109,2025-02-14,PR0295,W01,C07,Central,Standard,10,6,4,2025-02-18,25.97
O05110,2025-06-21,PR0261,W05,C07,West,Economy,9,10,11,2025-07-02,32.74
O05111,2025-12-12,PR0049,W03,C06,South,Standard,6,6,2,2025-12-14,26.58
O05112,2024-07-31,PR0055,W05,C05,West,Express,10,3,4,2024-08-04,33.19
O05113,2024-04-28,PR0245,W04,C04,East,Express,1,3,2,2024-04-30,38.87
O05114,2024-09-02,PR0227,W10,C02,North,Standard,13,6,2,2024-09-04,25.56
O05115,2024-02-23,PR0201,W09,C06,South,Economy,2,10,9,2024-03-03,25.58
O05116,2024-02-13,PR0096,W02,C05,North,Express,3,3,2,2024-02-15,48.92
O05117,2024-08-26,PR0061,W09,C08,South,Express,1,3,4,2024-08-30,30.14
O05118,2025-05-27,PR0099,W04,C07,East,Same Day,5,1,1,2025-05-28,53.03
O05119,2025-01-31,PR0174,W05,C05,West,Standard,7,6,5,2025-02-05,31.97
O05120,2025-06-06,PR0107,W07,C01,East,Economy,6,10,13,2025-06-19,26.08
O05121,2024-01-25,PR0193,W08,C04,West,Standard,2,6,8,2024-02-02,9.82
O05122,2024-02-11,PR0292,W03,C04,South,Standard,2,6,5,2024-02-16,22.71
O05123,2024-08-01,PR0299,W03,C04,South,Economy,7,10,14,2024-08-15,21.26
O05124,2024-01-08,PR0152,W07,C07,East,Standard,3,6,5,2024-01-13,22.94
O05125,2025-08-18,PR0179,W07,C08,East,Express,6,3,5,2025-08-23,23.31
O05126,2025-02-10,PR0194,W09,C04,South,Express,1,3,2,2025-02-12,30.78
O05127,2025-07-03,PR0045,W10,C04,North,Same Day,14,1,1,2025-07-04,28.17
O05128,2024-09-29,PR0121,W01,C05,Central,Same Day,2,1,3,2024-10-02,34.11
O05129,2025-06-07,PR0067,W05,C03,West,Express,12,3,3,2025-06-10,16.8
O05130,2024-07-25,PR0012,W01,C08,Central,Same Day,5,1,1,2024-07-26,26.27
O05131,2024-12-08,PR0142,W09,C01,South,Same Day,2,1,1,2024-12-09,25.65
O05132,2024-09-23,PR0002,W08,C07,West,Standard,10,6,5,2024-09-28,3.0
O05133,2025-10-28,PR0134,W04,C04,East,Economy,9,10,8,2025-11-05,38.72
O05134,2024-01-30,PR0061,W08,C05,West,Economy,2,10,3,2024-02-02,20.62
O05135,2024-07-28,PR0074,W03,C07,South,Standard,8,6,10,2024-08-07,19.61
O05136,2024-02-12,PR0012,W08,C03,West,Standard,12,6,2,2024-02-14,5.26
O05137,2024-07-29,PR0264,W09,C03,South,Same Day,2,1,2,2024-07-31,33.45
O05138,2025-12-07,PR0087,W09,C02,South,Same Day,5,1,1,2025-12-08,32.89
O05139,2025-01-04,PR0004,W05,C03,West,Standard,1,6,5,2025-01-09,21.79
O05140,2025-10-25,PR0128,W03,C03,South,Same Day,12,1,1,2025-10-26,11.65
O05141,2024-08-10,PR0190,W01,C02,Central,Standard,11,6,2,2024-08-12,15.4
O05142,2024-11-13,PR0173,W02,C02,North,Express,10,3,5,2024-11-18,19.69
O05143,2024-07-04,PR0219,W07,C05,East,Express,13,3,4,2024-07-08,30.91
O05144,2025-05-26,PR0248,W05,C06,West,Same Day,4,1,1,2025-05-27,34.64
O05145,2025-04-13,PR0054,W05,C06,West,Express,9,3,4,2025-04-17,25.44
O05146,2025-05-18,PR0181,W05,C05,West,Same Day,10,1,1,2025-05-19,31.04
O05147,2025-11-14,PR0237,W03,C01,South,Standard,8,6,2,2025-11-16,3.0
O05148,2025-09-23,PR0023,W10,C05,North,Standard,3,6,13,2025-10-06,20.27
O05149,2024-02-01,PR0124,W01,C01,Central,Standard,5,6,2,2024-02-03,12.16
O05150,2024-01-12,PR0251,W07,C03,East,Standard,10,6,5,2024-01-17,17.01
O05151,2024-11-06,PR0260,W05,C01,West,Economy,4,10,11,2024-11-17,34.37
O05152,2025-08-04,PR0177,W03,C02,South,Standard,4,6,2,2025-08-06,24.37
O05153,2024-02-24,PR0155,W04,C05,East,Express,12,3,2,2024-02-26,30.55
O05154,2025-10-23,PR0260,W03,C01,South,Economy,8,10,9,2025-11-01,23.52
O05155,2025-01-16,PR0157,W02,C06,North,Same Day,2,1,2,2025-01-18,38.54
O05156,2025-03-03,PR0033,W10,C06,North,Same Day,4,1,2,2025-03-05,42.04
O05157,2024-02-05,PR0074,W10,C03,North,Same Day,3,1,1,2024-02-06,40.34
O05158,2024-05-25,PR0241,W07,C07,East,Economy,3,10,11,2024-06-05,19.66
O05159,2024-07-28,PR0024,W10,C07,North,Standard,5,6,6,2024-08-03,29.9
O05160,2025-05-02,PR0097,W09,C05,South,Standard,5,6,3,2025-05-05,15.49
O05161,2024-04-25,PR0149,W10,C08,North,Express,4,3,7,2024-05-02,31.02
O05162,2025-04-11,PR0193,W01,C02,Central,Same Day,5,1,1,2025-04-12,21.78
O05163,2024-10-03,PR0149,W10,C07,North,Economy,5,10,10,2024-10-13,43.79
O05164,2024-03-05,PR0219,W03,C08,South,Express,14,3,3,2024-03-08,32.2
O05165,2024-03-07,PR0065,W08,C06,West,Economy,2,10,6,2024-03-13,30.74
O05166,2024-01-31,PR0029,W10,C02,North,Economy,9,10,9,2024-02-09,35.28
O05167,2025-03-18,PR0233,W08,C02,West,Economy,11,10,9,2025-03-27,27.77
O05168,2024-06-28,PR0037,W10,C06,North,Standard,6,6,7,2024-07-05,3.76
O05169,2025-11-03,PR0253,W10,C06,North,Same Day,9,1,1,2025-11-04,30.63
O05170,2025-12-27,PR0201,W04,C07,East,Economy,8,10,10,2026-01-06,27.12
O05171,2024-07-26,PR0074,W04,C03,East,Standard,10,6,3,2024-07-29,3.0
O05172,2025-11-18,PR0190,W04,C03,East,Express,13,3,2,2025-11-20,44.67
O05173,2024-08-28,PR0010,W08,C03,West,Standard,1,6,5,2024-09-02,13.2
O05174,2025-10-27,PR0231,W10,C03,North,Economy,4,10,9,2025-11-05,33.43
O05175,2025-07-26,PR0099,W08,C06,West,Express,4,3,6,2025-08-01,34.52
O05176,2024-02-18,PR0298,W04,C06,East,Same Day,8,1,1,2024-02-19,33.68
O05177,2024-03-31,PR0286,W01,C08,Central,Same Day,11,1,1,2024-04-01,44.9
O05178,2025-04-12,PR0250,W05,C02,West,Express,5,3,1,2025-04-13,35.07
O05179,2025-01-17,PR0128,W07,C06,East,Express,13,3,5,2025-01-22,31.64
O05180,2024-11-24,PR0084,W07,C03,East,Economy,13,10,8,2024-12-02,41.21
O05181,2024-06-27,PR0197,W06,C01,Central,Economy,13,10,13,2024-07-10,21.9
O05182,2025-01-16,PR0091,W08,C06,West,Same Day,8,1,1,2025-01-17,20.12
O05183,2024-10-26,PR0035,W09,C03,South,Economy,7,10,7,2024-11-02,44.68
O05184,2025-11-22,PR0271,W06,C08,Central,Economy,11,10,6,2025-11-28,47.69
O05185,2025-01-03,PR0276,W08,C02,West,Standard,11,6,5,2025-01-08,24.52
O05186,2025-09-08,PR0020,W07,C02,East,Express,9,3,4,2025-09-12,32.09
O05187,2024-12-06,PR0010,W07,C03,East,Economy,4,10,9,2024-12-15,28.84
O05188,2025-04-06,PR0173,W01,C08,Central,Express,5,3,4,2025-04-10,33.17
O05189,2024-02-13,PR0250,W04,C01,East,Express,4,3,2,2024-02-15,36.57
O05190,2025-09-05,PR0068,W04,C05,East,Express,1,3,2,2025-09-07,28.63
O05191,2025-08-10,PR0258,W03,C06,South,Express,6,3,3,2025-08-13,40.08
O05192,2025-12-10,PR0274,W05,C01,West,Standard,14,6,6,2025-12-16,29.16
O05193,2025-03-05,PR0295,W02,C03,North,Standard,3,6,5,2025-03-10,20.95
O05194,2025-06-16,PR0042,W10,C08,North,Standard,13,6,6,2025-06-22,12.97
O05195,2024-09-17,PR0269,W01,C08,Central,Express,6,3,5,2024-09-22,30.11
O05196,2024-08-20,PR0190,W07,C06,East,Economy,2,10,8,2024-08-28,27.17
O05197,2024-04-29,PR0105,W04,C08,East,Same Day,4,1,1,2024-04-30,32.3
O05198,2025-07-15,PR0153,W08,C03,West,Economy,8,10,13,2025-07-28,
O05199,2024-08-12,PR0182,W01,C04,Central,Same Day,14,1,1,2024-08-13,22.1
O05200,2025-02-21,PR0035,W10,C07,North,Express,9,3,2,2025-02-23,18.97
O05201,2025-10-17,PR0229,W08,C08,West,Express,2,3,3,2025-10-20,20.51
O05202,2025-12-11,PR0157,W09,C01,South,Standard,10,6,3,2025-12-14,26.86
O05203,2025-05-31,PR0273,W10,C06,North,Economy,10,10,10,2025-06-10,34.96
O05204,2024-05-27,PR0240,W10,C05,North,Same Day,2,1,1,2024-05-28,18.48
O05205,2024-09-04,PR0106,W08,C05,West,Same Day,11,1,1,2024-09-05,27.73
O05206,2024-08-02,PR0212,W01,C06,Central,Standard,9,6,8,2024-08-10,8.25
O05207,2024-07-14,PR0118,W10,C08,North,Standard,6,6,5,2024-07-19,13.25
O05208,2024-02-01,PR0186,W04,C03,East,Standard,3,6,6,2024-02-07,35.66
O05209,2024-07-31,PR0026,W09,C04,South,Standard,14,6,5,2024-08-05,7.22
O05210,2024-03-09,PR0090,W07,C04,East,Economy,6,10,12,2024-03-21,26.85
O05211,2024-05-01,PR0124,W08,C02,West,Same Day,12,1,1,2024-05-02,34.64
O05212,2025-11-08,PR0240,W08,C03,West,Standard,8,6,5,2025-11-13,22.22
O05213,2025-12-15,PR0167,W01,C01,Central,Same Day,12,1,1,2025-12-16,34.4
O05214,2024-12-17,PR0258,W08,C05,West,Same Day,11,1,1,2024-12-18,28.6
O05215,2024-08-01,PR0237,W04,C06,East,Economy,9,10,6,2024-08-07,43.37
O05216,2025-09-26,PR0002,W06,C05,Central,Economy,7,10,7,2025-10-03,28.73
O05217,2025-10-12,PR0081,W01,C04,Central,Standard,12,6,3,2025-10-15,27.43
O05218,2025-11-26,PR0081,W05,C03,West,Standard,1,6,7,2025-12-03,23.24
O05219,2025-05-26,PR0195,W07,C03,East,Same Day,4,1,1,2025-05-27,13.38
O05220,2024-02-01,PR0174,W04,C02,East,Economy,13,10,10,2024-02-11,25.35
O05221,2025-01-27,PR0120,W06,C02,Central,Standard,12,6,4,2025-01-31,17.68
O05222,2025-03-08,PR0053,W06,C05,Central,Same Day,9,1,1,2025-03-09,45.15
O05223,2025-12-02,PR0043,W08,C02,West,Standard,2,6,2,2025-12-04,19.55
O05224,2025-01-24,PR0287,W02,C07,North,Economy,13,10,11,2025-02-04,33.05
O05225,2024-03-29,PR0210,W08,C02,West,Same Day,5,1,1,2024-03-30,26.26
O05226,2025-07-10,PR0276,W10,C08,North,Standard,9,6,7,2025-07-17,18.76
O05227,2024-09-08,PR0066,W02,C01,North,Economy,2,10,9,2024-09-17,43.49
O05228,2025-01-23,PR0115,W07,C08,East,Express,13,3,1,2025-01-24,29.98
O05229,2025-09-10,PR0240,W08,C08,West,Standard,14,6,5,2025-09-15,32.95
O05230,2024-11-26,PR0209,W04,C02,East,Economy,11,10,3,2024-11-29,29.14
O05231,2024-08-09,PR0187,W06,C03,Central,Economy,13,10,3,2024-08-12,36.53
O05232,2024-04-07,PR0085,W02,C01,North,Express,10,3,4,2024-04-11,36.21
O05233,2025-08-30,PR0142,W10,C06,North,Economy,4,10,11,2025-09-10,25.77
O05234,2024-03-11,PR0256,W06,C05,Central,Express,10,3,4,2024-03-15,30.12
O05235,2025-04-19,PR0148,W07,C08,East,Economy,11,10,12,2025-05-01,27.45
O05236,2025-07-02,PR0117,W02,C02,North,Same Day,3,1,2,2025-07-04,40.48
O05237,2025-08-22,PR0117,W10,C07,North,Economy,13,10,9,2025-08-31,27.57
O05238,2024-06-27,PR0029,W08,C04,West,Same Day,3,1,2,2024-06-29,26.24
O05239,2024-06-15,PR0219,W10,C04,North,Same Day,4,1,1,2024-06-16,26.29
O05240,2025-09-07,PR0125,W04,C01,East,Economy,7,10,13,2025-09-20,30.71
O05241,2024-04-22,PR0070,W03,C08,South,Standard,13,6,5,2024-04-27,16.91
O05242,2024-07-22,PR0008,W05,C01,West,Economy,13,10,12,2024-08-03,37.51
O05243,2024-09-12,PR0296,W10,C01,North,Economy,14,10,9,2024-09-21,30.8
O05244,2025-10-31,PR0148,W09,C05,South,Economy,6,10,3,2025-11-03,45.56
O05245,2024-02-14,PR0056,W04,C05,East,Express,5,3,3,2024-02-17,28.33
O05246,2024-08-16,PR0202,W04,C02,East,Economy,9,10,12,2024-08-28,28.36
O05247,2024-08-22,PR0138,W05,C04,West,Standard,5,6,5,2024-08-27,9.59
O05248,2024-04-13,PR0117,W09,C01,South,Express,3,3,3,2024-04-16,34.22
O05249,2024-05-15,PR0003,W01,C08,Central,Standard,2,6,6,2024-05-21,3.0
O05250,2025-03-24,PR0172,W05,C02,West,Same Day,3,1,1,2025-03-25,26.07
O05251,2025-12-16,PR0138,W08,C05,West,Standard,1,6,6,2025-12-22,18.24
O05252,2025-12-26,PR0280,W01,C02,Central,Same Day,4,1,1,2025-12-27,26.89
O05253,2025-10-12,PR0296,W01,C02,Central,Standard,8,6,5,2025-10-17,5.53
O05254,2025-03-04,PR0029,W08,C07,West,Standard,8,6,7,2025-03-11,17.45
O05255,2024-10-12,PR0197,W08,C08,West,Economy,11,10,11,2024-10-23,21.34
O05256,2024-03-09,PR0122,W02,C01,North,Standard,9,6,5,2024-03-14,17.13
O05257,2024-09-26,PR0150,W04,C08,East,Economy,11,10,12,2024-10-08,29.48
O05258,2025-02-14,PR0110,W01,C02,Central,Express,4,3,1,2025-02-15,32.14
O05259,2024-05-20,PR0035,W10,C03,North,Standard,6,6,5,2024-05-25,6.1
O05260,2024-06-14,PR0180,W10,C04,North,Express,6,3,3,2024-06-17,11.39
O05261,2025-11-11,PR0171,W09,C03,South,Economy,10,10,13,2025-11-24,18.01
O05262,2025-11-06,PR0077,W01,C04,Central,Same Day,10,1,1,2025-11-07,30.65
O05263,2025-07-24,PR0003,W04,C06,East,Economy,2,10,11,2025-08-04,35.8
O05264,2024-03-09,PR0271,W03,C03,South,Economy,13,10,9,2024-03-18,24.1
O05265,2024-04-28,PR0001,W06,C01,Central,Standard,3,6,2,2024-04-30,15.63
O05266,2024-08-25,PR0280,W03,C01,South,Express,13,3,2,2024-08-27,39.08
O05267,2024-11-03,PR0055,W09,C07,South,Economy,4,10,8,2024-11-11,7.72
O05268,2024-01-12,PR0060,W07,C03,East,Standard,4,6,10,2024-01-22,12.74
O05269,2025-06-06,PR0235,W02,C03,North,Standard,6,6,7,2025-06-13,24.78
O05270,2025-06-21,PR0263,W04,C06,East,Standard,10,6,6,2025-06-27,3.56
O05271,2024-11-06,PR0036,W09,C07,South,Same Day,12,1,1,2024-11-07,25.37
O05272,2024-09-06,PR0200,W08,C04,West,Express,5,3,4,2024-09-10,26.84
O05273,2024-07-12,PR0154,W05,C07,West,Economy,4,10,7,2024-07-19,19.56
O05274,2025-05-05,PR0072,W03,C07,South,Standard,13,6,3,2025-05-08,8.49
O05275,2024-06-25,PR0292,W08,C08,West,Standard,12,6,6,2024-07-01,12.67
O05276,2024-05-29,PR0067,W03,C03,South,Express,6,3,2,2024-05-31,39.63
O05277,2024-03-10,PR0113,W08,C07,West,Standard,4,6,7,2024-03-17,13.43
O05278,2025-08-02,PR0280,W09,C08,South,Express,5,3,2,2025-08-04,43.16
O05279,2025-10-03,PR0059,W05,C08,West,Same Day,12,1,1,2025-10-04,21.42
O05280,2024-08-18,PR0269,W04,C06,East,Economy,11,10,11,2024-08-29,20.17
O05281,2024-03-02,PR0191,W08,C04,West,Standard,12,6,4,2024-03-06,24.14
O05282,2024-11-24,PR0056,W05,C01,West,Standard,12,6,5,2024-11-29,19.99
O05283,2024-07-16,PR0299,W07,C03,East,Economy,11,10,9,2024-07-25,16.87
O05284,2025-04-05,PR0048,W06,C08,Central,Express,9,3,5,2025-04-10,40.31
O05285,2024-05-10,PR0073,W05,C02,West,Economy,12,10,10,2024-05-20,34.03
O05286,2025-10-23,PR0010,W03,C05,South,Express,14,3,3,2025-10-26,27.25
O05287,2025-09-05,PR0039,W01,C05,Central,Same Day,10,1,1,2025-09-06,29.57
O05288,2025-05-24,PR0189,W10,C07,North,Economy,3,10,3,2025-05-27,35.49
O05289,2025-09-06,PR0026,W02,C04,North,Economy,7,10,9,2025-09-15,17.75
O05290,2024-03-08,PR0296,W06,C07,Central,Standard,12,6,3,2024-03-11,22.54
O05291,2025-12-22,PR0296,W03,C03,South,Standard,2,6,5,2025-12-27,3.0
O05292,2025-01-13,PR0177,W04,C05,East,Economy,13,10,9,2025-01-22,44.76
O05293,2024-10-14,PR0113,W08,C06,West,Same Day,8,1,1,2024-10-15,22.65
O05294,2024-11-06,PR0155,W06,C03,Central,Same Day,11,1,1,2024-11-07,34.1
O05295,2024-11-11,PR0210,W05,C06,West,Economy,14,10,10,2024-11-21,30.75
O05296,2025-01-30,PR0121,W06,C01,Central,Express,12,3,1,2025-01-31,41.2
O05297,2025-04-25,PR0167,W04,C03,East,Standard,12,6,6,2025-05-01,18.66
O05298,2025-12-09,PR0091,W05,C01,West,Same Day,1,1,1,2025-12-10,24.6
O05299,2025-06-29,PR0269,W06,C06,Central,Standard,1,6,2,2025-07-01,6.67
O05300,2024-09-14,PR0230,W07,C03,East,Same Day,1,1,1,2024-09-15,27.06
O05301,2024-10-22,PR0225,W06,C08,Central,Express,7,3,2,2024-10-24,38.21
O05302,2024-11-16,PR0101,W07,C08,East,Express,3,3,3,2024-11-19,6.02
O05303,2025-08-02,PR0219,W09,C07,South,Same Day,11,1,1,2025-08-03,18.19
O05304,2024-11-09,PR0170,W03,C02,South,Same Day,1,1,1,2024-11-10,26.17
O05305,2025-06-14,PR0189,W05,C08,West,Same Day,3,1,1,2025-06-15,30.92
O05306,2024-09-27,PR0017,W06,C08,Central,Economy,7,10,12,2024-10-09,43.76
O05307,2025-11-16,PR0228,W03,C05,South,Express,10,3,1,2025-11-17,28.55
O05308,2025-12-05,PR0108,W04,C02,East,Express,12,3,1,2025-12-06,25.38
O05309,2025-12-04,PR0069,W07,C08,,Same Day,12,1,1,2025-12-05,40.29
O05310,2024-07-28,PR0125,W08,C01,West,Express,10,3,1,2024-07-29,46.71
O05311,2024-04-30,PR0072,W07,C08,East,Express,11,3,2,2024-05-02,17.52
O05312,2024-07-29,PR0210,W06,C05,Central,Same Day,14,1,1,2024-07-30,26.89
O05313,2024-07-06,PR0061,W08,C03,West,Same Day,1,1,1,2024-07-07,30.81
O05314,2024-09-08,PR0057,W08,C07,West,Economy,12,10,12,2024-09-20,22.22
O05315,2024-10-04,PR0083,W01,C03,Central,Economy,3,10,8,2024-10-12,39.32
O05316,2025-07-04,PR0162,W07,C08,East,Express,9,3,2,2025-07-06,23.76
O05317,2024-09-17,PR0025,W01,C01,Central,Standard,11,6,9,2024-09-26,14.35
O05318,2024-09-15,PR0247,W10,C04,North,Economy,13,10,8,2024-09-23,31.36
O05319,2025-07-17,PR0170,W05,C06,West,Standard,4,6,3,2025-07-20,9.33
O05320,2024-03-09,PR0073,W09,C05,South,Same Day,2,1,1,2024-03-10,37.13
O05321,2025-05-21,PR0060,W08,C07,West,Same Day,4,1,1,2025-05-22,35.0
O05322,2025-06-07,PR0119,W06,C06,Central,Economy,9,10,9,2025-06-16,16.18
O05323,2024-07-22,PR0021,W04,C01,East,Standard,9,6,4,2024-07-26,3.0
O05324,2025-03-13,PR0252,W08,C05,West,Standard,6,6,7,2025-03-20,8.91
O05325,2025-05-02,PR0017,W05,C07,West,Economy,4,10,14,2025-05-16,28.19
O05326,2024-11-16,PR0006,W10,C06,North,Express,10,3,1,2024-11-17,21.32
O05327,2024-07-04,PR0138,W10,C01,North,Same Day,10,1,1,2024-07-05,36.22
O05328,2024-02-25,PR0034,W10,C06,North,Standard,2,6,4,2024-02-29,4.89
O05329,2024-10-11,PR0091,W10,C05,North,Same Day,1,1,1,2024-10-12,29.91
O05330,2024-05-10,PR0187,W10,C07,North,Economy,1,10,7,2024-05-17,26.34
O05331,2024-07-28,PR0291,W02,C03,North,Standard,7,6,5,2024-08-02,
O05332,2024-01-11,PR0159,W02,C02,North,Same Day,7,1,1,2024-01-12,39.04
O05333,2025-10-01,PR0245,W07,C01,East,Same Day,3,1,1,2025-10-02,23.16
O05334,2025-03-16,PR0210,W09,C02,South,Express,5,3,1,2025-03-17,7.86
O05335,2024-08-13,PR0299,W06,C07,Central,Same Day,8,1,1,2024-08-14,25.0
O05336,2025-07-19,PR0070,W07,C03,East,Express,6,3,3,2025-07-22,43.46
O05337,2024-06-04,PR0105,W10,C01,North,Same Day,1,1,1,2024-06-05,43.95
O05338,2024-08-13,PR0151,W03,C02,South,Economy,2,10,7,2024-08-20,23.17
O05339,2024-07-27,PR0141,W01,C04,Central,standard,1,6,9,2024-08-05,15.74
O05340,2024-06-13,PR0102,W02,C01,North,Same Day,2,1,1,2024-06-14,23.68
O05341,2025-05-12,PR0242,W02,C05,North,Standard,6,6,6,2025-05-18,6.48
O05342,2024-09-09,PR0161,W08,C07,West,Express,11,3,2,2024-09-11,10.03
O05343,2024-09-04,PR0271,W05,C08,West,Express,13,3,1,2024-09-05,39.88
O05344,2024-06-26,PR0263,W03,C04,South,Same Day,3,1,1,2024-06-27,39.95
O05345,2024-04-19,PR0108,W10,C02,North,Express,1,3,4,2024-04-23,26.04
O05346,2025-11-18,PR0237,W07,C07,East,Economy,9,10,16,2025-12-04,39.54
O05347,2025-08-16,PR0183,W01,C06,Central,Economy,2,10,6,2025-08-22,37.28
O05348,2025-04-01,PR0164,W09,C01,South,Express,14,3,2,2025-04-03,37.44
O05349,2024-04-12,PR0061,W02,C04,North,Economy,7,10,3,2024-04-15,10.06
O05350,2025-12-30,PR0010,W08,C04,West,Economy,3,10,7,2026-01-06,21.51
O05351,2024-06-02,PR0167,W05,C02,West,Economy,13,10,9,2024-06-11,28.44
O05352,2024-01-24,PR0209,W01,C02,Central,Same Day,13,1,1,2024-01-25,20.54
O05353,2024-07-29,PR0198,W05,C02,West,Economy,9,10,9,2024-08-07,22.59
O05354,2025-06-20,PR0093,W07,C04,East,Same Day,1,1,1,2025-06-21,32.92
O05355,2024-01-22,PR0154,W05,C06,West,Economy,14,10,8,2024-01-30,43.43
O05356,2025-03-28,PR0253,W06,C06,Central,Express,6,3,1,2025-03-29,38.81
O05357,2025-01-16,PR0025,W09,C07,South,Standard,1,6,7,2025-01-23,27.22
O05358,2025-09-07,PR0130,W08,C01,West,Express,4,3,5,2025-09-12,18.39
O05359,2025-02-17,PR0061,W03,C07,South,Express,12,3,3,2025-02-20,14.89
O05360,2024-11-17,PR0021,W04,C05,East,standard,3,10,7,2024-11-24,27.13
O05361,2024-10-07,PR0091,W09,C05,South,Same Day,12,1,1,2024-10-08,27.58
O05362,2024-08-24,PR0202,W05,C02,West,Economy,14,10,11,2024-09-04,27.36
O05363,2024-01-25,PR0012,W06,C01,Central,Express,2,3,3,2024-01-28,31.7
O05364,2025-10-22,PR0071,W10,C07,North,standard,5,10,16,2025-11-07,23.47
O05365,2025-12-31,PR0156,W02,C06,North,Economy,12,10,6,2026-01-06,34.04
O05366,2025-08-08,PR0144,W04,C08,East,Same Day,9,1,1,2025-08-09,16.28
O05367,2025-01-25,PR0211,W10,C07,North,Economy,5,10,7,2025-02-01,26.76
O05368,2025-03-22,PR0183,W05,C05,,Economy,10,10,10,2025-04-01,36.87
O05369,2024-04-01,PR0115,W05,C06,West,Same Day,5,1,1,2024-04-02,22.61
O05370,2024-12-22,PR0290,W03,C03,South,Same Day,1,1,1,2024-12-23,40.22
O05371,2025-01-10,PR0049,W07,C04,East,standard,1,10,6,2025-01-16,26.95
O05372,2024-06-10,PR0061,W09,C08,South,Express,11,3,3,2024-06-13,30.79
O05373,2025-08-22,PR0110,W06,C02,Central,Express,1,3,3,2025-08-25,31.78
O05374,2024-02-07,PR0231,W08,C03,West,Same Day,11,1,1,2024-02-08,22.52
O05375,2024-02-19,PR0290,W09,C02,South,Standard,9,6,7,2024-02-26,3.0
O05376,2025-12-25,PR0189,W03,C01,South,Standard,9,6,6,2025-12-31,5.13
O05377,2025-09-22,PR0227,W01,C06,Central,Standard,12,6,8,2025-09-30,14.38
O05378,2024-09-13,PR0069,W10,C05,North,Same Day,9,1,1,2024-09-14,33.71
O05379,2025-04-08,PR0055,W09,C03,South,Same Day,9,1,2,2025-04-10,16.98
O05380,2024-05-25,PR0063,W08,C01,West,Same Day,4,1,1,2024-05-26,23.42
O05381,2024-07-09,PR0075,W03,C05,South,Economy,11,10,9,2024-07-18,27.49
O05382,2024-11-15,PR0206,W03,C02,South,Standard,14,6,6,2024-11-21,14.7
O05383,2024-08-25,PR0234,W10,C04,North,Standard,7,6,8,2024-09-02,15.84
O05384,2025-08-09,PR0228,W09,C01,South,Same Day,9,1,1,2025-08-10,24.86
O05385,2025-07-15,PR0184,W05,C01,West,Economy,9,10,13,2025-07-28,45.32
O05386,2024-06-20,PR0143,W03,C01,South,Standard,8,6,6,2024-06-26,13.65
O05387,2024-07-19,PR0286,W01,C06,Central,Standard,5,6,3,2024-07-22,20.47
O05388,2024-03-09,PR0092,W10,C06,North,Same Day,13,1,1,2024-03-10,35.51
O05389,2024-07-02,PR0281,W06,C08,Central,Standard,11,6,5,2024-07-07,31.19
O05390,2025-04-18,PR0283,W06,C01,Central,Same Day,10,1,1,2025-04-19,34.32
O05391,2024-07-02,PR0218,W03,C03,South,Express,4,3,4,2024-07-06,16.1
O05392,2024-09-08,PR0022,W02,C04,North,Same Day,7,1,2,2024-09-10,44.54
O05393,2024-06-24,PR0107,W07,C01,East,Standard,6,6,2,2024-06-26,25.55
O05394,2025-05-27,PR0064,W06,C06,Central,Standard,12,6,7,2025-06-03,17.88
O05395,2025-02-07,PR0232,W09,C02,South,Express,2,3,3,2025-02-10,17.74
O05396,2024-02-19,PR0093,W08,C08,West,Express,4,3,3,2024-02-22,16.88
O05397,2024-05-15,PR0002,W09,C02,South,Same Day,10,1,1,2024-05-16,27.29
O05398,2025-08-10,PR0236,W04,C05,,Economy,4,10,12,2025-08-22,26.08
O05399,2024-09-08,PR0094,W08,C08,West,Express,2,3,4,2024-09-12,32.42
O05400,2025-12-28,PR0064,W02,C08,North,Express,3,3,4,2026-01-01,21.5
O05401,2024-06-14,PR0078,W06,C07,Central,Standard,13,6,8,2024-06-22,
O05402,2024-03-09,PR0278,W05,C02,West,Express,1,3,3,2024-03-12,46.9
O05403,2024-01-01,PR0007,W04,C06,East,Economy,11,10,9,2024-01-10,45.22
O05404,2025-06-25,PR0178,W08,C03,West,Economy,8,10,8,2025-07-03,40.07
O05405,2025-07-17,PR0017,W01,C03,Central,Economy,12,10,11,2025-07-28,22.67
O05406,2025-06-21,PR0231,W05,C08,West,Same Day,1,1,2,2025-06-23,45.91
O05407,2025-09-12,PR0167,W06,C03,Central,Economy,14,10,6,2025-09-18,14.51
O05408,2024-09-14,PR0015,W06,C08,Central,Economy,6,10,12,2024-09-26,36.83
O05409,2024-06-19,PR0190,W06,C05,Central,Economy,12,10,9,2024-06-28,29.7
O05410,2024-05-09,PR0255,W02,C06,North,Express,13,3,1,2024-05-10,24.32
O05411,2024-03-16,PR0295,W06,C02,Central,Same Day,11,1,1,2024-03-17,20.72
O05412,2024-11-01,PR0062,W10,C01,North,Economy,1,10,5,2024-11-06,36.59
O05413,2025-01-26,PR0284,W08,C06,West,Same Day,9,1,1,2025-01-27,30.07
O05414,2025-01-17,PR0023,W02,C03,North,Same Day,2,1,2,2025-01-19,27.96
O05415,2025-05-13,PR0289,W03,C06,South,Standard,3,6,4,2025-05-17,10.67
O05416,2024-08-08,PR0297,W05,C01,West,Express,8,3,2,2024-08-10,21.16
O05417,2025-04-05,PR0297,W06,C07,Central,Express,6,3,4,2025-04-09,19.95
O05418,2025-10-26,PR0242,W04,C04,East,Economy,12,10,9,2025-11-04,27.31
O05419,2024-09-07,PR0018,W03,C04,South,Standard,6,6,8,2024-09-15,31.77
O05420,2024-08-20,PR0185,W05,C03,West,Same Day,14,1,1,2024-08-21,34.8
O05421,2025-05-13,PR0161,W08,C01,West,Economy,14,10,9,2025-05-22,31.77
O05422,2025-12-30,PR0271,W08,C04,West,Same Day,13,1,1,2025-12-31,28.31
O05423,2024-07-28,PR0276,W05,C05,West,Express,6,3,4,2024-08-01,33.02
O05424,2025-03-01,PR0175,W10,C06,North,Express,3,3,1,2025-03-02,18.95
O05425,2024-05-29,PR0188,W02,C04,North,Same Day,11,1,1,2024-05-30,18.51
O05426,2025-01-18,PR0241,W02,C07,North,Same Day,1,1,1,2025-01-19,23.08
O05427,2025-04-21,PR0002,W05,C06,West,Economy,1,10,-2,2025-04-29,39.46
O05428,2024-03-20,PR0192,W01,C06,Central,Same Day,11,1,1,2024-03-21,18.2
O05429,2024-12-29,PR0127,W01,C06,Central,Economy,10,10,9,2025-01-07,29.88
O05430,2024-02-11,PR0085,W08,C04,West,Standard,1,6,5,2024-02-16,11.51
O05431,2024-12-26,PR0061,W04,C03,East,Express,7,3,4,2024-12-30,23.93
O05432,2024-11-13,PR0245,W01,C02,Central,Express,8,3,5,2024-11-18,22.3
O05433,2024-01-12,PR0009,W02,C04,North,Express,8,3,5,2024-01-17,19.86
O05434,2025-12-29,PR0298,W01,C08,Central,Same Day,6,1,1,2025-12-30,32.92
O05435,2024-03-02,PR0239,W10,C01,North,Express,14,3,1,2024-03-03,53.14
O05436,2025-10-07,PR0166,W06,C04,Central,Same Day,12,1,1,2025-10-08,27.67
O05437,2024-01-25,PR0080,W08,C03,West,Economy,4,10,9,2024-02-03,31.34
O05438,2024-12-08,PR0258,W01,C07,Central,Economy,5,10,5,2024-12-13,12.79
O05439,2024-12-21,PR0240,W01,C05,Central,Same Day,3,1,1,2024-12-22,23.28
O05440,2024-10-18,PR0166,W07,C03,East,Standard,1,6,4,2024-10-22,12.31
O05441,2025-06-13,PR0267,W06,C07,Central,Standard,3,6,3,2025-06-16,14.56
O05442,2025-03-24,PR0134,W08,C06,West,Economy,3,10,8,2025-04-01,48.18
O05443,2025-06-10,PR0214,W10,C03,North,Standard,7,6,5,2025-06-15,16.09
O05444,2024-06-06,PR0260,W08,C04,West,Same Day,12,1,1,2024-06-07,30.56
O05445,2025-11-07,PR0149,W08,C07,West,Same Day,9,1,1,2025-11-08,41.09
O05446,2024-05-27,PR0103,W09,C07,South,Express,10,3,4,2024-05-31,56.89
O05447,2024-04-05,PR0043,W01,C05,Central,Economy,5,10,10,2024-04-15,32.86
O05448,2024-10-09,PR0085,W08,C02,West,standard,13,3,4,2024-10-13,46.6
O05449,2024-02-12,PR0015,W02,C04,North,Same Day,12,1,2,2024-02-14,37.26
O05450,2024-01-13,PR0081,W03,C05,South,Express,11,3,2,2024-01-15,28.07
O05451,2025-03-04,PR0167,W06,C05,Central,Express,3,3,2,2025-03-06,37.54
O05452,2025-03-03,PR0216,W09,C01,South,Economy,13,10,10,2025-03-13,21.8
O05453,2025-07-14,PR0149,W06,C01,Central,Same Day,9,1,1,2025-07-15,29.54
O05454,2024-08-03,PR0103,W10,C08,North,Standard,6,6,6,2024-08-09,19.63
O05455,2024-06-16,PR0174,W02,C03,North,Same Day,4,1,1,2024-06-17,41.06
O05456,2025-05-09,PR0054,W02,C01,North,Express,4,3,7,2025-05-16,30.4
O05457,2025-04-24,PR0230,W09,C05,South,Economy,8,10,11,2025-05-05,20.13
O05458,2024-04-26,PR0138,W10,C06,North,Economy,2,10,10,2024-05-06,19.0
O05459,2024-12-16,PR0250,W01,C06,Central,Same Day,14,1,2,2024-12-18,23.81
O05460,2025-04-25,PR0025,W04,C06,East,Same Day,3,1,1,2025-04-26,21.04
O05461,2025-10-08,PR0243,W04,C06,East,Express,1,3,3,2025-10-11,20.13
O05462,2025-11-14,PR0082,W01,C01,Central,Same Day,13,1,2,2025-11-16,14.1
O05463,2025-08-31,PR0139,W03,C03,South,Express,12,3,4,2025-09-04,32.47
O05464,2024-01-23,PR0208,W08,C08,West,Economy,4,10,10,2024-02-02,36.03
O05465,2024-10-05,PR0263,W04,C04,East,Same Day,2,1,1,2024-10-06,12.16
O05466,2025-05-25,PR0260,W08,C04,West,Standard,13,6,8,2025-06-02,14.6
O05467,2025-08-28,PR0262,W07,C06,East,Same Day,9,1,1,2025-08-29,17.92
O05468,2024-04-19,PR0060,W03,C07,South,Express,6,3,4,2024-04-23,29.79
O05469,2024-08-12,PR0225,W03,C03,South,Economy,5,10,6,2024-08-18,24.25
O05470,2024-06-05,PR0299,W10,C04,North,Same Day,14,1,1,2024-06-06,50.45
O05471,2025-02-26,PR0177,W08,C08,West,Economy,6,10,8,2025-03-06,30.76
O05472,2025-08-03,PR0174,W07,C04,East,Same Day,12,1,1,2025-08-04,33.01
O05473,2024-03-24,PR0027,W09,C04,South,Express,3,3,1,2024-03-25,23.56
O05474,2025-09-30,PR0081,W05,C08,West,Standard,8,6,6,2025-10-06,7.38
O05475,2024-11-17,PR0017,W02,C08,North,Economy,14,10,7,2024-11-24,24.33
O05476,2025-02-19,PR0148,W08,C06,West,Express,4,3,2,2025-02-21,28.73
O05477,2025-02-28,PR0119,W08,C07,West,Standard,2,6,4,2025-03-04,13.35
O05478,2024-12-07,PR0084,W07,C04,East,Standard,14,6,8,2024-12-15,10.62
O05479,2024-11-11,PR0126,W09,C07,South,Economy,13,10,11,2024-11-22,30.62
O05480,2025-05-18,PR0061,W05,C08,West,Express,14,3,3,2025-05-21,36.03
O05481,2025-02-19,PR0046,W08,C05,West,Express,11,3,1,2025-02-20,22.78
O05482,2024-10-20,PR0111,W03,C01,South,Express,5,3,3,2024-10-23,37.02
O05483,2024-12-10,PR0233,W09,C07,South,Same Day,11,1,1,2024-12-11,31.96
O05484,2025-08-30,PR0103,W05,C05,West,Standard,5,6,4,2025-09-03,13.6
O05485,2024-04-13,PR0139,W10,C04,North,Standard,2,6,5,2024-04-18,19.1
O05486,2024-01-09,PR0162,W03,C06,South,Economy,9,10,8,2024-01-17,35.66
O05487,2025-05-19,PR0215,W02,C08,North,Express,4,3,2,2025-05-21,21.75
O05488,2024-02-22,PR0077,W02,C06,North,Economy,4,10,9,2024-03-02,27.74
O05489,2024-06-30,PR0185,W10,C08,,Express,2,3,1,2024-07-01,44.94
O05490,2024-10-25,PR0058,W07,C03,East,Same Day,13,1,1,2024-10-26,37.07
O05491,2025-11-13,PR0276,W06,C05,Central,Standard,8,6,8,2025-11-21,25.17
O05492,2024-02-11,PR0119,W03,C07,South,Same Day,6,1,2,2024-02-13,27.49
O05493,2024-12-04,PR0145,W10,C08,North,Standard,1,6,2,2024-12-06,49.84
O05494,2025-08-19,PR0093,W10,C05,North,Standard,1,6,6,2025-08-25,8.61
O05495,2025-09-21,PR0048,W02,C02,North,Express,12,3,3,2025-09-24,28.7
O05496,2024-06-23,PR0289,W05,C03,West,Economy,5,10,9,2024-07-02,19.34
O05497,2024-04-20,PR0199,W04,C08,East,Same Day,1,1,1,2024-04-21,28.93
O05498,2025-09-22,PR0300,W01,C04,Central,Standard,11,6,5,2025-09-27,13.24
O05499,2025-09-19,PR0193,W07,C06,East,Express,11,3,3,2025-09-22,44.97
O05500,2024-03-07,PR0136,W08,C05,West,Same Day,8,1,1,2024-03-08,32.01
O05501,2024-06-10,PR0248,W06,C01,Central,Standard,5,6,6,2024-06-16,11.13
O05502,2025-05-23,PR0050,W06,C04,Central,Express,13,3,4,2025-05-27,30.62
O05503,2025-12-06,PR0280,W04,C07,East,Standard,1,6,6,2025-12-12,13.64
O05504,2025-02-06,PR0211,W04,C05,East,Express,14,3,2,2025-02-08,36.35
O05505,2025-12-12,PR0125,W08,C04,West,Economy,5,10,10,2025-12-22,17.94
O05506,2025-01-02,PR0208,W01,C07,Central,Same Day,13,1,1,2025-01-03,25.72
O05507,2024-10-27,PR0269,W08,C05,West,Economy,10,10,11,2024-11-07,20.73
O05508,2024-08-28,PR0236,W04,C03,East,Same Day,2,1,1,2024-08-29,37.98
O05509,2024-08-03,PR0227,W09,C02,South,Economy,1,10,9,2024-08-12,46.82
O05510,2024-06-01,PR0251,W09,C07,South,Standard,14,6,6,2024-06-07,25.81
O05511,2024-03-22,PR0225,W10,C02,North,Standard,1,6,4,2024-03-26,16.19
O05512,2024-05-31,PR0060,W10,C03,North,Economy,1,10,14,2024-06-14,26.03
O05513,2024-05-09,PR0103,W09,C07,South,Standard,4,6,6,2024-05-15,10.85
O05514,2024-10-16,PR0290,W04,C08,East,Same Day,14,1,1,2024-10-17,37.27
O05515,2025-08-16,PR0035,W03,C04,South,Economy,14,10,12,2025-08-28,23.26
O05516,2025-03-21,PR0132,W08,C08,West,Standard,2,6,2,2025-03-23,3.0
O05517,2025-10-21,PR0054,W01,C08,Central,Same Day,13,1,1,2025-10-22,38.62
O05518,2025-12-27,PR0186,W03,C03,South,Economy,13,10,13,2026-01-09,32.51
O05519,2025-11-02,PR0233,W10,C04,North,Same Day,5,1,1,2025-11-03,31.12
O05520,2024-06-09,PR0085,W08,C03,West,Express,5,3,2,2024-06-11,26.14
O05521,2024-12-19,PR0152,W02,C04,North,Standard,4,6,7,2024-12-26,13.46
O05522,2024-02-02,PR0032,W07,C06,East,Economy,4,10,10,2024-02-12,42.16
O05523,2024-07-10,PR0217,W05,C08,West,Economy,4,10,11,2024-07-21,41.86
O05524,2025-11-05,PR0028,W08,C01,West,Same Day,14,1,1,2025-11-06,36.26
O05525,2025-04-05,PR0127,W09,C06,South,Same Day,8,1,1,2025-04-06,29.9
O05526,2025-12-25,PR0288,W05,C01,West,Same Day,13,1,2,2025-12-27,22.14
O05527,2025-08-03,PR0053,W03,C01,South,Standard,5,6,3,2025-08-06,12.94
O05528,2024-06-17,PR0276,W04,C03,East,Economy,1,10,10,2024-06-27,12.23
O05529,2024-04-05,PR0231,W08,C01,West,Same Day,12,1,1,2024-04-06,18.54
O05530,2024-05-31,PR0266,W10,C05,North,Express,6,3,1,2024-06-01,34.3
O05531,2024-09-02,PR0155,W06,C03,Central,Economy,3,10,13,2024-09-15,34.46
O05532,2024-10-11,PR0213,W03,C03,South,Express,2,3,1,2024-10-12,25.21
O05533,2025-03-03,PR0039,W10,C05,North,Standard,3,6,5,2025-03-08,13.52
O05534,2025-10-08,PR0185,W04,C07,East,Same Day,10,1,1,2025-10-09,41.69
O05535,2025-09-21,PR0048,W07,C02,East,Same Day,12,1,1,2025-09-22,36.63
O05536,2024-01-03,PR0206,W10,C08,North,Economy,1,10,8,2024-01-11,36.87
O05537,2025-05-28,PR0182,W03,C08,South,Express,6,3,1,2025-05-29,34.26
O05538,2024-05-31,PR0118,W07,C06,East,Same Day,13,1,1,2024-06-01,32.85
O05539,2025-06-27,PR0167,W08,C03,West,Express,6,3,2,2025-06-29,24.59
O05540,2025-03-21,PR0017,W10,C08,North,Economy,7,10,4,2025-03-25,26.46
O05541,2025-08-28,PR0017,W06,C07,Central,Same Day,9,1,1,2025-08-29,28.64
O05542,2025-07-05,PR0183,W05,C01,West,Standard,2,6,4,2025-07-09,6.43
O05543,2024-10-18,PR0103,W04,C06,East,Standard,4,6,9,2024-10-27,33.55
O05544,2025-02-21,PR0188,W06,C07,Central,Standard,7,6,4,2025-02-25,14.33
O05545,2025-04-30,PR0021,W05,C05,West,standard,11,10,10,2025-05-10,21.72
O05546,2025-09-15,PR0108,W06,C05,Central,Express,7,3,2,2025-09-17,21.19
O05547,2024-11-18,PR0038,W01,C01,Central,Express,11,3,6,2024-11-24,33.26
O05548,2025-04-05,PR0003,W04,C04,East,Same Day,2,1,1,2025-04-06,32.2
O05549,2025-10-29,PR0102,W02,C02,North,Express,8,3,4,2025-11-02,31.54
O05550,2025-11-15,PR0266,W01,C03,Central,Same Day,11,1,1,2025-11-16,35.65
O05551,2025-02-08,PR0059,W04,C07,East,Standard,10,6,10,2025-02-18,28.36
O05552,2025-06-27,PR0172,W09,C07,South,Standard,9,6,4,2025-07-01,20.23
O05553,2024-08-15,PR0071,W05,C07,West,Express,11,3,1,2024-08-16,26.19
O05554,2025-02-10,PR0194,W02,C03,North,Economy,14,10,8,2025-02-18,24.55
O05555,2024-02-18,PR0209,W02,C04,North,Same Day,9,1,1,2024-02-19,33.97
O05556,2025-07-02,PR0212,W06,C07,Central,Economy,3,10,10,2025-07-12,32.78
O05557,2024-01-17,PR0172,W01,C03,Central,Same Day,3,1,1,2024-01-18,38.36
O05558,2025-09-06,PR0234,W10,C06,North,Economy,2,10,9,2025-09-15,30.62
O05559,2025-08-17,PR0172,W03,C03,South,Same Day,3,1,1,2025-08-18,28.04
O05560,2024-04-28,PR0033,W03,C04,South,Economy,13,10,10,2024-05-08,28.84
O05561,2025-07-28,PR0155,W07,C08,East,Express,11,3,5,2025-08-02,14.75
O05562,2025-07-12,PR0168,W09,C03,South,Standard,11,6,6,2025-07-18,22.41
O05563,2025-12-02,PR0212,W08,C05,West,Standard,3,6,5,2025-12-07,24.73
O05564,2024-12-02,PR0033,W09,C04,South,Economy,2,10,11,2024-12-13,29.1
O05565,2024-01-22,PR0290,W02,C03,North,Express,14,3,-2,2024-01-25,18.72
O05566,2024-09-21,PR0015,W03,C01,South,Same Day,7,1,1,2024-09-22,40.97
O05567,2025-11-18,PR0061,W04,C04,East,Economy,10,10,16,2025-12-04,47.16
O05568,2024-06-14,PR0134,W05,C07,West,Express,7,3,3,2024-06-17,33.53
O05569,2024-06-16,PR0129,W04,C01,East,Standard,11,6,4,2024-06-20,25.43
O05570,2024-10-22,PR0136,W07,C08,East,Standard,7,6,4,2024-10-26,8.93
O05571,2024-03-19,PR0164,W09,C02,South,Standard,6,6,6,2024-03-25,10.29
O05572,2024-01-04,PR0189,W03,C03,South,Standard,7,6,5,2024-01-09,20.45
O05573,2024-10-03,PR0260,W09,C01,South,Standard,6,6,4,2024-10-07,18.54
O05574,2025-04-07,PR0180,W07,C05,East,Standard,2,6,4,2025-04-11,3.0
O05575,2025-05-27,PR0028,W06,C04,Central,Economy,12,10,10,2025-06-06,46.91
O05576,2025-06-07,PR0032,W10,C03,North,Economy,8,10,9,2025-06-16,37.07
O05577,2025-11-15,PR0054,W06,C08,Central,Same Day,14,1,1,2025-11-16,29.51
O05578,2024-03-26,PR0202,W07,C06,East,Standard,2,6,5,2024-03-31,35.42
O05579,2024-12-27,PR0239,W09,C05,South,Economy,6,10,-2,2025-01-06,35.9
O05580,2024-07-12,PR0046,W06,C08,Central,Same Day,3,1,1,2024-07-13,20.51
O05581,2024-01-19,PR0116,W06,C01,Central,Standard,10,6,2,2024-01-21,14.63
O05582,2024-03-05,PR0049,W03,C04,South,Express,7,3,3,2024-03-08,20.07
O05583,2024-12-16,PR0137,W09,C02,South,Express,4,3,3,2024-12-19,21.42
O05584,2025-05-05,PR0294,W04,C04,East,Standard,6,6,6,2025-05-11,14.15
O05585,2024-12-14,PR0054,W08,C07,West,Economy,11,10,11,2024-12-25,19.98
O05586,2024-04-16,PR0239,W01,C03,Central,Economy,8,10,7,2024-04-23,39.17
O05587,2024-08-05,PR0280,W09,C05,South,Express,2,3,3,2024-08-08,26.81
O05588,2025-09-27,PR0001,W08,C04,West,Standard,12,6,6,2025-10-03,36.71
O05589,2024-08-20,PR0270,W05,C02,West,Economy,12,10,5,2024-08-25,27.24
O05590,2025-01-31,PR0107,W04,C07,East,Same Day,10,1,1,2025-02-01,23.05
O05591,2024-07-22,PR0214,W02,C05,North,Standard,12,6,3,2024-07-25,10.38
O05592,2025-04-08,PR0255,W09,C05,South,Standard,9,6,4,2025-04-12,20.06
O05593,2025-08-07,PR0192,W04,C06,East,Standard,11,6,7,2025-08-14,10.91
O05594,2025-11-11,PR0181,W04,C06,East,Same Day,11,1,1,2025-11-12,39.82
O05595,2025-03-01,PR0192,W02,C06,North,Same Day,14,1,1,2025-03-02,22.14
O05596,2025-04-19,PR0219,W10,C05,North,Express,8,3,2,2025-04-21,42.5
O05597,2024-04-08,PR0161,W01,C02,Central,Standard,10,6,3,2024-04-11,8.02
O05598,2025-08-30,PR0283,W09,C06,South,Economy,6,10,6,2025-09-05,46.06
O05599,2025-05-21,PR0292,W06,C06,Central,Same Day,14,1,1,2025-05-22,34.49
O05600,2024-05-02,PR0268,W06,C04,Central,Standard,6,6,6,2024-05-08,18.12
O05601,2025-10-15,PR0029,W07,C08,East,Express,10,3,2,2025-10-17,30.19
O05602,2024-11-15,PR0241,W06,C04,Central,Economy,11,10,10,2024-11-25,26.03
O05603,2024-10-27,PR0043,W02,C05,North,Standard,13,6,5,2024-11-01,10.53
O05604,2024-02-26,PR0100,W07,C07,East,Express,4,3,2,2024-02-28,21.76
O05605,2025-12-13,PR0278,W04,C08,East,Economy,1,10,11,2025-12-24,45.29
O05606,2024-06-05,PR0122,W04,C06,East,Same Day,6,1,1,2024-06-06,28.68
O05607,2025-02-25,PR0178,W02,C06,North,Same Day,5,1,1,2025-02-26,35.47
O05608,2024-03-17,PR0291,W05,C08,West,Same Day,13,1,2,2024-03-19,25.03
O05609,2024-11-03,PR0181,W05,C02,West,Standard,6,6,4,2024-11-07,12.5
O05610,2024-01-27,PR0171,W04,C04,East,Same Day,1,1,1,2024-01-28,31.63
O05611,2024-07-08,PR0005,W02,C08,North,Express,11,3,2,2024-07-10,31.76
O05612,2025-06-21,PR0196,W06,C02,Central,Standard,2,6,5,2025-06-26,23.5
O05613,2025-01-06,PR0239,W10,C08,North,Standard,2,6,3,2025-01-09,20.83
O05614,2024-09-27,PR0135,W04,C04,East,Same Day,5,1,1,2024-09-28,20.56
O05615,2024-05-06,PR0167,W03,C05,South,Express,6,3,3,2024-05-09,29.3
O05616,2025-08-19,PR0271,W10,C05,North,Express,10,3,1,2025-08-20,34.65
O05617,2024-02-20,PR0153,W07,C02,East,Same Day,6,1,2,2024-02-22,21.83
O05618,2025-07-17,PR0048,W06,C07,Central,Standard,8,6,5,2025-07-22,21.58
O05619,2025-12-30,PR0008,W01,C04,Central,Same Day,8,1,1,2025-12-31,47.45
O05620,2025-07-19,PR0055,W07,C03,East,Standard,13,6,4,2025-07-23,25.05
O05621,2025-02-17,PR0191,W02,C07,North,Same Day,11,1,1,2025-02-18,32.7
O05622,2025-03-06,PR0035,W10,C02,North,Same Day,12,1,1,2025-03-07,26.96
O05623,2024-10-02,PR0062,W10,C01,North,Express,10,3,1,2024-10-03,18.39
O05624,2024-03-11,PR0043,W10,C08,North,Standard,1,6,7,2024-03-18,29.81
O05625,2024-04-19,PR0238,W05,C07,West,Standard,2,6,5,2024-04-24,3.0
O05626,2025-04-25,PR0123,W07,C02,East,Economy,6,10,12,2025-05-07,23.24
O05627,2025-07-08,PR0118,W10,C02,North,Same Day,14,1,1,2025-07-09,22.52
O05628,2024-06-11,PR0283,W01,C05,Central,Express,5,3,2,2024-06-13,22.89
O05629,2024-03-24,PR0002,W07,C07,East,Express,10,3,1,2024-03-25,36.61
O05630,2024-07-08,PR0002,W01,C08,Central,Standard,8,6,8,2024-07-16,3.0
O05631,2025-10-07,PR0069,W10,C08,North,Economy,8,10,13,2025-10-20,30.2
O05632,2024-08-11,PR0226,W09,C04,South,Express,7,3,3,2024-08-14,34.97
O05633,2025-11-29,PR0039,W01,C01,Central,Express,1,3,3,2025-12-02,21.42
O05634,2025-02-21,PR0212,W10,C01,North,Same Day,12,1,1,2025-02-22,24.46
O05635,2025-08-13,PR0095,W09,C08,South,Economy,9,10,6,2025-08-19,28.7
O05636,2025-07-14,PR0052,W09,C02,South,Standard,4,6,4,2025-07-18,18.84
O05637,2025-03-16,PR0161,W03,C04,South,Economy,1,10,10,2025-03-26,35.38
O05638,2024-07-16,PR0111,W01,C07,Central,Same Day,12,1,1,2024-07-17,29.4
O05639,2024-12-18,PR0256,W09,C04,South,Economy,11,10,11,2024-12-29,18.18
O05640,2025-08-27,PR0071,W08,C08,West,Same Day,6,1,2,2025-08-29,34.22
O05641,2024-10-02,PR0181,W03,C04,South,Standard,5,6,4,2024-10-06,3.0
O05642,2025-12-24,PR0023,W08,C07,West,Same Day,9,1,1,2025-12-25,26.8
O05643,2025-10-25,PR0113,W06,C06,Central,Economy,12,10,13,2025-11-07,27.86
O05644,2024-01-02,PR0236,W10,C05,North,Economy,5,10,10,2024-01-12,44.6
O05645,2025-08-27,PR0231,W09,C07,South,Same Day,9,1,1,2025-08-28,33.34
O05646,2025-12-08,PR0255,W03,C08,South,Express,5,3,4,2025-12-12,22.11
O05647,2025-10-18,PR0183,W06,C03,Central,Standard,5,6,3,2025-10-21,30.93
O05648,2025-11-18,PR0297,W03,C06,South,Express,11,3,5,2025-11-23,30.2
O05649,2025-12-29,PR0080,W02,C04,North,Express,7,3,1,2025-12-30,15.19
O05650,2024-09-12,PR0120,W02,C08,North,Standard,10,6,2,2024-09-14,18.5
O05651,2025-12-01,PR0083,W08,C04,West,Express,12,3,3,2025-12-04,19.99
O05652,2024-08-11,PR0128,W04,C05,East,Standard,14,6,6,2024-08-17,15.23
O05653,2025-08-11,PR0206,W10,C03,North,Express,14,3,4,2025-08-15,19.56
O05654,2024-04-23,PR0170,W10,C03,North,Economy,10,10,10,2024-05-03,35.05
O05655,2024-04-19,PR0125,W07,C01,East,Express,8,3,6,2024-04-25,22.11
O05656,2025-04-02,PR0188,W03,C06,South,Express,1,3,3,2025-04-05,19.2
O05657,2025-10-25,PR0098,W02,C04,North,Same Day,7,1,1,2025-10-26,28.16
O05658,2024-11-28,PR0113,W05,C03,West,Economy,11,10,14,2024-12-12,27.57
O05659,2025-11-06,PR0235,W01,C08,Central,Same Day,6,1,2,2025-11-08,38.11
O05660,2025-03-30,PR0194,W03,C05,South,Express,12,3,1,2025-03-31,18.37
O05661,2024-07-30,PR0179,W05,C01,West,Same Day,13,1,1,2024-07-31,32.75
O05662,2024-07-11,PR0242,W03,C03,South,Economy,14,10,11,2024-07-22,25.42
O05663,2025-05-15,PR0249,W04,C03,,Economy,3,10,11,2025-05-26,16.54
O05664,2024-02-20,PR0148,W04,C04,East,Standard,12,6,4,2024-02-24,20.01
O05665,2025-03-19,PR0129,W05,C07,West,Express,1,3,1,2025-03-20,23.14
O05666,2024-03-03,PR0239,W02,C07,North,Economy,3,10,8,2024-03-11,24.46
O05667,2025-06-20,PR0176,W04,C01,East,Express,12,3,1,2025-06-21,33.51
O05668,2025-02-27,PR0033,W02,C03,North,Same Day,7,1,1,2025-02-28,21.06
O05669,2024-05-24,PR0153,W04,C01,East,Same Day,7,1,1,2024-05-25,31.43
O05670,2024-06-30,PR0025,W08,C06,West,Standard,5,6,4,2024-07-04,24.04
O05671,2025-04-29,PR0103,W06,C01,Central,Standard,13,6,7,2025-05-06,15.22
O05672,2025-08-23,PR0188,W05,C02,West,Same Day,1,1,1,2025-08-24,28.8
O05673,2024-11-06,PR0002,W03,C07,South,Economy,3,10,14,2024-11-20,35.17
O05674,2024-07-24,PR0278,W04,C07,East,Economy,8,10,10,2024-08-03,51.04
O05675,2025-02-03,PR0031,W07,C07,East,Express,11,3,3,2025-02-06,33.38
O05676,2025-05-06,PR0105,W03,C01,South,Economy,5,10,3,2025-05-09,19.25
O05677,2024-05-16,PR0199,W02,C05,North,Express,8,3,1,2024-05-17,25.55
O05678,2025-10-22,PR0090,W05,C08,West,Economy,10,10,13,2025-11-04,36.36
O05679,2024-08-12,PR0164,W06,C04,Central,Express,10,3,4,2024-08-16,36.87
O05680,2024-04-22,PR0229,W07,C01,East,Same Day,2,1,1,2024-04-23,36.11
O05681,2025-06-18,PR0108,W07,C04,East,Standard,10,6,4,2025-06-22,14.26
O05682,2024-10-05,PR0199,W06,C05,Central,Same Day,1,1,1,2024-10-06,29.23
O05683,2025-02-17,PR0187,W02,C04,North,Standard,12,6,5,2025-02-22,9.9
O05684,2025-08-03,PR0065,W02,C03,North,Express,9,3,3,2025-08-06,34.66
O05685,2024-10-16,PR0040,W04,C06,East,Express,5,3,2,2024-10-18,45.44
O05686,2025-11-15,PR0135,W01,C02,,Express,6,3,3,2025-11-18,37.24
O05687,2025-10-04,PR0242,W08,C06,West,Standard,14,6,7,2025-10-11,18.16
O05688,2024-06-01,PR0218,W02,C05,North,Same Day,7,1,2,2024-06-03,50.34
O05689,2025-12-07,PR0248,W06,C07,Central,Economy,13,10,7,2025-12-14,22.48
O05690,2025-08-04,PR0191,W04,C06,East,Standard,4,6,3,2025-08-07,21.88
O05691,2025-05-07,PR0167,W03,C05,South,Express,6,3,4,2025-05-11,26.48
O05692,2024-04-21,PR0270,W07,C01,East,Economy,12,10,6,2024-04-27,31.79
O05693,2024-09-14,PR0229,W04,C03,East,Express,10,3,3,2024-09-17,21.09
O05694,2025-10-05,PR0116,W05,C01,West,Same Day,3,1,1,2025-10-06,26.44
O05695,2024-04-08,PR0035,W05,C05,West,Economy,5,10,8,2024-04-16,25.52
O05696,2025-10-01,PR0022,W03,C04,South,Express,12,3,3,2025-10-04,41.13
O05697,2024-11-28,PR0175,W02,C07,North,Same Day,14,1,1,2024-11-29,35.38
O05698,2024-12-31,PR0071,W05,C05,West,Express,11,3,3,2025-01-03,23.7
O05699,2025-06-29,PR0227,W04,C01,East,Economy,12,10,3,2025-07-02,19.77
O05700,2024-08-21,PR0055,W05,C01,West,Standard,12,6,4,2024-08-25,33.54
O05701,2025-12-07,PR0238,W02,C05,North,Standard,14,6,6,2025-12-13,20.39
O05702,2025-08-01,PR0091,W09,C07,South,Express,8,3,3,2025-08-04,26.09
O05703,2025-02-24,PR0122,W02,C04,North,Express,10,3,3,2025-02-27,35.18
O05704,2025-04-23,PR0274,W05,C02,West,Standard,2,6,6,2025-04-29,3.0
O05705,2024-04-15,PR0051,W01,C07,Central,Economy,7,10,6,2024-04-21,12.64
O05706,2024-05-18,PR0135,W03,C04,South,Express,9,3,4,2024-05-22,28.79
O05707,2024-08-11,PR0217,W07,C03,East,Standard,11,6,6,2024-08-17,26.3
O05708,2024-02-07,PR0071,W07,C02,East,Standard,10,6,4,2024-02-11,10.33
O05709,2025-08-24,PR0166,W08,C06,West,Standard,2,6,2,2025-08-26,19.9
O05710,2024-10-14,PR0087,W06,C01,Central,Economy,13,10,6,2024-10-20,36.24
O05711,2024-08-02,PR0157,W02,C02,North,Same Day,8,1,1,2024-08-03,22.09
O05712,2024-08-30,PR0262,W01,C06,Central,Standard,8,6,4,2024-09-03,18.45
O05713,2024-04-05,PR0247,W04,C03,East,Express,11,3,1,2024-04-06,12.71
O05714,2024-02-15,PR0035,W05,C08,West,standard,11,1,1,2024-02-16,19.61
O05715,2025-07-08,PR0157,W03,C03,South,Standard,10,6,7,2025-07-15,5.62
O05716,2025-05-16,PR0298,W03,C04,South,Economy,9,10,7,2025-05-23,23.09
O05717,2024-12-04,PR0248,W02,C08,North,Standard,11,6,6,2024-12-10,9.91
O05718,2025-05-30,PR0092,W06,C01,Central,Express,9,3,3,2025-06-02,24.52
O05719,2025-08-12,PR0098,W04,C03,East,Standard,2,6,4,2025-08-16,9.28
O05720,2025-03-13,PR0292,W04,C08,East,Same Day,7,1,1,2025-03-14,36.71
O05721,2025-04-08,PR0218,W01,C06,Central,Express,8,3,5,2025-04-13,34.12
O05722,2024-01-28,PR0159,W02,C04,North,Standard,12,6,7,2024-02-04,28.31
O05723,2025-11-14,PR0050,W07,C08,East,Express,7,3,2,2025-11-16,13.39
O05724,2024-06-25,PR0114,W09,C08,South,Express,14,3,1,2024-06-26,14.77
O05725,2024-02-16,PR0164,W03,C06,South,Express,8,3,3,2024-02-19,25.57
O05726,2024-08-02,PR0020,W09,C03,South,Express,1,3,4,2024-08-06,28.84
O05727,2024-10-29,PR0226,W08,C07,West,Standard,10,6,2,2024-10-31,11.16
O05728,2025-11-08,PR0055,W08,C07,West,Express,5,3,1,2025-11-09,25.25
O05729,2025-09-25,PR0188,W09,C06,South,Standard,2,6,4,2025-09-29,21.42
O05730,2024-04-30,PR0193,W03,C03,South,Same Day,2,1,1,2024-05-01,40.19
O05731,2025-10-04,PR0036,W04,C05,East,Economy,7,10,7,2025-10-11,41.21
O05732,2024-06-06,PR0233,W10,C04,North,Express,13,3,2,2024-06-08,28.1
O05733,2025-04-30,PR0293,W05,C07,West,Standard,12,6,8,2025-05-08,17.52
O05734,2024-06-24,PR0196,W07,C05,East,Standard,3,6,6,2024-06-30,21.73
O05735,2025-06-29,PR0171,W09,C02,South,Economy,14,10,8,2025-07-07,36.41
O05736,2024-04-21,PR0003,W10,C06,North,Express,13,3,1,2024-04-22,29.32
O05737,2024-08-04,PR0108,W10,C03,North,Express,7,3,1,2024-08-05,14.85
O05738,2025-03-01,PR0256,W02,C01,North,Economy,12,10,9,2025-03-10,33.11
O05739,2024-08-22,PR0274,W09,C08,South,Same Day,4,1,1,2024-08-23,32.93
O05740,2025-12-31,PR0050,W01,C07,Central,Same Day,1,1,1,2026-01-01,19.49
O05741,2025-04-08,PR0211,W03,C04,South,Express,13,3,5,2025-04-13,39.94
O05742,2025-04-04,PR0248,W05,C04,West,Express,2,3,3,2025-04-07,19.21
O05743,2025-09-17,PR0081,W05,C01,West,Same Day,8,1,1,2025-09-18,9.62
O05744,2024-11-19,PR0096,W07,C03,East,Express,1,3,3,2024-11-22,14.95
O05745,2024-01-21,PR0233,W03,C04,South,Economy,4,10,11,2024-02-01,25.64
O05746,2024-10-29,PR0053,W05,C01,West,Economy,11,10,8,2024-11-06,31.46
O05747,2024-04-03,PR0269,W06,C08,Central,Standard,10,6,4,2024-04-07,
O05748,2025-12-12,PR0025,W09,C03,South,Standard,12,6,2,2025-12-14,11.63
O05749,2024-08-23,PR0257,W06,C08,Central,Standard,6,6,7,2024-08-30,13.37
O05750,2025-07-27,PR0041,W08,C08,West,Economy,1,10,10,2025-08-06,28.15
O05751,2025-10-27,PR0180,W01,C05,Central,Express,11,3,1,2025-10-28,32.13
O05752,2024-02-24,PR0016,W06,C07,Central,Express,7,3,1,2024-02-25,26.27
O05753,2025-07-05,PR0293,W03,C06,South,Express,6,3,3,2025-07-08,41.22
O05754,2024-09-03,PR0162,W10,C02,North,Standard,2,6,4,2024-09-07,24.94
O05755,2024-09-04,PR0005,W06,C03,Central,Standard,5,6,6,2024-09-10,17.59
O05756,2024-12-13,PR0089,W01,C06,Central,Standard,3,6,6,2024-12-19,23.21
O05757,2024-09-22,PR0029,W07,C01,East,Same Day,1,1,1,2024-09-23,35.73
O05758,2025-07-16,PR0283,W03,C01,South,Express,14,3,5,2025-07-21,33.19
O05759,2024-02-15,PR0212,W08,C02,West,Economy,10,10,15,2024-03-01,29.27
O05760,2024-07-29,PR0026,W03,C08,South,Express,3,3,2,2024-07-31,33.89
O05761,2025-12-16,PR0185,W02,C08,North,Express,14,3,3,2025-12-19,32.69
O05762,2025-10-01,PR0162,W05,C05,West,Standard,13,6,5,2025-10-06,28.31
O05763,2025-03-08,PR0096,W01,C04,Central,Standard,5,6,5,2025-03-13,25.73
O05764,2024-11-25,PR0166,W08,C01,West,Express,5,3,3,2024-11-28,43.34
O05765,2025-11-28,PR0257,W04,C08,East,Same Day,9,1,1,2025-11-29,19.14
O05766,2024-01-31,PR0266,W10,C08,North,Standard,13,6,13,2024-02-13,26.58
O05767,2024-01-28,PR0262,W02,C01,North,Standard,3,6,2,2024-01-30,23.79
O05768,2024-03-26,PR0123,W07,C01,East,Express,2,3,4,2024-03-30,23.77
O05769,2025-10-14,PR0008,W06,C06,Central,Standard,8,6,6,2025-10-20,26.76
O05770,2024-03-25,PR0073,W03,C03,South,Economy,1,10,7,2024-04-01,44.31
O05771,2024-04-10,PR0172,W08,C08,West,Same Day,11,1,1,2024-04-11,18.29
O05772,2024-02-28,PR0294,W01,C04,Central,Standard,1,6,-2,2024-03-03,12.79
O05773,2024-06-02,PR0148,W07,C01,East,Same Day,1,1,2,2024-06-04,26.25
O05774,2025-01-23,PR0149,W02,C05,North,Same Day,6,1,1,2025-01-24,32.59
O05775,2024-10-26,PR0083,W07,C08,East,Express,7,3,3,2024-10-29,38.3
O05776,2024-03-28,PR0037,W01,C08,Central,Express,9,3,1,2024-03-29,31.25
O05777,2025-09-06,PR0020,W01,C03,Central,Economy,4,10,5,2025-09-11,27.35
O05778,2024-10-21,PR0187,W05,C06,West,Standard,13,6,7,2024-10-28,32.94
O05779,2024-06-03,PR0191,W03,C04,South,Same Day,8,1,1,2024-06-04,37.46
O05780,2025-05-28,PR0192,W01,C03,Central,Standard,2,6,2,2025-05-30,10.81
O05781,2024-11-17,PR0214,W05,C08,West,Economy,5,10,8,2024-11-25,26.0
O05782,2024-02-11,PR0226,W01,C06,Central,Economy,2,10,11,2024-02-22,25.1
O05783,2025-04-23,PR0060,W10,C01,North,Standard,13,6,4,2025-04-27,3.0
O05784,2025-09-05,PR0274,W02,C04,North,Standard,3,6,5,2025-09-10,9.08
O05785,2025-11-08,PR0055,W04,C02,East,Express,4,3,3,2025-11-11,24.31
O05786,2025-01-21,PR0190,W04,C03,East,Same Day,5,1,2,2025-01-23,29.29
O05787,2024-03-31,PR0063,W04,C06,East,Same Day,1,1,1,2024-04-01,41.98
O05788,2025-06-26,PR0070,W03,C02,South,Economy,12,10,4,2025-06-30,13.41
O05789,2025-01-21,PR0138,W06,C04,Central,Standard,1,6,4,2025-01-25,38.71
O05790,2024-08-29,PR0117,W05,C04,West,Express,13,3,1,2024-08-30,16.55
O05791,2024-10-02,PR0133,W06,C03,Central,Express,11,3,3,2024-10-05,27.41
O05792,2024-11-25,PR0040,W04,C05,East,Standard,10,6,5,2024-11-30,3.31
O05793,2025-01-09,PR0037,W04,C05,East,Express,3,3,6,2025-01-15,34.17
O05794,2025-08-13,PR0075,W05,C05,West,Standard,4,6,3,2025-08-16,25.0
O05795,2025-07-19,PR0199,W02,C08,North,Economy,4,10,7,2025-07-26,22.75
O05796,2024-02-24,PR0265,W08,C02,West,Express,8,3,2,2024-02-26,42.9
O05797,2024-09-03,PR0158,W05,C08,West,Economy,5,10,14,2024-09-17,31.35
O05798,2025-09-24,PR0183,W07,C06,East,Standard,3,6,5,2025-09-29,18.57
O05799,2025-10-01,PR0076,W06,C05,Central,Express,5,3,1,2025-10-02,36.69
O05800,2024-05-08,PR0213,W10,C06,North,Standard,3,6,7,2024-05-15,15.68
O05801,2024-10-01,PR0271,W02,C04,North,Standard,2,6,4,2024-10-05,31.54
O05802,2025-02-05,PR0016,W04,C01,East,Standard,13,6,9,2025-02-14,12.53
O05803,2025-07-23,PR0207,W06,C06,Central,Standard,8,6,3,2025-07-26,15.73
O05804,2024-09-24,PR0258,W04,C01,East,Express,11,3,2,2024-09-26,35.89
O05805,2025-07-14,PR0096,W05,C04,West,Economy,6,10,6,2025-07-20,31.12
O05806,2024-09-11,PR0108,W01,C05,Central,Express,10,3,1,2024-09-12,30.95
O05807,2025-01-22,PR0194,W03,C02,South,Standard,7,6,6,2025-01-28,30.5
O05808,2025-02-13,PR0014,W04,C07,East,Express,9,3,3,2025-02-16,34.4
O05809,2024-06-07,PR0297,W10,C02,North,Express,1,3,5,2024-06-12,33.1
O05810,2025-12-14,PR0078,W05,C05,West,Same Day,11,1,1,2025-12-15,25.92
O05811,2024-06-23,PR0111,W01,C02,Central,Same Day,4,1,1,2024-06-24,
O05812,2025-02-21,PR0109,W07,C01,East,Express,8,3,4,2025-02-25,19.73
O05813,2024-01-22,PR0050,W09,C08,South,Economy,6,10,11,2024-02-02,34.6
O05814,2024-05-13,PR0056,W07,C04,East,Economy,10,10,3,2024-05-16,33.91
O05815,2024-08-07,PR0217,W02,C06,North,Same Day,14,1,1,2024-08-08,25.03
O05816,2024-09-14,PR0056,W02,C05,North,Economy,12,10,13,2024-09-27,18.32
O05817,2024-02-11,PR0050,W08,C02,West,Same Day,8,1,1,2024-02-12,37.87
O05818,2025-10-08,PR0231,W05,C05,West,Express,13,3,2,2025-10-10,26.77
O05819,2024-12-29,PR0194,W04,C04,East,Same Day,11,1,1,2024-12-30,34.65
O05820,2024-02-13,PR0053,W03,C03,South,Economy,2,10,11,2024-02-24,8.7
O05821,2024-08-22,PR0046,W07,C04,East,Same Day,11,1,1,2024-08-23,14.46
O05822,2025-07-10,PR0005,W09,C03,South,Same Day,1,1,1,2025-07-11,20.2
O05823,2024-07-15,PR0228,W02,C01,North,Standard,2,6,10,2024-07-25,14.02
O05824,2025-04-26,PR0249,W05,C08,West,Same Day,8,1,1,2025-04-27,25.88
O05825,2025-02-25,PR0134,W04,C04,East,Same Day,14,1,1,2025-02-26,19.06
O05826,2025-06-09,PR0031,W06,C06,Central,Standard,8,6,4,2025-06-13,19.34
O05827,2024-08-19,PR0095,W02,C01,North,Same Day,1,1,1,2024-08-20,47.66
O05828,2024-09-04,PR0116,W06,C08,Central,Express,8,3,1,2024-09-05,23.78
O05829,2024-10-09,PR0128,W07,C04,East,Express,8,3,1,2024-10-10,31.86
O05830,2025-04-21,PR0169,W01,C02,Central,Standard,7,6,5,2025-04-26,21.42
O05831,2025-11-20,PR0167,W07,C07,East,Standard,2,6,3,2025-11-23,23.47
O05832,2024-10-23,PR0019,W02,C03,North,Same Day,3,1,1,2024-10-24,13.95
O05833,2024-09-01,PR0248,W03,C07,South,Express,2,3,4,2024-09-05,22.52
O05834,2024-08-01,PR0212,W04,C03,East,Express,7,3,2,2024-08-03,28.56
O05835,2025-06-22,PR0098,W04,C08,East,Same Day,11,1,1,2025-06-23,33.6
O05836,2025-12-26,PR0262,W02,C06,North,Economy,12,10,16,2026-01-11,21.74
O05837,2024-08-15,PR0015,W09,C07,South,Standard,13,6,8,2024-08-23,30.33
O05838,2024-04-02,PR0219,W02,C08,North,Economy,7,10,5,2024-04-07,18.76
O05839,2025-06-22,PR0298,W08,C02,West,Standard,2,6,8,2025-06-30,16.2
O05840,2025-07-11,PR0174,W10,C02,North,Express,14,3,4,2025-07-15,27.68
O05841,2024-09-03,PR0280,W01,C08,Central,Standard,5,6,5,2024-09-08,24.7
O05842,2025-10-08,PR0024,W03,C03,South,Economy,6,10,8,2025-10-16,29.27
O05843,2024-08-09,PR0032,W09,C02,South,Economy,9,10,5,2024-08-14,27.82
O05844,2025-10-21,PR0205,W07,C04,East,Express,8,3,4,2025-10-25,32.59
O05845,2024-02-10,PR0216,W05,C02,West,Standard,10,6,8,2024-02-18,13.87
O05846,2024-03-19,PR0068,W10,C05,North,Economy,5,10,9,2024-03-28,38.54
O05847,2024-12-01,PR0090,W05,C04,West,Standard,9,6,4,2024-12-05,
O05848,2025-04-17,PR0067,W01,C02,Central,Economy,11,10,3,2025-04-20,16.35
O05849,2025-07-19,PR0292,W06,C08,Central,Standard,5,6,5,2025-07-24,16.17
O05850,2024-01-11,PR0070,W09,C07,South,Express,1,3,4,2024-01-15,30.75
O05851,2024-01-28,PR0004,W10,C02,North,Standard,4,6,3,2024-01-31,19.83
O05852,2024-12-08,PR0183,W05,C02,West,Standard,1,6,2,2024-12-10,18.01
O05853,2025-07-16,PR0290,W09,C02,South,Standard,12,6,6,2025-07-22,26.09
O05854,2024-09-07,PR0166,W08,C01,West,Same Day,12,1,1,2024-09-08,19.24
O05855,2025-04-28,PR0115,W05,C03,West,Same Day,6,1,1,2025-04-29,38.44
O05856,2024-10-17,PR0200,W01,C01,Central,Standard,12,6,8,2024-10-25,26.78
O05857,2025-03-01,PR0056,W02,C03,North,Express,8,3,3,2025-03-04,24.71
O05858,2025-02-05,PR0060,W07,C07,East,Same Day,8,1,1,2025-02-06,33.0
O05859,2024-05-17,PR0249,W10,C01,North,Standard,14,6,4,2024-05-21,33.94
O05860,2024-11-14,PR0150,W01,C01,Central,Standard,10,6,6,2024-11-20,18.74
O05861,2024-05-06,PR0187,W01,C07,Central,Same Day,13,1,1,2024-05-07,39.23
O05862,2024-04-21,PR0103,W06,C02,Central,Same Day,6,1,1,2024-04-22,33.06
O05863,2024-08-19,PR0031,W09,C08,South,Economy,13,10,12,2024-08-31,27.74
O05864,2025-06-26,PR0227,W08,C05,West,Same Day,13,1,1,2025-06-27,29.55
O05865,2024-01-28,PR0099,W06,C02,Central,Express,1,3,2,2024-01-30,26.03
O05866,2025-02-21,PR0038,W09,C02,South,Express,14,3,2,2025-02-23,41.09
O05867,2024-06-10,PR0090,W09,C07,South,Express,6,3,4,2024-06-14,27.29
O05868,2024-03-16,PR0159,W03,C01,South,Economy,6,10,6,2024-03-22,24.8
O05869,2024-10-08,PR0006,W04,C02,East,Same Day,4,1,1,2024-10-09,8.89
O05870,2025-03-04,PR0208,W10,C05,North,Standard,2,6,4,2025-03-08,3.0
O05871,2024-09-18,PR0054,W02,C08,North,Same Day,7,1,1,2024-09-19,39.96
O05872,2024-05-13,PR0216,W06,C07,Central,Economy,2,10,11,2024-05-24,39.1
O05873,2024-02-13,PR0253,W04,C08,East,Standard,5,6,10,2024-02-23,16.47
O05874,2024-12-11,PR0142,W09,C01,South,Economy,11,10,7,2024-12-18,32.97
O05875,2025-02-08,PR0073,W08,C07,West,Economy,8,10,6,2025-02-14,23.13
O05876,2024-02-17,PR0242,W01,C08,Central,Standard,13,6,6,2024-02-23,26.32
O05877,2024-04-29,PR0269,W03,C08,South,Economy,12,10,8,2024-05-07,36.94
O05878,2024-01-19,PR0284,W02,C04,North,Express,14,3,2,2024-01-21,35.06
O05879,2024-02-26,PR0285,W01,C05,Central,Express,6,3,3,2024-02-29,34.99
O05880,2025-01-04,PR0024,W05,C02,West,Economy,12,10,10,2025-01-14,24.65
O05881,2025-09-14,PR0226,W02,C05,North,Standard,8,6,7,2025-09-21,30.39
O05882,2025-01-30,PR0163,W09,C03,South,Economy,1,10,6,2025-02-05,26.1
O05883,2024-03-15,PR0229,W07,C07,East,Express,5,3,7,2024-03-22,38.8
O05884,2024-04-12,PR0228,W09,C08,South,Express,3,3,3,2024-04-15,21.97
O05885,2024-09-17,PR0059,W04,C03,East,Same Day,3,1,1,2024-09-18,30.81
O05886,2024-02-23,PR0023,W08,C01,West,Express,7,3,1,2024-02-24,31.12
O05887,2025-03-22,PR0095,W06,C07,Central,Standard,3,6,5,2025-03-27,16.84
O05888,2025-05-12,PR0032,W08,C04,West,Economy,9,10,10,2025-05-22,28.66
O05889,2025-07-28,PR0064,W03,C05,South,Express,14,3,3,2025-07-31,32.61
O05890,2025-06-21,PR0014,W07,C01,East,Same Day,10,1,1,2025-06-22,33.38
O05891,2024-02-11,PR0155,W10,C05,North,Express,4,3,4,2024-02-15,21.13
O05892,2024-11-07,PR0165,W06,C06,Central,Standard,5,6,3,2024-11-10,20.24
O05893,2025-06-24,PR0283,W05,C03,West,Express,14,3,3,2025-06-27,28.56
O05894,2024-12-16,PR0084,W04,C08,East,Express,13,3,3,2024-12-19,38.68
O05895,2025-05-03,PR0087,W06,C08,Central,Express,10,3,3,2025-05-06,31.24
O05896,2025-02-21,PR0014,W10,C05,North,Express,3,3,4,2025-02-25,25.87
O05897,2024-08-27,PR0232,W07,C07,East,Standard,14,6,6,2024-09-02,34.46
O05898,2024-02-24,PR0276,W02,C05,North,Same Day,4,1,1,2024-02-25,30.64
O05899,2025-04-07,PR0070,W02,C03,North,Standard,2,6,5,2025-04-12,22.07
O05900,2025-06-03,PR0285,W07,C06,East,Standard,2,6,9,2025-06-12,13.6
O05901,2024-10-23,PR0118,W07,C01,East,Express,9,3,1,2024-10-24,23.98
O05902,2024-01-17,PR0142,W08,C03,West,Same Day,12,1,1,2024-01-18,41.9
O05903,2025-08-19,PR0080,W03,C06,South,Economy,13,10,12,2025-08-31,18.97
O05904,2025-09-04,PR0122,W06,C07,Central,Economy,1,10,14,2025-09-18,13.27
O05905,2025-10-01,PR0051,W06,C08,Central,Economy,11,10,9,2025-10-10,36.31
O05906,2025-11-03,PR0007,W04,C01,East,Economy,7,10,13,2025-11-16,31.05
O05907,2024-04-01,PR0056,W06,C08,Central,Same Day,12,1,1,2024-04-02,27.52
O05908,2024-05-28,PR0284,W06,C08,Central,Same Day,10,1,2,2024-05-30,30.51
O05909,2025-08-16,PR0201,W05,C04,West,Express,3,3,3,2025-08-19,25.74
O05910,2024-05-30,PR0219,W07,C01,East,Standard,9,6,3,2024-06-02,16.86
O05911,2024-10-28,PR0033,W02,C03,North,Same Day,13,1,1,2024-10-29,32.34
O05912,2025-08-06,PR0196,W01,C02,Central,Express,1,3,6,2025-08-12,37.22
O05913,2024-06-28,PR0025,W03,C02,South,Standard,7,6,3,2024-07-01,3.0
O05914,2024-07-08,PR0038,W09,C02,South,Same Day,1,1,1,2024-07-09,34.39
O05915,2024-05-24,PR0110,W05,C03,West,Economy,13,10,8,2024-06-01,33.25
O05916,2025-07-31,PR0191,W06,C08,Central,Standard,4,6,3,2025-08-03,9.48
O05917,2025-02-21,PR0083,W06,C01,Central,Standard,5,6,7,2025-02-28,24.35
O05918,2025-07-25,PR0087,W05,C03,West,Express,5,3,3,2025-07-28,20.62
O05919,2025-02-11,PR0194,W02,C02,North,Economy,3,10,5,2025-02-16,25.76
O05920,2025-03-03,PR0078,W10,C01,North,Economy,4,10,8,2025-03-11,33.68
O05921,2024-06-27,PR0057,W03,C04,South,Same Day,12,1,2,2024-06-29,44.85
O05922,2025-07-29,PR0226,W09,C05,South,Express,9,3,1,2025-07-30,18.83
O05923,2024-11-29,PR0224,W06,C08,Central,Same Day,6,1,1,2024-11-30,28.27
O05924,2025-10-27,PR0031,W03,C03,South,Express,7,3,2,2025-10-29,30.08
O05925,2025-11-04,PR0162,W06,C06,Central,Standard,6,6,5,2025-11-09,7.13
O05926,2024-10-18,PR0051,W10,C02,North,Same Day,8,1,1,2024-10-19,39.84
O05927,2025-02-21,PR0172,W02,C01,North,Express,3,3,3,2025-02-24,33.0
O05928,2025-12-12,PR0065,W06,C06,Central,Economy,9,10,8,2025-12-20,34.37
O05929,2024-12-15,PR0054,W10,C08,North,Express,3,3,2,2024-12-17,41.53
O05930,2025-02-19,PR0014,W06,C04,Central,Same Day,10,1,1,2025-02-20,20.54
O05931,2025-07-11,PR0257,W09,C02,South,Economy,11,10,6,2025-07-17,28.44
O05932,2025-11-07,PR0110,W07,C01,East,Standard,2,6,5,2025-11-12,44.47
O05933,2025-07-17,PR0285,W08,C05,West,Economy,4,10,8,2025-07-25,32.3
O05934,2024-12-18,PR0158,W05,C07,West,Standard,10,6,3,2024-12-21,19.08
O05935,2024-08-09,PR0210,W10,C02,North,Economy,8,10,5,2024-08-14,18.2
O05936,2025-03-12,PR0137,W10,C01,North,Express,3,3,1,2025-03-13,17.45
O05937,2024-07-13,PR0120,W06,C05,Central,Same Day,13,1,1,2024-07-14,41.24
O05938,2025-08-08,PR0290,W07,C08,East,Standard,9,6,5,2025-08-13,31.06
O05939,2024-09-14,PR0109,W03,C04,South,Same Day,9,1,1,2024-09-15,17.22
O05940,2025-02-12,PR0077,W06,C04,Central,Express,13,3,3,2025-02-15,28.77
O05941,2024-09-03,PR0065,W01,C08,Central,Same Day,7,1,1,2024-09-04,28.7
O05942,2025-06-05,PR0156,W07,C08,East,Standard,1,6,7,2025-06-12,3.0
O05943,2024-01-31,PR0235,W03,C06,South,Economy,13,10,11,2024-02-11,22.98
O05944,2024-08-17,PR0057,W10,C07,North,Standard,8,6,6,2024-08-23,23.35
O05945,2025-11-14,PR0151,W06,C03,Central,Economy,2,10,10,2025-11-24,20.61
O05946,2025-09-06,PR0276,W05,C06,West,Economy,2,10,14,2025-09-20,24.39
O05947,2024-03-05,PR0017,W10,C06,North,Standard,6,6,3,2024-03-08,12.2
O05948,2025-01-31,PR0018,W01,C03,Central,Express,4,3,3,2025-02-03,32.63
O05949,2024-03-17,PR0269,W10,C08,North,Express,1,3,1,2024-03-18,16.54
O05950,2025-09-18,PR0246,W04,C02,East,Standard,12,6,5,2025-09-23,24.9
O05951,2024-02-19,PR0151,W10,C08,North,Economy,3,10,8,2024-02-27,11.34
O05952,2025-06-24,PR0062,W10,C02,North,Same Day,4,1,1,2025-06-25,32.18
O05953,2024-03-23,PR0052,W07,C02,East,Standard,14,6,2,2024-03-25,17.25
O05954,2024-11-25,PR0274,W10,C07,North,Economy,9,10,9,2024-12-04,26.3
O05955,2025-02-21,PR0133,W03,C03,South,Express,13,3,2,2025-02-23,34.33
O05956,2025-08-19,PR0257,W05,C01,West,Economy,11,10,9,2025-08-28,44.04
O05957,2025-10-04,PR0240,W09,C02,South,Standard,5,6,6,2025-10-10,23.85
O05958,2025-01-12,PR0196,W03,C06,South,Same Day,3,1,1,2025-01-13,17.34
O05959,2024-10-03,PR0060,W10,C08,North,Economy,6,10,12,2024-10-15,27.22
O05960,2025-03-27,PR0104,W08,C02,West,Same Day,11,1,1,2025-03-28,24.88
O05961,2025-02-04,PR0014,W03,C08,South,Standard,12,6,3,2025-02-07,11.09
O05962,2025-04-04,PR0100,W03,C02,South,Economy,5,10,9,2025-04-13,35.58
O05963,2025-02-25,PR0211,W03,C08,South,Express,12,3,1,2025-02-26,31.07
O05964,2024-12-18,PR0033,W10,C04,North,Standard,1,6,8,2024-12-26,26.98
O05965,2025-05-18,PR0007,W08,C06,West,Economy,8,10,12,2025-05-30,25.72
O05966,2024-02-18,PR0134,W03,C03,South,Standard,10,6,4,2024-02-22,23.31
O05967,2024-09-26,PR0162,W10,C06,North,Economy,11,10,8,2024-10-04,48.99
O05968,2025-06-20,PR0188,W01,C01,Central,Same Day,2,1,1,2025-06-21,13.82
O05969,2024-03-09,PR0054,W09,C07,South,Express,2,3,2,2024-03-11,22.53
O05970,2024-07-26,PR0156,W05,C07,West,Express,5,3,2,2024-07-28,53.49
O05971,2024-04-01,PR0085,W03,C06,South,Same Day,2,1,1,2024-04-02,41.96
O05972,2025-01-01,PR0252,W03,C04,South,Express,11,3,2,2025-01-03,31.35
O05973,2024-12-19,PR0242,W05,C07,West,Standard,8,6,6,2024-12-25,12.52
O05974,2025-04-23,PR0245,W06,C04,Central,Standard,7,6,5,2025-04-28,21.45
O05975,2025-04-20,PR0286,W02,C08,North,Express,7,3,3,2025-04-23,20.41
O05976,2024-06-17,PR0181,W10,C02,North,Standard,14,6,5,2024-06-22,24.48
O05977,2025-09-09,PR0200,W09,C01,South,Standard,7,6,5,2025-09-14,20.67
O05978,2025-01-23,PR0234,W10,C07,North,Express,10,3,3,2025-01-26,30.04
O05979,2025-03-08,PR0248,W09,C04,South,Same Day,7,1,1,2025-03-09,13.9
O05980,2024-05-15,PR0267,W08,C05,West,Economy,6,10,14,2024-05-29,19.25
O05981,2025-07-13,PR0045,W06,C06,Central,Same Day,1,1,1,2025-07-14,24.12
O05982,2025-01-20,PR0245,W10,C03,North,Express,13,3,2,2025-01-22,28.85
O05983,2024-08-11,PR0106,W05,C06,West,Standard,9,6,5,2024-08-16,17.17
O05984,2025-11-14,PR0209,W06,C06,Central,Same Day,2,1,1,2025-11-15,22.85
O05985,2024-11-10,PR0080,W04,C08,,Standard,7,6,5,2024-11-15,17.53
O05986,2024-06-21,PR0067,W01,C06,Central,Same Day,9,1,1,2024-06-22,34.65
O05987,2024-02-18,PR0195,W03,C04,South,Economy,10,10,13,2024-03-02,18.21
O05988,2024-10-28,PR0297,W01,C07,Central,Standard,10,6,9,2024-11-06,12.36
O05989,2024-04-06,PR0290,W05,C06,West,Same Day,2,1,1,2024-04-07,29.16
O05990,2024-10-18,PR0060,W10,C02,North,Express,14,3,1,2024-10-19,19.72
O05991,2025-04-07,PR0092,W09,C08,South,Same Day,9,1,1,2025-04-08,32.13
O05992,2024-04-14,PR0063,W08,C06,West,Economy,6,10,7,2024-04-21,33.4
O05993,2025-07-01,PR0157,W02,C02,North,Express,13,3,2,2025-07-03,32.58
O05994,2025-04-19,PR0021,W08,C02,West,Express,9,3,2,2025-04-21,18.78
O05995,2024-07-10,PR0022,W10,C02,North,Standard,14,6,6,2024-07-16,18.09
O05996,2024-06-14,PR0209,W02,C03,North,Economy,4,10,6,2024-06-20,34.12
O05997,2025-08-26,PR0137,W06,C08,Central,Express,1,3,2,2025-08-28,45.98
O05998,2024-04-14,PR0020,W03,C05,South,Same Day,4,1,1,2024-04-15,33.25
O05999,2025-06-15,PR0244,W08,C02,West,Express,1,3,3,2025-06-18,30.23
O06000,2025-08-09,PR0249,W01,C01,Central,Same Day,12,1,1,2025-08-10,44.03
O06001,2025-05-18,PR0066,W06,C01,Central,Economy,9,10,12,2025-05-30,22.67
O06002,2024-08-27,PR0157,W05,C05,West,Express,12,3,2,2024-08-29,65.4
O06003,2025-07-06,PR0292,W03,C05,South,Standard,14,6,9,2025-07-15,23.53
O06004,2025-06-11,PR0283,W09,C05,South,Same Day,13,1,1,2025-06-12,29.68
O06005,2025-02-22,PR0059,W10,C06,North,Same Day,14,1,1,2025-02-23,28.16
O06006,2024-08-22,PR0128,W01,C01,Central,Economy,9,10,9,2024-08-31,36.37
O06007,2024-01-24,PR0173,W08,C01,West,Economy,13,10,9,2024-02-02,29.04
O06008,2025-02-16,PR0156,W10,C04,North,Economy,1,10,7,2025-02-23,20.63
O06009,2025-05-04,PR0163,W02,C03,North,Economy,12,10,8,2025-05-12,31.01
O06010,2025-05-23,PR0188,W09,C07,South,Economy,4,10,9,2025-06-01,37.64
O06011,2025-06-14,PR0138,W09,C02,South,Standard,4,6,5,2025-06-19,7.79
O06012,2025-01-08,PR0053,W10,C02,North,Economy,7,10,8,2025-01-16,33.04
O06013,2025-07-07,PR0002,W03,C02,South,Standard,11,6,3,2025-07-10,14.35
O06014,2025-11-05,PR0210,W09,C06,South,Express,1,3,2,2025-11-07,31.86
O06015,2024-08-17,PR0236,W04,C05,East,Same Day,14,1,1,2024-08-18,19.2
O06016,2025-11-21,PR0177,W09,C08,South,Standard,10,6,6,2025-11-27,18.89
O06017,2025-02-06,PR0119,W04,C07,East,Standard,12,6,8,2025-02-14,17.73
O06018,2024-12-09,PR0180,W01,C05,Central,Economy,9,10,15,2024-12-24,39.42
O06019,2024-04-17,PR0217,W07,C02,East,Economy,9,10,11,2024-04-28,27.49
O06020,2025-08-06,PR0120,W03,C06,South,Standard,5,6,7,2025-08-13,24.6
O06021,2025-06-19,PR0052,W09,C02,South,Standard,10,6,7,2025-06-26,26.16
O06022,2025-08-07,PR0295,W09,C02,South,Same Day,10,1,1,2025-08-08,20.04
O06023,2025-08-04,PR0227,W05,C03,West,Economy,13,10,9,2025-08-13,42.79
O06024,2025-08-31,PR0049,W02,C08,North,Same Day,4,1,1,2025-09-01,42.87
O06025,2024-08-28,PR0287,W08,C01,West,Same Day,1,1,1,2024-08-29,16.73
O06026,2025-07-13,PR0104,W02,C03,North,Express,3,3,3,2025-07-16,20.59
O06027,2024-05-09,PR0145,W10,C06,North,Same Day,10,1,1,2024-05-10,23.4
O06028,2024-02-04,PR0100,W01,C06,Central,Express,12,3,1,2024-02-05,34.26
O06029,2025-11-09,PR0244,W06,C08,Central,Economy,2,10,10,2025-11-19,23.07
O06030,2025-09-04,PR0134,W04,C08,East,Same Day,9,1,1,2025-09-05,29.14
O06031,2025-10-25,PR0181,W03,C02,South,Same Day,10,1,1,2025-10-26,42.71
O06032,2025-09-12,PR0121,W07,C07,East,Standard,8,6,4,2025-09-16,28.13
O06033,2025-10-24,PR0203,W02,C08,North,Same Day,4,1,1,2025-10-25,58.7
O06034,2024-12-21,PR0297,W08,C07,West,Economy,4,10,11,2025-01-01,29.1
O06035,2024-02-06,PR0199,W05,C06,West,Standard,10,6,6,2024-02-12,16.35
O06036,2024-12-31,PR0231,W03,C06,South,Express,2,3,1,2025-01-01,43.46
O06037,2025-07-11,PR0229,W08,C07,West,Economy,12,10,10,2025-07-21,42.47
O06038,2025-02-03,PR0268,W05,C08,West,Express,14,3,3,2025-02-06,40.32
O06039,2025-07-06,PR0086,W09,C01,South,Standard,9,6,3,2025-07-09,31.18
O06040,2025-09-22,PR0289,W05,C07,West,Same Day,1,1,1,2025-09-23,24.02
O06041,2025-01-24,PR0220,W02,C06,North,Standard,4,6,6,2025-01-30,12.84
O06042,2025-10-04,PR0224,W08,C01,West,Economy,7,10,8,2025-10-12,38.7
O06043,2025-09-17,PR0080,W01,C08,Central,Economy,1,10,10,2025-09-27,32.41
O06044,2025-01-28,PR0277,W06,C07,Central,Express,12,3,5,2025-02-02,23.51
O06045,2025-09-30,PR0085,W06,C07,Central,Economy,2,10,14,2025-10-14,19.04
O06046,2025-06-01,PR0140,W05,C08,West,Express,1,3,2,2025-06-03,34.93
O06047,2024-05-12,PR0012,W07,C03,East,Express,7,3,3,2024-05-15,17.06
O06048,2025-05-20,PR0160,W02,C05,North,Same Day,12,1,1,2025-05-21,21.0
O06049,2025-11-28,PR0056,W01,C02,Central,Standard,12,6,7,2025-12-05,6.57
O06050,2025-02-12,PR0259,W09,C03,South,Express,2,3,3,2025-02-15,25.68
O06051,2025-01-12,PR0218,W10,C06,North,Same Day,12,1,1,2025-01-13,24.77
O06052,2024-01-31,PR0054,W04,C03,East,Economy,10,10,8,2024-02-08,43.75
O06053,2025-01-25,PR0106,W01,C02,Central,Same Day,11,1,1,2025-01-26,48.47
O06054,2025-12-03,PR0242,W05,C06,West,Standard,1,6,7,2025-12-10,22.75
O06055,2024-02-01,PR0090,W10,C07,North,Express,10,3,3,2024-02-04,32.25
O06056,2024-10-13,PR0178,W01,C02,Central,Express,13,3,1,2024-10-14,26.59
O06057,2024-12-16,PR0286,W04,C03,East,Same Day,13,1,1,2024-12-17,39.4
O06058,2024-09-14,PR0188,W09,C01,South,Economy,10,10,16,2024-09-30,23.26
O06059,2025-04-16,PR0213,W06,C04,Central,Economy,10,10,10,2025-04-26,26.55
O06060,2024-07-19,PR0076,W09,C01,South,Same Day,7,1,1,2024-07-20,34.75
O06061,2025-09-18,PR0019,W04,C03,East,Express,2,3,5,2025-09-23,5.7
O06062,2025-10-15,PR0120,W03,C07,South,Express,3,3,4,2025-10-19,28.71
O06063,2025-11-30,PR0052,W06,C04,Central,Same Day,5,1,1,2025-12-01,37.48
O06064,2025-02-04,PR0145,W03,C06,South,Express,6,3,5,2025-02-09,15.68
O06065,2025-07-13,PR0029,W06,C03,Central,Standard,10,6,6,2025-07-19,25.05
O06066,2024-12-14,PR0224,W08,C03,West,Express,5,3,2,2024-12-16,38.01
O06067,2024-09-23,PR0283,W02,C05,North,Same Day,8,1,1,2024-09-24,30.65
O06068,2024-07-10,PR0119,W06,C05,Central,Same Day,5,1,1,2024-07-11,29.44
O06069,2025-05-09,PR0045,W09,C08,South,Same Day,11,1,1,2025-05-10,13.3
O06070,2025-02-02,PR0282,W03,C07,South,Express,8,3,1,2025-02-03,30.86
O06071,2025-02-17,PR0260,W01,C08,Central,Express,6,3,4,2025-02-21,26.52
O06072,2025-12-12,PR0193,W03,C04,South,Same Day,2,1,1,2025-12-13,32.94
O06073,2025-06-26,PR0147,W01,C03,Central,Same Day,6,1,1,2025-06-27,8.59
O06074,2024-04-14,PR0264,W09,C04,South,Standard,8,6,4,2024-04-18,13.72
O06075,2025-07-27,PR0019,W05,C07,West,Same Day,5,1,1,2025-07-28,31.44
O06076,2025-01-09,PR0235,W02,C05,North,Economy,7,10,13,2025-01-22,44.04
O06077,2025-06-15,PR0092,W07,C01,East,Economy,2,10,6,2025-06-21,33.55
O06078,2025-07-26,PR0046,W07,C03,East,Standard,6,6,4,2025-07-30,20.41
O06079,2025-09-16,PR0131,W04,C01,East,Economy,13,10,14,2025-09-30,25.46
O06080,2025-11-27,PR0079,W07,C06,East,Same Day,2,1,2,2025-11-29,32.81
O06081,2024-08-17,PR0013,W02,C02,North,Express,7,3,6,2024-08-23,33.14
O06082,2024-11-09,PR0144,W06,C02,Central,Standard,7,6,11,2024-11-20,15.36
O06083,2025-11-22,PR0263,W06,C02,Central,Standard,2,6,7,2025-11-29,3.23
O06084,2024-04-25,PR0115,W05,C07,West,Economy,8,10,13,2024-05-08,36.04
O06085,2024-06-17,PR0190,W10,C03,North,Express,14,3,1,2024-06-18,25.93
O06086,2025-06-18,PR0092,W07,C03,East,Express,6,3,3,2025-06-21,44.78
O06087,2024-10-02,PR0139,W02,C08,North,Standard,2,6,4,2024-10-06,3.17
O06088,2025-01-07,PR0237,W09,C01,South,Economy,8,10,10,2025-01-17,31.73
O06089,2024-11-10,PR0011,W02,C02,North,Same Day,2,1,1,2024-11-11,26.84
O06090,2024-10-27,PR0099,W08,C03,West,Standard,6,6,7,2024-11-03,26.21
O06091,2024-11-30,PR0051,W04,C02,East,Express,8,3,3,2024-12-03,28.84
O06092,2024-04-19,PR0044,W03,C08,South,Express,5,3,1,2024-04-20,39.7
O06093,2025-01-09,PR0015,W01,C07,Central,Express,1,3,3,2025-01-12,21.91
O06094,2025-03-05,PR0171,W05,C07,West,Standard,2,6,4,2025-03-09,8.57
O06095,2024-08-31,PR0112,W05,C02,West,Economy,10,10,14,2024-09-14,21.02
O06096,2024-11-20,PR0052,W10,C02,North,Standard,11,6,10,2024-11-30,33.06
O06097,2025-09-27,PR0160,W04,C08,East,Express,1,3,3,2025-09-30,27.38
O06098,2025-12-14,PR0074,W02,C08,North,Same Day,8,1,1,2025-12-15,23.11
O06099,2024-03-30,PR0247,W10,C01,North,Same Day,9,1,1,2024-03-31,32.42
O06100,2024-06-30,PR0240,W05,C03,West,Economy,3,10,10,2024-07-10,30.0
O06101,2025-09-22,PR0118,W06,C08,Central,Standard,8,6,6,2025-09-28,25.24
O06102,2025-12-13,PR0269,W01,C01,Central,Economy,10,10,9,2025-12-22,35.15
O06103,2025-07-28,PR0036,W02,C01,North,Express,3,3,2,2025-07-30,57.02
O06104,2025-05-04,PR0282,W02,C08,North,Same Day,11,1,1,2025-05-05,28.87
O06105,2025-01-04,PR0100,W03,C03,South,Express,4,3,5,2025-01-09,10.42
O06106,2025-06-10,PR0299,W06,C02,Central,Same Day,11,1,1,2025-06-11,23.49
O06107,2025-02-15,PR0267,W09,C03,South,Express,6,3,1,2025-02-16,35.94
O06108,2024-12-04,PR0103,W06,C03,Central,Economy,9,10,3,2024-12-07,29.28
O06109,2025-03-02,PR0252,W02,C02,North,Same Day,3,1,1,2025-03-03,31.05
O06110,2025-08-20,PR0202,W01,C06,Central,Economy,1,10,11,2025-08-31,42.27
O06111,2025-04-05,PR0077,W06,C03,Central,Economy,13,10,11,2025-04-16,18.33
O06112,2024-10-13,PR0232,W07,C03,East,Express,11,3,3,2024-10-16,34.16
O06113,2024-05-21,PR0052,W08,C08,West,Same Day,4,1,1,2024-05-22,25.97
O06114,2025-06-06,PR0299,W07,C05,East,Same Day,2,1,1,2025-06-07,18.18
O06115,2025-07-08,PR0231,W04,C05,East,Economy,12,10,10,2025-07-18,30.13
O06116,2025-01-07,PR0030,W07,C07,East,Same Day,6,1,1,2025-01-08,30.56
O06117,2024-07-01,PR0255,W01,C08,Central,Express,5,3,1,2024-07-02,26.15
O06118,2024-11-07,PR0132,W01,C02,Central,Standard,7,6,7,2024-11-14,29.8
O06119,2024-03-25,PR0155,W05,C03,West,Same Day,4,1,1,2024-03-26,22.47
O06120,2024-01-27,PR0103,W03,C03,South,Standard,2,6,9,2024-02-05,27.29
O06121,2024-02-10,PR0033,W02,C06,North,Express,13,3,1,2024-02-11,23.6
O06122,2024-11-10,PR0010,W07,C06,East,Express,3,3,3,2024-11-13,35.91
O06123,2025-08-23,PR0006,W09,C08,South,Standard,12,6,4,2025-08-27,11.49
O06124,2024-08-30,PR0210,W03,C07,South,Standard,1,6,7,2024-09-06,34.52
O06125,2024-11-29,PR0113,W07,C08,East,Standard,7,6,10,2024-12-09,34.1
O06126,2024-08-01,PR0109,W02,C07,North,Same Day,1,1,1,2024-08-02,20.53
O06127,2024-12-14,PR0173,W08,C01,West,Standard,13,6,4,2024-12-18,19.32
O06128,2025-06-18,PR0023,W03,C07,South,Economy,13,10,7,2025-06-25,20.51
O06129,2025-07-22,PR0163,W09,C05,South,Standard,11,6,7,2025-07-29,20.02
O06130,2024-10-17,PR0297,W04,C07,East,Same Day,2,1,1,2024-10-18,33.05
O06131,2025-06-16,PR0285,W01,C06,Central,Economy,1,10,7,2025-06-23,26.51
O06132,2025-01-30,PR0115,W06,C03,Central,Economy,2,10,11,2025-02-10,34.93
O06133,2024-05-27,PR0119,W05,C07,West,Express,1,3,2,2024-05-29,30.14
O06134,2025-03-09,PR0178,W05,C06,West,Economy,12,10,6,2025-03-15,23.18
O06135,2024-10-26,PR0211,W05,C03,West,Express,8,3,2,2024-10-28,41.8
O06136,2024-01-07,PR0168,W03,C05,South,Same Day,1,1,1,2024-01-08,26.82
O06137,2025-06-11,PR0286,W09,C02,South,Same Day,1,1,1,2025-06-12,30.74
O06138,2024-10-21,PR0257,W03,C06,South,Standard,12,6,5,2024-10-26,23.65
O06139,2025-06-22,PR0071,W09,C06,South,Express,14,3,3,2025-06-25,9.97
O06140,2025-12-25,PR0179,W06,C05,Central,Standard,5,6,6,2025-12-31,20.87
O06141,2024-05-16,PR0193,W09,C01,South,Standard,9,6,2,2024-05-18,19.44
O06142,2024-05-09,PR0223,W09,C07,South,Express,6,3,3,2024-05-12,38.41
O06143,2025-10-22,PR0044,W02,C03,North,Same Day,3,1,1,2025-10-23,23.16
O06144,2025-10-01,PR0183,W02,C02,North,Standard,7,6,4,2025-10-05,28.17
O06145,2025-01-21,PR0172,W10,C05,North,Standard,14,6,9,2025-01-30,13.49
O06146,2025-06-16,PR0289,W03,C05,South,Economy,10,10,7,2025-06-23,24.49
O06147,2024-09-25,PR0124,W08,C06,West,Express,5,3,4,2024-09-29,20.52
O06148,2024-07-27,PR0287,W06,C04,Central,Economy,8,10,7,2024-08-03,42.09
O06149,2024-12-19,PR0209,W02,C08,North,Express,9,3,3,2024-12-22,36.34
O06150,2025-04-27,PR0038,W08,C03,West,Standard,8,6,8,2025-05-05,7.86
O06151,2025-11-12,PR0190,W05,C07,West,Express,4,3,3,2025-11-15,41.97
O06152,2024-07-04,PR0213,W04,C04,East,Economy,1,10,9,2024-07-13,34.57
O06153,2025-04-20,PR0095,W04,C06,East,Same Day,5,1,1,2025-04-21,42.92
O06154,2025-01-06,PR0248,W06,C04,Central,Same Day,9,1,1,2025-01-07,37.28
O06155,2025-05-10,PR0097,W03,C08,South,Economy,13,10,8,2025-05-18,36.71
O06156,2024-06-07,PR0112,W06,C05,Central,Standard,8,6,7,2024-06-14,25.25
O06157,2024-11-29,PR0179,W03,C05,South,Standard,7,6,9,2024-12-08,17.55
O06158,2025-06-07,PR0217,W05,C08,West,Economy,4,10,8,2025-06-15,41.81
O06159,2025-11-04,PR0273,W06,C04,Central,Express,7,3,3,2025-11-07,18.11
O06160,2024-04-14,PR0149,W05,C04,West,Standard,12,6,6,2024-04-20,10.81
O06161,2025-07-16,PR0293,W03,C02,South,Economy,13,10,11,2025-07-27,17.37
O06162,2024-05-03,PR0168,W08,C07,West,Express,10,3,2,2024-05-05,21.93
O06163,2024-03-05,PR0293,W05,C02,West,Express,13,3,2,2024-03-07,30.42
O06164,2024-07-22,PR0142,W08,C03,West,Express,13,3,1,2024-07-23,29.74
O06165,2025-08-01,PR0221,W01,C02,Central,Express,11,3,3,2025-08-04,35.93
O06166,2024-01-30,PR0100,W07,C07,East,Express,1,3,4,2024-02-03,25.77
O06167,2024-06-25,PR0233,W03,C02,South,Express,5,3,2,2024-06-27,20.96
O06168,2025-02-25,PR0147,W03,C02,South,Standard,6,6,4,2025-03-01,22.1
O06169,2025-03-13,PR0243,W04,C05,East,Standard,7,6,8,2025-03-21,3.0
O06170,2025-10-17,PR0017,W07,C05,East,Express,13,3,-2,2025-10-19,26.46
O06171,2025-07-20,PR0012,W01,C03,Central,Express,13,3,4,2025-07-24,24.55
O06172,2024-08-30,PR0285,W03,C04,South,Same Day,11,1,1,2024-08-31,31.21
O06173,2025-10-30,PR0248,W04,C07,East,Express,6,3,3,2025-11-02,21.54
O06174,2025-08-14,PR0162,W06,C08,Central,Express,10,3,4,2025-08-18,57.58
O06175,2024-11-23,PR0057,W01,C03,Central,Same Day,9,1,1,2024-11-24,33.9
O06176,2024-09-30,PR0223,W08,C04,West,Standard,3,6,2,2024-10-02,19.86
O06177,2025-05-15,PR0056,W08,C07,West,Economy,7,10,8,2025-05-23,41.2
O06178,2024-08-12,PR0248,W09,C08,South,standard,2,10,6,2024-08-18,26.47
O06179,2024-10-23,PR0080,W03,C01,South,Standard,8,6,9,2024-11-01,8.32
O06180,2025-08-07,PR0020,W07,C03,East,Same Day,9,1,1,2025-08-08,32.82
O06181,2024-09-16,PR0074,W06,C04,Central,Economy,3,10,11,2024-09-27,33.43
O06182,2025-09-17,PR0295,W02,C08,North,Express,14,3,5,2025-09-22,
O06183,2025-04-02,PR0097,W06,C03,Central,Economy,9,10,6,2025-04-08,26.19
O06184,2024-01-03,PR0106,W09,C02,South,Express,9,3,3,2024-01-06,33.24
O06185,2025-03-26,PR0271,W10,C06,North,Express,14,3,3,2025-03-29,31.51
O06186,2024-02-26,PR0288,W07,C07,East,Express,7,3,1,2024-02-27,9.84
O06187,2025-11-13,PR0188,W01,C06,Central,Economy,7,10,8,2025-11-21,33.5
O06188,2025-06-23,PR0179,W08,C05,West,Standard,12,6,3,2025-06-26,26.54
O06189,2024-08-07,PR0157,W08,C07,West,Same Day,1,1,1,2024-08-08,39.37
O06190,2024-05-21,PR0287,W06,C04,Central,Express,2,3,6,2024-05-27,36.2
O06191,2024-05-13,PR0014,W03,C02,South,Standard,7,6,6,2024-05-19,33.97
O06192,2025-11-22,PR0014,W10,C03,North,Express,7,3,1,2025-11-23,37.57
O06193,2025-01-08,PR0075,W08,C02,West,Standard,9,6,4,2025-01-12,23.26
O06194,2025-07-15,PR0158,W09,C08,South,Express,1,3,1,2025-07-16,20.38
O06195,2024-02-08,PR0029,W10,C04,North,Same Day,2,1,1,2024-02-09,26.57
O06196,2025-07-21,PR0015,W08,C02,West,Economy,2,10,9,2025-07-30,44.34
O06197,2025-06-15,PR0242,W01,C02,Central,Economy,6,10,11,2025-06-26,28.55
O06198,2024-12-23,PR0222,W09,C03,South,Same Day,1,1,1,2024-12-24,21.9
O06199,2025-11-14,PR0278,W06,C08,Central,Same Day,11,1,1,2025-11-15,38.25
O06200,2024-07-08,PR0134,W09,C01,South,Economy,6,10,9,2024-07-17,29.64
O06201,2024-03-03,PR0083,W10,C03,North,Express,9,3,1,2024-03-04,22.31
O06202,2024-01-18,PR0044,W04,C08,East,Same Day,10,1,1,2024-01-19,23.37
O06203,2024-08-29,PR0207,W05,C03,West,Standard,2,6,5,2024-09-03,3.0
O06204,2025-08-09,PR0267,W06,C05,Central,Same Day,8,1,1,2025-08-10,38.76
O06205,2024-04-22,PR0265,W08,C04,West,Standard,11,6,7,2024-04-29,6.98
O06206,2024-12-21,PR0134,W03,C08,South,Express,12,3,4,2024-12-25,37.97
O06207,2025-08-07,PR0148,W10,C08,North,Standard,4,6,7,2025-08-14,27.4
O06208,2024-06-01,PR0043,W06,C07,Central,Express,10,3,3,2024-06-04,43.75
O06209,2025-08-23,PR0054,W04,C05,East,Standard,12,6,7,2025-08-30,12.21
O06210,2024-04-04,PR0081,W07,C08,East,Express,7,3,1,2024-04-05,48.09
O06211,2025-05-04,PR0074,W07,C02,East,Express,9,3,1,2025-05-05,45.93
O06212,2024-02-28,PR0267,W06,C05,Central,Express,1,3,3,2024-03-02,30.02
O06213,2024-01-06,PR0122,W06,C07,Central,Economy,11,10,4,2024-01-10,44.71
O06214,2025-04-26,PR0174,W10,C06,North,Express,10,3,3,2025-04-29,16.7
O06215,2025-12-04,PR0256,W06,C06,Central,Economy,14,10,6,2025-12-10,25.84
O06216,2024-04-05,PR0051,W01,C03,Central,Standard,10,6,5,2024-04-10,20.73
O06217,2024-05-28,PR0219,W05,C03,West,Standard,10,6,11,2024-06-08,36.94
O06218,2025-10-10,PR0119,W09,C01,South,Express,9,3,3,2025-10-13,25.9
O06219,2024-04-28,PR0195,W09,C07,South,Express,12,3,2,2024-04-30,22.12
O06220,2024-04-30,PR0139,W08,C02,West,Economy,2,10,7,2024-05-07,41.96
O06221,2025-04-22,PR0050,W03,C03,South,Standard,3,6,7,2025-04-29,24.96
O06222,2024-04-27,PR0100,W06,C02,Central,Standard,3,6,9,2024-05-06,15.83
O06223,2024-04-28,PR0169,W10,C08,North,Economy,2,10,6,2024-05-04,40.32
O06224,2025-02-16,PR0180,W02,C04,North,Express,2,3,1,2025-02-17,37.78
O06225,2024-07-04,PR0209,W02,C01,North,Standard,7,6,5,2024-07-09,7.89
O06226,2025-09-24,PR0120,W10,C01,North,Economy,1,10,11,2025-10-05,33.67
O06227,2024-05-19,PR0069,W04,C05,East,Economy,9,10,12,2024-05-31,37.75
O06228,2024-09-11,PR0051,W09,C04,South,Express,2,3,3,2024-09-14,41.35
O06229,2024-02-07,PR0292,W04,C01,East,Express,5,3,4,2024-02-11,39.13
O06230,2025-03-17,PR0019,W08,C07,West,Same Day,13,1,1,2025-03-18,47.57
O06231,2024-08-01,PR0043,W06,C03,Central,Standard,6,6,3,2024-08-04,16.78
O06232,2025-11-07,PR0196,W03,C04,South,Economy,2,10,11,2025-11-18,20.44
O06233,2025-10-28,PR0170,W04,C05,East,Standard,4,6,6,2025-11-03,17.31
O06234,2024-06-02,PR0228,W07,C08,East,Express,4,3,1,2024-06-03,25.27
O06235,2024-04-12,PR0020,W10,C04,North,Same Day,7,1,1,2024-04-13,13.95
O06236,2024-01-24,PR0196,W06,C04,Central,Economy,3,10,9,2024-02-02,49.56
O06237,2025-10-02,PR0108,W01,C03,Central,Express,13,3,3,2025-10-05,15.16
O06238,2024-12-11,PR0089,W02,C08,North,Same Day,2,1,1,2024-12-12,18.44
O06239,2024-05-17,PR0157,W09,C08,South,Same Day,5,1,1,2024-05-18,16.41
O06240,2025-01-19,PR0150,W03,C07,South,Standard,3,6,7,2025-01-26,20.55
O06241,2025-08-28,PR0106,W03,C02,South,Same Day,1,1,2,2025-08-30,24.3
O06242,2024-12-24,PR0206,W05,C03,West,Standard,12,6,8,2025-01-01,8.46
O06243,2025-11-01,PR0108,W02,C07,North,Express,3,3,3,2025-11-04,33.76
O06244,2025-11-13,PR0155,W06,C06,Central,Same Day,7,1,1,2025-11-14,38.44
O06245,2024-05-11,PR0123,W01,C06,Central,standard,3,10,10,2024-05-21,19.45
O06246,2024-01-18,PR0089,W02,C03,North,Express,10,3,1,2024-01-19,40.8
O06247,2025-04-09,PR0137,W02,C06,North,Express,8,3,2,2025-04-11,36.56
O06248,2024-10-09,PR0058,W09,C06,South,Economy,11,10,10,2024-10-19,20.51
O06249,2025-01-02,PR0127,W01,C08,Central,Same Day,6,1,1,2025-01-03,25.65
O06250,2025-07-06,PR0158,W07,C01,East,Economy,4,10,7,2025-07-13,23.05
O06251,2024-11-10,PR0146,W03,C08,South,Express,3,3,1,2024-11-11,44.43
O06252,2024-01-28,PR0034,W04,C07,East,Standard,1,6,4,2024-02-01,16.28
O06253,2024-06-08,PR0132,W10,C07,North,Express,1,3,6,2024-06-14,32.68
O06254,2025-05-08,PR0142,W10,C03,North,Economy,6,10,9,2025-05-17,20.45
O06255,2024-05-06,PR0195,W07,C03,East,Express,8,3,1,2024-05-07,35.63
O06256,2025-05-05,PR0228,W03,C03,South,Economy,11,10,8,2025-05-13,39.93
O06257,2024-10-11,PR0178,W02,C02,North,Express,5,3,1,2024-10-12,18.24
O06258,2025-09-05,PR0200,W06,C05,Central,Standard,1,6,9,2025-09-14,18.12
O06259,2025-03-29,PR0066,W10,C01,North,Economy,9,10,9,2025-04-07,26.91
O06260,2025-03-12,PR0181,W01,C02,Central,Standard,10,6,7,2025-03-19,17.64
O06261,2025-02-26,PR0232,W09,C07,South,Express,1,3,4,2025-03-02,18.44
O06262,2024-05-09,PR0287,W04,C05,East,Standard,9,6,5,2024-05-14,27.03
O06263,2024-12-16,PR0123,W04,C04,East,Same Day,3,1,1,2024-12-17,36.46
O06264,2024-06-11,PR0015,W02,C06,North,Express,6,3,1,2024-06-12,17.96
O06265,2025-12-19,PR0210,W04,C06,East,Standard,10,6,3,2025-12-22,22.42
O06266,2024-09-12,PR0112,W02,C08,North,Standard,1,6,5,2024-09-17,15.68
O06267,2024-01-18,PR0120,W06,C04,Central,Same Day,4,1,1,2024-01-19,39.29
O06268,2025-02-19,PR0138,W08,C05,West,Economy,10,10,7,2025-02-26,47.45
O06269,2025-01-12,PR0126,W05,C03,West,Same Day,11,1,2,2025-01-14,45.94
O06270,2025-09-29,PR0007,W02,C05,North,Same Day,9,1,1,2025-09-30,27.17
O06271,2025-03-29,PR0203,W01,C02,Central,Same Day,6,1,1,2025-03-30,28.71
O06272,2025-01-15,PR0077,W07,C08,East,Economy,9,10,8,2025-01-23,27.66
O06273,2024-06-25,PR0111,W09,C07,South,Same Day,12,1,1,2024-06-26,31.38
O06274,2025-05-06,PR0268,W02,C05,North,Express,14,3,3,2025-05-09,29.32
O06275,2024-09-14,PR0240,W08,C05,West,Economy,5,10,4,2024-09-18,39.24
O06276,2024-01-03,PR0081,W10,C04,North,Standard,2,6,6,2024-01-09,17.57
O06277,2025-07-22,PR0214,W10,C02,North,Standard,12,6,5,2025-07-27,22.5
O06278,2025-06-10,PR0140,W02,C06,North,Standard,8,6,5,2025-06-15,
O06279,2024-07-31,PR0142,W02,C08,North,Economy,11,10,4,2024-08-04,21.86
O06280,2025-07-21,PR0253,W09,C02,South,Standard,11,6,8,2025-07-29,20.77
O06281,2025-04-05,PR0141,W05,C07,West,Same Day,4,1,1,2025-04-06,35.33
O06282,2024-04-02,PR0193,W08,C07,West,Express,7,3,1,2024-04-03,34.19
O06283,2025-03-09,PR0119,W01,C08,Central,Standard,5,6,7,2025-03-16,20.09
O06284,2025-07-11,PR0232,W02,C06,North,Standard,5,6,8,2025-07-19,3.0
O06285,2025-11-17,PR0263,W04,C08,East,Economy,7,10,10,2025-11-27,27.64
O06286,2024-04-19,PR0278,W03,C02,South,Standard,3,6,6,2024-04-25,21.14
O06287,2024-04-20,PR0188,W04,C03,East,Standard,9,6,6,2024-04-26,3.0
O06288,2025-04-19,PR0275,W10,C02,North,Express,13,3,1,2025-04-20,37.26
O06289,2025-06-04,PR0059,W10,C01,North,Economy,8,10,4,2025-06-08,32.88
O06290,2025-04-08,PR0067,W02,C07,North,Express,8,3,2,2025-04-10,16.36
O06291,2024-02-25,PR0002,W05,C02,West,Express,11,3,5,2024-03-01,20.32
O06292,2024-12-06,PR0106,W02,C01,North,Standard,2,6,6,2024-12-12,15.63
O06293,2024-10-21,PR0240,W04,C04,East,Same Day,10,1,1,2024-10-22,23.9
O06294,2025-05-18,PR0112,W04,C03,East,Express,12,3,2,2025-05-20,21.21
O06295,2025-02-14,PR0095,W09,C05,South,Standard,13,6,2,2025-02-16,3.0
O06296,2025-12-21,PR0143,W09,C07,South,Standard,6,6,3,2025-12-24,7.43
O06297,2024-01-18,PR0023,W01,C05,Central,Economy,4,10,10,2024-01-28,54.8
O06298,2024-07-05,PR0254,W04,C04,East,Same Day,2,1,1,2024-07-06,25.01
O06299,2025-04-02,PR0061,W05,C01,,Economy,6,10,12,2025-04-14,14.66
O06300,2025-09-02,PR0256,W04,C05,East,Economy,10,10,10,2025-09-12,39.92
O06301,2024-01-31,PR0010,W09,C08,South,Standard,10,6,4,2024-02-04,28.12
O06302,2025-07-28,PR0111,W02,C02,North,Same Day,6,1,1,2025-07-29,49.5
O06303,2024-07-22,PR0176,W03,C01,South,Economy,2,10,9,2024-07-31,47.52
O06304,2024-06-09,PR0239,W08,C06,West,Same Day,2,1,1,2024-06-10,41.05
O06305,2025-03-23,PR0060,W08,C01,West,Economy,13,10,8,2025-03-31,27.88
O06306,2024-06-01,PR0037,W02,C02,North,Same Day,4,1,1,2024-06-02,31.74
O06307,2025-08-22,PR0233,W02,C03,North,Express,4,3,1,2025-08-23,8.63
O06308,2024-05-21,PR0116,W05,C05,West,Standard,11,6,12,2024-06-02,24.24
O06309,2024-02-02,PR0147,W02,C02,North,Same Day,4,1,1,2024-02-03,30.64
O06310,2025-02-16,PR0012,W08,C05,West,Economy,5,10,13,2025-03-01,31.63
O06311,2024-04-12,PR0072,W04,C07,East,Same Day,10,1,1,2024-04-13,29.61
O06312,2025-10-03,PR0117,W01,C08,Central,Standard,13,6,7,2025-10-10,15.62
O06313,2024-03-10,PR0283,W02,C02,North,Standard,10,6,4,2024-03-14,16.42
O06314,2025-04-02,PR0050,W01,C08,Central,Economy,14,10,10,2025-04-12,10.93
O06315,2025-11-13,PR0245,W08,C08,West,Standard,8,6,5,2025-11-18,11.84
O06316,2024-09-15,PR0220,W10,C07,North,Standard,4,6,3,2024-09-18,17.79
O06317,2025-11-01,PR0126,W07,C07,East,Express,13,3,1,2025-11-02,31.49
O06318,2025-07-10,PR0213,W01,C03,Central,Standard,5,6,7,2025-07-17,31.64
O06319,2025-07-30,PR0174,W07,C01,East,Standard,4,6,6,2025-08-05,23.45
O06320,2024-11-18,PR0153,W03,C07,South,Standard,4,6,6,2024-11-24,38.79
O06321,2024-11-20,PR0228,W03,C04,South,Standard,12,6,8,2024-11-28,20.25
O06322,2024-09-18,PR0274,W06,C07,Central,Standard,11,6,6,2024-09-24,23.72
O06323,2025-08-26,PR0250,W04,C07,East,Economy,8,10,11,2025-09-06,35.39
O06324,2025-02-08,PR0265,W06,C03,Central,Economy,13,10,10,2025-02-18,28.78
O06325,2025-10-16,PR0059,W03,C06,South,Standard,6,6,4,2025-10-20,9.4
O06326,2024-07-22,PR0018,W08,C06,West,Economy,2,10,13,2024-08-04,24.89
O06327,2025-12-02,PR0167,W10,C06,North,Economy,8,10,11,2025-12-13,27.42
O06328,2025-01-26,PR0115,W06,C02,Central,Same Day,6,1,2,2025-01-28,31.39
O06329,2024-04-14,PR0011,W08,C07,West,Economy,6,10,8,2024-04-22,29.76
O06330,2024-04-11,PR0297,W03,C02,South,Express,7,3,1,2024-04-12,27.56
O06331,2025-05-11,PR0134,W07,C03,East,Standard,8,6,6,2025-05-17,3.41
O06332,2025-05-11,PR0230,W08,C08,West,Same Day,1,1,1,2025-05-12,27.78
O06333,2024-09-11,PR0155,W09,C08,South,Express,3,3,4,2024-09-15,33.33
O06334,2024-11-26,PR0119,W08,C05,West,Express,10,3,1,2024-11-27,37.74
O06335,2024-08-03,PR0042,W06,C01,Central,Same Day,2,1,1,2024-08-04,31.87
O06336,2025-08-19,PR0133,W01,C01,Central,Standard,13,6,8,2025-08-27,13.6
O06337,2025-09-17,PR0173,W05,C05,West,Standard,10,6,7,2025-09-24,13.84
O06338,2024-03-09,PR0264,W04,C05,East,Express,10,3,4,2024-03-13,27.08
O06339,2025-03-17,PR0190,W03,C07,South,Standard,1,6,5,2025-03-22,8.24
O06340,2024-08-07,PR0189,W05,C08,,Standard,2,6,7,2024-08-14,3.0
O06341,2025-06-11,PR0031,W08,C03,West,Express,8,3,3,2025-06-14,21.17
O06342,2024-04-18,PR0230,W10,C01,North,Economy,8,10,7,2024-04-25,28.91
O06343,2024-02-26,PR0135,W03,C05,South,Standard,6,6,6,2024-03-03,37.82
O06344,2025-10-07,PR0114,W07,C08,East,Standard,2,6,7,2025-10-14,24.5
O06345,2025-07-12,PR0065,W02,C04,North,Express,8,3,1,2025-07-13,30.15
O06346,2025-01-13,PR0229,W06,C02,Central,Economy,14,10,3,2025-01-16,23.16
O06347,2024-05-30,PR0288,W02,C02,North,Standard,3,6,8,2024-06-07,27.12
O06348,2025-03-31,PR0041,W02,C05,North,Same Day,1,1,1,2025-04-01,53.16
O06349,2025-11-08,PR0171,W01,C01,Central,Standard,13,6,4,2025-11-12,3.35
O06350,2024-03-13,PR0053,W01,C01,Central,Economy,9,10,11,2024-03-24,24.67
O06351,2024-09-23,PR0075,W04,C02,East,Express,8,3,3,2024-09-26,36.25
O06352,2024-06-13,PR0116,W10,C06,North,Economy,6,10,7,2024-06-20,26.25
O06353,2024-12-30,PR0057,W01,C03,Central,Express,9,3,3,2025-01-02,42.46
O06354,2025-08-07,PR0147,W05,C07,West,Same Day,5,1,1,2025-08-08,20.34
O06355,2025-03-24,PR0290,W02,C04,North,Express,5,3,3,2025-03-27,31.19
O06356,2024-03-04,PR0204,W10,C03,North,Same Day,11,1,1,2024-03-05,36.76
O06357,2025-07-07,PR0196,W02,C05,North,Economy,2,10,8,2025-07-15,31.73
O06358,2025-04-30,PR0103,W04,C01,East,Economy,1,10,10,2025-05-10,32.72
O06359,2025-11-13,PR0281,W02,C06,North,Express,1,3,4,2025-11-17,27.01
O06360,2024-07-12,PR0134,W05,C05,West,Standard,8,6,8,2024-07-20,22.17
O06361,2024-11-02,PR0086,W06,C07,Central,Economy,1,10,9,2024-11-11,19.78
O06362,2024-04-03,PR0003,W02,C01,North,Express,8,3,1,2024-04-04,33.53
O06363,2025-06-07,PR0012,W08,C04,West,Same Day,8,1,1,2025-06-08,16.37
O06364,2024-06-18,PR0074,W01,C07,Central,Economy,14,10,7,2024-06-25,40.2
O06365,2025-07-27,PR0297,W01,C02,Central,Express,6,3,3,2025-07-30,33.5
O06366,2025-04-19,PR0297,W08,C01,West,Economy,4,10,12,2025-05-01,25.09
O06367,2025-11-11,PR0021,W02,C01,North,Same Day,9,1,1,2025-11-12,13.22
O06368,2024-02-14,PR0125,W01,C03,Central,Same Day,10,1,1,2024-02-15,34.5
O06369,2024-08-22,PR0279,W02,C02,North,Same Day,14,1,1,2024-08-23,43.87
O06370,2024-03-31,PR0116,W01,C04,Central,Economy,13,10,5,2024-04-05,43.37
O06371,2024-04-25,PR0087,W07,C04,East,Economy,4,10,8,2024-05-03,39.53
O06372,2024-02-15,PR0003,W05,C08,West,Express,12,3,1,2024-02-16,41.42
O06373,2024-06-30,PR0068,W08,C05,West,Same Day,8,1,1,2024-07-01,41.22
O06374,2025-11-21,PR0022,W06,C08,Central,Express,12,3,2,2025-11-23,28.0
O06375,2024-12-07,PR0179,W08,C08,West,Same Day,8,1,1,2024-12-08,18.06
O06376,2024-04-19,PR0279,W05,C05,West,Economy,12,10,11,2024-04-30,33.48
O06377,2024-07-05,PR0021,W07,C01,East,Standard,7,6,3,2024-07-08,3.0
O06378,2025-09-11,PR0295,W05,C03,West,Same Day,2,1,1,2025-09-12,23.55
O06379,2025-09-16,PR0144,W05,C03,West,Economy,1,10,9,2025-09-25,21.37
O06380,2025-07-13,PR0051,W03,C06,South,Same Day,14,1,1,2025-07-14,23.11
O06381,2025-09-18,PR0260,W05,C07,West,Standard,8,6,5,2025-09-23,7.12
O06382,2024-09-29,PR0218,W05,C05,West,Same Day,12,1,1,2024-09-30,30.26
O06383,2024-06-04,PR0257,W02,C04,North,Economy,7,10,11,2024-06-15,39.27
O06384,2024-01-12,PR0190,W09,C08,South,Same Day,11,1,1,2024-01-13,50.85
O06385,2024-04-14,PR0292,W08,C05,West,standard,2,3,1,2024-04-15,27.41
O06386,2024-06-12,PR0068,W04,C03,East,Express,8,3,3,2024-06-15,22.71
O06387,2025-10-07,PR0105,W05,C03,West,Same Day,11,1,1,2025-10-08,38.61
O06388,2025-07-09,PR0285,W01,C07,Central,Express,10,3,4,2025-07-13,26.79
O06389,2024-01-01,PR0242,W06,C01,Central,Express,8,3,4,2024-01-05,33.11
O06390,2024-09-29,PR0282,W06,C04,Central,Economy,9,10,10,2024-10-09,39.36
O06391,2025-06-29,PR0292,W06,C07,Central,Express,3,3,6,2025-07-05,19.71
O06392,2025-09-20,PR0028,W10,C02,North,Economy,7,10,9,2025-09-29,28.19
O06393,2024-05-20,PR0113,W04,C05,East,Economy,2,10,11,2024-05-31,25.72
O06394,2025-05-06,PR0105,W09,C06,South,Economy,9,10,8,2025-05-14,43.03
O06395,2025-09-08,PR0217,W06,C08,Central,Standard,3,6,7,2025-09-15,26.47
O06396,2025-03-11,PR0227,W10,C03,North,Standard,4,6,7,2025-03-18,25.55
O06397,2024-04-01,PR0135,W07,C04,East,Standard,9,6,6,2024-04-07,20.89
O06398,2024-08-07,PR0139,W02,C04,North,Express,6,3,2,2024-08-09,30.11
O06399,2025-01-01,PR0170,W01,C08,Central,Express,7,3,3,2025-01-04,30.09
O06400,2024-07-28,PR0132,W05,C04,West,Standard,14,6,7,2024-08-04,10.55
O06401,2024-08-26,PR0218,W03,C05,South,Economy,6,10,7,2024-09-02,34.24
O06402,2025-02-21,PR0209,W02,C02,North,Same Day,11,1,1,2025-02-22,28.63
O06403,2024-07-10,PR0245,W03,C02,South,Standard,12,6,5,2024-07-15,19.38
O06404,2024-09-17,PR0019,W07,C07,East,Standard,10,6,3,2024-09-20,24.42
O06405,2025-02-14,PR0110,W07,C02,East,Standard,1,6,7,2025-02-21,19.3
O06406,2024-06-18,PR0011,W04,C08,East,Same Day,4,1,1,2024-06-19,29.36
O06407,2024-11-05,PR0273,W08,C08,West,Express,12,3,3,2024-11-08,32.89
O06408,2024-09-25,PR0019,W02,C05,North,Standard,9,6,8,2024-10-03,17.12
O06409,2025-03-15,PR0193,W04,C05,East,Standard,13,6,2,2025-03-17,3.0
O06410,2024-07-16,PR0044,W07,C08,East,Same Day,9,1,1,2024-07-17,35.95
O06411,2024-01-29,PR0189,W01,C08,Central,Economy,13,10,3,2024-02-01,36.48
O06412,2025-02-15,PR0155,W02,C01,North,Economy,13,10,13,2025-02-28,44.73
O06413,2025-05-10,PR0077,W10,C03,North,Express,1,3,3,2025-05-13,35.29
O06414,2025-12-17,PR0234,W04,C07,East,Standard,9,6,7,2025-12-24,33.23
O06415,2025-07-13,PR0257,W06,C04,Central,Standard,5,6,8,2025-07-21,20.05
O06416,2025-02-14,PR0017,W05,C08,West,Express,11,3,5,2025-02-19,19.82
O06417,2024-04-09,PR0189,W07,C07,East,Standard,14,6,7,2024-04-16,7.57
O06418,2025-03-29,PR0035,W04,C01,East,Economy,7,10,10,2025-04-08,50.27
O06419,2025-06-13,PR0128,W02,C05,North,Express,8,3,1,2025-06-14,24.9
O06420,2024-11-30,PR0100,W06,C03,Central,Express,1,3,5,2024-12-05,31.5
O06421,2025-02-07,PR0058,W08,C03,West,Same Day,13,1,1,2025-02-08,32.35
O06422,2025-07-13,PR0154,W05,C08,West,Express,6,3,4,2025-07-17,7.21
O06423,2025-12-16,PR0002,W01,C05,Central,Economy,6,10,6,2025-12-22,24.25
O06424,2025-12-14,PR0237,W06,C04,Central,Economy,2,10,8,2025-12-22,50.8
O06425,2024-11-15,PR0104,W06,C01,Central,Economy,7,10,7,2024-11-22,3.0
O06426,2025-08-03,PR0224,W04,C03,East,Standard,8,6,5,2025-08-08,13.53
O06427,2024-12-01,PR0221,W07,C06,East,Same Day,2,1,1,2024-12-02,18.6
O06428,2024-11-17,PR0169,W10,C02,North,Standard,2,6,3,2024-11-20,3.0
O06429,2024-05-07,PR0158,W01,C07,Central,Express,2,3,4,2024-05-11,23.16
O06430,2025-09-05,PR0107,W09,C08,South,Standard,14,6,5,2025-09-10,25.37
O06431,2025-12-04,PR0130,W08,C01,West,Same Day,3,1,2,2025-12-06,42.1
O06432,2024-09-09,PR0015,W05,C05,West,Standard,6,6,4,2024-09-13,15.12
O06433,2024-12-25,PR0215,W02,C01,North,Standard,5,6,7,2025-01-01,5.57
O06434,2025-04-30,PR0192,W10,C02,North,Economy,14,10,15,2025-05-15,30.03
O06435,2025-11-30,PR0167,W10,C02,,Express,4,3,1,2025-12-01,34.73
O06436,2025-09-02,PR0219,W01,C01,Central,Economy,7,10,12,2025-09-14,33.55
O06437,2024-07-31,PR0048,W05,C04,West,Same Day,11,1,1,2024-08-01,26.99
O06438,2024-09-11,PR0175,W08,C07,West,Express,2,3,3,2024-09-14,21.19
O06439,2024-04-12,PR0165,W06,C02,Central,Same Day,13,1,1,2024-04-13,31.3
O06440,2024-12-01,PR0241,W04,C08,East,Standard,5,6,7,2024-12-08,14.97
O06441,2025-01-23,PR0225,W05,C06,West,Standard,1,6,5,2025-01-28,40.99
O06442,2024-02-20,PR0294,W02,C08,North,Same Day,9,1,1,2024-02-21,38.55
O06443,2024-05-19,PR0094,W04,C06,East,Same Day,6,1,1,2024-05-20,31.47
O06444,2024-07-02,PR0264,W02,C01,North,Same Day,10,1,1,2024-07-03,32.63
O06445,2025-01-20,PR0131,W05,C07,West,Same Day,12,1,1,2025-01-21,47.07
O06446,2025-07-24,PR0299,W06,C05,Central,Economy,5,10,12,2025-08-05,38.01
O06447,2025-03-17,PR0092,W05,C05,West,Economy,4,10,6,2025-03-23,38.08
O06448,2024-02-21,PR0262,W07,C03,East,Economy,6,10,10,2024-03-02,27.05
O06449,2024-09-25,PR0169,W03,C02,South,Standard,11,6,7,2024-10-02,17.67
O06450,2024-11-14,PR0151,W07,C08,East,Economy,7,10,13,2024-11-27,30.42
O06451,2025-01-07,PR0052,W05,C03,West,Economy,13,10,12,2025-01-19,34.23
O06452,2024-12-14,PR0148,W01,C01,Central,Standard,8,6,8,2024-12-22,17.21
O06453,2025-08-07,PR0219,W05,C05,West,Same Day,5,1,1,2025-08-08,16.75
O06454,2024-11-22,PR0042,W09,C05,South,Express,7,3,2,2024-11-24,16.07
O06455,2025-06-02,PR0227,W01,C08,Central,Standard,6,6,7,2025-06-09,19.2
O06456,2025-03-11,PR0153,W03,C02,South,Express,3,3,1,2025-03-12,38.55
O06457,2025-01-13,PR0213,W07,C02,East,Economy,8,10,11,2025-01-24,25.13
O06458,2025-01-25,PR0029,W03,C07,South,Express,2,3,4,2025-01-29,42.69
O06459,2025-03-04,PR0186,W07,C07,East,Same Day,14,1,1,2025-03-05,36.34
O06460,2024-02-25,PR0047,W10,C04,North,Economy,9,10,10,2024-03-06,22.52
O06461,2025-10-09,PR0234,W04,C08,East,Same Day,10,1,1,2025-10-10,49.06
O06462,2024-08-22,PR0266,W10,C06,,Standard,7,6,2,2024-08-24,30.71
O06463,2025-12-12,PR0277,W05,C03,West,Express,9,3,5,2025-12-17,44.18
O06464,2024-07-10,PR0023,W10,C08,North,Express,13,3,2,2024-07-12,20.43
O06465,2024-06-04,PR0211,W07,C07,East,Express,9,3,3,2024-06-07,26.18
O06466,2025-04-07,PR0284,W08,C02,West,Economy,8,10,8,2025-04-15,27.95
O06467,2025-12-11,PR0084,W05,C08,West,Same Day,14,1,1,2025-12-12,31.78
O06468,2025-02-14,PR0055,W09,C08,South,Same Day,2,1,2,2025-02-16,36.7
O06469,2025-09-19,PR0243,W10,C07,North,Economy,3,10,7,2025-09-26,33.73
O06470,2024-01-29,PR0197,W10,C03,North,Standard,6,6,4,2024-02-02,15.86
O06471,2024-06-30,PR0156,W07,C04,East,Standard,5,6,6,2024-07-06,15.64
O06472,2024-04-04,PR0180,W07,C08,,Same Day,13,1,2,2024-04-06,24.86
O06473,2025-06-30,PR0083,W01,C01,Central,Economy,12,10,8,2025-07-08,32.55
O06474,2024-03-02,PR0081,W02,C02,North,Standard,7,6,6,2024-03-08,11.08
O06475,2024-04-20,PR0224,W05,C03,West,Economy,11,10,7,2024-04-27,27.76
O06476,2025-05-07,PR0287,W05,C05,West,Express,2,3,4,2025-05-11,22.84
O06477,2024-07-19,PR0188,W02,C03,North,Express,11,3,2,2024-07-21,40.15
O06478,2025-08-14,PR0124,W01,C08,Central,Same Day,10,1,2,2025-08-16,31.21
O06479,2025-03-30,PR0114,W10,C08,North,Same Day,10,1,1,2025-03-31,15.01
O06480,2025-04-01,PR0172,W03,C05,South,Economy,4,10,7,2025-04-08,33.49
O06481,2024-09-26,PR0014,W03,C02,South,Economy,11,10,13,2024-10-09,28.5
O06482,2024-03-18,PR0079,W03,C08,South,Standard,9,6,5,2024-03-23,10.86
O06483,2024-06-17,PR0015,W02,C02,North,Express,6,3,3,2024-06-20,11.29
O06484,2025-06-25,PR0130,W07,C05,East,Express,6,3,3,2025-06-28,33.25
O06485,2025-05-05,PR0108,W04,C03,East,Express,6,3,1,2025-05-06,29.18
O06486,2025-03-16,PR0286,W04,C04,East,Economy,5,10,10,2025-03-26,33.27
O06487,2025-06-29,PR0077,W02,C03,North,Economy,14,10,12,2025-07-11,27.99
O06488,2025-07-21,PR0290,W07,C07,East,Express,4,3,5,2025-07-26,26.0
O06489,2025-01-12,PR0286,W04,C08,East,Express,12,3,6,2025-01-18,21.24
O06490,2024-11-13,PR0107,W03,C04,South,Standard,10,6,8,2024-11-21,23.63
O06491,2025-11-18,PR0285,W01,C05,Central,Express,5,3,3,2025-11-21,50.02
O06492,2025-05-30,PR0058,W04,C04,East,Same Day,6,1,1,2025-05-31,38.9
O06493,2025-01-05,PR0261,W07,C07,East,Standard,3,6,6,2025-01-11,42.58
O06494,2024-02-02,PR0169,W08,C01,West,Same Day,14,1,1,2024-02-03,29.15
O06495,2024-11-08,PR0228,W07,C03,East,Same Day,13,1,1,2024-11-09,30.55
O06496,2025-10-29,PR0286,W08,C03,West,Same Day,3,1,1,2025-10-30,31.55
O06497,2024-05-29,PR0012,W03,C08,South,Standard,2,6,5,2024-06-03,26.57
O06498,2024-04-24,PR0095,W09,C02,South,Express,11,3,1,2024-04-25,34.28
O06499,2024-06-06,PR0122,W08,C02,West,Same Day,4,1,1,2024-06-07,27.88
O06500,2025-07-04,PR0119,W01,C03,Central,Economy,12,10,9,2025-07-13,33.33
O06501,2025-11-29,PR0172,W01,C04,Central,Standard,8,6,5,2025-12-04,22.77
O06502,2025-04-06,PR0226,W05,C04,West,Economy,6,10,6,2025-04-12,20.14
O06503,2024-07-30,PR0096,W09,C02,South,Same Day,4,1,2,2024-08-01,32.12
O06504,2025-10-22,PR0037,W03,C08,South,Economy,10,10,10,2025-11-01,44.74
O06505,2024-06-22,PR0071,W02,C01,North,Express,4,3,1,2024-06-23,43.58
O06506,2025-07-22,PR0224,W06,C04,Central,Economy,13,10,6,2025-07-28,41.9
O06507,2025-12-02,PR0219,W03,C04,South,Standard,8,6,9,2025-12-11,21.73
O06508,2025-05-01,PR0230,W07,C01,East,Standard,10,6,4,2025-05-05,10.88
O06509,2025-11-01,PR0239,W01,C06,Central,Standard,2,6,6,2025-11-07,23.66
O06510,2024-03-09,PR0114,W06,C03,Central,Economy,1,10,16,2024-03-25,47.16
O06511,2024-09-09,PR0051,W02,C08,North,Same Day,14,1,2,2024-09-11,22.51
O06512,2024-12-02,PR0101,W03,C02,South,Standard,7,6,9,2024-12-11,25.25
O06513,2025-01-30,PR0282,W06,C04,Central,Express,1,3,1,2025-01-31,34.18
O06514,2024-11-28,PR0193,W06,C01,Central,Express,5,3,3,2024-12-01,7.04
O06515,2024-09-30,PR0236,W01,C08,Central,Express,7,3,1,2024-10-01,24.52
O06516,2024-12-04,PR0244,W03,C08,South,Same Day,7,1,2,2024-12-06,36.53
O06517,2024-01-13,PR0271,W02,C02,North,Standard,14,6,7,2024-01-20,12.69
O06518,2025-06-11,PR0287,W10,C04,North,Economy,14,10,9,2025-06-20,21.99
O06519,2025-03-27,PR0292,W05,C08,West,Same Day,9,1,1,2025-03-28,23.49
O06520,2025-06-10,PR0144,W02,C06,North,Economy,9,10,11,2025-06-21,25.47
O06521,2024-12-19,PR0225,W09,C05,South,Same Day,7,1,1,2024-12-20,34.14
O06522,2024-09-17,PR0097,W07,C05,East,Same Day,11,1,1,2024-09-18,48.13
O06523,2024-09-24,PR0293,W04,C07,East,Economy,8,10,9,2024-10-03,17.35
O06524,2024-02-24,PR0191,W01,C07,Central,Express,8,3,2,2024-02-26,16.56
O06525,2025-07-01,PR0287,W07,C01,East,Standard,13,6,2,2025-07-03,11.0
O06526,2025-05-01,PR0145,W06,C01,Central,Express,13,3,3,2025-05-04,35.04
O06527,2025-04-06,PR0286,W06,C04,Central,Standard,11,6,5,2025-04-11,18.6
O06528,2024-01-16,PR0088,W07,C01,East,Express,13,3,4,2024-01-20,26.0
O06529,2025-10-21,PR0012,W06,C02,Central,Standard,3,6,6,2025-10-27,20.66
O06530,2024-05-30,PR0029,W01,C08,Central,Economy,7,10,5,2024-06-04,24.55
O06531,2025-05-29,PR0074,W06,C05,Central,Same Day,7,1,1,2025-05-30,23.52
O06532,2025-07-05,PR0259,W08,C04,West,Economy,9,10,7,2025-07-12,21.01
O06533,2025-08-23,PR0300,W06,C08,Central,Express,8,3,2,2025-08-25,19.47
O06534,2025-12-08,PR0145,W06,C02,Central,Standard,3,6,5,2025-12-13,18.03
O06535,2024-11-09,PR0067,W04,C07,East,Economy,6,10,6,2024-11-15,41.33
O06536,2025-08-15,PR0115,W03,C06,South,Economy,1,10,13,2025-08-28,33.72
O06537,2024-04-17,PR0075,W07,C01,East,Economy,6,10,12,2024-04-29,30.65
O06538,2025-11-28,PR0168,W09,C06,South,Same Day,10,1,1,2025-11-29,33.42
O06539,2025-01-20,PR0193,W09,C03,South,Standard,8,6,5,2025-01-25,10.95
O06540,2024-04-01,PR0059,W01,C05,Central,Economy,1,10,9,2024-04-10,25.96
O06541,2025-12-28,PR0141,W04,C01,East,Express,12,3,4,2026-01-01,43.25
O06542,2024-10-01,PR0025,W09,C03,South,Express,1,3,3,2024-10-04,18.21
O06543,2025-07-24,PR0095,W03,C03,South,Economy,6,10,6,2025-07-30,26.68
O06544,2024-06-15,PR0167,W01,C04,Central,Express,2,3,3,2024-06-18,19.64
O06545,2024-08-31,PR0159,W01,C08,Central,Standard,1,6,7,2024-09-07,5.81
O06546,2024-06-03,PR0277,W02,C04,North,Economy,8,10,3,2024-06-06,30.23
O06547,2024-01-31,PR0258,W08,C08,West,Express,12,3,4,2024-02-04,25.51
O06548,2025-08-03,PR0223,W03,C07,South,Express,1,3,4,2025-08-07,29.88
O06549,2025-06-13,PR0118,W01,C07,Central,Standard,1,6,5,2025-06-18,23.2
O06550,2025-12-29,PR0076,W06,C04,Central,Express,5,3,3,2026-01-01,35.14
O06551,2024-06-20,PR0016,W09,C04,South,Standard,10,6,3,2024-06-23,3.0
O06552,2024-02-15,PR0157,W10,C01,North,Standard,4,6,6,2024-02-21,14.95
O06553,2024-07-08,PR0039,W03,C07,South,Express,4,3,2,2024-07-10,50.98
O06554,2024-01-03,PR0158,W02,C07,North,Standard,5,6,4,2024-01-07,29.15
O06555,2025-12-09,PR0055,W06,C07,Central,Economy,2,10,13,2025-12-22,55.38
O06556,2025-04-17,PR0088,W05,C07,West,Economy,12,10,7,2025-04-24,23.52
O06557,2024-04-27,PR0228,W02,C05,North,Standard,1,6,5,2024-05-02,14.16
O06558,2025-06-04,PR0130,W01,C05,Central,Economy,9,10,9,2025-06-13,35.13
O06559,2025-01-30,PR0090,W10,C02,North,Standard,9,6,6,2025-02-05,15.03
O06560,2025-07-14,PR0109,W10,C01,North,Same Day,3,1,1,2025-07-15,23.53
O06561,2024-07-12,PR0022,W04,C05,East,Economy,6,10,12,2024-07-24,19.51
O06562,2024-04-05,PR0295,W07,C04,East,Standard,1,6,5,2024-04-10,19.11
O06563,2024-08-28,PR0111,W01,C06,Central,Same Day,11,1,1,2024-08-29,21.82
O06564,2024-11-22,PR0291,W09,C01,South,Standard,14,6,5,2024-11-27,32.75
O06565,2025-08-26,PR0029,W01,C02,Central,Standard,14,6,7,2025-09-02,23.14
O06566,2025-05-09,PR0228,W07,C08,East,Economy,14,10,5,2025-05-14,26.37
O06567,2025-07-17,PR0073,W09,C07,South,Express,12,3,2,2025-07-19,26.03
O06568,2024-11-18,PR0099,W07,C05,East,Economy,4,10,12,2024-11-30,17.95
O06569,2025-08-25,PR0260,W07,C01,East,Standard,1,6,6,2025-08-31,7.56
O06570,2024-02-05,PR0003,W02,C02,North,Express,6,3,3,2024-02-08,26.22
O06571,2024-01-18,PR0173,W08,C05,West,Economy,7,10,4,2024-01-22,28.35
O06572,2024-07-05,PR0090,W02,C07,North,Same Day,2,1,1,2024-07-06,32.81
O06573,2024-10-12,PR0207,W07,C07,East,Economy,5,10,6,2024-10-18,33.97
O06574,2025-03-24,PR0286,W02,C05,North,Same Day,8,1,1,2025-03-25,18.83
O06575,2024-01-21,PR0084,W02,C07,North,Economy,3,10,13,2024-02-03,37.14
O06576,2025-03-19,PR0074,W08,C02,West,Economy,1,10,11,2025-03-30,49.31
O06577,2024-10-02,PR0294,W10,C02,North,Standard,3,6,4,2024-10-06,17.16
O06578,2024-01-14,PR0240,W08,C01,West,Same Day,6,1,1,2024-01-15,30.35
O06579,2024-11-02,PR0168,W10,C07,North,Standard,12,6,5,2024-11-07,20.95
O06580,2025-12-21,PR0005,W09,C02,South,Same Day,12,1,1,2025-12-22,20.6
O06581,2024-01-02,PR0107,W08,C05,West,Same Day,5,1,1,2024-01-03,33.88
O06582,2024-04-12,PR0099,W08,C07,West,Same Day,2,1,1,2024-04-13,29.22
O06583,2025-09-25,PR0129,W08,C08,West,Standard,2,6,5,2025-09-30,23.01
O06584,2025-06-19,PR0137,W01,C02,Central,Standard,5,6,5,2025-06-24,23.62
O06585,2025-01-11,PR0129,W01,C05,Central,Express,14,3,3,2025-01-14,31.13
O06586,2025-03-16,PR0068,W05,C01,West,Express,4,3,4,2025-03-20,37.72
O06587,2024-10-28,PR0115,W06,C04,Central,Express,7,3,1,2024-10-29,37.15
O06588,2025-01-21,PR0155,W06,C03,Central,Economy,9,10,4,2025-01-25,22.68
O06589,2024-06-12,PR0263,W05,C07,West,Economy,11,10,11,2024-06-23,34.25
O06590,2024-01-16,PR0164,W01,C04,Central,Express,4,3,2,2024-01-18,20.31
O06591,2025-07-06,PR0099,W08,C07,West,Standard,3,6,3,2025-07-09,18.98
O06592,2025-04-28,PR0045,W01,C02,Central,Economy,3,10,8,2025-05-06,12.24
O06593,2025-09-21,PR0009,W02,C08,North,Same Day,6,1,1,2025-09-22,19.7
O06594,2024-02-01,PR0047,W07,C01,East,Economy,7,10,9,2024-02-10,31.79
O06595,2024-07-03,PR0124,W07,C02,East,Economy,14,10,15,2024-07-18,25.25
O06596,2024-03-20,PR0257,W01,C01,Central,Economy,10,10,9,2024-03-29,
O06597,2025-01-21,PR0092,W02,C08,North,Express,5,3,2,2025-01-23,28.55
O06598,2024-05-09,PR0287,W02,C05,North,Standard,6,6,10,2024-05-19,12.84
O06599,2024-05-15,PR0141,W05,C05,,Same Day,1,1,1,2024-05-16,21.32
O06600,2025-04-10,PR0075,W06,C01,Central,Express,14,3,3,2025-04-13,26.42
O06601,2025-01-24,PR0051,W02,C03,North,Same Day,3,1,1,2025-01-25,24.06
O06602,2024-03-21,PR0166,W01,C03,Central,Standard,13,6,5,2024-03-26,25.62
O06603,2025-08-08,PR0041,W07,C08,East,Express,9,3,2,2025-08-10,38.51
O06604,2024-03-15,PR0031,W05,C08,West,Same Day,10,1,1,2024-03-16,14.36
O06605,2024-12-09,PR0130,W01,C03,Central,Same Day,3,1,1,2024-12-10,16.02
O06606,2024-04-30,PR0169,W05,C03,West,Economy,7,10,8,2024-05-08,31.52
O06607,2025-04-12,PR0091,W04,C07,East,Standard,5,6,8,2025-04-20,13.83
O06608,2025-11-18,PR0250,W09,C06,South,Economy,6,10,6,2025-11-24,33.74
O06609,2024-10-30,PR0006,W08,C08,West,Express,6,3,1,2024-10-31,37.49
O06610,2024-03-17,PR0216,W10,C07,North,Express,1,3,2,2024-03-19,20.5
O06611,2024-10-14,PR0207,W10,C02,North,Economy,12,10,7,2024-10-21,15.74
O06612,2024-05-21,PR0266,W05,C06,West,Same Day,1,1,1,2024-05-22,34.14
O06613,2024-06-30,PR0057,W09,C03,South,Express,12,3,2,2024-07-02,28.26
O06614,2025-09-09,PR0133,W05,C06,West,Same Day,4,1,2,2025-09-11,43.16
O06615,2025-06-08,PR0252,W06,C08,Central,Standard,5,6,3,2025-06-11,24.3
O06616,2025-04-05,PR0187,W02,C02,North,Same Day,1,1,2,2025-04-07,46.31
O06617,2025-01-10,PR0181,W07,C08,East,Express,2,3,2,2025-01-12,47.2
O06618,2024-04-17,PR0175,W06,C07,Central,Same Day,9,1,1,2024-04-18,38.43
O06619,2025-11-28,PR0080,W04,C03,East,Same Day,11,1,1,2025-11-29,38.37
O06620,2025-05-12,PR0115,W02,C04,North,Same Day,14,1,1,2025-05-13,27.51
O06621,2025-03-21,PR0092,W01,C03,Central,Express,8,3,2,2025-03-23,24.84
O06622,2024-01-03,PR0085,W06,C02,Central,Express,7,3,2,2024-01-05,20.84
O06623,2024-05-09,PR0240,W04,C04,East,Economy,12,10,12,2024-05-21,28.97
O06624,2024-01-01,PR0171,W01,C03,Central,Standard,6,6,7,2024-01-08,22.25
O06625,2024-02-20,PR0267,W02,C07,North,Economy,5,10,9,2024-02-29,25.63
O06626,2024-08-12,PR0190,W07,C03,East,Economy,10,10,4,2024-08-16,26.68
O06627,2024-10-08,PR0242,W02,C01,North,Economy,5,10,9,2024-10-17,46.05
O06628,2024-06-24,PR0105,W09,C02,South,Express,11,3,1,2024-06-25,19.23
O06629,2024-10-12,PR0158,W05,C01,West,Express,13,3,1,2024-10-13,23.76
O06630,2025-05-30,PR0190,W03,C05,South,Same Day,3,1,1,2025-05-31,6.15
O06631,2024-10-13,PR0201,W10,C03,North,Standard,5,6,6,2024-10-19,11.48
O06632,2024-04-01,PR0297,W05,C02,West,Express,8,3,5,2024-04-06,16.88
O06633,2024-06-13,PR0103,W04,C08,East,Economy,11,10,11,2024-06-24,29.36
O06634,2024-09-03,PR0003,W02,C04,North,Express,9,3,4,2024-09-07,5.88
O06635,2025-03-05,PR0271,W02,C03,North,Economy,5,10,16,2025-03-21,34.93
O06636,2025-07-09,PR0029,W04,C01,East,Standard,11,6,7,2025-07-16,10.0
O06637,2025-05-08,PR0264,W10,C06,North,Standard,12,6,5,2025-05-13,27.85
O06638,2024-12-25,PR0256,W06,C08,Central,Standard,6,6,5,2024-12-30,10.99
O06639,2024-04-03,PR0272,W02,C04,North,Same Day,6,1,1,2024-04-04,21.83
O06640,2024-01-02,PR0190,W01,C02,Central,standard,1,3,3,2024-01-05,30.13
O06641,2025-04-19,PR0186,W10,C06,North,Standard,2,6,7,2025-04-26,20.4
O06642,2024-11-18,PR0154,W03,C08,South,Economy,1,10,9,2024-11-27,29.12
O06643,2024-03-23,PR0004,W10,C01,North,Same Day,11,1,1,2024-03-24,23.26
O06644,2024-08-20,PR0258,W05,C03,West,Standard,5,6,4,2024-08-24,14.59
O06645,2025-08-06,PR0127,W09,C06,South,Express,11,3,2,2025-08-08,38.9
O06646,2024-02-14,PR0110,W02,C03,,Economy,3,10,10,2024-02-24,33.95
O06647,2024-03-13,PR0105,W08,C06,West,Same Day,11,1,1,2024-03-14,27.06
O06648,2025-11-27,PR0290,W10,C06,North,Standard,5,6,6,2025-12-03,16.07
O06649,2025-05-10,PR0214,W04,C01,East,Standard,1,6,5,2025-05-15,24.59
O06650,2025-05-31,PR0223,W06,C03,Central,Same Day,4,1,1,2025-06-01,19.01
O06651,2025-07-29,PR0117,W07,C03,East,Same Day,13,1,1,2025-07-30,38.64
O06652,2024-08-20,PR0075,W09,C03,South,Economy,9,10,10,2024-08-30,26.92
O06653,2025-02-27,PR0119,W06,C08,Central,Express,11,3,1,2025-02-28,
O06654,2025-02-26,PR0083,W04,C01,East,Express,7,3,3,2025-03-01,37.67
O06655,2025-09-01,PR0070,W07,C03,East,Same Day,1,1,1,2025-09-02,31.91
O06656,2025-04-28,PR0003,W02,C08,North,Economy,13,10,9,2025-05-07,27.67
O06657,2024-03-31,PR0214,W06,C04,Central,Express,14,3,2,2024-04-02,28.43
O06658,2025-04-30,PR0150,W09,C06,South,Same Day,8,1,1,2025-05-01,27.43
O06659,2025-07-05,PR0063,W10,C01,North,Express,7,3,3,2025-07-08,24.16
O06660,2024-03-13,PR0142,W02,C06,North,Same Day,13,1,1,2024-03-14,25.25
O06661,2024-12-06,PR0133,W02,C01,North,Express,3,3,4,2024-12-10,31.86
O06662,2024-12-26,PR0036,W01,C01,Central,Economy,11,10,9,2025-01-04,7.51
O06663,2024-08-15,PR0164,W03,C08,South,Standard,9,6,2,2024-08-17,13.06
O06664,2025-04-24,PR0064,W04,C01,East,Express,12,3,4,2025-04-28,
O06665,2025-01-03,PR0265,W05,C02,West,Same Day,14,1,1,2025-01-04,25.45
O06666,2025-06-20,PR0142,W09,C04,South,Same Day,1,1,1,2025-06-21,16.66
O06667,2024-06-04,PR0126,W05,C03,West,Standard,2,6,4,2024-06-08,19.41
O06668,2025-02-19,PR0057,W07,C03,East,Economy,7,10,8,2025-02-27,19.76
O06669,2024-02-09,PR0224,W08,C05,West,Economy,10,10,7,2024-02-16,7.05
O06670,2024-07-17,PR0247,W06,C02,Central,Express,6,3,3,2024-07-20,25.33
O06671,2024-09-14,PR0172,W07,C04,East,Express,13,3,3,2024-09-17,32.9
O06672,2025-07-14,PR0272,W04,C05,East,Express,6,3,2,2025-07-16,42.83
O06673,2024-11-21,PR0103,W03,C03,South,Economy,2,10,12,2024-12-03,30.34
O06674,2025-10-07,PR0251,W04,C08,East,Economy,2,10,5,2025-10-12,22.1
O06675,2024-05-21,PR0064,W01,C05,Central,Standard,8,6,5,2024-05-26,14.29
O06676,2024-12-04,PR0039,W07,C06,East,Standard,1,6,5,2024-12-09,21.36
O06677,2025-04-01,PR0217,W08,C03,West,Same Day,1,1,1,2025-04-02,25.64
O06678,2025-12-22,PR0082,W02,C08,North,Economy,6,10,7,2025-12-29,30.42
O06679,2025-01-03,PR0220,W05,C03,West,Same Day,10,1,1,2025-01-04,42.88
O06680,2024-12-26,PR0009,W02,C03,North,Same Day,5,1,1,2024-12-27,25.54
O06681,2025-02-10,PR0053,W09,C02,South,Express,10,3,3,2025-02-13,21.18
O06682,2025-08-01,PR0213,W03,C02,South,Standard,9,6,2,2025-08-03,23.14
O06683,2025-08-31,PR0265,W02,C01,North,Same Day,13,1,1,2025-09-01,28.13
O06684,2024-11-28,PR0112,W02,C07,North,Standard,12,6,4,2024-12-02,38.98
O06685,2025-05-20,PR0082,W07,C07,East,Standard,1,6,6,2025-05-26,26.91
O06686,2025-11-13,PR0064,W01,C04,Central,Standard,3,6,4,2025-11-17,33.7
O06687,2024-08-27,PR0015,W02,C03,North,Standard,1,6,2,2024-08-29,23.24
O06688,2024-04-12,PR0164,W08,C06,West,Economy,8,10,7,2024-04-19,28.62
O06689,2024-04-07,PR0298,W06,C08,Central,Standard,10,6,3,2024-04-10,3.0
O06690,2024-05-25,PR0141,W04,C03,East,Same Day,10,1,1,2024-05-26,23.16
O06691,2025-12-22,PR0120,W08,C05,West,Economy,8,10,7,2025-12-29,22.43
O06692,2024-02-25,PR0124,W03,C08,South,Express,8,3,1,2024-02-26,37.44
O06693,2025-10-11,PR0292,W10,C01,North,Economy,4,10,12,2025-10-23,39.25
O06694,2025-09-27,PR0237,W07,C01,East,Express,4,3,3,2025-09-30,14.28
O06695,2024-11-18,PR0239,W04,C02,East,Standard,14,6,6,2024-11-24,25.19
O06696,2025-11-29,PR0171,W09,C08,South,Standard,1,6,3,2025-12-02,21.9
O06697,2024-03-25,PR0034,W09,C07,South,Express,8,3,2,2024-03-27,33.46
O06698,2025-03-24,PR0280,W07,C08,East,Same Day,2,1,1,2025-03-25,30.05
O06699,2024-03-01,PR0214,W02,C07,North,Express,2,3,2,2024-03-03,24.74
O06700,2025-03-03,PR0250,W10,C02,North,Standard,10,6,7,2025-03-10,7.03
O06701,2024-11-23,PR0223,W02,C04,North,Same Day,11,1,1,2024-11-24,21.43
O06702,2024-08-07,PR0245,W03,C06,South,Same Day,6,1,2,2024-08-09,26.99
O06703,2025-11-01,PR0141,W01,C01,Central,Same Day,11,1,1,2025-11-02,37.47
O06704,2025-03-26,PR0054,W06,C07,Central,standard,2,1,1,2025-03-27,25.56
O06705,2024-02-02,PR0005,W08,C02,West,Same Day,8,1,1,2024-02-03,22.38
O06706,2024-02-14,PR0172,W08,C04,West,Standard,6,6,7,2024-02-21,18.43
O06707,2025-03-29,PR0123,W09,C07,South,Express,9,3,2,2025-03-31,30.22
O06708,2025-04-19,PR0166,W06,C03,Central,Standard,8,6,6,2025-04-25,21.82
O06709,2024-12-28,PR0185,W01,C01,Central,Same Day,9,1,1,2024-12-29,39.35
O06710,2025-10-21,PR0128,W02,C02,North,Express,5,3,2,2025-10-23,28.92
O06711,2025-11-13,PR0101,W10,C05,North,Standard,1,6,6,2025-11-19,17.96
O06712,2024-01-10,PR0298,W05,C01,West,Same Day,3,1,1,2024-01-11,24.19
O06713,2025-11-24,PR0254,W06,C01,Central,Express,11,3,6,2025-11-30,20.39
O06714,2024-11-07,PR0037,W02,C01,North,Express,13,3,1,2024-11-08,24.49
O06715,2025-12-07,PR0025,W06,C01,Central,Standard,4,6,3,2025-12-10,25.38
O06716,2024-01-04,PR0067,W04,C06,East,Same Day,4,1,2,2024-01-06,40.57
O06717,2024-05-09,PR0197,W10,C07,North,Express,9,3,1,2024-05-10,22.14
O06718,2025-03-14,PR0115,W10,C08,North,Same Day,7,1,1,2025-03-15,37.03
O06719,2024-03-06,PR0063,W02,C06,North,Same Day,13,1,1,2024-03-07,37.18
O06720,2025-10-03,PR0058,W06,C03,Central,Standard,6,6,6,2025-10-09,15.21
O06721,2024-08-14,PR0006,W04,C05,East,Express,6,3,2,2024-08-16,27.83
O06722,2025-07-12,PR0162,W04,C06,East,Same Day,14,1,1,2025-07-13,31.09
O06723,2024-09-06,PR0145,W07,C04,East,Same Day,4,1,1,2024-09-07,36.27
O06724,2024-05-30,PR0103,W02,C04,North,Same Day,6,1,1,2024-05-31,28.12
O06725,2025-02-01,PR0106,W10,C02,,Standard,13,6,7,2025-02-08,9.54
O06726,2024-03-01,PR0156,W05,C06,West,Economy,13,10,10,2024-03-11,21.84
O06727,2025-08-06,PR0086,W06,C08,Central,Standard,5,6,8,2025-08-14,15.34
O06728,2025-10-21,PR0037,W02,C04,North,Economy,3,10,12,2025-11-02,59.08
O06729,2025-08-07,PR0106,W05,C01,West,Standard,2,6,7,2025-08-14,19.23
O06730,2024-03-16,PR0079,W01,C02,Central,Economy,10,10,6,2024-03-22,38.21
O06731,2025-03-25,PR0217,W05,C05,West,Same Day,13,1,1,2025-03-26,26.73
O06732,2024-02-15,PR0170,W03,C04,South,Economy,7,10,9,2024-02-24,44.5
O06733,2025-05-27,PR0216,W07,C05,East,Express,7,3,2,2025-05-29,38.8
O06734,2024-08-11,PR0055,W09,C07,South,Same Day,9,1,1,2024-08-12,32.85
O06735,2024-11-10,PR0255,W06,C04,Central,Same Day,3,1,1,2024-11-11,31.89
O06736,2024-08-18,PR0098,W10,C02,North,Standard,11,6,7,2024-08-25,4.63
O06737,2025-02-06,PR0011,W08,C07,West,Economy,8,10,11,2025-02-17,3.12
O06738,2025-01-21,PR0059,W03,C08,South,Same Day,1,1,1,2025-01-22,39.18
O06739,2024-12-01,PR0140,W10,C05,North,Express,1,3,4,2024-12-05,36.73
O06740,2024-06-13,PR0004,W04,C05,East,Standard,5,6,3,2024-06-16,18.8
O06741,2024-03-15,PR0282,W05,C04,West,Express,12,3,4,2024-03-19,14.73
O06742,2025-01-23,PR0094,W07,C08,East,Same Day,1,1,1,2025-01-24,37.56
O06743,2024-05-13,PR0050,W05,C01,West,Express,8,3,4,2024-05-17,45.31
O06744,2024-10-19,PR0249,W10,C04,North,Economy,1,10,7,2024-10-26,25.27
O06745,2025-07-04,PR0274,W07,C02,East,Express,4,3,3,2025-07-07,21.09
O06746,2025-08-19,PR0300,W10,C07,North,Express,2,3,3,2025-08-22,37.56
O06747,2025-11-08,PR0280,W06,C01,Central,Express,9,3,3,2025-11-11,6.32
O06748,2024-08-12,PR0258,W03,C03,South,Same Day,2,1,1,2024-08-13,35.83
O06749,2024-12-04,PR0255,W10,C06,North,Standard,6,6,8,2024-12-12,27.44
O06750,2024-01-16,PR0072,W02,C01,North,Standard,11,6,5,2024-01-21,3.0
O06751,2025-10-20,PR0067,W08,C04,West,Standard,6,6,2,2025-10-22,13.08
O06752,2024-12-30,PR0096,W03,C04,South,Standard,8,6,8,2025-01-07,3.06
O06753,2025-10-14,PR0008,W01,C02,Central,Economy,7,10,13,2025-10-27,23.47
O06754,2025-06-06,PR0008,W04,C01,East,Express,10,3,2,2025-06-08,33.89
O06755,2024-01-15,PR0161,W09,C04,South,Standard,1,6,3,2024-01-18,16.1
O06756,2024-03-31,PR0102,W05,C03,West,Economy,13,10,3,2024-04-03,52.65
O06757,2025-03-30,PR0094,W09,C07,South,Express,3,3,5,2025-04-04,29.97
O06758,2025-09-23,PR0201,W10,C06,North,Same Day,2,1,1,2025-09-24,16.84
O06759,2025-11-25,PR0005,W07,C06,East,Economy,13,10,13,2025-12-08,26.5
O06760,2024-12-08,PR0275,W01,C04,Central,standard,4,10,7,2024-12-15,23.72
O06761,2024-11-27,PR0269,W06,C06,Central,Express,9,3,1,2024-11-28,30.9
O06762,2024-03-30,PR0158,W03,C05,South,Economy,5,10,10,2024-04-09,20.39
O06763,2024-11-15,PR0242,W03,C06,South,Economy,6,10,12,2024-11-27,35.94
O06764,2024-02-17,PR0191,W09,C05,South,Express,2,3,2,2024-02-19,43.28
O06765,2025-03-05,PR0201,W09,C07,South,Standard,11,6,9,2025-03-14,31.54
O06766,2025-12-11,PR0149,W03,C03,South,Economy,11,10,14,2025-12-25,47.35
O06767,2025-01-13,PR0211,W07,C01,East,Express,5,3,1,2025-01-14,33.5
O06768,2024-03-20,PR0206,W04,C08,East,Economy,3,10,11,2024-03-31,14.84
O06769,2025-04-19,PR0199,W10,C03,North,Express,10,3,3,2025-04-22,42.53
O06770,2024-01-02,PR0275,W05,C02,West,Standard,10,6,5,2024-01-07,34.48
O06771,2024-04-03,PR0002,W07,C08,East,Express,7,3,4,2024-04-07,12.74
O06772,2024-08-19,PR0173,W01,C02,Central,Standard,8,6,2,2024-08-21,10.48
O06773,2024-07-04,PR0174,W03,C08,South,Economy,11,10,7,2024-07-11,22.33
O06774,2025-12-18,PR0110,W09,C02,South,Standard,11,6,5,2025-12-23,9.78
O06775,2025-10-24,PR0018,W01,C04,Central,Express,1,3,5,2025-10-29,29.94
O06776,2024-03-10,PR0238,W04,C08,East,Standard,6,6,4,2024-03-14,16.79
O06777,2025-06-18,PR0290,W06,C06,Central,Economy,4,10,10,2025-06-28,16.82
O06778,2024-01-05,PR0039,W07,C06,East,Standard,12,6,3,2024-01-08,23.98
O06779,2025-03-20,PR0248,W10,C06,North,Standard,9,6,5,2025-03-25,17.88
O06780,2025-05-30,PR0156,W08,C01,West,Express,6,3,4,2025-06-03,39.81
O06781,2025-07-02,PR0022,W04,C01,East,Same Day,2,1,1,2025-07-03,30.53
O06782,2025-07-17,PR0080,W06,C05,Central,Standard,3,6,7,2025-07-24,11.77
O06783,2025-08-25,PR0131,W07,C07,East,Economy,6,10,4,2025-08-29,18.44
O06784,2025-12-07,PR0266,W08,C07,West,Express,13,3,1,2025-12-08,23.86
O06785,2025-12-21,PR0189,W10,C04,North,Economy,8,10,11,2026-01-01,
O06786,2025-07-23,PR0283,W06,C07,Central,Standard,10,6,5,2025-07-28,19.26
O06787,2025-12-26,PR0268,W10,C06,North,Same Day,7,1,2,2025-12-28,42.73
O06788,2024-08-30,PR0104,W05,C07,West,Express,6,3,2,2024-09-01,26.07
O06789,2024-03-09,PR0038,W06,C05,Central,Economy,10,10,3,2024-03-12,16.88
O06790,2025-09-15,PR0045,W03,C05,South,Economy,7,10,9,2025-09-24,26.41
O06791,2024-06-25,PR0025,W01,C04,Central,Same Day,9,1,1,2024-06-26,23.39
O06792,2024-12-05,PR0135,W07,C08,East,Standard,4,6,4,2024-12-09,22.03
O06793,2025-11-04,PR0035,W10,C06,North,Express,6,3,2,2025-11-06,19.86
O06794,2024-06-21,PR0052,W05,C02,West,Express,4,3,5,2024-06-26,44.63
O06795,2024-01-02,PR0060,W02,C07,North,Express,5,3,3,2024-01-05,41.99
O06796,2025-07-18,PR0151,W09,C07,South,Same Day,2,1,1,2025-07-19,9.34
O06797,2025-07-03,PR0075,W09,C04,South,Express,3,3,3,2025-07-06,23.79
O06798,2024-05-18,PR0169,W03,C08,South,Standard,3,6,5,2024-05-23,6.93
O06799,2024-09-15,PR0204,W10,C08,North,Same Day,11,1,1,2024-09-16,27.78
O06800,2024-10-12,PR0076,W05,C02,West,Same Day,1,1,1,2024-10-13,30.89
O06801,2025-11-01,PR0053,W09,C01,South,Express,11,3,5,2025-11-06,8.97
O06802,2025-06-21,PR0085,W10,C08,North,Standard,1,6,4,2025-06-25,19.79
O06803,2025-03-07,PR0067,W07,C06,East,Express,2,3,1,2025-03-08,27.67
O06804,2025-12-18,PR0200,W10,C08,North,Express,7,3,3,2025-12-21,12.77
O06805,2025-10-04,PR0170,W02,C07,North,Express,9,3,4,2025-10-08,26.11
O06806,2024-02-06,PR0251,W03,C03,South,Standard,7,6,8,2024-02-14,24.98
O06807,2024-10-10,PR0260,W09,C05,South,Express,13,3,1,2024-10-11,23.97
O06808,2024-05-14,PR0085,W03,C02,South,Economy,4,10,13,2024-05-27,40.45
O06809,2025-05-24,PR0125,W04,C08,East,Express,12,3,4,2025-05-28,18.62
O06810,2025-12-13,PR0139,W02,C04,North,Express,12,3,3,2025-12-16,28.05
O06811,2025-01-16,PR0255,W03,C04,South,Standard,13,6,2,2025-01-18,23.38
O06812,2024-05-13,PR0206,W06,C01,Central,Standard,4,6,9,2024-05-22,19.59
O06813,2025-03-03,PR0221,W04,C01,East,Standard,8,6,4,2025-03-07,12.59
O06814,2025-02-20,PR0268,W07,C01,East,Economy,7,10,16,2025-03-08,40.33
O06815,2024-07-20,PR0049,W02,C01,North,Standard,4,6,7,2024-07-27,19.18
O06816,2024-12-18,PR0145,W01,C02,Central,Express,14,3,1,2024-12-19,47.43
O06817,2025-03-26,PR0251,W05,C08,West,Economy,13,10,9,2025-04-04,34.55
O06818,2024-12-30,PR0136,W08,C01,West,Standard,14,6,9,2025-01-08,19.75
O06819,2025-09-17,PR0256,W06,C07,Central,Express,1,3,5,2025-09-22,32.79
O06820,2024-05-15,PR0129,W10,C01,North,Standard,12,6,2,2024-05-17,3.0
O06821,2025-10-29,PR0010,W09,C05,South,Standard,14,6,4,2025-11-02,11.63
O06822,2025-03-01,PR0289,W02,C03,North,Economy,13,10,6,2025-03-07,29.17
O06823,2024-11-01,PR0275,W05,C02,West,Standard,9,6,3,2024-11-04,27.76
O06824,2024-06-11,PR0182,W01,C05,Central,Express,10,3,3,2024-06-14,31.58
O06825,2024-05-02,PR0204,W02,C06,North,Same Day,14,1,1,2024-05-03,32.92
O06826,2024-09-10,PR0225,W06,C07,Central,Same Day,14,1,1,2024-09-11,24.07
O06827,2024-03-09,PR0137,W01,C04,Central,Economy,2,10,7,2024-03-16,20.23
O06828,2025-02-05,PR0192,W09,C01,South,Express,3,3,4,2025-02-09,34.18
O06829,2025-08-04,PR0084,W10,C04,North,Express,5,3,7,2025-08-11,5.71
O06830,2024-05-01,PR0113,W08,C07,West,Economy,9,10,12,2024-05-13,34.85
O06831,2024-01-15,PR0217,W01,C07,Central,Standard,4,6,4,2024-01-19,46.12
O06832,2025-01-10,PR0090,W05,C04,West,Same Day,4,1,1,2025-01-11,9.05
O06833,2025-03-03,PR0065,W05,C07,West,Economy,3,10,5,2025-03-08,17.45
O06834,2024-02-11,PR0094,W05,C02,West,Express,7,3,2,2024-02-13,22.28
O06835,2025-12-18,PR0276,W05,C02,West,Express,4,3,2,2025-12-20,33.06
O06836,2024-03-27,PR0234,W01,C01,Central,Economy,14,10,7,2024-04-03,35.26
O06837,2025-01-05,PR0151,W07,C01,East,Standard,10,6,6,2025-01-11,30.17
O06838,2024-11-06,PR0115,W06,C07,Central,Same Day,8,1,2,2024-11-08,25.46
O06839,2024-09-17,PR0068,W04,C03,East,Standard,7,6,4,2024-09-21,3.43
O06840,2025-03-27,PR0294,W08,C02,West,Economy,14,10,6,2025-04-02,34.44
O06841,2024-07-20,PR0051,W04,C08,East,Express,4,3,1,2024-07-21,32.12
O06842,2024-08-18,PR0130,W06,C03,Central,Economy,9,10,12,2024-08-30,13.85
O06843,2024-12-18,PR0235,W02,C04,North,Same Day,3,1,1,2024-12-19,41.32
O06844,2025-10-24,PR0177,W01,C02,Central,Economy,14,10,6,2025-10-30,25.26
O06845,2024-06-20,PR0236,W08,C05,West,Express,3,3,1,2024-06-21,18.52
O06846,2024-05-12,PR0118,W03,C01,South,Economy,1,10,10,2024-05-22,29.0
O06847,2024-05-17,PR0144,W08,C04,West,Standard,7,6,4,2024-05-21,22.99
O06848,2024-03-31,PR0074,W07,C05,East,Express,2,3,1,2024-04-01,26.28
O06849,2024-09-18,PR0285,W03,C02,South,Economy,13,10,10,2024-09-28,38.67
O06850,2025-11-12,PR0234,W03,C02,South,Same Day,2,1,1,2025-11-13,8.48
O06851,2025-11-01,PR0142,W01,C06,Central,Same Day,4,1,1,2025-11-02,45.85
O06852,2024-09-29,PR0196,W03,C02,South,Standard,12,6,7,2024-10-06,13.47
O06853,2025-11-26,PR0292,W06,C02,Central,Standard,11,6,8,2025-12-04,6.09
O06854,2025-06-30,PR0205,W08,C06,West,Standard,11,6,6,2025-07-06,16.25
O06855,2025-09-29,PR0259,W08,C04,West,Express,7,3,3,2025-10-02,10.97
O06856,2025-10-16,PR0003,W03,C08,South,Same Day,11,1,1,2025-10-17,26.37
O06857,2025-12-29,PR0054,W02,C05,North,Economy,11,10,11,2026-01-09,38.59
O06858,2024-09-26,PR0122,W09,C03,South,Express,9,3,3,2024-09-29,27.85
O06859,2025-07-27,PR0031,W07,C06,East,Express,14,3,5,2025-08-01,36.32
O06860,2024-05-17,PR0255,W04,C07,East,Economy,2,10,12,2024-05-29,31.49
O06861,2024-07-10,PR0180,W07,C02,East,Standard,13,6,6,2024-07-16,12.59
O06862,2025-01-08,PR0105,W01,C04,Central,Express,6,3,3,2025-01-11,24.33
O06863,2024-08-18,PR0103,W09,C01,South,Same Day,13,1,1,2024-08-19,35.26
O06864,2024-07-26,PR0142,W10,C07,North,Express,4,3,3,2024-07-29,43.17
O06865,2024-03-20,PR0115,W02,C07,North,Same Day,14,1,1,2024-03-21,38.75
O06866,2025-11-15,PR0054,W06,C05,Central,Economy,3,10,7,2025-11-22,35.89
O06867,2025-02-19,PR0154,W02,C06,North,Same Day,14,1,1,2025-02-20,37.41
O06868,2024-09-30,PR0160,W04,C05,East,Economy,10,10,13,2024-10-13,38.98
O06869,2025-02-03,PR0209,W01,C02,Central,Same Day,10,1,1,2025-02-04,20.29
O06870,2025-05-26,PR0070,W07,C02,East,Economy,8,10,9,2025-06-04,29.0
O06871,2025-02-15,PR0116,W06,C06,Central,Same Day,14,1,1,2025-02-16,46.4
O06872,2025-10-12,PR0229,W04,C06,East,Express,7,3,2,2025-10-14,19.6
O06873,2025-01-04,PR0029,W09,C04,,Economy,7,10,3,2025-01-07,33.45
O06874,2025-01-14,PR0043,W01,C04,Central,Economy,8,10,4,2025-01-18,34.54
O06875,2024-10-04,PR0266,W08,C04,West,Economy,5,10,5,2024-10-09,38.05
O06876,2025-08-31,PR0280,W06,C02,,Economy,5,10,12,2025-09-12,28.37
O06877,2024-03-06,PR0293,W08,C05,West,Express,6,3,5,2024-03-11,31.15
O06878,2024-10-14,PR0085,W03,C03,South,Standard,13,6,7,2024-10-21,24.28
O06879,2024-06-30,PR0187,W07,C04,East,Same Day,3,1,2,2024-07-02,20.52
O06880,2025-01-13,PR0120,W02,C06,North,Standard,8,6,3,2025-01-16,12.71
O06881,2025-08-09,PR0042,W07,C01,East,Same Day,1,1,1,2025-08-10,47.21
O06882,2025-06-04,PR0154,W02,C02,North,Same Day,14,1,1,2025-06-05,23.54
O06883,2024-07-08,PR0053,W05,C05,West,Express,14,3,4,2024-07-12,41.52
O06884,2024-11-26,PR0199,W04,C05,East,Economy,9,10,8,2024-12-04,38.93
O06885,2025-02-10,PR0164,W07,C08,East,Economy,4,10,9,2025-02-19,36.44
O06886,2024-07-05,PR0062,W02,C05,North,Express,5,3,3,2024-07-08,31.91
O06887,2024-01-14,PR0001,W08,C01,West,Same Day,5,1,1,2024-01-15,20.38
O06888,2024-05-19,PR0032,W09,C03,South,Same Day,14,1,1,2024-05-20,39.6
O06889,2025-08-25,PR0251,W02,C02,North,Same Day,8,1,1,2025-08-26,34.83
O06890,2024-07-04,PR0038,W05,C05,West,Standard,12,6,5,2024-07-09,8.86
O06891,2024-10-19,PR0292,W10,C08,North,Same Day,8,1,2,2024-10-21,40.13
O06892,2025-10-28,PR0149,W01,C06,Central,Express,11,3,6,2025-11-03,26.39
O06893,2024-09-10,PR0298,W09,C01,South,Economy,4,10,10,2024-09-20,33.67
O06894,2024-04-29,PR0170,W04,C07,East,Same Day,7,1,1,2024-04-30,17.39
O06895,2024-11-12,PR0082,W09,C08,South,Standard,9,6,2,2024-11-14,21.34
O06896,2025-04-08,PR0085,W01,C05,Central,Economy,1,10,9,2025-04-17,30.73
O06897,2024-08-13,PR0212,W08,C06,West,Express,3,3,4,2024-08-17,30.58
O06898,2024-04-16,PR0101,W10,C01,,Standard,11,6,6,2024-04-22,16.68
O06899,2025-06-30,PR0188,W02,C07,North,Economy,10,10,13,2025-07-13,23.33
O06900,2025-06-27,PR0105,W07,C08,East,Express,6,3,1,2025-06-28,30.76
O06901,2024-05-25,PR0107,W02,C02,North,Standard,4,6,5,2024-05-30,18.93
O06902,2025-01-12,PR0138,W06,C06,Central,Economy,11,10,13,2025-01-25,35.98
O06903,2024-04-04,PR0102,W01,C05,Central,Same Day,5,1,1,2024-04-05,16.5
O06904,2024-11-21,PR0244,W09,C07,South,Express,12,3,3,2024-11-24,15.17
O06905,2025-01-06,PR0270,W04,C07,East,Express,8,3,2,2025-01-08,22.3
O06906,2025-03-19,PR0194,W01,C06,Central,Economy,2,10,7,2025-03-26,27.61
O06907,2024-09-22,PR0098,W07,C05,East,Economy,1,10,9,2024-10-01,23.92
O06908,2024-02-19,PR0088,W10,C05,North,Economy,5,10,7,2024-02-26,31.05
O06909,2024-07-17,PR0211,W09,C04,South,Standard,8,6,6,2024-07-23,24.26
O06910,2025-12-09,PR0133,W01,C04,Central,Economy,1,10,6,2025-12-15,17.85
O06911,2024-12-15,PR0027,W03,C01,South,Express,13,3,4,2024-12-19,46.42
O06912,2025-03-31,PR0020,W08,C02,West,Economy,11,10,8,2025-04-08,22.2
O06913,2024-05-15,PR0107,W01,C01,Central,Economy,9,10,9,2024-05-24,36.54
O06914,2025-02-13,PR0243,W07,C07,East,Economy,10,10,9,2025-02-22,32.97
O06915,2024-07-11,PR0070,W09,C02,South,Economy,5,10,10,2024-07-21,23.58
O06916,2024-01-04,PR0068,W10,C05,North,Same Day,9,1,1,2024-01-05,50.81
O06917,2024-03-04,PR0255,W10,C04,North,Same Day,1,1,1,2024-03-05,32.7
O06918,2024-06-05,PR0271,W08,C05,West,Standard,5,6,6,2024-06-11,33.82
O06919,2024-01-26,PR0228,W07,C07,East,Same Day,5,1,1,2024-01-27,35.65
O06920,2025-10-26,PR0265,W06,C02,Central,Standard,3,6,9,2025-11-04,10.91
O06921,2024-02-07,PR0252,W10,C03,North,Express,8,3,4,2024-02-11,30.23
O06922,2025-05-10,PR0054,W03,C08,,Express,11,3,2,2025-05-12,32.31
O06923,2024-03-08,PR0218,W04,C06,East,Express,10,3,5,2024-03-13,3.04
O06924,2024-11-23,PR0257,W05,C04,West,Express,7,3,1,2024-11-24,25.76
O06925,2024-05-02,PR0151,W05,C05,West,Standard,5,6,2,2024-05-04,37.47
O06926,2025-09-10,PR0244,W04,C04,East,Express,6,3,1,2025-09-11,6.11
O06927,2025-08-10,PR0210,W02,C03,North,Express,9,3,3,2025-08-13,32.88
O06928,2025-02-11,PR0243,W01,C05,Central,Standard,14,6,8,2025-02-19,17.28
O06929,2025-05-21,PR0116,W09,C05,South,Standard,4,6,2,2025-05-23,29.01
O06930,2024-07-22,PR0134,W10,C08,North,Express,6,3,1,2024-07-23,49.75
O06931,2025-01-22,PR0218,W01,C06,Central,Same Day,8,1,1,2025-01-23,27.54
O06932,2024-12-25,PR0167,W09,C08,South,Economy,9,10,13,2025-01-07,24.92
O06933,2024-06-29,PR0132,W10,C03,North,Express,4,3,2,2024-07-01,30.15
O06934,2025-08-12,PR0242,W08,C03,West,Express,13,3,1,2025-08-13,3.0
O06935,2024-12-18,PR0079,W03,C03,South,Same Day,8,1,1,2024-12-19,34.06
O06936,2025-09-22,PR0043,W04,C08,East,Express,11,3,2,2025-09-24,23.52
O06937,2024-08-28,PR0022,W03,C02,South,Express,12,3,1,2024-08-29,35.09
O06938,2024-06-03,PR0293,W08,C02,West,Express,6,3,3,2024-06-06,16.4
O06939,2025-12-17,PR0063,W01,C06,Central,Express,3,3,1,2025-12-18,25.99
O06940,2025-06-18,PR0139,W01,C08,Central,Express,11,3,2,2025-06-20,18.0
O06941,2024-01-02,PR0274,W07,C03,East,Same Day,8,1,1,2024-01-03,29.6
O06942,2025-04-30,PR0265,W03,C01,South,Same Day,2,1,2,2025-05-02,
O06943,2024-08-18,PR0222,W09,C04,South,Express,9,3,4,2024-08-22,24.27
O06944,2025-03-09,PR0037,W08,C03,West,Standard,2,6,4,2025-03-13,28.04
O06945,2025-06-03,PR0032,W04,C02,East,Standard,7,6,9,2025-06-12,24.83
O06946,2025-04-25,PR0064,W05,C07,West,Standard,6,6,2,2025-04-27,18.19
O06947,2024-02-20,PR0112,W01,C02,Central,Economy,10,10,9,2024-02-29,31.64
O06948,2024-02-16,PR0013,W06,C06,Central,Express,6,3,2,2024-02-18,39.79
O06949,2025-02-02,PR0177,W06,C03,Central,Economy,14,10,11,2025-02-13,34.04
O06950,2024-05-03,PR0087,W06,C04,Central,Express,5,3,3,2024-05-06,22.74
O06951,2024-07-23,PR0006,W08,C05,West,Standard,10,6,7,2024-07-30,13.94
O06952,2024-04-11,PR0178,W02,C02,North,Economy,4,10,10,2024-04-21,28.79
O06953,2024-05-07,PR0234,W09,C06,South,Economy,6,10,8,2024-05-15,21.11
O06954,2024-04-12,PR0146,W07,C07,East,Express,14,3,2,2024-04-14,14.29
O06955,2025-07-25,PR0007,W01,C07,Central,Express,4,3,3,2025-07-28,21.52
O06956,2025-12-24,PR0239,W10,C02,North,Economy,5,10,9,2026-01-02,37.71
O06957,2025-11-13,PR0179,W08,C02,West,Same Day,12,1,1,2025-11-14,16.98
O06958,2025-06-30,PR0235,W07,C07,East,Economy,6,10,11,2025-07-11,35.62
O06959,2025-05-04,PR0225,W03,C07,South,Same Day,12,1,2,2025-05-06,27.28
O06960,2025-03-29,PR0194,W04,C04,East,Express,5,3,2,2025-03-31,31.73
O06961,2024-05-28,PR0269,W03,C03,South,Express,7,3,3,2024-05-31,17.72
O06962,2025-12-08,PR0138,W09,C01,South,Express,4,3,4,2025-12-12,28.88
O06963,2024-06-14,PR0149,W06,C02,Central,Standard,10,6,4,2024-06-18,16.9
O06964,2025-10-11,PR0133,W10,C02,North,Same Day,9,1,1,2025-10-12,32.72
O06965,2024-09-16,PR0219,W09,C04,South,Same Day,5,1,1,2024-09-17,46.67
O06966,2025-07-27,PR0223,W06,C02,Central,Express,4,3,1,2025-07-28,15.43
O06967,2025-11-11,PR0048,W03,C07,South,Express,7,3,4,2025-11-15,23.09
O06968,2024-12-28,PR0158,W05,C07,West,Standard,5,6,4,2025-01-01,25.47
O06969,2025-01-21,PR0073,W03,C08,South,Same Day,4,1,1,2025-01-22,18.62
O06970,2024-08-04,PR0104,W04,C03,East,Standard,8,6,7,2024-08-11,3.0
O06971,2025-02-02,PR0196,W03,C02,South,Economy,1,10,16,2025-02-18,22.79
O06972,2024-09-07,PR0074,W02,C03,North,Standard,7,6,8,2024-09-15,36.64
O06973,2025-06-28,PR0017,W02,C01,North,Same Day,11,1,1,2025-06-29,18.96
O06974,2025-02-10,PR0288,W05,C01,West,Same Day,5,1,1,2025-02-11,41.26
O06975,2024-04-17,PR0180,W09,C01,South,Standard,14,6,9,2024-04-26,15.05
O06976,2025-05-12,PR0252,W04,C01,East,Express,12,3,1,2025-05-13,24.38
O06977,2025-07-26,PR0187,W04,C03,East,Standard,14,6,4,2025-07-30,10.1
O06978,2025-10-30,PR0285,W01,C05,Central,Same Day,3,1,1,2025-10-31,35.3
O06979,2024-06-01,PR0019,W02,C06,North,Standard,2,6,4,2024-06-05,10.48
O06980,2024-08-13,PR0020,W08,C02,West,Express,7,3,2,2024-08-15,35.94
O06981,2025-02-14,PR0215,W10,C03,North,Same Day,3,1,1,2025-02-15,32.88
O06982,2025-11-10,PR0275,W05,C07,West,Express,14,3,1,2025-11-11,34.59
O06983,2025-08-07,PR0154,W05,C03,West,Same Day,5,1,1,2025-08-08,19.48
O06984,2025-01-30,PR0170,W02,C08,North,Same Day,8,1,1,2025-01-31,33.29
O06985,2024-10-10,PR0260,W05,C07,West,Standard,14,6,6,2024-10-16,24.6
O06986,2025-01-05,PR0035,W07,C03,East,Same Day,14,1,1,2025-01-06,30.08
O06987,2025-08-05,PR0254,W10,C04,North,Express,9,3,3,2025-08-08,29.35
O06988,2025-10-03,PR0223,W02,C07,North,Same Day,4,1,2,2025-10-05,21.5
O06989,2024-03-29,PR0205,W08,C01,West,Same Day,2,1,2,2024-03-31,37.22
O06990,2024-03-14,PR0097,W02,C05,North,Same Day,2,1,1,2024-03-15,43.86
O06991,2024-12-03,PR0165,W08,C04,West,Same Day,12,1,1,2024-12-04,24.85
O06992,2024-01-18,PR0233,W06,C02,Central,Standard,2,6,9,2024-01-27,14.56
O06993,2025-08-13,PR0079,W05,C02,West,Express,3,3,1,2025-08-14,10.85
O06994,2025-08-28,PR0236,W04,C08,East,Economy,8,10,8,2025-09-05,21.7
O06995,2025-07-14,PR0236,W08,C04,West,Same Day,7,1,1,2025-07-15,40.24
O06996,2024-07-08,PR0180,W10,C04,North,Economy,5,10,11,2024-07-19,41.23
O06997,2024-01-01,PR0057,W09,C05,South,Standard,9,6,5,2024-01-06,27.74
O06998,2024-09-16,PR0209,W09,C03,South,Economy,7,10,16,2024-10-02,25.67
O06999,2024-06-11,PR0123,W02,C05,North,Standard,8,6,5,2024-06-16,21.81
O07000,2025-09-29,PR0087,W05,C04,West,Standard,14,6,3,2025-10-02,16.85
O07001,2024-05-19,PR0122,W02,C08,North,Express,7,3,4,2024-05-23,34.34
O07002,2024-11-10,PR0140,W02,C01,North,Express,7,3,5,2024-11-15,26.89
O07003,2025-08-08,PR0027,W09,C03,South,Economy,12,10,12,2025-08-20,28.11
O07004,2025-09-27,PR0125,W08,C05,West,Economy,14,10,5,2025-10-02,23.12
O07005,2025-06-28,PR0207,W06,C07,Central,Economy,1,10,7,2025-07-05,35.98
O07006,2025-02-19,PR0123,W02,C03,North,Economy,3,10,9,2025-02-28,20.56
O07007,2024-08-08,PR0195,W02,C06,North,Express,2,3,2,2024-08-10,32.31
O07008,2025-03-12,PR0226,W08,C07,West,Economy,3,10,10,2025-03-22,30.3
O07009,2024-08-24,PR0138,W10,C08,North,Express,14,3,6,2024-08-30,29.57
O07010,2024-05-15,PR0223,W08,C08,West,Economy,14,10,13,2024-05-28,24.42
O07011,2025-11-22,PR0265,W10,C08,North,Economy,13,10,7,2025-11-29,22.34
O07012,2024-12-13,PR0244,W01,C03,Central,Economy,8,10,13,2024-12-26,32.29
O07013,2025-10-26,PR0077,W01,C05,Central,Economy,3,10,9,2025-11-04,36.4
O07014,2024-12-26,PR0218,W09,C01,South,Express,1,3,4,2024-12-30,31.56
O07015,2025-10-08,PR0290,W01,C08,Central,Same Day,13,1,1,2025-10-09,38.74
O07016,2024-07-26,PR0153,W10,C04,North,Standard,5,6,4,2024-07-30,22.57
O07017,2025-10-07,PR0228,W05,C03,West,Same Day,1,1,1,2025-10-08,25.96
O07018,2024-11-12,PR0109,W09,C01,South,Standard,2,6,5,2024-11-17,12.5
O07019,2025-06-08,PR0054,W01,C04,Central,Same Day,5,1,1,2025-06-09,27.45
O07020,2024-07-05,PR0021,W09,C03,South,Standard,12,6,7,2024-07-12,27.64
O07021,2024-05-28,PR0220,W10,C01,North,Express,12,3,3,2024-05-31,36.7
O07022,2024-05-03,PR0297,W06,C07,Central,Standard,5,6,4,2024-05-07,14.88
O07023,2024-12-26,PR0258,W10,C01,North,Same Day,9,1,1,2024-12-27,36.14
O07024,2025-05-12,PR0254,W08,C01,West,Same Day,11,1,2,2025-05-14,23.76
O07025,2024-10-16,PR0138,W01,C06,Central,Economy,4,10,11,2024-10-27,27.43
O07026,2024-10-17,PR0162,W05,C04,West,Standard,8,6,3,2024-10-20,9.25
O07027,2025-12-29,PR0153,W10,C06,North,Standard,4,6,4,2026-01-02,16.47
O07028,2024-05-23,PR0113,W05,C07,West,Economy,10,10,11,2024-06-03,28.06
O07029,2025-02-09,PR0297,W04,C07,East,Same Day,10,1,1,2025-02-10,30.0
O07030,2025-07-11,PR0086,W08,C07,West,Economy,9,10,10,2025-07-21,39.49
O07031,2025-02-14,PR0270,W07,C05,East,Economy,1,10,9,2025-02-23,26.74
O07032,2025-08-30,PR0117,W05,C03,West,Same Day,7,1,1,2025-08-31,40.18
O07033,2024-04-01,PR0080,W08,C04,West,Express,12,3,5,2024-04-06,19.08
O07034,2025-01-29,PR0137,W07,C02,East,Economy,1,10,6,2025-02-04,40.04
O07035,2025-12-08,PR0165,W02,C08,North,Same Day,2,1,1,2025-12-09,34.21
O07036,2024-12-04,PR0261,W10,C01,North,Standard,7,6,6,2024-12-10,9.17
O07037,2025-02-20,PR0238,W03,C07,South,Same Day,10,1,2,2025-02-22,41.14
O07038,2024-11-18,PR0103,W09,C04,South,Economy,5,10,10,2024-11-28,27.11
O07039,2024-07-22,PR0071,W02,C01,North,Economy,6,10,9,2024-07-31,9.79
O07040,2024-10-05,PR0287,W01,C04,Central,Economy,7,10,9,2024-10-14,33.45
O07041,2025-09-23,PR0233,W09,C02,South,Economy,11,10,11,2025-10-04,39.88
O07042,2025-03-27,PR0289,W02,C02,North,Standard,8,6,6,2025-04-02,3.0
O07043,2025-10-12,PR0081,W01,C07,Central,Same Day,12,1,2,2025-10-14,32.55
O07044,2024-05-20,PR0260,W01,C06,Central,Economy,11,10,13,2024-06-02,20.44
O07045,2024-08-16,PR0161,W07,C02,East,Express,10,3,4,2024-08-20,28.62
O07046,2024-02-20,PR0235,W04,C01,East,Economy,3,10,8,2024-02-28,24.84
O07047,2024-01-09,PR0222,W03,C02,South,Same Day,2,1,1,2024-01-10,29.53
O07048,2024-12-24,PR0185,W02,C02,North,Express,13,3,3,2024-12-27,35.22
O07049,2025-06-25,PR0208,W03,C06,South,Economy,11,10,12,2025-07-07,24.72
O07050,2025-02-27,PR0208,W03,C05,South,Economy,13,10,4,2025-03-03,39.18
O07051,2024-11-02,PR0125,W03,C05,South,Standard,4,6,6,2024-11-08,25.85
O07052,2024-11-17,PR0113,W06,C02,Central,Same Day,7,1,1,2024-11-18,32.63
O07053,2025-06-21,PR0277,W01,C07,Central,Same Day,4,1,1,2025-06-22,34.57
O07054,2025-09-18,PR0038,W05,C05,West,Same Day,6,1,1,2025-09-19,37.08
O07055,2024-10-15,PR0091,W08,C03,West,Economy,4,10,10,2024-10-25,9.43
O07056,2024-09-10,PR0217,W07,C04,East,Same Day,12,1,2,2024-09-12,43.32
O07057,2024-09-25,PR0094,W04,C01,East,Express,9,3,1,2024-09-26,25.77
O07058,2024-11-10,PR0264,W04,C07,East,Standard,12,6,5,2024-11-15,18.23
O07059,2024-11-08,PR0257,W01,C02,Central,Standard,7,6,3,2024-11-11,17.74
O07060,2025-02-09,PR0150,W06,C01,Central,Express,6,3,3,2025-02-12,27.72
O07061,2025-09-14,PR0295,W09,C08,South,Same Day,1,1,1,2025-09-15,24.79
O07062,2024-10-09,PR0005,W06,C05,Central,Economy,4,10,13,2024-10-22,31.29
O07063,2024-10-18,PR0036,W09,C03,South,Same Day,11,1,1,2024-10-19,39.0
O07064,2025-02-23,PR0010,W07,C07,East,Standard,6,6,7,2025-03-02,10.87
O07065,2025-06-22,PR0011,W01,C01,Central,Express,11,3,5,2025-06-27,19.85
O07066,2024-05-29,PR0279,W03,C01,South,Standard,3,6,2,2024-05-31,16.34
O07067,2025-08-30,PR0206,W07,C05,East,Economy,9,10,8,2025-09-07,32.94
O07068,2024-05-11,PR0222,W06,C06,Central,Economy,6,10,12,2024-05-23,29.56
O07069,2024-08-11,PR0225,W06,C04,Central,Same Day,5,1,1,2024-08-12,40.6
O07070,2024-04-12,PR0255,W03,C08,South,Express,13,3,3,2024-04-15,49.28
O07071,2024-04-16,PR0192,W10,C03,North,Economy,14,10,7,2024-04-23,24.69
O07072,2024-05-12,PR0097,W10,C07,North,Express,13,3,2,2024-05-14,15.44
O07073,2024-04-27,PR0232,W08,C03,West,Standard,9,6,5,2024-05-02,19.68
O07074,2025-05-05,PR0161,W04,C08,East,Same Day,6,1,1,2025-05-06,30.51
O07075,2025-06-15,PR0242,W07,C02,East,Express,11,3,2,2025-06-17,38.3
O07076,2024-10-20,PR0172,W05,C01,West,Same Day,9,1,1,2024-10-21,21.56
O07077,2024-12-10,PR0066,W05,C05,West,Express,4,3,1,2024-12-11,40.55
O07078,2024-05-08,PR0270,W02,C02,North,Express,5,3,3,2024-05-11,12.78
O07079,2024-01-11,PR0049,W10,C03,North,Same Day,1,1,1,2024-01-12,31.67
O07080,2024-10-11,PR0253,W01,C03,Central,Economy,8,10,9,2024-10-20,40.27
O07081,2024-11-07,PR0167,W05,C03,West,Standard,2,6,4,2024-11-11,17.0
O07082,2024-05-31,PR0241,W01,C06,Central,Express,8,3,4,2024-06-04,47.17
O07083,2025-08-03,PR0299,W10,C05,North,Standard,12,6,8,2025-08-11,20.28
O07084,2024-05-24,PR0249,W07,C02,East,Standard,13,6,5,2024-05-29,7.18
O07085,2024-05-19,PR0016,W10,C04,North,Express,10,3,4,2024-05-23,19.34
O07086,2025-04-17,PR0100,W07,C08,East,Economy,12,10,5,2025-04-22,35.34
O07087,2024-12-30,PR0233,W01,C07,Central,Economy,12,10,14,2025-01-13,35.51
O07088,2024-07-13,PR0001,W04,C05,East,Same Day,6,1,1,2024-07-14,35.31
O07089,2025-10-05,PR0112,W08,C04,West,Standard,11,6,5,2025-10-10,19.37
O07090,2025-07-22,PR0002,W05,C01,West,Standard,1,6,3,2025-07-25,34.91
O07091,2025-08-10,PR0298,W06,C06,Central,Express,1,3,1,2025-08-11,42.53
O07092,2024-03-11,PR0221,W07,C05,East,Same Day,7,1,1,2024-03-12,13.41
O07093,2025-07-19,PR0161,W07,C03,East,Express,3,3,3,2025-07-22,33.78
O07094,2024-09-22,PR0152,W07,C02,East,Economy,3,10,8,2024-09-30,39.76
O07095,2025-02-01,PR0209,W09,C04,South,Standard,10,6,9,2025-02-10,16.63
O07096,2024-03-15,PR0025,W09,C01,South,Same Day,6,1,2,2024-03-17,23.01
O07097,2024-02-19,PR0226,W09,C08,South,Same Day,11,1,1,2024-02-20,14.56
O07098,2024-07-06,PR0233,W03,C05,South,Economy,8,10,12,2024-07-18,31.77
O07099,2024-06-10,PR0081,W09,C04,South,Standard,12,6,3,2024-06-13,20.21
O07100,2024-09-11,PR0203,W09,C01,South,Same Day,10,1,2,2024-09-13,44.9
O07101,2025-04-13,PR0238,W04,C01,East,Express,13,3,4,2025-04-17,42.81
O07102,2024-09-28,PR0267,W08,C05,West,Express,4,3,2,2024-09-30,25.0
O07103,2025-11-02,PR0176,W02,C02,North,Standard,4,6,5,2025-11-07,31.23
O07104,2024-11-04,PR0012,W09,C06,South,Economy,9,10,10,2024-11-14,35.73
O07105,2025-08-16,PR0095,W08,C06,West,Economy,1,10,8,2025-08-24,38.01
O07106,2025-07-07,PR0291,W02,C03,North,Standard,3,6,8,2025-07-15,11.32
O07107,2025-07-19,PR0229,W04,C07,East,Express,1,3,6,2025-07-25,34.77
O07108,2025-08-05,PR0112,W07,C06,East,Economy,14,10,7,2025-08-12,23.12
O07109,2025-08-19,PR0033,W02,C02,North,Express,8,3,1,2025-08-20,40.2
O07110,2025-10-31,PR0199,W02,C03,North,Economy,4,10,9,2025-11-09,27.72
O07111,2025-03-24,PR0044,W04,C04,,Standard,5,6,10,2025-04-03,14.29
O07112,2025-04-21,PR0166,W04,C08,East,Express,9,3,3,2025-04-24,37.21
O07113,2024-02-08,PR0023,W07,C07,East,Express,13,3,1,2024-02-09,22.15
O07114,2024-11-22,PR0151,W02,C01,North,Express,6,3,1,2024-11-23,19.98
O07115,2024-08-21,PR0294,W06,C02,Central,Same Day,11,1,1,2024-08-22,27.83
O07116,2024-02-18,PR0055,W03,C06,South,Express,11,3,2,2024-02-20,9.68
O07117,2025-07-26,PR0002,W01,C01,Central,Same Day,6,1,1,2025-07-27,25.3
O07118,2025-03-08,PR0089,W05,C06,West,Same Day,6,1,1,2025-03-09,25.5
O07119,2024-07-04,PR0135,W08,C02,West,Same Day,11,1,1,2024-07-05,9.36
O07120,2024-06-12,PR0128,W09,C02,South,Express,14,3,1,2024-06-13,22.2
O07121,2024-05-16,PR0037,W01,C06,Central,Express,13,3,2,2024-05-18,23.41
O07122,2025-09-30,PR0040,W03,C04,South,Standard,4,6,10,2025-10-10,33.67
O07123,2024-05-19,PR0186,W02,C01,North,Express,6,3,2,2024-05-21,34.35
O07124,2024-12-04,PR0078,W05,C02,West,Standard,9,6,6,2024-12-10,3.0
O07125,2024-08-08,PR0092,W03,C07,South,Standard,12,6,8,2024-08-16,29.52
O07126,2024-08-23,PR0003,W10,C05,North,Express,4,3,4,2024-08-27,46.14
O07127,2024-07-21,PR0042,W07,C08,East,Economy,9,10,8,2024-07-29,34.28
O07128,2025-04-24,PR0218,W05,C06,West,Standard,9,6,7,2025-05-01,29.05
O07129,2025-12-09,PR0086,W10,C02,North,Economy,5,10,9,2025-12-18,19.32
O07130,2025-04-12,PR0253,W04,C08,,Standard,12,6,7,2025-04-19,10.99
O07131,2025-03-24,PR0085,W08,C05,West,Express,11,3,3,2025-03-27,29.41
O07132,2025-05-04,PR0272,W01,C07,Central,Same Day,12,1,1,2025-05-05,44.18
O07133,2024-11-18,PR0268,W09,C07,South,Standard,7,6,7,2024-11-25,13.7
O07134,2024-06-26,PR0245,W04,C08,,Same Day,1,1,1,2024-06-27,14.3
O07135,2024-08-03,PR0179,W02,C02,North,Standard,12,6,7,2024-08-10,6.24
O07136,2024-06-26,PR0145,W03,C05,South,Same Day,11,1,1,2024-06-27,30.95
O07137,2025-05-14,PR0076,W09,C03,South,Express,2,3,1,2025-05-15,37.74
O07138,2024-01-30,PR0230,W09,C08,South,Same Day,6,1,1,2024-01-31,20.07
O07139,2024-05-14,PR0128,W02,C01,North,Express,13,3,4,2024-05-18,17.73
O07140,2025-07-07,PR0054,W04,C07,East,Economy,12,10,6,2025-07-13,28.05
O07141,2024-03-10,PR0143,W01,C02,Central,Standard,10,6,2,2024-03-12,3.0
O07142,2024-04-03,PR0082,W08,C03,West,Express,2,3,2,2024-04-05,35.65
O07143,2024-06-16,PR0034,W03,C05,South,Same Day,11,1,1,2024-06-17,24.47
O07144,2024-02-23,PR0070,W07,C07,East,Standard,8,6,6,2024-02-29,8.6
O07145,2025-03-25,PR0259,W05,C07,West,Same Day,5,1,1,2025-03-26,52.93
O07146,2025-11-07,PR0078,W01,C02,Central,Economy,5,10,5,2025-11-12,23.21
O07147,2024-04-14,PR0217,W05,C04,West,Economy,4,10,8,2024-04-22,26.43
O07148,2024-11-24,PR0270,W07,C06,East,Economy,14,10,12,2024-12-06,25.98
O07149,2024-04-18,PR0124,W06,C03,Central,Express,9,3,2,2024-04-20,45.63
O07150,2024-09-27,PR0031,W10,C07,North,Economy,5,10,5,2024-10-02,43.71
O07151,2025-01-03,PR0094,W01,C06,,Express,4,3,4,2025-01-07,35.38
O07152,2025-07-03,PR0291,W05,C08,West,Express,5,3,2,2025-07-05,37.91
O07153,2025-11-24,PR0228,W08,C06,West,Express,1,3,4,2025-11-28,40.01
O07154,2024-12-13,PR0275,W06,C04,Central,Standard,14,6,5,2024-12-18,24.63
O07155,2024-07-03,PR0206,W09,C04,South,Same Day,10,1,1,2024-07-04,29.91
O07156,2025-09-05,PR0167,W02,C07,North,Same Day,7,1,1,2025-09-06,18.23
O07157,2025-01-29,PR0089,W08,C04,West,Same Day,4,1,1,2025-01-30,29.84
O07158,2025-12-30,PR0020,W04,C06,East,Express,4,3,1,2025-12-31,28.11
O07159,2024-09-10,PR0148,W08,C03,West,Express,14,3,2,2024-09-12,26.26
O07160,2025-10-04,PR0149,W09,C03,South,Economy,1,10,6,2025-10-10,37.52
O07161,2025-08-10,PR0076,W10,C04,North,Express,3,3,1,2025-08-11,21.69
O07162,2024-04-12,PR0246,W03,C03,South,Standard,11,6,9,2024-04-21,22.55
O07163,2024-03-29,PR0052,W10,C03,North,Standard,4,6,8,2024-04-06,21.31
O07164,2025-06-27,PR0205,W08,C06,West,Standard,13,6,7,2025-07-04,25.33
O07165,2024-08-29,PR0195,W04,C07,East,Economy,5,10,6,2024-09-04,35.15
O07166,2025-09-20,PR0133,W10,C02,North,Standard,4,6,8,2025-09-28,9.38
O07167,2025-04-10,PR0215,W10,C08,North,Economy,6,10,10,2025-04-20,32.4
O07168,2024-10-25,PR0057,W10,C07,North,Express,4,3,4,2024-10-29,22.98
O07169,2025-09-04,PR0022,W09,C05,South,Same Day,7,1,1,2025-09-05,16.22
O07170,2024-04-16,PR0221,W01,C06,Central,Same Day,7,1,1,2024-04-17,34.59
O07171,2025-12-12,PR0246,W07,C04,East,Express,2,3,4,2025-12-16,38.37
O07172,2025-09-04,PR0098,W07,C08,East,Standard,11,6,5,2025-09-09,22.37
O07173,2025-05-20,PR0019,W02,C02,North,Express,8,3,2,2025-05-22,31.8
O07174,2024-06-28,PR0266,W03,C08,South,Economy,7,10,8,2024-07-06,24.61
O07175,2025-02-01,PR0156,W07,C02,East,Express,6,3,1,2025-02-02,16.31
O07176,2024-08-13,PR0083,W01,C06,Central,Economy,13,10,3,2024-08-16,39.23
O07177,2024-07-05,PR0277,W09,C01,South,Standard,10,6,7,2024-07-12,18.74
O07178,2025-01-04,PR0137,W07,C07,East,Express,6,3,3,2025-01-07,30.08
O07179,2024-05-27,PR0138,W10,C05,North,Economy,12,10,7,2024-06-03,13.48
O07180,2024-06-29,PR0110,W05,C02,West,Same Day,6,1,1,2024-06-30,47.96
O07181,2025-12-02,PR0114,W04,C02,East,Economy,9,10,12,2025-12-14,10.35
O07182,2024-07-15,PR0032,W03,C02,South,Standard,8,6,2,2024-07-17,8.87
O07183,2025-12-09,PR0043,W06,C05,Central,Express,10,3,1,2025-12-10,25.89
O07184,2024-07-26,PR0164,W04,C02,East,Same Day,4,1,1,2024-07-27,15.55
O07185,2024-11-05,PR0115,W08,C08,West,Standard,11,6,5,2024-11-10,24.83
O07186,2024-11-08,PR0060,W06,C06,Central,Economy,13,10,7,2024-11-15,37.23
O07187,2025-06-04,PR0206,W01,C05,Central,Same Day,4,1,1,2025-06-05,15.14
O07188,2024-01-13,PR0078,W04,C04,East,Economy,1,10,13,2024-01-26,30.82
O07189,2024-01-22,PR0283,W03,C07,South,Standard,2,6,8,2024-01-30,3.0
O07190,2025-01-18,PR0084,W01,C07,Central,Economy,7,10,8,2025-01-26,23.43
O07191,2025-06-03,PR0044,W04,C02,East,Standard,11,6,5,2025-06-08,40.06
O07192,2025-09-18,PR0193,W07,C08,East,Express,11,3,4,2025-09-22,38.07
O07193,2025-11-29,PR0019,W08,C03,West,Economy,4,10,6,2025-12-05,24.55
O07194,2024-09-20,PR0102,W06,C08,Central,Express,9,3,4,2024-09-24,17.82
O07195,2025-02-10,PR0292,W08,C03,West,Express,11,3,2,2025-02-12,24.38
O07196,2024-06-12,PR0281,W01,C03,Central,Same Day,8,1,1,2024-06-13,11.97
O07197,2025-02-28,PR0220,W09,C01,South,Same Day,11,1,2,2025-03-02,24.73
O07198,2024-07-08,PR0248,W05,C06,West,Economy,5,10,8,2024-07-16,36.46
O07199,2025-04-30,PR0173,W04,C01,East,Express,2,3,2,2025-05-02,26.93
O07200,2024-06-12,PR0293,W07,C01,East,Express,4,3,1,2024-06-13,26.39
O07201,2024-01-18,PR0254,W05,C02,West,Standard,9,6,4,2024-01-22,6.46
O07202,2025-02-12,PR0293,W07,C08,East,Standard,5,6,4,2025-02-16,22.93
O07203,2024-05-25,PR0100,W06,C05,Central,Express,11,3,2,2024-05-27,12.12
O07204,2024-01-29,PR0201,W07,C06,East,Express,6,3,4,2024-02-02,29.64
O07205,2024-06-03,PR0046,W01,C02,Central,Same Day,5,1,1,2024-06-04,18.28
O07206,2024-04-29,PR0281,W10,C04,North,Same Day,9,1,1,2024-04-30,51.76
O07207,2025-02-24,PR0023,W03,C02,South,Standard,6,6,5,2025-03-01,21.48
O07208,2024-06-04,PR0206,W01,C04,Central,Same Day,11,1,1,2024-06-05,23.22
O07209,2024-11-19,PR0222,W01,C02,Central,Economy,13,10,8,2024-11-27,35.74
O07210,2024-08-26,PR0244,W05,C01,West,Express,11,3,2,2024-08-28,24.26
O07211,2025-04-19,PR0061,W03,C05,South,Economy,2,10,8,2025-04-27,33.46
O07212,2024-06-25,PR0220,W01,C02,Central,Same Day,6,1,1,2024-06-26,27.99
O07213,2025-11-11,PR0006,W09,C07,South,Standard,4,6,6,2025-11-17,21.44
O07214,2025-03-17,PR0247,W08,C03,West,standard,1,6,2,2025-03-19,28.27
O07215,2024-12-09,PR0171,W04,C03,East,Standard,8,6,7,2024-12-16,23.28
O07216,2025-10-23,PR0297,W06,C05,Central,Same Day,5,1,1,2025-10-24,31.58
O07217,2024-04-09,PR0145,W03,C08,South,Express,1,3,1,2024-04-10,24.63
O07218,2024-04-19,PR0224,W03,C07,South,Standard,11,6,5,2024-04-24,28.4
O07219,2024-02-14,PR0267,W04,C07,East,Express,3,3,3,2024-02-17,31.47
O07220,2025-12-22,PR0120,W09,C07,South,Standard,4,6,4,2025-12-26,32.82
O07221,2025-10-19,PR0112,W10,C05,North,Express,5,3,2,2025-10-21,31.81
O07222,2024-06-04,PR0185,W10,C04,North,Express,3,3,3,2024-06-07,40.44
O07223,2024-03-19,PR0147,W07,C04,East,Same Day,10,1,1,2024-03-20,16.74
O07224,2025-06-07,PR0282,W02,C07,North,Same Day,11,1,1,2025-06-08,26.73
O07225,2025-07-05,PR0050,W09,C07,South,Economy,4,10,5,2025-07-10,32.17
O07226,2025-07-10,PR0133,W08,C04,West,Economy,12,10,8,2025-07-18,41.9
O07227,2025-02-15,PR0213,W04,C08,East,Standard,3,6,6,2025-02-21,28.52
O07228,2024-04-16,PR0133,W06,C02,Central,Standard,7,6,8,2024-04-24,19.64
O07229,2025-06-27,PR0127,W07,C05,East,Same Day,11,1,1,2025-06-28,39.56
O07230,2025-07-23,PR0076,W06,C08,Central,Standard,9,6,5,2025-07-28,16.76
O07231,2025-02-02,PR0231,W04,C08,East,Same Day,14,1,1,2025-02-03,44.77
O07232,2024-05-16,PR0052,W02,C01,North,Standard,3,6,9,2024-05-25,3.0
O07233,2025-02-01,PR0244,W03,C08,South,Economy,7,10,13,2025-02-14,31.22
O07234,2025-03-28,PR0006,W06,C08,Central,Economy,3,10,7,2025-04-04,39.24
O07235,2024-09-07,PR0079,W07,C06,East,Same Day,7,1,2,2024-09-09,30.3
O07236,2025-02-01,PR0232,W05,C04,West,Same Day,6,1,1,2025-02-02,25.4
O07237,2025-02-12,PR0216,W04,C08,East,Standard,6,6,8,2025-02-20,15.01
O07238,2025-09-02,PR0220,W08,C02,West,Express,4,3,4,2025-09-06,42.02
O07239,2024-08-10,PR0249,W07,C04,East,Express,1,3,4,2024-08-14,38.07
O07240,2024-04-24,PR0237,W06,C02,Central,Express,10,3,1,2024-04-25,38.39
O07241,2025-03-22,PR0299,W09,C06,South,Express,7,3,2,2025-03-24,30.55
O07242,2024-03-17,PR0037,W03,C01,South,Express,1,3,3,2024-03-20,30.72
O07243,2024-01-18,PR0244,W07,C07,East,Standard,11,6,3,2024-01-21,3.0
O07244,2024-02-16,PR0085,W07,C07,East,Express,3,3,2,2024-02-18,22.55
O07245,2025-09-18,PR0212,W04,C08,East,Express,3,3,3,2025-09-21,24.2
O07246,2024-04-25,PR0297,W07,C06,East,Economy,1,10,7,2024-05-02,22.39
O07247,2025-06-07,PR0059,W01,C04,Central,Standard,2,6,8,2025-06-15,10.69
O07248,2024-04-02,PR0210,W05,C04,West,Economy,5,10,13,2024-04-15,30.61
O07249,2024-06-06,PR0260,W08,C08,West,Same Day,9,1,1,2024-06-07,21.99
O07250,2025-08-12,PR0110,W01,C02,Central,Standard,9,6,4,2025-08-16,31.75
O07251,2025-10-29,PR0182,W09,C02,South,Express,9,3,4,2025-11-02,32.92
O07252,2024-04-23,PR0162,W06,C07,Central,Standard,10,6,2,2024-04-25,19.52
O07253,2024-02-28,PR0267,W09,C05,South,Economy,12,10,12,2024-03-11,33.17
O07254,2025-03-08,PR0249,W08,C01,West,Standard,14,6,8,2025-03-16,29.2
O07255,2025-12-05,PR0035,W09,C03,South,Standard,13,6,2,2025-12-07,20.68
O07256,2024-03-04,PR0010,W02,C06,North,Same Day,7,1,1,2024-03-05,34.58
O07257,2024-07-20,PR0273,W03,C05,South,Same Day,1,1,1,2024-07-21,27.64
O07258,2024-07-17,PR0089,W01,C02,Central,Economy,14,10,9,2024-07-26,36.99
O07259,2024-07-12,PR0164,W02,C02,North,Standard,10,6,5,2024-07-17,3.0
O07260,2024-11-25,PR0111,W02,C05,North,Same Day,4,1,1,2024-11-26,3.0
O07261,2024-07-02,PR0026,W04,C01,East,Express,3,3,5,2024-07-07,32.46
O07262,2025-06-26,PR0116,W03,C06,South,Standard,3,6,4,2025-06-30,20.96
O07263,2024-12-29,PR0175,W06,C08,Central,Express,6,3,1,2024-12-30,38.71
O07264,2025-03-03,PR0293,W06,C06,Central,Express,13,3,1,2025-03-04,27.75
O07265,2025-11-06,PR0017,W01,C03,Central,Standard,8,6,7,2025-11-13,4.54
O07266,2024-03-02,PR0142,W08,C07,West,Economy,2,10,11,2024-03-13,38.25
O07267,2025-06-30,PR0250,W08,C06,West,Express,11,3,2,2025-07-02,27.51
O07268,2025-04-13,PR0164,W08,C08,West,Express,13,3,4,2025-04-17,34.19
O07269,2024-08-20,PR0017,W09,C02,South,Express,6,3,3,2024-08-23,26.32
O07270,2025-05-28,PR0089,W06,C01,Central,Economy,3,10,9,2025-06-06,21.54
O07271,2025-11-20,PR0204,W09,C04,South,Express,13,3,2,2025-11-22,35.72
O07272,2025-05-10,PR0050,W08,C04,West,Standard,11,6,8,2025-05-18,32.02
O07273,2025-06-01,PR0077,W07,C08,East,Standard,13,6,4,2025-06-05,12.69
O07274,2025-10-08,PR0050,W06,C05,Central,Economy,5,10,9,2025-10-17,24.45
O07275,2024-06-30,PR0176,W05,C03,West,Economy,13,10,9,2024-07-09,28.96
O07276,2024-04-17,PR0085,W03,C07,South,Economy,9,10,8,2024-04-25,28.2
O07277,2025-07-19,PR0181,W07,C01,East,Standard,2,6,8,2025-07-27,17.02
O07278,2024-01-01,PR0252,W10,C02,North,Express,6,3,4,2024-01-05,29.68
O07279,2024-06-07,PR0109,W01,C03,Central,Express,1,3,4,2024-06-11,29.16
O07280,2024-07-24,PR0199,W03,C06,South,Express,1,3,1,2024-07-25,36.0
O07281,2024-04-11,PR0142,W01,C07,Central,Express,6,3,1,2024-04-12,18.06
O07282,2024-12-23,PR0062,W09,C06,South,Economy,4,10,16,2025-01-08,25.87
O07283,2025-09-06,PR0180,W02,C05,North,Economy,1,10,10,2025-09-16,31.6
O07284,2024-11-29,PR0062,W02,C05,North,Economy,7,10,8,2024-12-07,17.04
O07285,2025-05-08,PR0146,W05,C04,West,Economy,5,10,8,2025-05-16,26.66
O07286,2024-04-07,PR0167,W10,C07,North,Economy,12,10,14,2024-04-21,44.7
O07287,2025-10-06,PR0298,W07,C07,East,Express,3,3,2,2025-10-08,30.93
O07288,2024-01-07,PR0158,W06,C06,Central,Standard,7,6,6,2024-01-13,10.5
O07289,2025-10-31,PR0055,W04,C07,East,Express,3,3,1,2025-11-01,28.86
O07290,2024-03-17,PR0020,W01,C02,Central,Express,7,3,4,2024-03-21,26.15
O07291,2025-04-23,PR0276,W06,C06,Central,Economy,2,10,9,2025-05-02,30.25
O07292,2025-02-23,PR0183,W02,C01,North,Economy,8,10,11,2025-03-06,19.74
O07293,2025-05-30,PR0265,W02,C03,North,Same Day,7,1,1,2025-05-31,21.4
O07294,2025-08-30,PR0274,W05,C05,West,standard,9,3,2,2025-09-01,40.37
O07295,2025-07-08,PR0233,W07,C02,East,Same Day,9,1,1,2025-07-09,42.66
O07296,2025-11-07,PR0136,W05,C04,West,Express,9,3,2,2025-11-09,30.49
O07297,2025-11-22,PR0105,W02,C01,North,Express,13,3,4,2025-11-26,10.52
O07298,2025-12-19,PR0023,W08,C02,West,Economy,14,10,7,2025-12-26,34.25
O07299,2025-01-12,PR0094,W05,C08,West,Economy,13,10,10,2025-01-22,21.56
O07300,2024-06-23,PR0159,W01,C02,Central,Same Day,9,1,1,2024-06-24,43.4
O07301,2025-08-11,PR0062,W02,C08,North,Express,13,3,3,2025-08-14,36.56
O07302,2024-11-27,PR0222,W08,C07,West,Express,1,3,1,2024-11-28,38.49
O07303,2024-11-11,PR0149,W01,C07,Central,Express,6,3,1,2024-11-12,35.66
O07304,2024-12-17,PR0171,W04,C02,East,Express,14,3,2,2024-12-19,25.65
O07305,2025-09-08,PR0003,W07,C01,East,Economy,1,10,14,2025-09-22,35.59
O07306,2025-10-05,PR0267,W10,C02,North,Economy,10,10,12,2025-10-17,35.16
O07307,2024-11-01,PR0172,W03,C04,South,Standard,10,6,3,2024-11-04,31.86
O07308,2025-03-31,PR0096,W04,C03,East,Economy,6,10,12,2025-04-12,25.31
O07309,2024-05-26,PR0013,W06,C08,Central,Economy,2,10,11,2024-06-06,38.27
O07310,2025-03-09,PR0280,W06,C03,Central,Same Day,13,1,1,2025-03-10,18.49
O07311,2024-03-05,PR0247,W05,C05,West,Economy,13,10,9,2024-03-14,14.59
O07312,2025-05-11,PR0212,W02,C01,North,Standard,1,6,5,2025-05-16,3.0
O07313,2025-07-20,PR0267,W01,C06,Central,Economy,6,10,11,2025-07-31,43.68
O07314,2024-11-10,PR0113,W08,C02,West,Same Day,7,1,1,2024-11-11,39.4
O07315,2025-07-26,PR0069,W04,C01,East,Same Day,7,1,1,2025-07-27,29.46
O07316,2025-02-19,PR0283,W07,C08,East,Standard,11,6,8,2025-02-27,17.49
O07317,2025-06-05,PR0044,W03,C05,South,Same Day,12,1,2,2025-06-07,20.81
O07318,2024-04-25,PR0198,W08,C05,West,Economy,2,10,7,2024-05-02,33.2
O07319,2024-09-05,PR0195,W07,C05,East,Economy,10,10,8,2024-09-13,12.05
O07320,2025-06-15,PR0150,W07,C04,East,Express,10,3,3,2025-06-18,30.94
O07321,2025-02-12,PR0057,W01,C07,Central,Standard,14,6,4,2025-02-16,16.98
O07322,2025-01-24,PR0136,W07,C04,East,standard,1,6,8,2025-02-01,21.17
O07323,2024-09-28,PR0124,W07,C01,,Same Day,12,1,1,2024-09-29,34.62
O07324,2024-01-11,PR0065,W01,C03,Central,Express,3,3,2,2024-01-13,25.54
O07325,2025-11-09,PR0270,W06,C08,Central,Economy,8,10,12,2025-11-21,36.92
O07326,2024-01-11,PR0202,W04,C02,East,Express,6,3,3,2024-01-14,25.01
O07327,2024-05-01,PR0080,W02,C07,North,Express,11,3,3,2024-05-04,12.76
O07328,2025-02-12,PR0075,W09,C08,South,Economy,9,10,13,2025-02-25,33.08
O07329,2024-02-10,PR0208,W08,C02,West,Economy,13,10,13,2024-02-23,23.89
O07330,2024-10-23,PR0212,W06,C01,Central,Standard,14,6,5,2024-10-28,
O07331,2024-01-19,PR0142,W06,C06,Central,Express,12,3,6,2024-01-25,37.43
O07332,2024-10-04,PR0076,W01,C08,Central,Same Day,7,1,1,2024-10-05,17.05
O07333,2025-01-02,PR0100,W01,C05,Central,Standard,10,6,6,2025-01-08,19.24
O07334,2024-08-14,PR0128,W02,C06,North,Express,13,3,4,2024-08-18,42.45
O07335,2025-11-12,PR0299,W02,C04,,Same Day,10,1,1,2025-11-13,32.54
O07336,2025-05-09,PR0005,W04,C02,East,Express,12,3,2,2025-05-11,40.79
O07337,2025-09-25,PR0252,W01,C08,Central,Economy,10,10,11,2025-10-06,42.28
O07338,2024-09-25,PR0282,W02,C02,North,Same Day,6,1,1,2024-09-26,24.79
O07339,2025-03-01,PR0230,W09,C02,South,Standard,1,6,3,2025-03-04,24.06
O07340,2024-06-01,PR0148,W08,C02,,Same Day,8,1,2,2024-06-03,36.52
O07341,2024-01-14,PR0178,W10,C07,North,Standard,9,6,7,2024-01-21,14.06
O07342,2024-08-05,PR0048,W02,C02,North,Same Day,2,1,1,2024-08-06,43.07
O07343,2025-02-03,PR0128,W05,C02,West,Standard,7,6,4,2025-02-07,21.71
O07344,2025-08-29,PR0203,W06,C06,Central,Same Day,12,1,1,2025-08-30,18.8
O07345,2025-10-22,PR0141,W03,C01,South,standard,14,6,4,2025-10-26,22.43
O07346,2025-01-01,PR0220,W05,C03,West,Same Day,10,1,1,2025-01-02,12.08
O07347,2024-04-09,PR0070,W06,C06,,Same Day,6,1,1,2024-04-10,35.46
O07348,2025-08-01,PR0050,W03,C04,South,Economy,10,10,9,2025-08-10,47.21
O07349,2025-07-08,PR0274,W04,C04,East,Economy,2,10,10,2025-07-18,37.11
O07350,2025-04-04,PR0018,W06,C02,Central,Standard,4,6,2,2025-04-06,9.82
O07351,2025-05-29,PR0213,W08,C08,West,Standard,10,6,5,2025-06-03,33.6
O07352,2025-10-31,PR0054,W10,C01,North,Economy,11,10,6,2025-11-06,41.09
O07353,2024-06-14,PR0141,W08,C04,West,Standard,12,6,3,2024-06-17,22.46
O07354,2024-02-01,PR0142,W02,C02,North,Express,14,3,1,2024-02-02,46.35
O07355,2025-03-13,PR0227,W07,C08,East,Standard,11,6,11,2025-03-24,32.91
O07356,2024-02-18,PR0020,W09,C08,South,Same Day,6,1,1,2024-02-19,33.55
O07357,2024-10-29,PR0086,W07,C07,East,Same Day,14,1,1,2024-10-30,28.33
O07358,2024-05-14,PR0269,W06,C08,Central,Standard,11,6,6,2024-05-20,7.21
O07359,2025-02-06,PR0096,W08,C07,West,Same Day,3,1,1,2025-02-07,29.03
O07360,2025-11-12,PR0132,W07,C07,East,Economy,14,10,11,2025-11-23,42.42
O07361,2025-07-26,PR0055,W08,C02,West,Same Day,10,1,1,2025-07-27,48.02
O07362,2024-06-17,PR0264,W07,C07,East,Standard,12,6,6,2024-06-23,12.7
O07363,2025-01-21,PR0289,W09,C02,South,Express,7,3,2,2025-01-23,41.48
O07364,2024-04-29,PR0089,W04,C08,East,Same Day,13,1,2,2024-05-01,27.3
O07365,2025-09-17,PR0179,W06,C06,Central,Economy,1,10,6,2025-09-23,30.95
O07366,2025-05-04,PR0151,W09,C05,South,Same Day,11,1,1,2025-05-05,32.05
O07367,2025-03-11,PR0236,W09,C06,South,Express,2,3,6,2025-03-17,27.25
O07368,2024-07-04,PR0181,W02,C04,North,Standard,3,6,9,2024-07-13,8.6
O07369,2024-12-05,PR0222,W09,C01,South,Express,4,3,5,2024-12-10,23.29
O07370,2025-10-12,PR0244,W04,C01,East,Economy,6,10,8,2025-10-20,19.97
O07371,2024-01-31,PR0096,W04,C07,East,Economy,14,10,12,2024-02-12,18.95
O07372,2024-11-10,PR0074,W05,C03,West,Economy,8,10,11,2024-11-21,34.19
O07373,2024-11-06,PR0018,W06,C08,Central,Same Day,13,1,2,2024-11-08,18.92
O07374,2025-12-02,PR0010,W07,C01,East,Same Day,8,1,1,2025-12-03,28.85
O07375,2025-09-03,PR0251,W03,C01,South,Economy,12,10,11,2025-09-14,31.64
O07376,2024-11-30,PR0062,W09,C07,South,Standard,13,6,3,2024-12-03,29.65
O07377,2024-08-25,PR0176,W01,C01,Central,Express,3,3,3,2024-08-28,34.09
O07378,2024-11-16,PR0135,W02,C05,North,Economy,5,10,13,2024-11-29,36.99
O07379,2024-03-24,PR0279,W03,C06,South,Same Day,9,1,1,2024-03-25,32.93
O07380,2024-12-07,PR0211,W04,C02,East,Express,12,3,2,2024-12-09,28.64
O07381,2024-04-14,PR0120,W03,C06,South,Standard,2,6,7,2024-04-21,28.67
O07382,2024-01-04,PR0154,W03,C08,South,Economy,13,10,15,2024-01-19,25.38
O07383,2024-05-10,PR0264,W03,C06,South,Standard,14,6,6,2024-05-16,14.25
O07384,2024-03-10,PR0228,W05,C06,West,Express,6,3,4,2024-03-14,27.96
O07385,2025-10-17,PR0013,W09,C07,South,Economy,7,10,11,2025-10-28,20.56
O07386,2025-05-21,PR0183,W03,C02,South,Economy,7,10,14,2025-06-04,18.12
O07387,2024-10-04,PR0128,W06,C04,Central,Express,4,3,1,2024-10-05,43.73
O07388,2025-09-24,PR0104,W07,C04,East,Same Day,7,1,2,2025-09-26,37.22
O07389,2025-12-30,PR0157,W04,C03,East,Same Day,9,1,-2,2025-12-31,41.78
O07390,2024-06-24,PR0046,W09,C07,South,Same Day,12,1,1,2024-06-25,27.68
O07391,2024-06-23,PR0123,W07,C02,East,Express,5,3,3,2024-06-26,39.34
O07392,2025-12-30,PR0123,W07,C07,East,Standard,13,6,2,2026-01-01,8.36
O07393,2025-02-19,PR0128,W02,C01,North,Same Day,12,1,2,2025-02-21,38.48
O07394,2025-05-15,PR0009,W07,C04,East,Standard,3,6,2,2025-05-17,20.66
O07395,2025-04-04,PR0042,W02,C02,North,Standard,3,6,6,2025-04-10,15.5
O07396,2024-12-10,PR0101,W10,C02,North,Standard,10,6,6,2024-12-16,5.33
O07397,2025-01-06,PR0275,W04,C01,East,Standard,13,6,5,2025-01-11,20.74
O07398,2024-09-21,PR0243,W05,C04,West,Economy,7,10,11,2024-10-02,25.34
O07399,2024-11-10,PR0202,W04,C04,East,Economy,5,10,9,2024-11-19,17.69
O07400,2024-08-23,PR0244,W07,C07,East,Express,10,3,1,2024-08-24,15.23
O07401,2024-12-31,PR0094,W03,C08,South,Same Day,12,1,2,2025-01-02,30.89
O07402,2025-03-24,PR0185,W06,C06,Central,Same Day,9,1,1,2025-03-25,33.63
O07403,2024-04-24,PR0270,W05,C02,West,Standard,13,6,6,2024-04-30,34.8
O07404,2024-12-30,PR0173,W01,C03,Central,Same Day,10,1,1,2024-12-31,22.2
O07405,2025-12-20,PR0255,W01,C02,Central,Economy,3,10,11,2025-12-31,25.45
O07406,2024-07-23,PR0275,W07,C08,East,Same Day,9,1,1,2024-07-24,25.92
O07407,2025-09-09,PR0118,W09,C08,South,Standard,2,6,6,2025-09-15,5.58
O07408,2024-12-07,PR0073,W03,C03,South,Economy,5,10,9,2024-12-16,37.28
O07409,2025-06-06,PR0194,W01,C04,Central,Standard,11,6,6,2025-06-12,27.05
O07410,2024-08-15,PR0293,W03,C04,South,Standard,4,6,8,2024-08-23,16.19
O07411,2025-06-26,PR0127,W09,C05,South,Economy,12,10,11,2025-07-07,30.47
O07412,2024-03-26,PR0065,W10,C06,North,Express,8,3,1,2024-03-27,38.17
O07413,2024-09-02,PR0275,W01,C04,Central,Express,5,3,3,2024-09-05,23.89
O07414,2025-03-13,PR0213,W02,C05,North,Economy,4,10,10,2025-03-23,36.03
O07415,2025-06-02,PR0220,W01,C02,Central,Express,13,3,4,2025-06-06,37.78
O07416,2025-07-24,PR0108,W02,C02,North,Same Day,2,1,1,2025-07-25,18.34
O07417,2024-06-27,PR0042,W08,C01,West,Economy,9,10,7,2024-07-04,25.13
O07418,2024-07-20,PR0003,W02,C01,North,standard,1,1,1,2024-07-21,14.31
O07419,2025-07-22,PR0008,W08,C04,West,Express,14,3,3,2025-07-25,43.83
O07420,2024-11-19,PR0200,W02,C07,North,Same Day,4,1,2,2024-11-21,38.05
O07421,2024-07-04,PR0076,W10,C02,North,Economy,6,10,12,2024-07-16,25.24
O07422,2025-12-09,PR0138,W04,C07,East,Economy,3,10,7,2025-12-16,39.47
O07423,2024-11-30,PR0059,W03,C07,South,Same Day,3,1,1,2024-12-01,30.38
O07424,2024-08-19,PR0282,W08,C03,West,Standard,2,6,3,2024-08-22,14.54
O07425,2024-04-13,PR0095,W06,C03,Central,Standard,7,6,3,2024-04-16,3.0
O07426,2024-12-30,PR0096,W08,C03,West,Economy,1,10,12,2025-01-11,26.94
O07427,2024-07-11,PR0291,W04,C02,East,Same Day,14,1,1,2024-07-12,37.09
O07428,2025-01-25,PR0274,W08,C06,West,Standard,5,6,8,2025-02-02,22.03
O07429,2025-05-05,PR0241,W05,C07,West,Economy,1,10,10,2025-05-15,22.97
O07430,2024-06-15,PR0239,W01,C06,Central,Economy,13,10,10,2024-06-25,54.61
O07431,2025-08-25,PR0038,W10,C03,North,Same Day,9,1,1,2025-08-26,19.21
O07432,2024-08-17,PR0102,W03,C08,South,Economy,4,10,11,2024-08-28,25.89
O07433,2024-05-19,PR0266,W06,C05,Central,Same Day,1,1,1,2024-05-20,23.48
O07434,2025-01-20,PR0236,W05,C01,West,Same Day,7,1,1,2025-01-21,27.95
O07435,2024-12-15,PR0003,W02,C04,North,Standard,12,6,6,2024-12-21,19.37
O07436,2025-12-07,PR0255,W02,C06,North,Standard,7,6,7,2025-12-14,26.57
O07437,2024-02-19,PR0112,W06,C04,Central,Same Day,1,1,1,2024-02-20,39.0
O07438,2025-05-06,PR0231,W03,C01,South,Standard,13,6,2,2025-05-08,15.65
O07439,2025-06-28,PR0109,W09,C04,South,Same Day,14,1,1,2025-06-29,27.39
O07440,2024-06-16,PR0153,W02,C08,North,Standard,2,6,9,2024-06-25,10.99
O07441,2025-07-07,PR0221,W01,C08,Central,Economy,9,10,3,2025-07-10,25.13
O07442,2025-11-10,PR0026,W01,C08,Central,Same Day,5,1,1,2025-11-11,20.56
O07443,2024-10-21,PR0245,W03,C08,South,Same Day,2,1,1,2024-10-22,22.98
O07444,2025-02-03,PR0046,W04,C06,East,Same Day,10,1,1,2025-02-04,31.28
O07445,2025-09-26,PR0149,W06,C08,Central,Economy,11,10,16,2025-10-12,12.03
O07446,2025-08-19,PR0212,W04,C08,East,Economy,10,10,8,2025-08-27,24.35
O07447,2024-06-23,PR0243,W01,C08,Central,Same Day,11,1,1,2024-06-24,33.55
O07448,2025-05-17,PR0099,W07,C06,East,Same Day,5,1,1,2025-05-18,24.08
O07449,2025-06-16,PR0114,W03,C05,South,Standard,8,6,5,2025-06-21,10.41
O07450,2025-08-29,PR0190,W10,C06,North,Express,7,3,5,2025-09-03,32.48
O07451,2024-05-26,PR0081,W02,C06,North,Economy,11,10,10,2024-06-05,22.88
O07452,2025-08-20,PR0299,W05,C05,,Standard,6,6,10,2025-08-30,31.14
O07453,2024-05-20,PR0039,W04,C05,East,Express,3,3,5,2024-05-25,31.31
O07454,2025-10-16,PR0025,W06,C02,Central,Economy,8,10,14,2025-10-30,29.73
O07455,2024-03-24,PR0257,W08,C05,West,Standard,2,6,3,2024-03-27,11.43
O07456,2024-12-02,PR0260,W01,C06,Central,Same Day,6,1,1,2024-12-03,35.02
O07457,2024-09-25,PR0071,W04,C08,East,Standard,8,6,5,2024-09-30,9.95
O07458,2024-09-29,PR0227,W03,C07,South,Economy,2,10,13,2024-10-12,26.91
O07459,2025-05-23,PR0075,W09,C02,South,Economy,6,10,14,2025-06-06,44.67
O07460,2025-06-19,PR0072,W02,C03,North,Standard,9,6,3,2025-06-22,13.67
O07461,2024-07-05,PR0239,W09,C07,South,Standard,4,6,7,2024-07-12,15.87
O07462,2024-08-02,PR0016,W06,C08,Central,Same Day,10,1,1,2024-08-03,24.21
O07463,2025-03-20,PR0289,W06,C05,Central,Standard,2,6,6,2025-03-26,8.05
O07464,2024-03-24,PR0143,W06,C04,Central,Express,12,3,6,2024-03-30,24.74
O07465,2025-09-16,PR0032,W08,C05,West,Standard,14,6,4,2025-09-20,5.65
O07466,2024-10-08,PR0285,W07,C02,East,Standard,5,6,9,2024-10-17,23.1
O07467,2024-01-24,PR0198,W06,C05,Central,Express,14,3,5,2024-01-29,32.51
O07468,2024-04-17,PR0280,W05,C01,West,Economy,11,10,8,2024-04-25,30.87
O07469,2025-08-13,PR0139,W02,C01,North,Same Day,10,1,1,2025-08-14,59.6
O07470,2024-11-19,PR0195,W03,C05,South,Economy,7,10,10,2024-11-29,24.38
O07471,2025-03-09,PR0215,W01,C05,Central,Express,1,3,7,2025-03-16,22.46
O07472,2024-08-14,PR0062,W07,C07,East,Standard,9,6,8,2024-08-22,21.52
O07473,2025-10-05,PR0160,W04,C04,East,Standard,5,6,3,2025-10-08,16.94
O07474,2025-04-20,PR0171,W10,C08,North,Same Day,2,1,1,2025-04-21,22.77
O07475,2024-07-18,PR0052,W03,C04,South,Economy,14,10,7,2024-07-25,27.57
O07476,2024-01-21,PR0022,W02,C01,North,Standard,9,6,5,2024-01-26,23.19
O07477,2025-08-12,PR0188,W03,C05,South,Standard,13,6,5,2025-08-17,25.92
O07478,2024-01-11,PR0145,W09,C07,South,Express,13,3,2,2024-01-13,33.46
O07479,2025-08-10,PR0037,W08,C04,West,Same Day,5,1,1,2025-08-11,18.87
O07480,2024-05-17,PR0065,W07,C01,East,Same Day,3,1,1,2024-05-18,23.22
O07481,2024-05-04,PR0122,W09,C05,South,Economy,4,10,6,2024-05-10,35.23
O07482,2024-02-13,PR0241,W06,C04,Central,Standard,7,6,2,2024-02-15,22.1
O07483,2025-12-07,PR0247,W06,C04,Central,Same Day,11,1,1,2025-12-08,47.68
O07484,2025-07-01,PR0297,W02,C05,North,Standard,7,6,8,2025-07-09,31.42
O07485,2024-02-13,PR0006,W07,C05,East,Same Day,14,1,1,2024-02-14,25.07
O07486,2024-03-03,PR0036,W03,C07,South,Same Day,9,1,1,2024-03-04,24.59
O07487,2024-08-05,PR0160,W08,C06,West,Express,10,3,4,2024-08-09,24.98
O07488,2025-02-14,PR0244,W02,C04,North,Same Day,3,1,1,2025-02-15,32.01
O07489,2025-12-14,PR0030,W06,C08,Central,Economy,8,10,11,2025-12-25,23.2
O07490,2024-07-29,PR0226,W05,C05,West,Economy,2,10,10,2024-08-08,46.2
O07491,2024-05-23,PR0270,W08,C06,West,Standard,3,6,4,2024-05-27,16.52
O07492,2024-08-10,PR0033,W04,C04,East,Economy,12,10,10,2024-08-20,40.12
O07493,2025-08-04,PR0128,W09,C08,South,Express,13,3,3,2025-08-07,32.18
O07494,2024-12-27,PR0121,W03,C08,South,Standard,13,6,4,2024-12-31,7.76
O07495,2025-12-22,PR0137,W10,C06,North,Same Day,7,1,1,2025-12-23,19.26
O07496,2025-07-11,PR0111,W07,C04,East,Economy,14,10,9,2025-07-20,25.13
O07497,2024-04-02,PR0035,W04,C06,East,Same Day,13,1,1,2024-04-03,30.05
O07498,2025-04-06,PR0100,W03,C02,South,Standard,2,6,9,2025-04-15,36.07
O07499,2025-10-28,PR0009,W07,C04,East,Economy,5,10,13,2025-11-10,24.52
O07500,2025-01-19,PR0156,W03,C01,South,Economy,2,10,14,2025-02-02,42.45
O07501,2025-08-04,PR0156,W09,C08,South,Same Day,2,1,1,2025-08-05,26.54
O07502,2024-12-21,PR0161,W02,C05,North,Standard,1,6,2,2024-12-23,19.24
O07503,2025-01-23,PR0296,W04,C06,East,Express,7,3,3,2025-01-26,34.79
O07504,2025-02-06,PR0142,W06,C02,Central,Standard,10,6,3,2025-02-09,18.11
O07505,2025-11-06,PR0100,W09,C06,South,Express,7,3,4,2025-11-10,33.3
O07506,2025-04-27,PR0290,W08,C06,West,Express,2,3,1,2025-04-28,34.26
O07507,2025-04-12,PR0046,W10,C06,North,Express,13,3,3,2025-04-15,36.81
O07508,2025-07-11,PR0095,W06,C03,Central,Economy,1,10,9,2025-07-20,
O07509,2025-10-27,PR0115,W08,C03,West,Economy,11,10,9,2025-11-05,43.71
O07510,2024-01-05,PR0058,W04,C03,East,Express,2,3,2,2024-01-07,36.01
O07511,2024-10-29,PR0295,W03,C02,South,Standard,11,6,5,2024-11-03,19.18
O07512,2025-01-21,PR0102,W07,C05,East,Same Day,6,1,1,2025-01-22,34.01
O07513,2024-03-11,PR0146,W05,C07,West,Standard,2,6,6,2024-03-17,13.67
O07514,2024-02-05,PR0107,W02,C08,North,Economy,11,10,10,2024-02-15,22.13
O07515,2024-11-27,PR0150,W09,C06,South,Same Day,8,1,2,2024-11-29,24.49
O07516,2025-07-02,PR0075,W04,C02,East,Economy,13,10,10,2025-07-12,35.84
O07517,2024-09-28,PR0285,W02,C03,North,Same Day,2,1,1,2024-09-29,13.24
O07518,2024-05-07,PR0234,W10,C06,North,Express,14,3,3,2024-05-10,31.14
O07519,2025-11-16,PR0172,W01,C01,Central,Standard,6,6,6,2025-11-22,38.81
O07520,2024-05-18,PR0146,W05,C01,West,Express,6,3,3,2024-05-21,42.26
O07521,2024-01-09,PR0138,W04,C08,East,Express,3,3,1,2024-01-10,30.01
O07522,2025-05-13,PR0035,W08,C08,West,Express,3,3,1,2025-05-14,37.47
O07523,2025-03-08,PR0214,W09,C08,South,Standard,11,6,4,2025-03-12,10.94
O07524,2024-09-26,PR0124,W04,C06,East,Same Day,3,1,1,2024-09-27,36.53
O07525,2025-04-09,PR0204,W10,C06,North,Express,7,3,5,2025-04-14,31.95
O07526,2025-08-29,PR0055,W04,C02,East,Express,13,3,1,2025-08-30,34.7
O07527,2024-01-23,PR0157,W01,C07,Central,Economy,13,10,8,2024-01-31,20.95
O07528,2025-08-11,PR0287,W10,C03,North,Economy,12,10,10,2025-08-21,20.94
O07529,2025-05-22,PR0174,W05,C05,West,Same Day,4,1,1,2025-05-23,42.04
O07530,2025-12-12,PR0175,W06,C01,Central,Standard,4,6,5,2025-12-17,21.48
O07531,2025-08-06,PR0062,W03,C01,South,Express,5,3,2,2025-08-08,44.41
O07532,2025-06-01,PR0213,W06,C02,Central,Same Day,14,1,2,2025-06-03,43.14
O07533,2025-09-20,PR0276,W06,C04,Central,Economy,13,10,10,2025-09-30,25.46
O07534,2024-10-03,PR0211,W04,C06,East,Same Day,5,1,1,2024-10-04,39.05
O07535,2024-04-24,PR0067,W09,C05,South,Same Day,8,1,1,2024-04-25,49.43
O07536,2025-07-04,PR0024,W05,C01,West,Express,11,3,3,2025-07-07,22.25
O07537,2025-05-17,PR0295,W02,C04,North,Economy,3,10,7,2025-05-24,35.17
O07538,2024-09-29,PR0098,W03,C06,South,Standard,5,6,6,2024-10-05,30.32
O07539,2025-10-19,PR0004,W08,C08,West,Standard,1,6,8,2025-10-27,25.5
O07540,2024-04-18,PR0087,W05,C06,West,Same Day,3,1,1,2024-04-19,14.41
O07541,2024-02-05,PR0057,W09,C06,South,Same Day,12,1,1,2024-02-06,15.86
O07542,2024-08-01,PR0087,W06,C03,Central,Standard,4,6,5,2024-08-06,13.04
O07543,2025-06-03,PR0064,W05,C07,West,Express,11,3,3,2025-06-06,35.63
O07544,2025-07-15,PR0292,W05,C03,West,Economy,5,10,7,2025-07-22,35.72
O07545,2025-10-29,PR0191,W04,C06,,Express,13,3,5,2025-11-03,34.78
O07546,2024-08-27,PR0154,W03,C08,South,Economy,13,10,10,2024-09-06,25.48
O07547,2024-10-17,PR0190,W08,C07,West,Economy,8,10,13,2024-10-30,22.29
O07548,2024-01-15,PR0254,W07,C08,,Standard,12,6,8,2024-01-23,3.0
O07549,2024-08-26,PR0117,W02,C02,North,Standard,11,6,4,2024-08-30,24.97
O07550,2025-09-29,PR0062,W10,C03,North,Same Day,1,1,1,2025-09-30,36.7
O07551,2024-07-16,PR0076,W01,C08,Central,Economy,10,10,11,2024-07-27,28.45
O07552,2024-01-24,PR0172,W09,C08,South,Express,1,3,5,2024-01-29,27.43
O07553,2025-02-09,PR0080,W09,C02,South,Same Day,2,1,1,2025-02-10,34.86
O07554,2024-09-27,PR0252,W09,C05,South,Standard,5,6,4,2024-10-01,24.15
O07555,2024-09-25,PR0248,W02,C06,North,Express,11,3,2,2024-09-27,17.69
O07556,2024-08-26,PR0027,W02,C04,North,Standard,12,6,8,2024-09-03,16.17
O07557,2025-10-30,PR0179,W07,C05,East,Economy,11,10,6,2025-11-05,37.24
O07558,2025-04-17,PR0181,W03,C06,South,Standard,1,6,7,2025-04-24,7.28
O07559,2024-10-01,PR0270,W04,C08,East,Standard,2,6,8,2024-10-09,19.85
O07560,2024-01-21,PR0104,W10,C02,,Economy,11,10,5,2024-01-26,45.24
O07561,2025-12-07,PR0085,W01,C06,Central,Same Day,6,1,1,2025-12-08,45.54
O07562,2024-04-12,PR0174,W06,C05,Central,Express,7,3,1,2024-04-13,34.2
O07563,2024-06-12,PR0173,W07,C02,East,Same Day,6,1,1,2024-06-13,28.71
O07564,2024-09-02,PR0012,W06,C05,Central,Standard,2,6,5,2024-09-07,17.36
O07565,2024-03-01,PR0004,W01,C01,Central,Economy,14,10,5,2024-03-06,24.51
O07566,2025-09-22,PR0157,W04,C03,East,Standard,12,6,8,2025-09-30,20.58
O07567,2025-10-11,PR0145,W09,C03,South,Express,12,3,2,2025-10-13,37.55
O07568,2024-10-10,PR0078,W06,C07,Central,Economy,7,10,8,2024-10-18,28.99
O07569,2024-01-29,PR0171,W06,C05,Central,Economy,9,10,10,2024-02-08,42.52
O07570,2024-06-03,PR0105,W08,C03,West,Same Day,13,1,1,2024-06-04,32.9
O07571,2025-08-11,PR0230,W05,C02,West,Express,4,3,2,2025-08-13,24.34
O07572,2024-07-06,PR0103,W03,C07,South,Same Day,14,1,1,2024-07-07,26.02
O07573,2024-03-21,PR0236,W05,C02,West,Same Day,4,1,1,2024-03-22,35.61
O07574,2024-05-27,PR0046,W03,C03,South,Same Day,7,1,1,2024-05-28,29.65
O07575,2024-01-15,PR0009,W07,C07,East,Express,12,3,4,2024-01-19,13.34
O07576,2024-06-25,PR0204,W05,C01,West,Standard,11,6,7,2024-07-02,25.6
O07577,2024-04-20,PR0181,W06,C05,Central,Standard,2,6,5,2024-04-25,19.14
O07578,2024-02-06,PR0278,W03,C07,South,Same Day,13,1,1,2024-02-07,40.5
O07579,2025-01-26,PR0004,W06,C06,Central,Economy,8,10,8,2025-02-03,40.33
O07580,2024-04-11,PR0031,W05,C03,West,Express,9,3,3,2024-04-14,23.13
O07581,2024-02-21,PR0169,W05,C08,West,Standard,14,6,5,2024-02-26,32.1
O07582,2024-06-01,PR0190,W01,C05,Central,Economy,6,10,15,2024-06-16,40.2
O07583,2025-04-04,PR0272,W09,C03,South,Standard,14,6,11,2025-04-15,3.0
O07584,2024-06-04,PR0102,W10,C06,North,Standard,4,6,5,2024-06-09,
O07585,2025-08-31,PR0290,W04,C02,East,Express,7,3,2,2025-09-02,29.77
O07586,2025-02-04,PR0009,W05,C07,West,Express,1,3,5,2025-02-09,24.56
O07587,2024-03-12,PR0201,W06,C06,Central,Same Day,1,1,2,2024-03-14,34.75
O07588,2024-07-20,PR0010,W08,C05,West,Standard,8,6,2,2024-07-22,20.76
O07589,2024-01-11,PR0057,W04,C03,East,Economy,5,10,8,2024-01-19,18.73
O07590,2025-05-02,PR0003,W06,C06,Central,Same Day,9,1,1,2025-05-03,26.94
O07591,2024-01-31,PR0300,W10,C05,North,Standard,5,6,4,2024-02-04,16.25
O07592,2025-05-21,PR0201,W03,C05,South,Express,13,3,5,2025-05-26,35.09
O07593,2024-12-07,PR0277,W01,C06,Central,Standard,10,6,7,2024-12-14,13.31
O07594,2024-01-27,PR0043,W05,C05,West,Express,11,3,2,2024-01-29,42.27
O07595,2025-09-22,PR0031,W05,C05,West,Standard,13,6,6,2025-09-28,9.33
O07596,2024-07-13,PR0125,W02,C07,North,Economy,6,10,11,2024-07-24,24.37
O07597,2024-06-24,PR0030,W03,C04,South,Standard,14,6,7,2024-07-01,12.72
O07598,2024-04-21,PR0177,W09,C06,South,Economy,14,10,10,2024-05-01,25.25
O07599,2025-08-02,PR0216,W10,C08,North,Economy,4,10,9,2025-08-11,39.3
O07600,2024-03-18,PR0257,W08,C04,West,Economy,12,10,13,2024-03-31,24.64
O07601,2024-05-25,PR0037,W03,C05,South,Standard,11,6,2,2024-05-27,13.67
O07602,2024-01-26,PR0192,W04,C05,East,Same Day,12,1,1,2024-01-27,12.03
O07603,2025-12-27,PR0086,W07,C05,East,Economy,11,10,11,2026-01-07,29.63
O07604,2024-04-24,PR0238,W08,C07,West,Standard,2,6,9,2024-05-03,6.43
O07605,2025-08-06,PR0205,W03,C04,South,Standard,10,6,5,2025-08-11,13.51
O07606,2025-04-30,PR0292,W02,C01,North,Economy,7,10,11,2025-05-11,41.1
O07607,2024-09-19,PR0300,W04,C03,East,Express,4,3,4,2024-09-23,28.62
O07608,2025-02-20,PR0223,W10,C08,North,Express,3,3,1,2025-02-21,35.35
O07609,2024-08-18,PR0233,W07,C01,East,Same Day,3,1,1,2024-08-19,34.84
O07610,2024-05-14,PR0062,W03,C03,South,Same Day,12,1,2,2024-05-16,42.46
O07611,2024-05-27,PR0276,W02,C06,North,Economy,11,10,9,2024-06-05,34.34
O07612,2024-01-16,PR0267,W03,C07,South,Same Day,1,1,1,2024-01-17,34.49
O07613,2024-07-04,PR0047,W09,C03,South,Same Day,3,1,1,2024-07-05,34.15
O07614,2024-03-25,PR0129,W03,C03,South,Standard,7,6,7,2024-04-01,17.54
O07615,2025-08-20,PR0012,W04,C05,East,Same Day,3,1,1,2025-08-21,20.32
O07616,2025-04-01,PR0014,W08,C07,West,Express,3,3,4,2025-04-05,39.69
O07617,2025-01-19,PR0074,W01,C07,Central,Standard,1,6,9,2025-01-28,23.63
O07618,2024-08-01,PR0166,W03,C06,South,Economy,5,10,10,2024-08-11,25.56
O07619,2025-10-18,PR0223,W07,C04,East,Same Day,2,1,1,2025-10-19,44.0
O07620,2024-04-06,PR0222,W09,C01,South,Express,5,3,4,2024-04-10,13.15
O07621,2025-04-26,PR0223,W08,C02,West,Standard,4,6,9,2025-05-05,34.86
O07622,2025-10-29,PR0292,W08,C08,West,Same Day,3,1,1,2025-10-30,21.95
O07623,2025-07-24,PR0246,W02,C05,North,Express,2,3,3,2025-07-27,32.01
O07624,2024-10-03,PR0144,W04,C01,East,Same Day,8,1,1,2024-10-04,35.69
O07625,2025-08-21,PR0293,W06,C07,Central,Same Day,12,1,1,2025-08-22,24.86
O07626,2024-04-24,PR0259,W05,C02,West,Standard,4,6,2,2024-04-26,23.85
O07627,2024-05-14,PR0241,W02,C02,North,Standard,4,6,10,2024-05-24,24.8
O07628,2025-08-11,PR0007,W02,C02,,Same Day,1,1,1,2025-08-12,34.38
O07629,2025-07-03,PR0050,W06,C02,Central,Standard,4,6,4,2025-07-07,3.0
O07630,2024-06-23,PR0072,W08,C02,West,Economy,2,10,6,2024-06-29,27.28
O07631,2025-12-20,PR0185,W07,C03,East,Economy,3,10,6,2025-12-26,22.86
O07632,2024-09-18,PR0007,W08,C04,,Economy,4,10,8,2024-09-26,34.66
O07633,2025-06-10,PR0062,W05,C08,West,Express,12,3,3,2025-06-13,32.6
O07634,2024-08-07,PR0233,W05,C04,West,Economy,2,10,6,2024-08-13,34.87
O07635,2024-03-01,PR0264,W10,C07,North,Same Day,6,1,2,2024-03-03,27.35
O07636,2024-11-15,PR0214,W05,C05,West,Same Day,6,1,1,2024-11-16,41.68
O07637,2024-01-25,PR0289,W01,C04,Central,Express,7,3,2,2024-01-27,27.07
O07638,2025-03-24,PR0016,W06,C02,Central,Standard,13,6,5,2025-03-29,9.75
O07639,2025-08-01,PR0170,W02,C08,North,Standard,3,6,4,2025-08-05,13.45
O07640,2025-05-17,PR0036,W04,C06,East,Express,4,3,3,2025-05-20,50.72
O07641,2024-03-28,PR0096,W05,C01,West,Same Day,14,1,1,2024-03-29,35.64
O07642,2024-02-14,PR0212,W10,C07,North,Economy,4,10,10,2024-02-24,36.43
O07643,2025-08-07,PR0285,W01,C01,Central,Express,8,3,3,2025-08-10,36.08
O07644,2025-02-06,PR0183,W06,C07,Central,Express,7,3,2,2025-02-08,23.24
O07645,2024-07-21,PR0061,W07,C01,East,Express,10,3,5,2024-07-26,29.46
O07646,2024-10-12,PR0224,W01,C08,Central,Same Day,12,1,1,2024-10-13,20.2
O07647,2025-06-06,PR0210,W05,C03,West,Same Day,3,1,1,2025-06-07,17.43
O07648,2025-04-04,PR0073,W02,C01,North,Express,11,3,3,2025-04-07,31.36
O07649,2024-04-30,PR0278,W09,C08,South,Economy,5,10,3,2024-05-03,18.11
O07650,2024-11-22,PR0247,W04,C07,East,Economy,3,10,13,2024-12-05,31.46
O07651,2024-07-10,PR0133,W09,C01,South,Standard,11,6,4,2024-07-14,18.88
O07652,2024-06-21,PR0069,W10,C07,North,Express,9,3,4,2024-06-25,44.94
O07653,2024-07-23,PR0003,W08,C01,West,Express,7,3,1,2024-07-24,39.45
O07654,2024-01-15,PR0007,W04,C08,East,Same Day,11,1,1,2024-01-16,28.42
O07655,2024-01-02,PR0090,W03,C01,South,Express,8,3,2,2024-01-04,25.01
O07656,2024-01-03,PR0090,W10,C05,North,Standard,6,6,10,2024-01-13,11.17
O07657,2024-01-19,PR0112,W06,C01,Central,Economy,1,10,9,2024-01-28,21.17
O07658,2024-09-11,PR0111,W04,C02,East,Economy,9,10,5,2024-09-16,35.64
O07659,2025-04-09,PR0148,W03,C03,South,Standard,1,6,6,2025-04-15,26.15
O07660,2025-09-18,PR0265,W10,C04,North,Standard,1,6,2,2025-09-20,19.15
O07661,2025-06-12,PR0089,W01,C02,Central,standard,10,6,6,2025-06-18,9.9
O07662,2024-05-04,PR0158,W04,C08,East,Standard,11,6,7,2024-05-11,30.02
O07663,2025-02-19,PR0022,W10,C01,North,Standard,1,6,7,2025-02-26,32.64
O07664,2025-08-16,PR0188,W10,C01,North,Economy,8,10,14,2025-08-30,40.66
O07665,2025-08-04,PR0021,W03,C08,South,Express,12,3,2,2025-08-06,28.23
O07666,2024-05-22,PR0078,W05,C05,West,Express,6,3,1,2024-05-23,20.25
O07667,2025-04-12,PR0177,W01,C03,Central,Economy,9,10,4,2025-04-16,50.65
O07668,2025-09-24,PR0240,W10,C03,North,Economy,11,10,9,2025-10-03,32.24
O07669,2024-01-10,PR0133,W01,C08,Central,Same Day,9,1,1,2024-01-11,43.46
O07670,2024-11-03,PR0086,W01,C02,Central,Standard,3,6,4,2024-11-07,13.84
O07671,2025-07-14,PR0206,W05,C08,West,Economy,8,10,7,2025-07-21,19.75
O07672,2024-09-21,PR0014,W08,C06,West,Express,4,3,4,2024-09-25,45.47
O07673,2024-02-11,PR0014,W10,C02,North,Standard,1,6,6,2024-02-17,18.8
O07674,2025-09-03,PR0174,W06,C01,Central,Same Day,14,1,1,2025-09-04,23.82
O07675,2025-12-01,PR0043,W09,C08,South,Express,12,3,2,2025-12-03,36.13
O07676,2025-03-20,PR0185,W10,C02,North,Standard,11,6,3,2025-03-23,4.52
O07677,2024-09-07,PR0299,W08,C05,West,standard,14,6,8,2024-09-15,18.2
O07678,2024-04-08,PR0266,W01,C04,Central,Standard,7,6,9,2024-04-17,18.64
O07679,2024-11-21,PR0020,W10,C05,North,Same Day,6,1,1,2024-11-22,44.29
O07680,2025-12-11,PR0169,W04,C08,East,Same Day,14,1,1,2025-12-12,37.22
O07681,2025-05-28,PR0207,W03,C06,South,Same Day,13,1,1,2025-05-29,25.37
O07682,2024-06-02,PR0290,W10,C08,North,Express,6,3,3,2024-06-05,6.23
O07683,2025-10-13,PR0236,W07,C01,East,Standard,6,6,5,2025-10-18,20.45
O07684,2024-03-11,PR0267,W07,C05,East,Express,8,3,2,2024-03-13,23.92
O07685,2024-11-27,PR0207,W03,C08,South,Same Day,13,1,1,2024-11-28,28.48
O07686,2025-02-26,PR0144,W08,C04,West,Standard,12,6,5,2025-03-03,16.01
O07687,2025-04-02,PR0076,W07,C07,East,Economy,6,10,11,2025-04-13,28.27
O07688,2025-08-11,PR0087,W01,C01,Central,Same Day,14,1,1,2025-08-12,30.15
O07689,2024-10-17,PR0064,W01,C05,Central,Same Day,2,1,1,2024-10-18,42.29
O07690,2025-02-18,PR0038,W08,C04,West,Economy,13,10,9,2025-02-27,16.58
O07691,2024-05-31,PR0282,W10,C08,North,Standard,14,6,4,2024-06-04,19.17
O07692,2024-02-29,PR0070,W01,C07,Central,Express,11,3,3,2024-03-03,34.22
O07693,2024-09-30,PR0172,W02,C05,North,Express,9,3,1,2024-10-01,39.64
O07694,2025-12-24,PR0262,W06,C03,Central,Standard,6,6,4,2025-12-28,24.69
O07695,2025-12-06,PR0107,W01,C05,Central,Express,12,3,2,2025-12-08,44.82
O07696,2024-05-21,PR0196,W03,C03,South,Economy,9,10,3,2024-05-24,15.9
O07697,2025-09-02,PR0189,W04,C04,East,Standard,5,6,5,2025-09-07,11.95
O07698,2024-06-01,PR0172,W05,C02,West,Express,1,3,3,2024-06-04,29.82
O07699,2024-02-04,PR0291,W06,C06,Central,Same Day,12,1,1,2024-02-05,34.76
O07700,2025-05-27,PR0048,W10,C07,North,Economy,8,10,7,2025-06-03,33.86
O07701,2024-09-25,PR0064,W04,C04,East,Express,1,3,4,2024-09-29,33.27
O07702,2025-04-23,PR0099,W03,C02,South,Same Day,2,1,1,2025-04-24,44.95
O07703,2025-10-14,PR0148,W03,C08,South,Economy,7,10,12,2025-10-26,29.98
O07704,2024-11-15,PR0189,W03,C06,South,Express,1,3,3,2024-11-18,28.16
O07705,2024-12-18,PR0259,W05,C06,West,Standard,14,6,5,2024-12-23,10.08
O07706,2024-01-09,PR0103,W07,C05,East,Standard,2,6,5,2024-01-14,10.79
O07707,2024-06-12,PR0154,W01,C08,Central,Standard,6,6,6,2024-06-18,26.14
O07708,2025-07-27,PR0256,W09,C02,South,Same Day,1,1,1,2025-07-28,44.78
O07709,2024-04-19,PR0018,W06,C01,Central,Standard,13,6,5,2024-04-24,25.77
O07710,2025-12-04,PR0204,W08,C06,West,Standard,3,6,5,2025-12-09,14.31
O07711,2025-10-05,PR0104,W09,C08,South,Same Day,14,1,1,2025-10-06,5.58
O07712,2024-12-20,PR0300,W06,C01,Central,Standard,6,6,8,2024-12-28,34.62
O07713,2024-10-20,PR0267,W05,C07,West,Standard,7,6,3,2024-10-23,22.74
O07714,2024-02-02,PR0275,W10,C02,North,Economy,4,10,9,2024-02-11,27.61
O07715,2025-09-08,PR0123,W09,C06,South,Express,13,3,3,2025-09-11,15.66
O07716,2024-02-26,PR0001,W04,C06,East,Economy,5,10,11,2024-03-08,38.56
O07717,2025-02-22,PR0217,W02,C06,North,Standard,1,6,7,2025-03-01,11.83
O07718,2024-03-28,PR0053,W09,C05,South,Express,1,3,3,2024-03-31,29.55
O07719,2025-06-18,PR0147,W03,C04,South,Economy,7,10,7,2025-06-25,32.86
O07720,2024-03-29,PR0137,W02,C06,North,Standard,2,6,2,2024-03-31,8.98
O07721,2024-06-28,PR0242,W09,C01,South,Express,12,3,2,2024-06-30,30.05
O07722,2025-08-04,PR0248,W05,C01,West,Standard,9,6,8,2025-08-12,21.91
O07723,2024-12-25,PR0238,W10,C07,North,Express,6,3,2,2024-12-27,21.35
O07724,2024-01-31,PR0052,W04,C07,East,standard,8,1,1,2024-02-01,30.77
O07725,2024-01-12,PR0096,W05,C02,West,Economy,3,10,9,2024-01-21,23.05
O07726,2025-03-21,PR0295,W04,C06,East,Express,6,3,3,2025-03-24,34.49
O07727,2024-09-21,PR0069,W07,C04,East,Economy,7,10,10,2024-10-01,18.58
O07728,2024-02-17,PR0265,W07,C06,East,Express,12,3,4,2024-02-21,35.69
O07729,2024-05-27,PR0183,W05,C05,West,Economy,5,10,10,2024-06-06,32.41
O07730,2024-08-12,PR0203,W07,C04,East,Economy,5,10,10,2024-08-22,46.66
O07731,2024-01-26,PR0080,W02,C05,North,Standard,9,6,3,2024-01-29,24.41
O07732,2024-12-06,PR0236,W09,C05,South,Standard,4,6,4,2024-12-10,10.76
O07733,2025-01-09,PR0202,W08,C05,West,standard,2,3,4,2025-01-13,47.84
O07734,2024-11-12,PR0135,W05,C01,West,Express,2,3,1,2024-11-13,41.14
O07735,2024-09-22,PR0299,W09,C05,South,Same Day,2,1,1,2024-09-23,13.86
O07736,2025-07-25,PR0246,W08,C04,West,Standard,10,6,6,2025-07-31,32.42
O07737,2025-05-17,PR0129,W05,C07,West,Express,11,3,3,2025-05-20,35.75
O07738,2024-06-16,PR0180,W04,C08,East,Standard,13,6,7,2024-06-23,14.87
O07739,2025-11-26,PR0077,W03,C04,South,Economy,2,10,11,2025-12-07,29.12
O07740,2025-11-15,PR0173,W03,C07,South,Economy,7,10,9,2025-11-24,38.2
O07741,2025-04-08,PR0263,W02,C04,North,Economy,12,10,8,2025-04-16,20.16
O07742,2025-03-04,PR0245,W05,C01,West,Same Day,3,1,1,2025-03-05,36.62
O07743,2025-12-16,PR0214,W05,C02,West,Express,8,3,3,2025-12-19,39.28
O07744,2024-05-13,PR0266,W04,C03,East,Standard,14,6,2,2024-05-15,6.88
O07745,2025-09-28,PR0270,W08,C02,West,Economy,8,10,14,2025-10-12,10.59
O07746,2025-07-12,PR0208,W08,C06,West,Same Day,5,1,1,2025-07-13,39.2
O07747,2025-09-30,PR0163,W04,C04,East,Economy,10,10,9,2025-10-09,28.83
O07748,2025-04-23,PR0170,W10,C02,North,Express,1,3,3,2025-04-26,26.49
O07749,2025-08-15,PR0002,W10,C02,North,Express,5,3,5,2025-08-20,38.48
O07750,2025-01-05,PR0017,W02,C06,North,Standard,7,6,2,2025-01-07,18.76
O07751,2025-02-26,PR0239,W10,C01,North,Same Day,13,1,2,2025-02-28,24.65
O07752,2025-05-27,PR0217,W06,C06,Central,Economy,13,10,12,2025-06-08,28.75
O07753,2024-11-04,PR0278,W03,C05,South,standard,12,3,4,2024-11-08,18.86
O07754,2024-08-28,PR0002,W07,C05,East,Same Day,4,1,1,2024-08-29,29.12
O07755,2024-08-02,PR0200,W04,C08,East,Standard,6,6,7,2024-08-09,29.65
O07756,2024-11-10,PR0184,W05,C06,West,Economy,2,10,14,2024-11-24,27.07
O07757,2025-07-14,PR0105,W09,C05,South,Standard,11,6,7,2025-07-21,33.19
O07758,2024-06-03,PR0114,W02,C08,North,Same Day,12,1,1,2024-06-04,43.22
O07759,2025-10-14,PR0151,W08,C05,West,Same Day,5,1,1,2025-10-15,35.67
O07760,2025-09-11,PR0141,W07,C01,East,Express,3,3,6,2025-09-17,47.69
O07761,2024-12-31,PR0250,W04,C04,East,Express,3,3,3,2025-01-03,35.78
O07762,2024-01-18,PR0171,W05,C02,West,Same Day,7,1,1,2024-01-19,24.52
O07763,2024-10-16,PR0125,W02,C05,North,Standard,5,6,2,2024-10-18,22.91
O07764,2024-04-13,PR0070,W01,C05,Central,Economy,4,10,10,2024-04-23,33.12
O07765,2024-07-19,PR0292,W06,C08,Central,Standard,6,6,5,2024-07-24,15.37
O07766,2025-06-27,PR0041,W03,C03,South,Economy,7,10,6,2025-07-03,29.24
O07767,2024-09-12,PR0264,W10,C07,North,Economy,8,10,6,2024-09-18,38.08
O07768,2024-08-27,PR0017,W04,C06,East,Express,12,3,1,2024-08-28,9.88
O07769,2024-12-11,PR0211,W01,C07,Central,Same Day,4,1,1,2024-12-12,25.43
O07770,2025-05-27,PR0094,W06,C02,Central,Express,8,3,5,2025-06-01,35.78
O07771,2024-03-07,PR0003,W06,C05,Central,Same Day,8,1,1,2024-03-08,40.0
O07772,2025-08-23,PR0185,W08,C08,West,Standard,10,6,5,2025-08-28,22.01
O07773,2025-02-18,PR0227,W05,C05,West,Same Day,4,1,1,2025-02-19,36.08
O07774,2024-01-19,PR0104,W04,C07,East,Standard,14,6,3,2024-01-22,17.35
O07775,2024-04-13,PR0178,W02,C03,North,Express,3,3,4,2024-04-17,
O07776,2024-04-03,PR0109,W09,C03,South,Same Day,3,1,1,2024-04-04,31.46
O07777,2024-11-14,PR0051,W03,C08,South,Same Day,2,1,1,2024-11-15,31.47
O07778,2024-03-25,PR0207,W09,C07,South,Express,4,3,3,2024-03-28,29.38
O07779,2024-01-31,PR0277,W10,C01,North,Economy,11,10,8,2024-02-08,44.09
O07780,2024-02-22,PR0245,W04,C05,East,Economy,3,10,7,2024-02-29,35.14
O07781,2024-01-05,PR0178,W03,C02,South,Economy,7,10,10,2024-01-15,38.32
O07782,2024-05-25,PR0100,W10,C05,North,Economy,9,10,12,2024-06-06,29.51
O07783,2024-02-24,PR0228,W10,C02,North,Express,1,3,2,2024-02-26,41.89
O07784,2024-06-16,PR0248,W02,C03,North,Express,12,3,2,2024-06-18,47.94
O07785,2024-04-17,PR0195,W01,C03,Central,Economy,11,10,14,2024-05-01,23.04
O07786,2025-07-17,PR0163,W06,C02,Central,Standard,10,6,5,2025-07-22,5.96
O07787,2024-03-23,PR0041,W10,C01,North,Same Day,12,1,1,2024-03-24,42.61
O07788,2024-02-03,PR0255,W10,C08,North,Express,11,3,3,2024-02-06,33.12
O07789,2024-10-31,PR0244,W05,C04,West,Standard,4,6,5,2024-11-05,25.83
O07790,2024-09-03,PR0287,W02,C05,North,Economy,10,10,8,2024-09-11,46.04
O07791,2024-04-11,PR0031,W06,C06,Central,Economy,8,10,10,2024-04-21,31.62
O07792,2025-10-29,PR0164,W01,C06,Central,Economy,4,10,10,2025-11-08,44.83
O07793,2024-02-16,PR0020,W02,C08,North,Economy,11,10,6,2024-02-22,33.6
O07794,2024-06-08,PR0197,W04,C01,East,Standard,3,6,5,2024-06-13,17.05
O07795,2025-06-03,PR0176,W04,C03,East,Standard,3,6,4,2025-06-07,5.18
O07796,2025-08-18,PR0002,W04,C06,East,Economy,8,10,6,2025-08-24,27.68
O07797,2025-06-20,PR0132,W07,C01,East,Same Day,14,1,1,2025-06-21,17.57
O07798,2024-01-10,PR0197,W02,C02,North,Standard,6,6,4,2024-01-14,18.49
O07799,2024-07-29,PR0032,W08,C04,West,Same Day,3,1,2,2024-07-31,37.17
O07800,2024-08-16,PR0055,W07,C06,East,Express,2,3,2,2024-08-18,42.51
O07801,2025-12-24,PR0084,W10,C08,North,Standard,5,6,2,2025-12-26,11.34
O07802,2025-04-28,PR0054,W03,C06,South,Economy,2,10,7,2025-05-05,28.84
O07803,2025-06-19,PR0036,W02,C01,North,Economy,11,10,8,2025-06-27,22.72
O07804,2024-05-20,PR0106,W05,C03,West,Standard,6,6,2,2024-05-22,13.04
O07805,2024-08-20,PR0018,W05,C05,West,Standard,13,6,2,2024-08-22,53.61
O07806,2025-03-01,PR0213,W10,C04,North,Economy,10,10,12,2025-03-13,26.88
O07807,2024-01-29,PR0294,W06,C07,Central,Standard,8,6,8,2024-02-06,17.87
O07808,2025-09-22,PR0007,W08,C02,West,Express,10,3,2,2025-09-24,26.98
O07809,2024-05-12,PR0125,W09,C02,South,Economy,12,10,3,2024-05-15,28.39
O07810,2024-09-14,PR0163,W05,C07,West,Economy,2,10,4,2024-09-18,17.2
O07811,2024-05-03,PR0040,W06,C01,Central,Express,12,3,4,2024-05-07,39.69
O07812,2025-05-11,PR0166,W07,C05,East,Express,7,3,4,2025-05-15,36.68
O07813,2024-02-11,PR0226,W08,C04,West,Economy,5,10,13,2024-02-24,38.73
O07814,2025-07-27,PR0143,W10,C02,North,Standard,14,6,9,2025-08-05,5.84
O07815,2024-07-05,PR0062,W07,C08,East,Standard,3,6,8,2024-07-13,15.81
O07816,2025-11-20,PR0006,W01,C03,Central,Same Day,13,1,1,2025-11-21,36.08
O07817,2024-12-26,PR0124,W08,C02,West,Standard,4,6,7,2025-01-02,28.62
O07818,2024-01-16,PR0234,W03,C02,South,Same Day,11,1,1,2024-01-17,38.39
O07819,2025-11-16,PR0177,W07,C07,East,Express,8,3,3,2025-11-19,24.32
O07820,2024-05-18,PR0279,W09,C04,South,Economy,4,10,8,2024-05-26,33.99
O07821,2024-07-09,PR0190,W09,C07,South,Standard,9,6,2,2024-07-11,34.55
O07822,2025-02-04,PR0100,W01,C07,Central,Standard,8,6,6,2025-02-10,16.12
O07823,2025-01-28,PR0017,W06,C07,Central,Economy,8,10,8,2025-02-05,22.0
O07824,2025-07-18,PR0063,W04,C08,East,Economy,4,10,5,2025-07-23,25.55
O07825,2024-09-22,PR0177,W08,C03,West,Economy,3,10,15,2024-10-07,21.57
O07826,2024-01-21,PR0001,W08,C07,West,Economy,11,10,12,2024-02-02,29.84
O07827,2025-11-29,PR0120,W07,C04,East,Standard,8,6,4,2025-12-03,18.61
O07828,2025-03-23,PR0271,W01,C07,Central,Standard,4,6,8,2025-03-31,29.92
O07829,2024-09-08,PR0066,W06,C04,Central,Same Day,10,1,1,2024-09-09,33.52
O07830,2025-12-14,PR0233,W03,C02,South,Standard,14,6,2,2025-12-16,22.14
O07831,2024-11-25,PR0187,W10,C01,North,Standard,5,6,4,2024-11-29,21.18
O07832,2025-02-20,PR0256,W04,C02,East,Express,12,3,2,2025-02-22,28.0
O07833,2025-02-01,PR0223,W02,C07,North,Standard,9,6,8,2025-02-09,23.66
O07834,2025-05-06,PR0143,W10,C07,North,Express,6,3,2,2025-05-08,21.54
O07835,2024-07-21,PR0095,W07,C08,East,Standard,14,6,9,2024-07-30,22.13
O07836,2025-10-26,PR0189,W06,C04,Central,Same Day,1,1,2,2025-10-28,31.53
O07837,2024-06-09,PR0211,W04,C03,East,Express,4,3,3,2024-06-12,44.21
O07838,2025-12-20,PR0002,W10,C07,North,Express,7,3,1,2025-12-21,38.61
O07839,2025-08-14,PR0152,W09,C05,South,Same Day,6,1,1,2025-08-15,21.75
O07840,2025-07-08,PR0208,W04,C06,East,Standard,11,6,10,2025-07-18,15.05
O07841,2024-08-13,PR0217,W02,C07,North,Standard,12,6,7,2024-08-20,21.79
O07842,2024-11-04,PR0144,W10,C01,North,Economy,1,10,13,2024-11-17,30.53
O07843,2025-09-07,PR0231,W02,C01,North,Standard,6,6,5,2025-09-12,19.21
O07844,2024-11-19,PR0284,W09,C05,South,Standard,9,6,3,2024-11-22,26.6
O07845,2024-05-30,PR0150,W10,C06,North,Same Day,7,1,2,2024-06-01,45.42
O07846,2024-03-13,PR0219,W08,C06,West,Economy,6,10,5,2024-03-18,23.01
O07847,2025-01-08,PR0219,W01,C04,Central,Economy,7,10,5,2025-01-13,30.38
O07848,2025-12-16,PR0048,W07,C02,East,Economy,7,10,10,2025-12-26,26.82
O07849,2025-12-31,PR0176,W09,C02,South,Express,12,3,1,2026-01-01,32.31
O07850,2025-11-14,PR0237,W01,C02,Central,Same Day,2,1,1,2025-11-15,25.86
O07851,2024-08-26,PR0103,W04,C06,East,Standard,14,6,2,2024-08-28,31.84
O07852,2024-04-05,PR0290,W10,C05,North,Same Day,6,1,1,2024-04-06,21.96
O07853,2024-01-18,PR0152,W02,C02,North,Same Day,3,1,1,2024-01-19,37.76
O07854,2025-05-25,PR0101,W08,C05,West,Same Day,10,1,1,2025-05-26,
O07855,2024-06-08,PR0155,W05,C03,West,Economy,12,10,9,2024-06-17,26.92
O07856,2024-05-05,PR0234,W04,C06,East,Economy,7,10,14,2024-05-19,25.88
O07857,2024-09-09,PR0197,W06,C06,Central,Same Day,14,1,1,2024-09-10,29.87
O07858,2024-11-24,PR0288,W10,C03,North,Express,5,3,1,2024-11-25,31.5
O07859,2025-07-13,PR0039,W02,C03,North,Economy,14,10,13,2025-07-26,18.79
O07860,2025-05-19,PR0188,W04,C06,East,Standard,4,6,4,2025-05-23,18.13
O07861,2024-05-17,PR0225,W09,C03,South,Same Day,7,1,1,2024-05-18,16.78
O07862,2025-07-30,PR0172,W05,C02,West,Standard,3,6,2,2025-08-01,7.71
O07863,2024-12-15,PR0198,W07,C02,East,Same Day,11,1,1,2024-12-16,33.14
O07864,2024-06-07,PR0136,W05,C04,West,Standard,2,6,6,2024-06-13,13.57
O07865,2025-11-18,PR0296,W01,C07,Central,Economy,2,10,3,2025-11-21,42.45
O07866,2024-06-13,PR0173,W09,C08,South,Economy,7,10,7,2024-06-20,12.33
O07867,2024-01-20,PR0220,W09,C04,South,Same Day,14,1,1,2024-01-21,33.39
O07868,2024-10-26,PR0215,W08,C06,West,Same Day,7,1,1,2024-10-27,39.41
O07869,2024-10-13,PR0093,W08,C01,West,Economy,1,10,4,2024-10-17,32.48
O07870,2025-04-24,PR0258,W03,C05,South,Standard,4,6,6,2025-04-30,11.42
O07871,2025-01-01,PR0079,W10,C01,North,Economy,9,10,11,2025-01-12,27.75
O07872,2024-04-14,PR0217,W02,C08,North,Economy,14,10,8,2024-04-22,21.74
O07873,2024-07-27,PR0006,W10,C04,North,Economy,3,10,7,2024-08-03,30.43
O07874,2024-05-05,PR0242,W07,C04,East,Economy,9,10,8,2024-05-13,37.8
O07875,2024-09-26,PR0138,W08,C08,West,Express,14,3,3,2024-09-29,31.38
O07876,2025-05-07,PR0291,W10,C03,North,Express,14,3,1,2025-05-08,25.43
O07877,2024-04-10,PR0108,W05,C08,West,Same Day,13,1,1,2024-04-11,37.52
O07878,2024-11-10,PR0160,W03,C08,South,Standard,12,6,2,2024-11-12,33.59
O07879,2024-07-09,PR0258,W08,C06,West,Same Day,13,1,2,2024-07-11,32.54
O07880,2024-03-15,PR0018,W07,C01,East,Same Day,9,1,1,2024-03-16,7.85
O07881,2025-12-23,PR0187,W05,C05,West,Express,1,3,5,2025-12-28,20.91
O07882,2025-01-27,PR0062,W02,C08,North,Express,9,3,5,2025-02-01,33.9
O07883,2025-07-30,PR0112,W03,C02,South,Same Day,3,1,1,2025-07-31,27.53
O07884,2024-09-22,PR0177,W05,C03,West,Economy,9,10,12,2024-10-04,22.1
O07885,2024-05-31,PR0005,W08,C07,West,Express,10,3,4,2024-06-04,27.89
O07886,2025-07-22,PR0149,W06,C01,Central,Same Day,1,1,1,2025-07-23,36.6
O07887,2024-02-16,PR0029,W05,C07,West,Economy,13,10,11,2024-02-27,31.26
O07888,2025-03-14,PR0164,W07,C05,East,Express,3,3,3,2025-03-17,38.94
O07889,2024-01-11,PR0210,W08,C04,West,Economy,9,10,15,2024-01-26,28.0
O07890,2025-11-30,PR0205,W03,C04,South,Express,9,3,2,2025-12-02,26.6
O07891,2025-05-04,PR0093,W02,C06,North,Express,14,3,4,2025-05-08,36.54
O07892,2024-12-12,PR0186,W03,C08,South,Economy,14,10,12,2024-12-24,21.28
O07893,2025-05-02,PR0080,W08,C08,West,Express,14,3,4,2025-05-06,
O07894,2025-01-01,PR0141,W06,C01,Central,Express,8,3,1,2025-01-02,27.67
O07895,2024-08-11,PR0094,W01,C01,Central,Economy,14,10,9,2024-08-20,45.23
O07896,2025-05-31,PR0278,W08,C05,West,Standard,10,6,2,2025-06-02,16.52
O07897,2025-02-20,PR0300,W10,C07,North,Same Day,6,1,1,2025-02-21,49.01
O07898,2025-06-13,PR0032,W01,C05,Central,Economy,11,10,8,2025-06-21,32.95
O07899,2025-08-28,PR0148,W09,C05,South,Express,4,3,2,2025-08-30,32.95
O07900,2024-02-28,PR0241,W07,C02,East,Same Day,3,1,1,2024-02-29,40.12
O07901,2024-08-28,PR0058,W04,C07,East,Standard,10,6,4,2024-09-01,9.44
O07902,2024-12-21,PR0274,W02,C05,North,Express,8,3,2,2024-12-23,31.17
O07903,2025-04-30,PR0096,W09,C01,South,Economy,6,10,8,2025-05-08,27.76
O07904,2024-03-26,PR0232,W07,C03,East,standard,10,10,9,2024-04-04,27.16
O07905,2025-03-15,PR0257,W07,C06,East,Standard,6,6,4,2025-03-19,31.42
O07906,2024-11-17,PR0002,W09,C04,South,Same Day,14,1,1,2024-11-18,31.57
O07907,2025-02-25,PR0166,W05,C05,West,Standard,11,6,7,2025-03-04,10.88
O07908,2025-04-30,PR0164,W06,C03,Central,Economy,13,10,9,2025-05-09,21.22
O07909,2025-05-26,PR0232,W07,C03,East,Same Day,14,1,1,2025-05-27,35.18
O07910,2024-09-17,PR0055,W09,C04,South,Economy,8,10,7,2024-09-24,40.34
O07911,2024-03-19,PR0027,W01,C06,Central,Standard,7,6,5,2024-03-24,20.22
O07912,2024-09-04,PR0220,W06,C07,Central,Same Day,13,1,2,2024-09-06,37.76
O07913,2024-05-30,PR0181,W09,C06,South,Economy,11,10,7,2024-06-06,36.95
O07914,2024-08-03,PR0127,W08,C01,West,Express,1,3,1,2024-08-04,43.73
O07915,2025-04-11,PR0135,W03,C02,South,Express,4,3,2,2025-04-13,22.28
O07916,2024-03-02,PR0202,W03,C02,South,Express,13,3,3,2024-03-05,49.95
O07917,2025-10-20,PR0112,W09,C05,South,Economy,3,10,12,2025-11-01,28.72
O07918,2024-04-15,PR0010,W02,C02,North,Standard,11,6,4,2024-04-19,20.49
O07919,2025-04-20,PR0029,W07,C01,East,Economy,6,10,13,2025-05-03,32.95
O07920,2025-03-12,PR0242,W01,C08,Central,Standard,3,6,6,2025-03-18,20.83
O07921,2025-05-18,PR0276,W02,C08,North,Economy,13,10,9,2025-05-27,20.71
O07922,2024-06-17,PR0212,W10,C06,North,Same Day,8,1,1,2024-06-18,49.44
O07923,2024-06-10,PR0235,W06,C02,Central,Same Day,2,1,1,2024-06-11,40.43
O07924,2024-04-26,PR0179,W04,C07,East,Same Day,6,1,1,2024-04-27,35.38
O07925,2025-07-19,PR0215,W08,C04,West,Express,4,3,3,2025-07-22,33.15
O07926,2024-02-03,PR0107,W07,C04,East,Express,10,3,4,2024-02-07,40.72
O07927,2024-04-16,PR0123,W08,C08,West,Standard,1,6,3,2024-04-19,19.63
O07928,2024-07-31,PR0128,W01,C02,Central,Express,1,3,1,2024-08-01,42.41
O07929,2024-07-10,PR0033,W10,C06,North,Express,3,3,3,2024-07-13,30.31
O07930,2025-02-27,PR0225,W06,C05,Central,Standard,5,6,5,2025-03-04,17.23
O07931,2024-04-07,PR0290,W04,C05,East,Express,6,3,4,2024-04-11,22.62
O07932,2025-11-25,PR0033,W08,C06,West,Same Day,8,1,1,2025-11-26,13.43
O07933,2025-05-22,PR0036,W02,C03,North,Standard,8,6,4,2025-05-26,12.34
O07934,2025-03-08,PR0161,W06,C03,Central,Standard,7,6,2,2025-03-10,5.87
O07935,2024-03-14,PR0243,W05,C01,West,Economy,11,10,9,2024-03-23,36.59
O07936,2024-01-20,PR0003,W09,C04,South,Standard,11,6,6,2024-01-26,28.7
O07937,2025-02-13,PR0018,W09,C04,South,Economy,1,10,11,2025-02-24,44.91
O07938,2024-02-10,PR0083,W04,C05,East,Standard,10,6,6,2024-02-16,7.67
O07939,2024-02-03,PR0090,W04,C01,East,Express,6,3,3,2024-02-06,31.51
O07940,2024-08-01,PR0055,W09,C07,South,Economy,8,10,8,2024-08-09,27.9
O07941,2025-04-14,PR0106,W03,C02,South,Same Day,2,1,1,2025-04-15,41.47
O07942,2024-10-13,PR0195,W08,C07,West,Express,4,3,3,2024-10-16,40.31
O07943,2024-04-25,PR0165,W08,C05,West,Express,8,3,5,2024-04-30,15.08
O07944,2025-07-30,PR0293,W04,C07,East,Economy,1,10,6,2025-08-05,28.77
O07945,2025-03-19,PR0296,W09,C06,South,Standard,1,6,4,2025-03-23,4.88
O07946,2025-07-06,PR0064,W03,C01,South,Standard,13,6,2,2025-07-08,3.0
O07947,2025-02-11,PR0173,W04,C05,,Same Day,7,1,1,2025-02-12,42.6
O07948,2024-03-03,PR0163,W09,C02,South,Same Day,4,1,1,2024-03-04,22.24
O07949,2025-09-22,PR0240,W06,C05,Central,Same Day,3,1,2,2025-09-24,45.99
O07950,2024-04-21,PR0202,W06,C06,Central,Express,4,3,1,2024-04-22,24.48
O07951,2025-09-11,PR0233,W03,C08,South,Express,5,3,2,2025-09-13,28.73
O07952,2025-04-18,PR0254,W03,C06,South,Economy,6,10,8,2025-04-26,28.83
O07953,2024-07-03,PR0249,W06,C04,Central,Standard,12,6,6,2024-07-09,19.03
O07954,2024-06-12,PR0077,W01,C04,Central,Standard,14,6,5,2024-06-17,14.51
O07955,2025-01-31,PR0046,W03,C04,South,Same Day,9,1,1,2025-02-01,26.99
O07956,2025-10-29,PR0191,W10,C01,North,Same Day,3,1,1,2025-10-30,26.5
O07957,2025-07-30,PR0030,W08,C01,West,Standard,11,6,5,2025-08-04,16.02
O07958,2024-05-08,PR0180,W05,C06,West,Economy,8,10,10,2024-05-18,21.74
O07959,2025-04-08,PR0026,W05,C05,West,Same Day,10,1,1,2025-04-09,32.19
O07960,2024-06-24,PR0245,W08,C08,West,Express,14,3,5,2024-06-29,33.95
O07961,2025-07-20,PR0177,W04,C07,East,Same Day,13,1,1,2025-07-21,27.49
O07962,2024-07-29,PR0025,W06,C01,Central,Economy,5,10,12,2024-08-10,19.63
O07963,2024-09-28,PR0093,W06,C01,Central,Same Day,5,1,1,2024-09-29,43.26
O07964,2024-01-24,PR0042,W08,C03,West,Standard,7,6,6,2024-01-30,18.22
O07965,2025-06-01,PR0077,W06,C03,Central,Economy,14,10,10,2025-06-11,39.67
O07966,2024-11-04,PR0109,W10,C04,North,Economy,12,10,9,2024-11-13,30.68
O07967,2025-05-22,PR0218,W07,C01,East,Economy,7,10,6,2025-05-28,34.29
O07968,2024-01-23,PR0112,W09,C03,South,Standard,13,6,4,2024-01-27,24.39
O07969,2025-07-12,PR0155,W02,C02,North,Standard,8,6,5,2025-07-17,17.22
O07970,2025-08-01,PR0160,W09,C04,South,Standard,11,6,8,2025-08-09,18.68
O07971,2024-06-18,PR0010,W09,C01,South,Standard,3,6,5,2024-06-23,21.36
O07972,2025-01-15,PR0164,W07,C02,East,Express,13,3,5,2025-01-20,22.98
O07973,2025-09-26,PR0164,W02,C08,North,Same Day,10,1,1,2025-09-27,40.72
O07974,2024-09-22,PR0017,W06,C07,Central,Standard,9,6,7,2024-09-29,22.73
O07975,2025-08-21,PR0219,W09,C07,South,Express,4,3,1,2025-08-22,19.85
O07976,2024-06-09,PR0023,W04,C08,East,Express,11,3,3,2024-06-12,35.73
O07977,2024-09-10,PR0078,W03,C03,South,Express,9,3,2,2024-09-12,20.76
O07978,2024-01-07,PR0051,W03,C08,South,Express,4,3,2,2024-01-09,24.34
O07979,2025-01-01,PR0140,W02,C02,North,Standard,13,6,7,2025-01-08,16.24
O07980,2024-06-06,PR0211,W04,C08,East,Same Day,14,1,1,2024-06-07,25.13
O07981,2024-12-18,PR0145,W10,C08,North,Standard,3,6,11,2024-12-29,29.34
O07982,2025-09-25,PR0180,W09,C04,South,Same Day,6,1,1,2025-09-26,33.1
O07983,2024-10-17,PR0229,W07,C03,East,Standard,14,6,6,2024-10-23,24.81
O07984,2024-08-19,PR0017,W08,C05,West,Same Day,3,1,1,2024-08-20,31.64
O07985,2025-12-12,PR0161,W03,C06,South,Express,7,3,1,2025-12-13,41.91
O07986,2024-09-08,PR0266,W09,C08,South,Express,6,3,2,2024-09-10,33.47
O07987,2024-10-28,PR0025,W09,C01,South,Economy,11,10,7,2024-11-04,41.37
O07988,2024-06-16,PR0236,W06,C06,Central,Economy,3,10,6,2024-06-22,31.31
O07989,2024-05-15,PR0135,W10,C03,North,Standard,9,6,4,2024-05-19,24.3
O07990,2024-12-21,PR0073,W01,C06,Central,Express,10,3,3,2024-12-24,36.8
O07991,2024-05-05,PR0214,W09,C05,South,Same Day,2,1,1,2024-05-06,26.44
O07992,2024-10-03,PR0146,W02,C05,North,Express,14,3,1,2024-10-04,41.85
O07993,2025-08-16,PR0077,W10,C02,North,Economy,13,10,3,2025-08-19,36.42
O07994,2024-12-07,PR0009,W06,C04,Central,Economy,14,10,9,2024-12-16,14.23
O07995,2024-11-16,PR0112,W06,C07,Central,Express,14,3,4,2024-11-20,33.67
O07996,2024-02-27,PR0224,W02,C03,North,Express,10,3,4,2024-03-02,33.35
O07997,2024-09-05,PR0264,W05,C01,West,Economy,3,10,10,2024-09-15,34.48
O07998,2024-07-21,PR0253,W02,C05,North,Economy,11,10,7,2024-07-28,32.21
O07999,2025-04-15,PR0226,W04,C05,East,Same Day,7,1,1,2025-04-16,39.63
O08000,2024-10-11,PR0182,W09,C08,South,Standard,9,6,7,2024-10-18,20.57
O08001,2024-01-16,PR0293,W08,C06,West,Express,3,3,6,2024-01-22,38.86
O08002,2025-09-01,PR0223,W07,C08,East,Standard,9,6,4,2025-09-05,17.53
O08003,2025-08-02,PR0072,W03,C01,South,Economy,9,10,9,2025-08-11,38.73
O08004,2024-12-16,PR0031,W06,C06,Central,Standard,6,6,8,2024-12-24,13.59
O08005,2025-08-23,PR0147,W09,C06,South,Express,5,3,2,2025-08-25,17.68
O08006,2025-02-09,PR0264,W05,C01,West,Standard,7,6,4,2025-02-13,15.47
O08007,2025-12-20,PR0110,W09,C03,South,Standard,2,6,5,2025-12-25,19.7
O08008,2025-05-08,PR0154,W07,C02,East,Express,5,3,5,2025-05-13,37.51
O08009,2025-02-14,PR0178,W03,C06,South,Economy,14,10,9,2025-02-23,38.5
O08010,2024-10-07,PR0081,W08,C04,West,Same Day,14,1,1,2024-10-08,41.31
O08011,2024-06-03,PR0187,W01,C07,Central,Economy,13,10,13,2024-06-16,37.12
O08012,2024-09-14,PR0193,W08,C04,West,Standard,9,6,10,2024-09-24,15.89
O08013,2024-05-25,PR0023,W10,C05,North,Economy,14,10,10,2024-06-04,37.33
O08014,2024-05-03,PR0001,W08,C08,West,Express,3,3,2,2024-05-05,38.44
O08015,2024-01-28,PR0132,W10,C05,North,Express,9,3,3,2024-01-31,25.62
O08016,2025-11-06,PR0069,W01,C08,,Same Day,9,1,1,2025-11-07,35.34
O08017,2024-11-18,PR0060,W09,C02,South,Same Day,10,1,1,2024-11-19,15.71
O08018,2024-03-03,PR0130,W09,C08,South,Express,1,3,4,2024-03-07,17.19
O08019,2025-12-23,PR0083,W10,C08,North,Standard,13,6,2,2025-12-25,28.8
O08020,2024-12-28,PR0025,W09,C06,South,Same Day,12,1,1,2024-12-29,33.39
O08021,2024-12-29,PR0217,W10,C05,North,standard,11,1,1,2024-12-30,28.94
O08022,2024-04-06,PR0027,W04,C08,East,Express,2,3,1,2024-04-07,29.67
O08023,2024-05-22,PR0116,W10,C08,North,Standard,7,6,7,2024-05-29,21.85
O08024,2024-11-02,PR0076,W09,C04,South,Standard,13,6,8,2024-11-10,22.29
O08025,2025-06-13,PR0094,W05,C07,West,Economy,12,10,11,2025-06-24,32.82
O08026,2025-08-28,PR0289,W05,C03,West,Express,8,3,4,2025-09-01,17.6
O08027,2024-09-24,PR0176,W08,C05,West,Express,1,3,1,2024-09-25,30.04
O08028,2025-01-18,PR0222,W04,C04,East,Express,8,3,1,2025-01-19,22.9
O08029,2024-06-06,PR0128,W10,C06,North,Express,12,3,1,2024-06-07,39.43
O08030,2025-12-26,PR0276,W04,C02,East,Same Day,14,1,1,2025-12-27,18.0
O08031,2025-12-18,PR0228,W06,C04,Central,Standard,7,6,4,2025-12-22,31.29
O08032,2025-08-27,PR0216,W03,C03,South,Standard,5,6,6,2025-09-02,21.61
O08033,2024-11-05,PR0137,W01,C07,Central,Economy,1,10,12,2024-11-17,26.75
O08034,2025-05-19,PR0283,W10,C04,North,Economy,6,10,9,2025-05-28,28.15
O08035,2025-05-19,PR0284,W08,C06,West,Express,13,3,3,2025-05-22,26.16
O08036,2024-08-01,PR0072,W09,C07,South,Express,4,3,1,2024-08-02,29.76
O08037,2025-08-26,PR0057,W06,C02,Central,Economy,5,10,9,2025-09-04,25.77
O08038,2024-12-28,PR0166,W10,C01,North,Same Day,8,1,1,2024-12-29,35.87
O08039,2025-09-24,PR0282,W02,C04,North,Express,7,3,4,2025-09-28,31.7
O08040,2024-12-14,PR0223,W08,C08,West,Same Day,2,1,1,2024-12-15,29.48
O08041,2025-03-19,PR0241,W04,C06,East,Standard,5,6,4,2025-03-23,3.0
O08042,2025-06-16,PR0182,W07,C01,East,Same Day,2,1,1,2025-06-17,31.18
O08043,2025-06-23,PR0034,W06,C03,Central,Express,3,3,1,2025-06-24,36.31
O08044,2025-07-08,PR0264,W03,C03,South,Same Day,9,1,1,2025-07-09,24.53
O08045,2025-12-17,PR0297,W08,C08,West,Economy,10,10,15,2026-01-01,41.5
O08046,2024-05-18,PR0173,W08,C01,West,Express,14,3,3,2024-05-21,15.42
O08047,2024-01-19,PR0106,W01,C04,Central,Same Day,2,1,1,2024-01-20,33.14
O08048,2025-02-11,PR0262,W08,C06,West,Express,2,3,3,2025-02-14,28.77
O08049,2025-11-05,PR0025,W06,C07,Central,Express,5,3,1,2025-11-06,21.68
O08050,2025-01-06,PR0206,W04,C06,East,Express,10,3,3,2025-01-09,34.66
O08051,2025-10-14,PR0031,W07,C06,East,Same Day,7,1,2,2025-10-16,31.87
O08052,2024-03-23,PR0251,W01,C03,Central,Economy,8,10,13,2024-04-05,18.72
O08053,2024-06-21,PR0133,W01,C06,Central,Express,9,3,3,2024-06-24,26.83
O08054,2024-06-25,PR0098,W03,C02,South,Same Day,8,1,1,2024-06-26,28.82
O08055,2024-01-09,PR0049,W02,C02,North,Express,8,3,3,2024-01-12,6.45
O08056,2024-12-27,PR0149,W08,C06,West,Express,11,3,5,2025-01-01,34.85
O08057,2024-11-03,PR0202,W08,C08,West,Express,12,3,1,2024-11-04,21.81
O08058,2025-07-19,PR0204,W05,C03,West,Express,12,3,4,2025-07-23,53.06
O08059,2025-08-26,PR0115,W04,C06,East,Express,13,3,2,2025-08-28,42.45
O08060,2025-10-23,PR0181,W02,C08,North,Standard,4,6,5,2025-10-28,11.58
O08061,2024-06-22,PR0162,W03,C03,South,Express,7,3,2,2024-06-24,30.56
O08062,2024-10-07,PR0129,W10,C04,North,Same Day,13,1,1,2024-10-08,43.33
O08063,2025-08-06,PR0043,W01,C01,Central,Express,12,3,1,2025-08-07,48.88
O08064,2025-08-31,PR0033,W10,C04,North,Standard,13,6,12,2025-09-12,30.61
O08065,2025-09-12,PR0134,W05,C05,West,Economy,9,10,15,2025-09-27,38.09
O08066,2024-06-23,PR0159,W08,C06,West,standard,14,6,2,2024-06-25,12.86
O08067,2024-05-17,PR0240,W08,C07,West,Economy,6,10,8,2024-05-25,38.46
O08068,2024-01-01,PR0042,W07,C08,East,Same Day,7,1,1,2024-01-02,22.75
O08069,2024-02-23,PR0159,W01,C01,Central,Same Day,2,1,1,2024-02-24,23.64
O08070,2025-03-16,PR0079,W09,C02,South,Express,5,3,5,2025-03-21,46.57
O08071,2024-03-09,PR0271,W08,C06,West,Same Day,9,1,1,2024-03-10,21.77
O08072,2025-10-24,PR0178,W10,C06,North,Standard,8,6,4,2025-10-28,9.89
O08073,2024-08-25,PR0080,W06,C08,Central,Standard,2,6,-2,2024-08-30,3.0
O08074,2024-02-21,PR0150,W10,C02,North,Express,11,3,3,2024-02-24,24.74
O08075,2024-09-08,PR0243,W04,C01,East,Express,8,3,3,2024-09-11,35.63
O08076,2025-07-05,PR0093,W01,C06,Central,Express,10,3,2,2025-07-07,42.5
O08077,2024-05-17,PR0170,W09,C04,South,Same Day,10,1,1,2024-05-18,21.14
O08078,2025-04-19,PR0084,W02,C07,North,Standard,6,6,8,2025-04-27,18.03
O08079,2025-08-29,PR0087,W03,C04,South,Economy,13,10,14,2025-09-12,39.12
O08080,2024-01-06,PR0249,W10,C06,North,Economy,11,10,9,2024-01-15,33.26
O08081,2024-01-22,PR0061,W06,C08,Central,Express,3,3,1,2024-01-23,24.36
O08082,2025-04-17,PR0196,W05,C03,West,Standard,9,6,4,2025-04-21,28.04
O08083,2024-11-24,PR0258,W08,C05,West,Same Day,10,1,1,2024-11-25,15.33
O08084,2025-02-13,PR0053,W10,C01,North,Economy,5,10,8,2025-02-21,43.77
O08085,2024-02-26,PR0139,W08,C02,West,Economy,7,10,6,2024-03-03,8.96
O08086,2024-05-12,PR0142,W05,C01,West,Same Day,8,1,1,2024-05-13,32.82
O08087,2024-08-11,PR0175,W01,C02,Central,Same Day,8,1,1,2024-08-12,38.39
O08088,2024-01-11,PR0249,W10,C03,North,Same Day,12,1,1,2024-01-12,17.12
O08089,2024-08-21,PR0143,W08,C01,West,Express,8,3,5,2024-08-26,25.53
O08090,2024-07-23,PR0221,W04,C07,East,Economy,12,10,11,2024-08-03,32.28
O08091,2024-04-02,PR0135,W08,C01,West,Economy,11,10,9,2024-04-11,23.22
O08092,2025-11-05,PR0241,W09,C08,South,Express,14,3,4,2025-11-09,24.33
O08093,2025-11-20,PR0026,W02,C07,North,Express,6,3,3,2025-11-23,31.5
O08094,2024-07-21,PR0150,W05,C05,West,Standard,11,6,3,2024-07-24,23.02
O08095,2024-01-13,PR0006,W06,C05,Central,Same Day,8,1,1,2024-01-14,35.66
O08096,2024-10-16,PR0199,W02,C07,North,Economy,2,10,12,2024-10-28,23.3
O08097,2024-11-02,PR0027,W03,C08,South,Express,9,3,1,2024-11-03,30.45
O08098,2024-04-11,PR0155,W08,C05,West,Same Day,3,1,1,2024-04-12,29.09
O08099,2024-10-09,PR0235,W04,C01,East,Standard,8,6,6,2024-10-15,11.45
O08100,2024-07-20,PR0204,W08,C04,West,Express,14,3,3,2024-07-23,28.36
O08101,2025-04-20,PR0010,W05,C03,West,Economy,5,10,9,2025-04-29,32.99
O08102,2025-06-19,PR0236,W04,C08,East,Economy,8,10,6,2025-06-25,28.7
O08103,2025-03-06,PR0295,W02,C05,North,Economy,3,10,8,2025-03-14,32.95
O08104,2025-12-10,PR0108,W09,C03,South,Same Day,9,1,1,2025-12-11,37.81
O08105,2025-09-10,PR0155,W04,C03,East,Express,4,3,5,2025-09-15,25.62
O08106,2025-09-30,PR0284,W02,C04,North,Same Day,4,1,1,2025-10-01,22.17
O08107,2025-03-14,PR0275,W02,C08,North,Economy,10,10,13,2025-03-27,20.53
O08108,2024-12-01,PR0150,W04,C07,East,Standard,4,6,5,2024-12-06,12.77
O08109,2025-06-07,PR0041,W06,C04,Central,Economy,14,10,8,2025-06-15,25.79
O08110,2024-01-21,PR0137,W02,C05,North,Economy,13,10,4,2024-01-25,47.24
O08111,2025-09-26,PR0161,W06,C04,Central,Express,14,3,1,2025-09-27,24.94
O08112,2024-06-25,PR0162,W04,C03,East,Express,6,3,3,2024-06-28,21.56
O08113,2024-02-12,PR0222,W03,C07,South,Same Day,11,1,2,2024-02-14,38.31
O08114,2025-07-27,PR0286,W03,C03,South,Economy,4,10,8,2025-08-04,26.86
O08115,2024-11-11,PR0133,W04,C05,East,Same Day,4,1,1,2024-11-12,35.35
O08116,2024-03-20,PR0070,W08,C01,West,Express,4,3,4,2024-03-24,32.41
O08117,2024-08-12,PR0124,W07,C02,East,Same Day,8,1,2,2024-08-14,34.51
O08118,2025-03-14,PR0191,W07,C02,East,Express,11,3,3,2025-03-17,34.22
O08119,2025-05-28,PR0038,W05,C08,West,Same Day,12,1,1,2025-05-29,48.53
O08120,2025-04-04,PR0199,W01,C06,Central,Standard,9,6,5,2025-04-09,25.72
O08121,2024-06-18,PR0204,W04,C05,East,Same Day,5,1,1,2024-06-19,24.53
O08122,2025-07-02,PR0199,W04,C05,East,Express,7,3,5,2025-07-07,40.21
O08123,2025-01-22,PR0144,W09,C08,South,Economy,4,10,11,2025-02-02,28.86
O08124,2025-07-26,PR0270,W01,C08,Central,Standard,8,6,6,2025-08-01,13.91
O08125,2024-10-14,PR0014,W05,C02,West,Express,5,3,3,2024-10-17,30.65
O08126,2024-07-21,PR0061,W06,C08,Central,Economy,10,10,10,2024-07-31,41.08
O08127,2025-12-24,PR0027,W07,C04,East,Standard,5,6,2,2025-12-26,23.33
O08128,2025-10-30,PR0213,W02,C02,North,Standard,6,6,7,2025-11-06,18.96
O08129,2025-09-01,PR0267,W04,C04,East,Express,9,3,-2,2025-09-06,30.13
O08130,2025-05-27,PR0284,W04,C04,East,Same Day,6,1,2,2025-05-29,32.47
O08131,2025-05-08,PR0091,W07,C05,East,Express,7,3,3,2025-05-11,28.72
O08132,2024-04-03,PR0021,W05,C07,West,Same Day,13,1,1,2024-04-04,31.46
O08133,2024-08-28,PR0184,W04,C01,East,Standard,1,6,5,2024-09-02,10.9
O08134,2024-02-03,PR0019,W01,C05,Central,Express,11,3,6,2024-02-09,38.32
O08135,2025-05-03,PR0298,W01,C06,Central,Standard,5,6,5,2025-05-08,27.98
O08136,2024-09-25,PR0242,W05,C07,West,Standard,12,6,3,2024-09-28,15.87
O08137,2024-11-08,PR0004,W08,C02,West,Economy,13,10,6,2024-11-14,13.23
O08138,2024-04-06,PR0036,W07,C02,East,Express,2,3,2,2024-04-08,32.76
O08139,2025-04-11,PR0269,W06,C07,Central,Same Day,1,1,2,2025-04-13,27.97
O08140,2024-10-09,PR0094,W03,C06,South,Economy,10,10,8,2024-10-17,26.07
O08141,2024-02-22,PR0185,W05,C06,West,Economy,7,10,7,2024-02-29,32.64
O08142,2024-03-25,PR0291,W06,C03,Central,Economy,8,10,8,2024-04-02,30.74
O08143,2025-10-29,PR0032,W04,C06,East,Economy,6,10,15,2025-11-13,24.81
O08144,2024-09-19,PR0027,W05,C05,West,Economy,14,10,12,2024-10-01,26.09
O08145,2024-05-14,PR0256,W05,C04,West,Express,2,3,4,2024-05-18,26.91
O08146,2025-02-17,PR0058,W01,C06,Central,Standard,5,6,4,2025-02-21,30.15
O08147,2025-01-11,PR0082,W04,C05,East,Standard,8,6,4,2025-01-15,15.59
O08148,2025-06-15,PR0143,W04,C08,East,Standard,1,6,3,2025-06-18,23.09
O08149,2024-03-02,PR0145,W09,C08,South,Economy,7,10,8,2024-03-10,32.35
O08150,2025-05-01,PR0246,W03,C03,South,Standard,10,6,2,2025-05-03,26.71
O08151,2024-01-12,PR0199,W06,C07,Central,Same Day,13,1,1,2024-01-13,19.79
O08152,2024-12-08,PR0191,W02,C06,North,Economy,12,10,6,2024-12-14,42.03
O08153,2025-10-27,PR0066,W01,C07,Central,Economy,9,10,9,2025-11-05,39.71
O08154,2024-01-21,PR0184,W07,C04,East,Express,14,3,3,2024-01-24,48.26
O08155,2025-01-07,PR0029,W08,C01,,Economy,8,10,5,2025-01-12,42.4
O08156,2024-02-04,PR0185,W04,C07,East,Standard,14,6,5,2024-02-09,17.54
O08157,2024-08-21,PR0032,W03,C01,South,Economy,6,10,7,2024-08-28,3.0
O08158,2024-09-30,PR0259,W05,C08,West,Express,8,3,2,2024-10-02,34.19
O08159,2024-08-04,PR0213,W02,C06,North,Economy,5,10,12,2024-08-16,31.3
O08160,2025-05-09,PR0190,W08,C08,West,Express,14,3,3,2025-05-12,22.52
O08161,2024-01-23,PR0088,W08,C01,West,Economy,3,10,9,2024-02-01,34.05
O08162,2025-12-18,PR0246,W02,C05,North,Express,11,3,2,2025-12-20,25.46
O08163,2024-07-06,PR0198,W09,C05,South,Economy,13,10,6,2024-07-12,27.63
O08164,2025-02-24,PR0063,W05,C03,West,Same Day,2,1,1,2025-02-25,41.68
O08165,2024-03-24,PR0283,W01,C01,Central,Standard,8,6,3,2024-03-27,16.47
O08166,2025-06-08,PR0176,W05,C05,West,Economy,9,10,3,2025-06-11,26.02
O08167,2024-12-02,PR0174,W09,C03,South,Same Day,4,1,1,2024-12-03,24.72
O08168,2025-11-23,PR0177,W01,C08,Central,Standard,13,6,2,2025-11-25,3.0
O08169,2025-01-31,PR0094,W08,C08,West,Express,4,3,2,2025-02-02,20.39
O08170,2025-08-09,PR0261,W08,C08,West,Express,1,3,2,2025-08-11,35.16
O08171,2024-11-07,PR0120,W09,C08,South,Economy,7,10,11,2024-11-18,26.74
O08172,2025-02-13,PR0227,W10,C04,North,Same Day,4,1,1,2025-02-14,26.64
O08173,2025-10-14,PR0108,W04,C03,East,Standard,6,6,6,2025-10-20,8.53
O08174,2025-11-17,PR0217,W07,C07,East,Express,9,3,1,2025-11-18,23.64
O08175,2024-05-22,PR0038,W10,C05,North,Economy,4,10,7,2024-05-29,35.59
O08176,2024-03-01,PR0283,W07,C01,East,Economy,13,10,12,2024-03-13,26.03
O08177,2025-12-17,PR0169,W10,C02,North,Economy,8,10,11,2025-12-28,27.35
O08178,2025-11-30,PR0158,W05,C07,West,Standard,10,6,8,2025-12-08,24.38
O08179,2025-02-20,PR0260,W05,C01,West,Express,7,3,3,2025-02-23,28.5
O08180,2024-07-10,PR0049,W02,C03,North,Standard,12,6,7,2024-07-17,13.41
O08181,2025-02-15,PR0232,W03,C08,South,Standard,2,6,5,2025-02-20,12.03
O08182,2025-04-30,PR0201,W03,C01,South,Express,10,3,7,2025-05-07,37.94
O08183,2025-06-05,PR0103,W01,C08,Central,Standard,4,6,3,2025-06-08,30.65
O08184,2025-11-20,PR0204,W01,C06,Central,Express,7,3,2,2025-11-22,31.7
O08185,2025-05-17,PR0140,W10,C02,North,Express,5,3,2,2025-05-19,35.32
O08186,2025-03-04,PR0212,W04,C08,East,Express,8,3,2,2025-03-06,31.56
O08187,2024-08-26,PR0269,W08,C05,West,Standard,2,6,4,2024-08-30,23.08
O08188,2025-04-13,PR0156,W02,C05,North,Economy,6,10,11,2025-04-24,31.75
O08189,2024-11-11,PR0208,W01,C04,Central,Same Day,7,1,2,2024-11-13,23.26
O08190,2024-06-24,PR0226,W05,C02,West,Same Day,6,1,1,2024-06-25,30.21
O08191,2024-06-10,PR0169,W02,C06,North,Express,12,3,4,2024-06-14,25.48
O08192,2025-12-13,PR0136,W01,C04,Central,Express,2,3,4,2025-12-17,27.42
O08193,2024-03-30,PR0196,W03,C07,South,Same Day,5,1,1,2024-03-31,12.76
O08194,2024-11-05,PR0210,W06,C03,Central,Standard,11,6,6,2024-11-11,33.87
O08195,2024-04-25,PR0151,W04,C01,East,Same Day,7,1,1,2024-04-26,26.84
O08196,2025-08-02,PR0113,W01,C03,Central,Economy,13,10,11,2025-08-13,23.68
O08197,2025-04-05,PR0179,W10,C02,North,Economy,10,10,15,2025-04-20,32.49
O08198,2025-09-05,PR0009,W03,C03,South,Standard,6,6,4,2025-09-09,4.46
O08199,2025-09-23,PR0142,W07,C02,East,Economy,4,10,10,2025-10-03,26.03
O08200,2024-07-13,PR0157,W02,C05,North,Same Day,9,1,2,2024-07-15,37.26
O08201,2024-09-21,PR0228,W06,C06,Central,Express,2,3,3,2024-09-24,30.44
O08202,2024-10-05,PR0196,W03,C04,South,Same Day,6,1,2,2024-10-07,15.4
O08203,2025-11-05,PR0140,W09,C04,South,Standard,4,6,3,2025-11-08,24.24
O08204,2025-12-15,PR0158,W09,C04,South,Standard,6,6,3,2025-12-18,15.34
O08205,2025-04-22,PR0094,W06,C04,Central,Standard,5,6,6,2025-04-28,9.82
O08206,2025-02-28,PR0034,W08,C02,West,Standard,12,6,6,2025-03-06,22.34
O08207,2025-01-30,PR0231,W05,C01,West,Same Day,1,1,1,2025-01-31,20.01
O08208,2025-11-10,PR0072,W03,C01,South,Standard,10,6,3,2025-11-13,40.25
O08209,2024-12-17,PR0180,W06,C08,Central,Standard,12,6,3,2024-12-20,17.6
O08210,2024-04-15,PR0267,W05,C08,West,Same Day,10,1,2,2024-04-17,21.32
O08211,2025-08-17,PR0103,W09,C04,South,Standard,13,6,6,2025-08-23,18.72
O08212,2024-12-02,PR0279,W02,C04,North,Express,1,3,6,2024-12-08,42.52
O08213,2025-04-04,PR0227,W10,C06,North,Standard,3,6,4,2025-04-08,22.39
O08214,2025-05-02,PR0126,W02,C06,North,Express,14,3,1,2025-05-03,29.85
O08215,2025-02-26,PR0084,W07,C01,East,Standard,13,6,6,2025-03-04,16.95
O08216,2025-04-01,PR0120,W10,C02,North,Express,10,3,1,2025-04-02,24.71
O08217,2024-02-01,PR0111,W06,C04,Central,Standard,12,6,10,2024-02-11,23.14
O08218,2025-06-14,PR0228,W02,C04,North,Economy,11,10,4,2025-06-18,26.97
O08219,2024-06-12,PR0283,W08,C04,West,Express,2,3,2,2024-06-14,28.06
O08220,2025-06-25,PR0030,W09,C08,South,Economy,4,10,12,2025-07-07,30.45
O08221,2025-07-17,PR0056,W03,C05,South,Same Day,8,1,1,2025-07-18,36.44
O08222,2024-11-02,PR0028,W01,C08,Central,Same Day,1,1,1,2024-11-03,43.26
O08223,2024-01-31,PR0181,W10,C05,North,Economy,1,10,7,2024-02-07,26.37
O08224,2024-05-30,PR0261,W06,C07,Central,Same Day,7,1,1,2024-05-31,30.01
O08225,2025-08-01,PR0102,W09,C04,South,Economy,6,10,9,2025-08-10,34.55
O08226,2025-10-08,PR0284,W07,C03,East,Standard,7,6,2,2025-10-10,18.98
O08227,2024-03-18,PR0297,W08,C02,West,Standard,11,6,2,2024-03-20,29.29
O08228,2025-03-09,PR0290,W01,C03,Central,Standard,5,6,2,2025-03-11,14.11
O08229,2025-09-06,PR0048,W08,C02,West,Standard,12,6,8,2025-09-14,14.82
O08230,2024-06-24,PR0035,W05,C02,West,Economy,10,10,3,2024-06-27,40.81
O08231,2025-02-05,PR0014,W09,C05,South,Standard,4,6,3,2025-02-08,3.0
O08232,2025-07-24,PR0023,W02,C08,North,Express,8,3,3,2025-07-27,25.35
O08233,2024-01-18,PR0218,W03,C06,South,Standard,2,6,6,2024-01-24,21.88
O08234,2025-04-12,PR0219,W10,C03,North,Express,2,3,6,2025-04-18,22.28
O08235,2025-03-07,PR0213,W09,C02,South,Same Day,12,1,1,2025-03-08,29.42
O08236,2024-10-14,PR0277,W04,C05,East,Express,3,3,3,2024-10-17,36.78
O08237,2024-11-29,PR0174,W06,C07,Central,Economy,8,10,10,2024-12-09,34.23
O08238,2025-10-07,PR0108,W09,C07,South,Same Day,10,1,1,2025-10-08,37.62
O08239,2024-12-08,PR0138,W06,C08,Central,Economy,11,10,8,2024-12-16,25.74
O08240,2024-01-07,PR0164,W10,C05,North,Express,1,3,3,2024-01-10,8.46
O08241,2024-01-12,PR0208,W07,C01,East,Express,6,3,1,2024-01-13,31.32
O08242,2024-11-01,PR0026,W03,C06,South,Same Day,9,1,1,2024-11-02,24.26
O08243,2024-08-08,PR0027,W05,C07,West,Standard,9,6,9,2024-08-17,23.21
O08244,2025-08-22,PR0178,W10,C07,North,Express,13,3,5,2025-08-27,12.6
O08245,2024-08-16,PR0107,W08,C01,West,Same Day,5,1,1,2024-08-17,28.03
O08246,2024-09-11,PR0300,W10,C08,North,Express,2,3,4,2024-09-15,34.45
O08247,2025-07-18,PR0183,W07,C03,East,Economy,14,10,13,2025-07-31,47.0
O08248,2025-02-18,PR0174,W02,C07,North,Express,14,3,2,2025-02-20,25.26
O08249,2025-09-16,PR0084,W05,C05,West,Economy,3,10,4,2025-09-20,29.42
O08250,2024-01-01,PR0146,W09,C03,South,standard,14,1,1,2024-01-02,26.29
O08251,2024-09-05,PR0027,W08,C07,West,Same Day,3,1,1,2024-09-06,18.5
O08252,2024-05-16,PR0047,W07,C06,East,Standard,4,6,6,2024-05-22,6.59
O08253,2024-12-26,PR0263,W04,C01,East,Express,6,3,3,2024-12-29,21.85
O08254,2025-12-16,PR0124,W08,C08,West,Same Day,1,1,1,2025-12-17,36.02
O08255,2025-05-28,PR0027,W02,C05,North,Economy,2,10,7,2025-06-04,
O08256,2025-01-11,PR0100,W07,C06,East,Standard,5,6,6,2025-01-17,3.0
O08257,2024-09-05,PR0232,W05,C05,West,Same Day,10,1,1,2024-09-06,25.56
O08258,2025-06-06,PR0066,W01,C08,Central,standard,12,3,5,2025-06-11,26.29
O08259,2024-05-01,PR0119,W04,C07,East,Economy,9,10,5,2024-05-06,38.5
O08260,2025-05-25,PR0118,W03,C04,South,Same Day,8,1,1,2025-05-26,47.36
O08261,2024-10-10,PR0205,W08,C06,West,Economy,5,10,7,2024-10-17,23.98
O08262,2024-06-04,PR0093,W09,C04,South,Express,10,3,1,2024-06-05,31.39
O08263,2024-08-24,PR0263,W08,C02,West,Standard,1,6,4,2024-08-28,18.46
O08264,2025-01-25,PR0235,W05,C06,West,Economy,9,10,16,2025-02-10,34.04
O08265,2025-09-10,PR0273,W06,C05,Central,Economy,6,10,11,2025-09-21,24.97
O08266,2024-10-17,PR0090,W06,C05,Central,Standard,7,6,7,2024-10-24,25.82
O08267,2024-05-12,PR0259,W04,C02,East,Same Day,3,1,1,2024-05-13,30.23
O08268,2025-08-03,PR0175,W08,C07,West,Express,13,3,1,2025-08-04,40.53
O08269,2024-05-18,PR0033,W10,C03,North,Same Day,12,1,1,2024-05-19,15.13
O08270,2024-07-09,PR0031,W06,C06,Central,Economy,4,10,10,2024-07-19,20.15
O08271,2024-07-07,PR0050,W09,C08,South,Economy,3,10,8,2024-07-15,30.01
O08272,2025-07-31,PR0100,W06,C04,Central,Express,11,3,3,2025-08-03,35.9
O08273,2024-01-12,PR0246,W08,C05,West,Economy,3,10,4,2024-01-16,43.43
O08274,2025-02-11,PR0219,W10,C06,North,Economy,12,10,12,2025-02-23,46.05
O08275,2025-08-05,PR0103,W01,C05,Central,Economy,1,10,8,2025-08-13,13.19
O08276,2024-06-30,PR0149,W03,C03,South,Same Day,10,1,1,2024-07-01,23.7
O08277,2025-01-21,PR0251,W06,C01,Central,Express,5,3,4,2025-01-25,30.38
O08278,2025-08-25,PR0203,W06,C05,Central,Express,9,3,4,2025-08-29,36.08
O08279,2024-08-08,PR0035,W07,C06,East,Economy,12,10,4,2024-08-12,44.06
O08280,2025-02-13,PR0291,W06,C02,Central,Economy,13,10,9,2025-02-22,37.41
O08281,2025-12-28,PR0247,W05,C05,West,Economy,6,10,7,2026-01-04,57.8
O08282,2025-09-17,PR0043,W09,C03,South,Same Day,14,1,1,2025-09-18,18.56
O08283,2025-03-20,PR0051,W02,C02,North,Same Day,9,1,1,2025-03-21,26.5
O08284,2024-05-04,PR0131,W09,C01,South,Same Day,1,1,1,2024-05-05,23.6
O08285,2025-06-21,PR0010,W09,C06,South,Standard,10,6,6,2025-06-27,21.27
O08286,2025-06-19,PR0108,W04,C02,East,Express,4,3,4,2025-06-23,19.59
O08287,2024-04-07,PR0248,W07,C01,East,Express,1,3,2,2024-04-09,14.47
O08288,2025-09-09,PR0194,W06,C06,Central,Express,1,3,1,2025-09-10,37.7
O08289,2025-09-05,PR0281,W02,C07,North,Express,1,3,1,2025-09-06,21.49
O08290,2024-05-09,PR0172,W08,C05,West,Standard,7,6,5,2024-05-14,24.99
O08291,2024-01-31,PR0295,W10,C04,North,Standard,10,6,4,2024-02-04,9.59
O08292,2024-10-23,PR0018,W07,C04,East,Standard,11,6,4,2024-10-27,16.0
O08293,2025-10-30,PR0132,W08,C08,West,Economy,3,10,7,2025-11-06,36.0
O08294,2024-05-30,PR0057,W06,C07,Central,Standard,11,6,7,2024-06-06,22.08
O08295,2024-11-08,PR0204,W03,C07,South,Standard,3,6,5,2024-11-13,22.17
O08296,2024-10-18,PR0063,W06,C03,Central,Standard,3,6,6,2024-10-24,18.83
O08297,2024-08-10,PR0233,W04,C01,East,Standard,9,6,5,2024-08-15,15.78
O08298,2024-01-18,PR0233,W09,C08,South,Economy,6,10,8,2024-01-26,31.77
O08299,2024-11-25,PR0286,W09,C05,South,Economy,4,10,5,2024-11-30,38.36
O08300,2024-05-15,PR0085,W02,C04,North,Economy,10,10,9,2024-05-24,31.59
O08301,2025-10-21,PR0177,W07,C02,East,Economy,6,10,8,2025-10-29,31.56
O08302,2024-10-31,PR0121,W09,C06,South,Express,6,3,4,2024-11-04,34.44
O08303,2024-10-30,PR0272,W02,C07,North,Same Day,1,1,1,2024-10-31,42.15
O08304,2025-09-27,PR0042,W09,C08,South,Standard,14,6,7,2025-10-04,29.7
O08305,2025-06-15,PR0177,W09,C06,South,Express,10,3,2,2025-06-17,33.89
O08306,2024-12-10,PR0109,W03,C04,South,Standard,11,6,3,2024-12-13,16.16
O08307,2025-08-06,PR0215,W08,C03,West,Economy,14,10,10,2025-08-16,16.32
O08308,2025-03-14,PR0191,W01,C02,Central,Standard,2,6,3,2025-03-17,13.28
O08309,2025-09-29,PR0038,W04,C02,East,Economy,7,10,3,2025-10-02,16.21
O08310,2024-05-08,PR0124,W01,C03,Central,Standard,9,6,6,2024-05-14,14.89
O08311,2025-10-26,PR0170,W07,C06,East,Economy,3,10,14,2025-11-09,29.43
O08312,2025-06-30,PR0143,W03,C04,South,Standard,6,6,4,2025-07-04,5.59
O08313,2024-03-28,PR0275,W08,C04,West,Same Day,13,1,2,2024-03-30,39.39
O08314,2024-09-08,PR0209,W10,C02,North,Economy,12,10,13,2024-09-21,25.03
O08315,2025-09-22,PR0071,W08,C06,West,Economy,13,10,7,2025-09-29,26.19
O08316,2024-04-12,PR0224,W01,C08,Central,Economy,7,10,8,2024-04-20,
O08317,2025-08-08,PR0089,W07,C03,East,Economy,10,10,13,2025-08-21,31.7
O08318,2024-06-05,PR0200,W04,C04,East,Standard,6,6,6,2024-06-11,22.8
O08319,2024-11-13,PR0285,W03,C01,South,Same Day,2,1,1,2024-11-14,24.33
O08320,2025-05-17,PR0224,W04,C08,East,Standard,11,6,7,2025-05-24,18.39
O08321,2025-12-28,PR0232,W03,C05,South,Same Day,1,1,1,2025-12-29,44.05
O08322,2024-08-18,PR0206,W10,C02,North,Express,13,3,1,2024-08-19,36.44
O08323,2025-05-08,PR0063,W06,C06,Central,Same Day,9,1,1,2025-05-09,36.05
O08324,2025-02-18,PR0061,W10,C01,,Standard,1,6,3,2025-02-21,9.06
O08325,2024-02-23,PR0085,W05,C03,West,Economy,8,10,4,2024-02-27,31.73
O08326,2025-05-22,PR0184,W09,C04,South,Express,10,3,1,2025-05-23,27.32
O08327,2024-03-16,PR0207,W05,C02,West,Same Day,2,1,1,2024-03-17,35.12
O08328,2024-03-04,PR0200,W09,C05,South,Economy,2,10,7,2024-03-11,34.64
O08329,2024-03-29,PR0138,W06,C07,,Express,9,3,3,2024-04-01,19.75
O08330,2024-02-16,PR0208,W09,C08,South,Same Day,11,1,1,2024-02-17,39.45
O08331,2025-09-28,PR0238,W06,C03,Central,Standard,11,6,6,2025-10-04,14.13
O08332,2025-08-27,PR0034,W03,C06,South,Economy,9,10,13,2025-09-09,32.71
O08333,2024-07-17,PR0184,W09,C08,South,Economy,12,10,14,2024-07-31,28.12
O08334,2024-02-11,PR0081,W09,C04,South,Same Day,1,1,1,2024-02-12,33.29
O08335,2024-07-07,PR0213,W07,C04,East,Same Day,4,1,2,2024-07-09,28.36
O08336,2024-10-08,PR0241,W08,C04,West,Same Day,4,1,1,2024-10-09,23.04
O08337,2025-07-17,PR0028,W06,C06,Central,Standard,2,6,12,2025-07-29,14.92
O08338,2024-10-04,PR0172,W08,C02,West,standard,7,10,16,2024-10-20,30.29
O08339,2024-01-27,PR0041,W05,C05,West,Economy,13,10,8,2024-02-04,27.92
O08340,2024-05-11,PR0161,W03,C05,South,Same Day,3,1,1,2024-05-12,17.5
O08341,2024-03-08,PR0047,W10,C05,North,Economy,11,10,13,2024-03-21,20.38
O08342,2025-02-27,PR0125,W04,C06,East,Standard,12,6,4,2025-03-03,13.74
O08343,2025-09-14,PR0232,W10,C07,North,Economy,4,10,9,2025-09-23,13.57
O08344,2025-10-06,PR0263,W10,C02,North,Same Day,10,1,1,2025-10-07,43.84
O08345,2024-04-01,PR0202,W05,C06,West,Express,4,3,1,2024-04-02,8.27
O08346,2025-11-04,PR0205,W09,C01,South,Same Day,8,1,1,2025-11-05,43.2
O08347,2024-03-21,PR0254,W04,C02,East,Same Day,11,1,3,2024-03-24,25.52
O08348,2025-01-27,PR0165,W09,C08,South,Same Day,3,1,1,2025-01-28,18.92
O08349,2024-02-07,PR0028,W06,C05,Central,Standard,11,6,9,2024-02-16,37.01
O08350,2025-07-25,PR0041,W07,C07,East,Standard,12,6,6,2025-07-31,14.13
O08351,2024-12-18,PR0086,W04,C03,East,Standard,7,6,4,2024-12-22,44.73
O08352,2024-04-07,PR0246,W07,C08,East,Economy,5,10,5,2024-04-12,36.21
O08353,2024-09-23,PR0018,W07,C06,East,Economy,4,10,13,2024-10-06,21.28
O08354,2025-11-16,PR0194,W07,C04,East,Express,6,3,2,2025-11-18,16.31
O08355,2025-09-08,PR0065,W02,C04,North,Economy,8,10,5,2025-09-13,40.34
O08356,2024-02-18,PR0074,W08,C06,West,Economy,11,10,6,2024-02-24,28.26
O08357,2024-01-03,PR0040,W10,C05,North,Same Day,11,1,1,2024-01-04,33.37
O08358,2024-01-12,PR0238,W01,C02,Central,Express,1,3,2,2024-01-14,23.44
O08359,2024-01-13,PR0158,W07,C08,East,Same Day,8,1,1,2024-01-14,20.01
O08360,2024-11-15,PR0203,W02,C08,North,Same Day,14,1,1,2024-11-16,23.46
O08361,2024-01-19,PR0070,W09,C08,,Express,9,3,1,2024-01-20,28.57
O08362,2024-07-01,PR0205,W02,C02,North,Standard,7,6,6,2024-07-07,9.6
O08363,2025-11-28,PR0171,W03,C08,South,Economy,8,10,3,2025-12-01,35.58
O08364,2025-02-07,PR0068,W03,C08,South,standard,4,6,7,2025-02-14,20.38
O08365,2024-09-01,PR0201,W01,C05,Central,Same Day,2,1,1,2024-09-02,43.9
O08366,2025-07-11,PR0071,W01,C01,Central,Economy,14,10,7,2025-07-18,35.09
O08367,2025-12-01,PR0035,W07,C01,East,Standard,2,6,5,2025-12-06,19.61
O08368,2025-11-06,PR0017,W05,C08,West,Standard,9,6,2,2025-11-08,10.51
O08369,2024-06-04,PR0258,W08,C02,West,Same Day,10,1,1,2024-06-05,34.15
O08370,2024-06-10,PR0028,W06,C05,Central,Same Day,2,1,1,2024-06-11,3.23
O08371,2024-04-02,PR0150,W08,C03,West,Same Day,7,1,1,2024-04-03,32.74
O08372,2025-12-09,PR0163,W05,C03,West,Express,11,3,1,2025-12-10,30.93
O08373,2024-07-27,PR0199,W03,C02,South,Same Day,7,1,1,2024-07-28,23.39
O08374,2025-03-03,PR0002,W03,C02,South,Express,7,3,3,2025-03-06,14.69
O08375,2024-02-26,PR0006,W09,C03,South,Economy,4,10,7,2024-03-04,14.5
O08376,2024-11-03,PR0225,W07,C06,East,Standard,3,6,3,2024-11-06,23.07
O08377,2025-05-30,PR0022,W06,C08,Central,Standard,1,6,7,2025-06-06,8.63
O08378,2025-03-18,PR0118,W08,C06,West,Standard,3,6,6,2025-03-24,10.14
O08379,2025-06-01,PR0222,W01,C01,Central,Economy,11,10,9,2025-06-10,34.07
O08380,2024-02-13,PR0065,W01,C06,Central,Express,5,3,1,2024-02-14,35.11
O08381,2024-02-12,PR0114,W02,C03,North,Standard,6,6,7,2024-02-19,9.77
O08382,2025-07-07,PR0040,W07,C08,East,Express,8,3,1,2025-07-08,37.84
O08383,2024-03-21,PR0125,W10,C04,North,standard,14,3,3,2024-03-24,13.78
O08384,2025-11-28,PR0255,W03,C07,South,Economy,11,10,6,2025-12-04,29.06
O08385,2025-01-22,PR0129,W10,C06,North,Standard,14,6,8,2025-01-30,19.81
O08386,2024-12-09,PR0084,W01,C02,Central,Same Day,11,1,2,2024-12-11,29.1
O08387,2025-07-20,PR0017,W07,C03,East,Standard,12,6,9,2025-07-29,3.0
O08388,2024-12-17,PR0015,W03,C01,South,Economy,4,10,8,2024-12-25,28.52
O08389,2024-09-03,PR0074,W09,C06,South,Standard,11,6,5,2024-09-08,28.19
O08390,2024-04-24,PR0294,W01,C06,Central,Economy,13,10,10,2024-05-04,27.87
O08391,2024-02-03,PR0048,W04,C05,East,Economy,10,10,14,2024-02-17,38.39
O08392,2025-12-01,PR0284,W09,C03,South,Express,10,3,5,2025-12-06,29.78
O08393,2024-01-19,PR0083,W07,C04,East,Express,3,3,4,2024-01-23,27.24
O08394,2025-09-07,PR0033,W08,C03,West,Standard,14,6,8,2025-09-15,34.85
O08395,2025-05-02,PR0275,W08,C02,West,Same Day,14,1,3,2025-05-05,14.32
O08396,2025-01-07,PR0257,W04,C03,East,Same Day,3,1,2,2025-01-09,19.01
O08397,2025-05-06,PR0170,W02,C03,North,Express,12,3,2,2025-05-08,36.48
O08398,2025-10-17,PR0153,W09,C02,South,Standard,7,6,3,2025-10-20,22.75
O08399,2025-03-30,PR0210,W10,C07,North,Same Day,10,1,1,2025-03-31,32.98
O08400,2025-02-03,PR0067,W10,C07,North,Same Day,13,1,1,2025-02-04,28.84
O08401,2024-09-06,PR0158,W01,C01,Central,Same Day,8,1,1,2024-09-07,36.55
O08402,2025-03-07,PR0118,W05,C05,West,Economy,13,10,7,2025-03-14,36.44
O08403,2025-02-21,PR0088,W09,C06,South,Economy,3,10,11,2025-03-04,28.73
O08404,2024-07-03,PR0042,W09,C02,South,Same Day,9,1,1,2024-07-04,12.71
O08405,2025-12-20,PR0079,W06,C03,Central,Economy,3,10,6,2025-12-26,23.71
O08406,2024-01-03,PR0196,W07,C04,East,Express,8,3,6,2024-01-09,45.59
O08407,2024-01-14,PR0059,W09,C03,South,Economy,2,10,9,2024-01-23,26.82
O08408,2024-03-16,PR0054,W01,C04,Central,Same Day,14,1,1,2024-03-17,30.61
O08409,2024-01-17,PR0143,W03,C03,South,standard,3,1,1,2024-01-18,21.64
O08410,2025-05-12,PR0087,W06,C03,Central,Economy,1,10,12,2025-05-24,16.54
O08411,2024-01-07,PR0199,W03,C01,South,Economy,3,10,12,2024-01-19,21.28
O08412,2025-06-13,PR0087,W08,C03,West,Standard,8,6,7,2025-06-20,29.06
O08413,2024-12-04,PR0200,W10,C04,North,Economy,5,10,12,2024-12-16,25.46
O08414,2024-08-30,PR0065,W02,C01,North,Economy,10,10,12,2024-09-11,14.65
O08415,2025-02-09,PR0036,W09,C01,South,Economy,14,10,9,2025-02-18,28.38
O08416,2024-01-09,PR0074,W07,C07,East,Standard,10,6,4,2024-01-13,32.38
O08417,2024-05-12,PR0014,W01,C03,Central,Standard,14,6,5,2024-05-17,24.75
O08418,2025-10-24,PR0053,W08,C04,West,Same Day,3,1,1,2025-10-25,35.16
O08419,2024-01-09,PR0260,W06,C04,Central,Standard,5,6,7,2024-01-16,14.76
O08420,2024-01-12,PR0053,W09,C08,South,Standard,5,6,7,2024-01-19,23.83
O08421,2025-08-29,PR0071,W10,C02,North,Express,6,3,4,2025-09-02,35.08
O08422,2024-03-01,PR0175,W03,C06,South,Standard,3,6,3,2024-03-04,22.41
O08423,2024-05-26,PR0002,W07,C03,East,Express,6,3,5,2024-05-31,35.96
O08424,2024-01-24,PR0056,W06,C04,Central,Same Day,9,1,2,2024-01-26,47.34
O08425,2024-12-13,PR0121,W03,C07,South,Express,10,3,1,2024-12-14,21.9
O08426,2025-04-16,PR0095,W07,C04,East,Economy,9,10,8,2025-04-24,21.24
O08427,2025-12-13,PR0160,W06,C04,Central,Same Day,3,1,1,2025-12-14,36.65
O08428,2024-08-24,PR0010,W10,C07,North,Express,1,3,2,2024-08-26,15.57
O08429,2025-02-05,PR0062,W10,C06,North,Standard,6,6,5,2025-02-10,12.8
O08430,2025-09-30,PR0166,W06,C01,Central,Economy,6,10,4,2025-10-04,17.46
O08431,2024-02-14,PR0009,W09,C07,South,Economy,4,10,10,2024-02-24,28.15
O08432,2024-12-23,PR0127,W05,C04,West,Same Day,11,1,1,2024-12-24,38.65
O08433,2025-11-08,PR0180,W07,C02,East,Same Day,4,1,1,2025-11-09,3.0
O08434,2024-10-06,PR0156,W01,C07,Central,Express,6,3,3,2024-10-09,29.7
O08435,2024-02-14,PR0179,W04,C08,East,Same Day,3,1,1,2024-02-15,38.84
O08436,2025-07-24,PR0149,W06,C01,Central,Same Day,2,1,1,2025-07-25,33.85
O08437,2025-12-11,PR0118,W07,C05,East,Same Day,3,1,-2,2025-12-12,26.49
O08438,2024-08-18,PR0093,W06,C07,Central,Standard,14,6,3,2024-08-21,10.54
O08439,2024-05-07,PR0174,W06,C08,Central,Standard,6,6,4,2024-05-11,3.0
O08440,2025-10-07,PR0160,W06,C04,Central,Standard,8,6,5,2025-10-12,32.21
O08441,2025-07-15,PR0047,W06,C08,Central,Economy,2,10,14,2025-07-29,38.9
O08442,2024-12-22,PR0169,W07,C01,East,Express,1,3,5,2024-12-27,35.09
O08443,2024-10-17,PR0191,W04,C06,East,Same Day,5,1,1,2024-10-18,24.57
O08444,2025-02-11,PR0199,W05,C04,West,Express,11,3,3,2025-02-14,26.73
O08445,2024-06-20,PR0134,W01,C01,Central,Same Day,5,1,1,2024-06-21,14.24
O08446,2024-06-01,PR0297,W02,C02,North,Economy,14,10,11,2024-06-12,30.72
O08447,2025-09-23,PR0022,W08,C08,West,Standard,8,6,4,2025-09-27,3.0
O08448,2024-11-18,PR0026,W05,C04,West,Economy,6,10,12,2024-11-30,45.65
O08449,2024-01-13,PR0258,W03,C02,South,Economy,6,10,6,2024-01-19,16.49
O08450,2024-04-15,PR0197,W08,C03,West,Express,13,3,2,2024-04-17,25.41
O08451,2024-11-13,PR0274,W06,C01,Central,Economy,12,10,4,2024-11-17,25.62
O08452,2024-02-01,PR0028,W08,C03,West,Standard,6,6,5,2024-02-06,8.97
O08453,2024-10-30,PR0068,W05,C03,West,Express,1,3,2,2024-11-01,27.04
O08454,2025-03-07,PR0266,W08,C02,West,Standard,8,6,2,2025-03-09,22.62
O08455,2024-05-14,PR0175,W03,C01,South,Same Day,6,1,1,2024-05-15,33.88
O08456,2024-03-05,PR0178,W07,C06,East,Same Day,7,1,1,2024-03-06,41.76
O08457,2024-01-28,PR0095,W02,C03,North,Same Day,14,1,1,2024-01-29,28.02
O08458,2024-07-22,PR0128,W10,C03,North,Standard,13,6,6,2024-07-28,17.88
O08459,2025-03-27,PR0084,W03,C01,South,Standard,6,6,5,2025-04-01,11.11
O08460,2025-03-09,PR0088,W08,C01,West,Standard,1,6,4,2025-03-13,30.73
O08461,2024-11-19,PR0020,W08,C03,West,Standard,11,6,4,2024-11-23,31.94
O08462,2024-12-21,PR0143,W06,C01,Central,Economy,1,10,15,2025-01-05,27.74
O08463,2025-08-08,PR0080,W02,C06,North,Same Day,1,1,2,2025-08-10,24.66
O08464,2024-05-12,PR0235,W03,C05,South,standard,10,1,1,2024-05-13,29.78
O08465,2024-11-05,PR0192,W10,C01,North,Express,4,3,2,2024-11-07,24.95
O08466,2024-09-08,PR0039,W06,C04,Central,Same Day,14,1,1,2024-09-09,33.52
O08467,2024-11-10,PR0293,W08,C07,West,Same Day,14,1,1,2024-11-11,18.86
O08468,2024-02-27,PR0149,W05,C05,West,Same Day,10,1,1,2024-02-28,23.73
O08469,2025-01-09,PR0259,W03,C04,South,Standard,4,6,6,2025-01-15,32.83
O08470,2025-11-27,PR0040,W04,C08,East,Economy,10,10,8,2025-12-05,27.09
O08471,2025-08-20,PR0234,W02,C03,North,Same Day,8,1,1,2025-08-21,10.84
O08472,2025-04-16,PR0164,W02,C02,North,Standard,2,6,5,2025-04-21,8.69
O08473,2025-10-20,PR0110,W01,C01,Central,Economy,5,10,11,2025-10-31,48.27
O08474,2025-03-21,PR0141,W04,C05,East,Economy,13,10,11,2025-04-01,8.45
O08475,2025-08-17,PR0285,W03,C02,South,Economy,8,10,12,2025-08-29,24.33
O08476,2024-12-04,PR0052,W05,C07,West,Standard,2,6,9,2024-12-13,20.45
O08477,2025-07-21,PR0124,W09,C05,South,Express,8,3,4,2025-07-25,33.69
O08478,2024-11-26,PR0225,W01,C05,Central,Economy,3,10,10,2024-12-06,31.36
O08479,2024-09-27,PR0051,W01,C04,Central,Economy,10,10,6,2024-10-03,37.24
O08480,2025-02-09,PR0291,W06,C04,Central,Standard,7,6,5,2025-02-14,3.0
O08481,2025-01-18,PR0260,W08,C06,West,Standard,8,6,3,2025-01-21,3.0
O08482,2024-07-09,PR0263,W09,C05,South,Economy,2,10,8,2024-07-17,21.59
O08483,2025-04-30,PR0145,W10,C01,North,Same Day,12,1,1,2025-05-01,33.52
O08484,2024-09-07,PR0024,W02,C06,North,Standard,12,6,7,2024-09-14,20.34
O08485,2025-07-31,PR0011,W03,C03,South,Express,5,3,4,2025-08-04,49.13
O08486,2024-01-27,PR0257,W01,C03,Central,Same Day,6,1,1,2024-01-28,31.05
O08487,2025-03-18,PR0092,W05,C08,West,Express,14,3,3,2025-03-21,39.02
O08488,2024-08-10,PR0181,W03,C07,South,Express,1,3,2,2024-08-12,22.88
O08489,2025-12-07,PR0176,W01,C07,Central,Economy,6,10,12,2025-12-19,20.26
O08490,2024-08-05,PR0009,W09,C04,South,Express,9,3,1,2024-08-06,48.22
O08491,2025-08-02,PR0091,W05,C02,West,Same Day,5,1,1,2025-08-03,28.8
O08492,2024-09-22,PR0168,W02,C08,North,Express,4,3,2,2024-09-24,34.67
O08493,2025-07-28,PR0104,W09,C07,South,Same Day,10,1,1,2025-07-29,23.17
O08494,2024-09-02,PR0073,W03,C04,South,Economy,7,10,7,2024-09-09,38.94
O08495,2025-04-16,PR0040,W05,C05,West,Express,3,3,2,2025-04-18,31.71
O08496,2024-09-21,PR0150,W09,C04,South,Economy,7,10,9,2024-09-30,37.15
O08497,2025-04-29,PR0248,W09,C05,South,Express,6,3,1,2025-04-30,45.53
O08498,2024-08-17,PR0204,W01,C04,Central,Same Day,10,1,1,2024-08-18,35.96
O08499,2025-10-29,PR0294,W09,C03,South,Standard,14,6,7,2025-11-05,28.59
O08500,2024-05-19,PR0138,W09,C02,South,Express,11,3,6,2024-05-25,45.75
O08501,2024-01-23,PR0098,W06,C02,Central,Standard,13,6,5,2024-01-28,13.85
O08502,2024-09-14,PR0113,W10,C01,North,Standard,12,6,7,2024-09-21,11.29
O08503,2025-03-09,PR0240,W06,C08,Central,Express,6,3,4,2025-03-13,26.43
O08504,2024-08-21,PR0200,W09,C08,South,Same Day,8,1,1,2024-08-22,52.89
O08505,2024-10-27,PR0014,W09,C06,South,Express,5,3,3,2024-10-30,39.19
O08506,2024-10-31,PR0200,W08,C05,West,Standard,12,6,6,2024-11-06,18.96
O08507,2025-09-11,PR0213,W06,C03,Central,Express,3,3,5,2025-09-16,40.18
O08508,2025-09-14,PR0203,W10,C08,,Economy,3,10,13,2025-09-27,31.18
O08509,2024-12-05,PR0040,W07,C03,East,Standard,1,6,2,2024-12-07,10.55
O08510,2024-12-02,PR0073,W04,C05,East,Same Day,8,1,1,2024-12-03,34.04
O08511,2024-05-09,PR0094,W08,C03,West,Standard,5,6,5,2024-05-14,25.29
O08512,2025-03-29,PR0192,W04,C03,East,Economy,14,10,8,2025-04-06,36.39
O08513,2025-08-05,PR0207,W01,C06,Central,Standard,7,6,6,2025-08-11,3.0
O08514,2024-07-25,PR0130,W01,C07,Central,Express,2,3,2,2024-07-27,28.86
O08515,2024-05-07,PR0059,W02,C08,North,Standard,3,6,9,2024-05-16,28.85
O08516,2025-02-06,PR0009,W04,C08,East,Express,12,3,2,2025-02-08,20.65
O08517,2024-08-06,PR0216,W09,C07,South,Express,5,3,4,2024-08-10,45.73
O08518,2025-03-18,PR0246,W03,C03,South,Express,6,3,2,2025-03-20,22.98
O08519,2025-05-19,PR0106,W05,C02,West,Economy,4,10,15,2025-06-03,32.7
O08520,2025-04-23,PR0212,W09,C06,South,Express,9,3,2,2025-04-25,30.13
O08521,2024-03-18,PR0120,W08,C02,West,Standard,9,6,6,2024-03-24,29.76
O08522,2025-02-11,PR0125,W08,C03,West,Same Day,14,1,1,2025-02-12,26.0
O08523,2025-05-04,PR0178,W10,C03,North,Economy,10,10,9,2025-05-13,20.27
O08524,2024-01-04,PR0128,W09,C04,South,Same Day,11,1,1,2024-01-05,32.98
O08525,2024-02-23,PR0223,W03,C01,South,Economy,1,10,10,2024-03-04,13.66
O08526,2024-02-05,PR0228,W04,C03,East,Same Day,13,1,1,2024-02-06,31.15
O08527,2024-06-22,PR0159,W01,C06,Central,Same Day,7,1,1,2024-06-23,30.71
O08528,2024-05-18,PR0274,W04,C08,East,Standard,3,6,4,2024-05-22,25.28
O08529,2024-02-08,PR0125,W05,C05,West,Same Day,8,1,1,2024-02-09,35.3
O08530,2024-02-24,PR0076,W09,C08,,Economy,2,10,4,2024-02-28,33.64
O08531,2024-10-03,PR0115,W10,C08,North,Economy,12,10,13,2024-10-16,28.85
O08532,2025-04-29,PR0091,W04,C05,East,Express,13,3,2,2025-05-01,41.84
O08533,2025-03-14,PR0272,W08,C06,West,Economy,5,10,12,2025-03-26,41.01
O08534,2024-05-21,PR0260,W04,C07,East,Standard,1,6,6,2024-05-27,5.1
O08535,2025-03-16,PR0039,W03,C06,South,Standard,9,6,4,2025-03-20,20.24
O08536,2024-02-10,PR0231,W03,C03,South,Economy,3,10,11,2024-02-21,28.38
O08537,2024-07-14,PR0241,W06,C08,Central,Same Day,10,1,1,2024-07-15,30.61
O08538,2025-10-11,PR0057,W08,C03,West,Same Day,9,1,1,2025-10-12,26.29
O08539,2025-02-25,PR0015,W10,C02,North,Same Day,12,1,1,2025-02-26,34.62
O08540,2025-08-10,PR0292,W08,C03,West,Same Day,7,1,1,2025-08-11,26.33
O08541,2024-11-18,PR0177,W06,C06,Central,Economy,5,10,7,2024-11-25,35.23
O08542,2025-10-23,PR0260,W06,C03,Central,Express,3,3,5,2025-10-28,41.58
O08543,2024-04-16,PR0016,W01,C03,,Express,14,3,3,2024-04-19,13.52
O08544,2025-08-24,PR0003,W01,C04,Central,Economy,3,10,9,2025-09-02,30.76
O08545,2025-08-11,PR0229,W01,C01,Central,Same Day,8,1,1,2025-08-12,28.38
O08546,2025-09-04,PR0242,W10,C04,North,Same Day,8,1,1,2025-09-05,37.34
O08547,2025-09-05,PR0208,W06,C02,Central,Economy,14,10,7,2025-09-12,16.3
O08548,2024-02-05,PR0156,W01,C07,Central,Same Day,11,1,1,2024-02-06,16.72
O08549,2024-11-17,PR0066,W10,C03,North,Same Day,6,1,1,2024-11-18,28.82
O08550,2025-09-03,PR0238,W09,C01,South,Express,6,3,4,2025-09-07,35.75
O08551,2025-03-02,PR0290,W08,C07,West,Same Day,14,1,1,2025-03-03,24.5
O08552,2024-08-09,PR0064,W09,C07,South,Express,2,3,1,2024-08-10,25.68
O08553,2024-08-15,PR0005,W01,C02,Central,Same Day,2,1,1,2024-08-16,33.68
O08554,2025-01-25,PR0106,W10,C01,North,Express,3,3,3,2025-01-28,30.14
O08555,2024-04-13,PR0204,W09,C04,South,Standard,4,6,4,2024-04-17,49.46
O08556,2025-11-07,PR0051,W10,C06,North,Same Day,12,1,1,2025-11-08,9.17
O08557,2025-09-22,PR0183,W04,C05,East,Same Day,14,1,1,2025-09-23,30.01
O08558,2024-08-21,PR0041,W07,C02,East,Standard,4,6,6,2024-08-27,11.88
O08559,2024-01-05,PR0193,W02,C08,North,Express,5,3,3,2024-01-08,20.28
O08560,2025-12-02,PR0044,W05,C06,West,Economy,4,10,7,2025-12-09,10.96
O08561,2025-12-16,PR0116,W03,C01,South,Express,9,3,4,2025-12-20,29.89
O08562,2024-07-16,PR0147,W06,C04,Central,Same Day,9,1,1,2024-07-17,33.36
O08563,2025-05-24,PR0139,W04,C06,East,Express,11,3,1,2025-05-25,46.35
O08564,2025-10-14,PR0207,W09,C05,South,Same Day,9,1,1,2025-10-15,41.92
O08565,2025-02-11,PR0233,W05,C04,West,Economy,8,10,9,2025-02-20,34.91
O08566,2024-03-06,PR0063,W01,C04,Central,Express,3,3,6,2024-03-12,23.14
O08567,2024-05-11,PR0119,W03,C06,South,Economy,4,10,14,2024-05-25,33.52
O08568,2025-06-22,PR0287,W06,C07,Central,Economy,7,10,10,2025-07-02,33.46
O08569,2024-02-29,PR0146,W07,C07,East,Same Day,13,1,1,2024-03-01,33.18
O08570,2024-03-10,PR0168,W08,C08,West,Standard,5,6,9,2024-03-19,19.85
O08571,2025-01-28,PR0001,W02,C07,North,Express,11,3,1,2025-01-29,37.04
O08572,2025-12-15,PR0177,W07,C03,East,Same Day,14,1,1,2025-12-16,28.38
O08573,2025-02-14,PR0075,W04,C01,East,Economy,7,10,4,2025-02-18,29.97
O08574,2025-08-11,PR0231,W06,C01,Central,Same Day,5,1,1,2025-08-12,26.64
O08575,2025-02-04,PR0278,W10,C04,North,Same Day,3,1,1,2025-02-05,33.53
O08576,2025-06-11,PR0231,W08,C05,West,Economy,1,10,10,2025-06-21,24.18
O08577,2025-09-30,PR0299,W04,C01,East,Economy,5,10,8,2025-10-08,29.89
O08578,2024-07-16,PR0121,W01,C06,Central,Express,5,3,2,2024-07-18,30.44
O08579,2024-01-04,PR0178,W06,C08,Central,Economy,12,10,13,2024-01-17,23.72
O08580,2024-06-06,PR0189,W03,C07,South,Economy,13,10,6,2024-06-12,17.32
O08581,2024-05-02,PR0041,W02,C03,North,Standard,13,6,5,2024-05-07,24.48
O08582,2025-08-10,PR0296,W09,C02,South,Economy,8,10,9,2025-08-19,40.36
O08583,2024-03-26,PR0143,W08,C04,West,Economy,14,10,4,2024-03-30,22.73
O08584,2024-05-15,PR0030,W02,C05,North,Standard,8,6,4,2024-05-19,17.53
O08585,2025-03-04,PR0225,W07,C04,East,Same Day,8,1,1,2025-03-05,16.54
O08586,2024-11-22,PR0165,W08,C07,West,Economy,12,10,9,2024-12-01,14.38
O08587,2024-10-11,PR0290,W04,C01,East,Economy,3,10,4,2024-10-15,15.62
O08588,2025-11-12,PR0188,W01,C07,Central,Economy,14,10,6,2025-11-18,41.95
O08589,2024-11-26,PR0052,W07,C03,East,Same Day,8,1,1,2024-11-27,34.3
O08590,2025-05-20,PR0213,W04,C05,East,Standard,12,6,5,2025-05-25,30.36
O08591,2024-06-25,PR0042,W07,C04,East,Economy,3,10,10,2024-07-05,26.06
O08592,2025-03-17,PR0106,W04,C03,East,Standard,9,6,4,2025-03-21,18.7
O08593,2024-01-08,PR0232,W10,C06,North,Economy,1,10,7,2024-01-15,32.8
O08594,2025-06-20,PR0252,W05,C01,West,Same Day,4,1,1,2025-06-21,36.9
O08595,2025-06-17,PR0040,W05,C04,West,Express,3,3,4,2025-06-21,33.11
O08596,2024-10-25,PR0208,W10,C07,North,Same Day,4,1,1,2024-10-26,40.65
O08597,2024-03-14,PR0218,W05,C02,West,Economy,10,10,15,2024-03-29,22.88
O08598,2024-12-27,PR0068,W07,C02,East,Same Day,5,1,1,2024-12-28,43.68
O08599,2024-04-19,PR0206,W09,C03,South,Express,12,3,2,2024-04-21,20.06
O08600,2024-09-19,PR0008,W07,C02,East,Same Day,11,1,1,2024-09-20,21.84
O08601,2024-03-11,PR0239,W01,C08,Central,Economy,3,10,9,2024-03-20,23.81
O08602,2024-10-30,PR0044,W10,C04,North,Express,13,3,1,2024-10-31,31.07
O08603,2024-07-25,PR0128,W09,C07,South,Economy,4,10,12,2024-08-06,42.04
O08604,2025-07-01,PR0094,W08,C02,West,Standard,2,6,6,2025-07-07,16.42
O08605,2025-06-08,PR0272,W03,C02,South,Same Day,5,1,1,2025-06-09,30.26
O08606,2025-04-26,PR0036,W10,C04,North,Standard,10,6,5,2025-05-01,18.47
O08607,2025-04-08,PR0055,W02,C03,North,Express,8,3,3,2025-04-11,32.6
O08608,2025-02-22,PR0095,W09,C07,South,Standard,8,6,8,2025-03-02,24.95
O08609,2025-09-29,PR0231,W07,C03,East,Same Day,11,1,1,2025-09-30,25.46
O08610,2024-06-06,PR0122,W09,C01,South,Economy,6,10,9,2024-06-15,30.42
O08611,2024-03-03,PR0046,W03,C06,South,Standard,2,6,6,2024-03-09,16.58
O08612,2025-12-11,PR0160,W04,C05,East,Standard,11,6,4,2025-12-15,23.76
O08613,2025-07-07,PR0005,W01,C04,Central,Express,1,3,1,2025-07-08,
O08614,2024-02-01,PR0171,W06,C03,Central,Same Day,10,1,1,2024-02-02,48.41
O08615,2024-03-11,PR0165,W09,C02,South,Same Day,10,1,1,2024-03-12,44.26
O08616,2025-11-15,PR0036,W01,C06,Central,Standard,11,6,2,2025-11-17,30.43
O08617,2025-08-20,PR0258,W05,C08,West,Standard,10,6,7,2025-08-27,23.3
O08618,2025-09-13,PR0205,W05,C02,West,Economy,3,10,7,2025-09-20,31.17
O08619,2025-08-12,PR0165,W08,C03,West,Express,8,3,2,2025-08-14,42.41
O08620,2024-10-06,PR0007,W07,C05,East,Express,6,3,1,2024-10-07,27.17
O08621,2025-07-22,PR0010,W04,C06,East,Standard,12,6,9,2025-07-31,3.06
O08622,2024-08-02,PR0155,W04,C05,East,Economy,5,10,10,2024-08-12,38.68
O08623,2025-09-16,PR0130,W07,C04,East,Standard,13,6,6,2025-09-22,10.03
O08624,2024-11-01,PR0273,W07,C04,East,Standard,3,6,7,2024-11-08,21.28
O08625,2025-04-20,PR0061,W03,C06,South,Same Day,8,1,1,2025-04-21,48.14
O08626,2025-01-21,PR0042,W05,C02,West,Same Day,1,1,2,2025-01-23,34.3
O08627,2025-06-05,PR0249,W10,C01,North,Same Day,8,1,1,2025-06-06,35.35
O08628,2025-05-25,PR0123,W09,C05,South,Same Day,10,1,1,2025-05-26,32.32
O08629,2025-11-24,PR0082,W10,C05,North,Same Day,8,1,1,2025-11-25,29.11
O08630,2025-08-21,PR0072,W01,C08,Central,Standard,8,6,6,2025-08-27,19.31
O08631,2024-05-23,PR0003,W05,C01,West,Standard,11,6,3,2024-05-26,24.26
O08632,2024-06-21,PR0240,W06,C03,,Same Day,8,1,1,2024-06-22,40.25
O08633,2024-10-03,PR0087,W09,C02,South,Standard,10,6,4,2024-10-07,3.0
O08634,2024-08-26,PR0203,W02,C05,North,Same Day,2,1,1,2024-08-27,39.57
O08635,2025-06-27,PR0111,W01,C08,Central,Express,5,3,3,2025-06-30,31.83
O08636,2024-12-06,PR0179,W01,C01,Central,Same Day,5,1,1,2024-12-07,25.53
O08637,2025-09-17,PR0267,W10,C01,North,Economy,4,10,13,2025-09-30,41.97
O08638,2024-07-14,PR0183,W04,C01,East,Express,13,3,4,2024-07-18,23.35
O08639,2024-02-11,PR0053,W09,C06,South,Standard,3,6,3,2024-02-14,17.64
O08640,2025-07-31,PR0053,W05,C01,West,Economy,13,10,12,2025-08-12,36.69
O08641,2025-04-27,PR0101,W07,C03,East,Economy,3,10,11,2025-05-08,35.67
O08642,2025-04-16,PR0078,W07,C07,East,Same Day,1,1,1,2025-04-17,40.88
O08643,2024-04-26,PR0205,W04,C03,East,Standard,14,6,4,2024-04-30,16.42
O08644,2025-06-09,PR0064,W05,C07,West,Same Day,6,1,2,2025-06-11,40.85
O08645,2025-12-04,PR0090,W01,C04,Central,Express,11,3,2,2025-12-06,22.02
O08646,2024-07-25,PR0087,W02,C03,North,Express,2,3,2,2024-07-27,36.09
O08647,2025-09-12,PR0148,W04,C01,East,Economy,8,10,10,2025-09-22,11.14
O08648,2025-12-14,PR0121,W01,C01,Central,Same Day,14,1,1,2025-12-15,28.68
O08649,2024-04-18,PR0151,W01,C04,Central,Economy,6,10,6,2024-04-24,12.82
O08650,2024-06-11,PR0063,W09,C05,South,Express,1,3,5,2024-06-16,26.88
O08651,2024-06-21,PR0248,W08,C04,West,Standard,14,6,7,2024-06-28,23.62
O08652,2025-10-20,PR0297,W04,C05,East,Economy,1,10,7,2025-10-27,23.85
O08653,2025-09-29,PR0288,W04,C03,East,Express,4,3,3,2025-10-02,42.63
O08654,2025-04-15,PR0014,W08,C07,West,Economy,10,10,7,2025-04-22,25.66
O08655,2024-10-26,PR0152,W01,C07,Central,Express,2,3,4,2024-10-30,23.06
O08656,2024-04-11,PR0276,W05,C04,West,Express,1,3,4,2024-04-15,19.59
O08657,2025-12-17,PR0033,W10,C08,North,Economy,5,10,7,2025-12-24,33.1
O08658,2025-02-16,PR0161,W03,C08,South,Express,12,3,1,2025-02-17,41.42
O08659,2025-11-03,PR0291,W10,C01,North,Same Day,7,1,2,2025-11-05,5.94
O08660,2024-04-04,PR0054,W01,C01,Central,Standard,1,6,6,2024-04-10,25.04
O08661,2025-04-24,PR0180,W06,C08,Central,Express,7,3,2,2025-04-26,32.74
O08662,2024-10-28,PR0150,W09,C02,South,Economy,12,10,3,2024-10-31,31.63
O08663,2025-01-05,PR0119,W07,C01,East,Same Day,11,1,1,2025-01-06,26.19
O08664,2025-02-28,PR0003,W06,C03,Central,Standard,7,6,4,2025-03-04,15.32
O08665,2025-03-06,PR0057,W09,C06,South,Express,14,3,1,2025-03-07,37.77
O08666,2024-05-16,PR0091,W08,C03,West,Express,6,3,4,2024-05-20,31.97
O08667,2024-08-13,PR0187,W08,C01,West,Standard,6,6,7,2024-08-20,33.36
O08668,2025-04-06,PR0168,W01,C03,Central,Standard,9,6,6,2025-04-12,12.13
O08669,2024-06-04,PR0186,W03,C06,South,Express,12,3,4,2024-06-08,14.0
O08670,2025-04-27,PR0035,W01,C02,Central,Standard,3,6,10,2025-05-07,32.99
O08671,2024-02-06,PR0031,W08,C01,West,Same Day,3,1,1,2024-02-07,25.16
O08672,2024-10-06,PR0053,W06,C06,Central,Economy,3,10,9,2024-10-15,22.68
O08673,2024-02-26,PR0209,W06,C08,Central,Same Day,4,1,1,2024-02-27,31.84
O08674,2025-04-22,PR0122,W08,C01,West,Same Day,7,1,1,2025-04-23,39.8
O08675,2025-12-21,PR0052,W04,C03,East,Standard,6,6,2,2025-12-23,11.92
O08676,2025-10-04,PR0122,W05,C07,West,Economy,3,10,8,2025-10-12,38.06
O08677,2025-05-23,PR0100,W04,C04,East,Same Day,7,1,1,2025-05-24,40.55
O08678,2024-07-26,PR0196,W06,C05,Central,Standard,10,6,5,2024-07-31,17.22
O08679,2025-07-11,PR0273,W06,C07,Central,Standard,7,6,7,2025-07-18,18.38
O08680,2025-04-08,PR0118,W09,C08,South,Economy,2,10,11,2025-04-19,3.7
O08681,2025-06-10,PR0118,W02,C08,North,Same Day,3,1,1,2025-06-11,18.03
O08682,2025-08-20,PR0074,W10,C02,North,Same Day,3,1,1,2025-08-21,38.02
O08683,2025-05-20,PR0009,W01,C04,Central,Standard,14,6,4,2025-05-24,19.01
O08684,2025-07-25,PR0133,W01,C07,Central,Same Day,9,1,1,2025-07-26,20.26
O08685,2025-01-13,PR0025,W01,C03,Central,Economy,7,10,5,2025-01-18,37.25
O08686,2024-06-20,PR0103,W05,C03,West,Express,14,3,1,2024-06-21,17.71
O08687,2025-06-01,PR0096,W04,C05,East,Economy,12,10,8,2025-06-09,31.79
O08688,2025-02-24,PR0008,W03,C02,South,Standard,10,6,4,2025-02-28,16.78
O08689,2024-06-08,PR0073,W02,C06,North,Economy,5,10,13,2024-06-21,28.4
O08690,2025-02-12,PR0065,W02,C04,North,Express,13,3,4,2025-02-16,14.61
O08691,2024-08-31,PR0287,W01,C07,Central,Economy,6,10,11,2024-09-11,41.3
O08692,2025-11-28,PR0078,W02,C08,North,Express,2,3,1,2025-11-29,17.39
O08693,2024-04-27,PR0066,W06,C03,Central,Standard,13,6,4,2024-05-01,17.11
O08694,2025-10-09,PR0094,W04,C04,East,Standard,5,6,10,2025-10-19,3.05
O08695,2025-07-14,PR0248,W06,C03,Central,Standard,11,6,4,2025-07-18,24.99
O08696,2024-06-07,PR0241,W06,C03,Central,Economy,14,10,7,2024-06-14,28.56
O08697,2025-11-02,PR0032,W10,C05,North,Express,12,3,4,2025-11-06,26.43
O08698,2024-01-28,PR0177,W05,C04,West,Standard,1,6,5,2024-02-02,15.8
O08699,2025-02-15,PR0072,W08,C04,West,Standard,4,6,5,2025-02-20,19.89
O08700,2024-05-01,PR0249,W10,C03,North,Economy,11,10,9,2024-05-10,28.22
O08701,2025-08-23,PR0129,W03,C07,South,Express,5,3,1,2025-08-24,24.93
O08702,2025-05-07,PR0153,W09,C06,South,Express,13,3,3,2025-05-10,22.77
O08703,2025-01-31,PR0017,W06,C05,Central,Express,7,3,2,2025-02-02,43.25
O08704,2024-08-17,PR0294,W04,C08,East,Economy,10,10,4,2024-08-21,24.25
O08705,2025-11-08,PR0056,W07,C02,East,Economy,3,10,7,2025-11-15,41.51
O08706,2024-02-17,PR0299,W09,C06,South,Same Day,1,1,3,2024-02-20,39.62
O08707,2024-02-15,PR0136,W08,C03,West,Economy,12,10,4,2024-02-19,30.28
O08708,2024-12-01,PR0121,W08,C04,West,Economy,7,10,3,2024-12-04,31.19
O08709,2025-06-15,PR0173,W09,C07,South,Express,11,3,4,2025-06-19,15.86
O08710,2024-12-12,PR0066,W04,C08,East,Economy,1,10,10,2024-12-22,32.46
O08711,2024-01-14,PR0244,W05,C08,West,Economy,3,10,12,2024-01-26,18.68
O08712,2024-08-29,PR0045,W02,C05,North,Express,4,3,1,2024-08-30,41.69
O08713,2025-11-04,PR0181,W03,C01,South,Standard,6,6,7,2025-11-11,5.5
O08714,2024-11-26,PR0063,W07,C01,East,Same Day,13,1,1,2024-11-27,24.4
O08715,2025-10-09,PR0188,W10,C02,North,Same Day,10,1,1,2025-10-10,29.52
O08716,2025-03-26,PR0282,W10,C02,North,Same Day,9,1,1,2025-03-27,41.67
O08717,2024-05-10,PR0144,W10,C06,North,Economy,8,10,10,2024-05-20,23.66
O08718,2025-09-24,PR0151,W06,C02,Central,Express,3,3,1,2025-09-25,30.17
O08719,2025-06-12,PR0130,W07,C05,East,Same Day,10,1,1,2025-06-13,30.25
O08720,2024-09-26,PR0275,W02,C07,North,Same Day,13,1,1,2024-09-27,35.53
O08721,2025-01-11,PR0195,W01,C03,Central,Express,1,3,7,2025-01-18,39.25
O08722,2024-04-17,PR0164,W02,C05,North,Same Day,14,1,1,2024-04-18,24.22
O08723,2024-03-06,PR0111,W07,C06,East,Economy,7,10,11,2024-03-17,15.83
O08724,2024-02-22,PR0235,W02,C07,North,Express,10,3,2,2024-02-24,19.48
O08725,2024-08-20,PR0225,W04,C03,East,Standard,12,6,6,2024-08-26,12.22
O08726,2024-07-22,PR0129,W08,C03,West,Economy,2,10,10,2024-08-01,31.3
O08727,2024-04-26,PR0291,W07,C04,East,Economy,7,10,9,2024-05-05,31.14
O08728,2025-06-30,PR0281,W06,C07,Central,Standard,11,6,5,2025-07-05,24.66
O08729,2024-02-08,PR0202,W06,C03,Central,Economy,2,10,10,2024-02-18,30.74
O08730,2025-04-06,PR0143,W01,C03,Central,Economy,13,10,9,2025-04-15,37.79
O08731,2025-07-04,PR0230,W02,C04,North,Express,2,3,1,2025-07-05,36.56
O08732,2024-08-25,PR0080,W07,C08,East,Same Day,13,1,1,2024-08-26,39.89
O08733,2024-12-31,PR0026,W05,C05,West,Same Day,6,1,1,2025-01-01,36.26
O08734,2024-09-26,PR0055,W08,C05,West,Economy,9,10,6,2024-10-02,35.48
O08735,2025-08-11,PR0201,W04,C05,East,Standard,8,6,6,2025-08-17,19.51
O08736,2024-08-25,PR0260,W05,C06,West,Economy,1,10,9,2024-09-03,26.61
O08737,2024-11-01,PR0205,W02,C01,North,Standard,2,6,5,2024-11-06,32.38
O08738,2025-03-18,PR0148,W09,C07,South,Express,5,3,2,2025-03-20,29.77
O08739,2025-09-19,PR0040,W07,C03,East,Economy,9,10,9,2025-09-28,32.1
O08740,2024-08-11,PR0159,W05,C04,West,Express,12,3,1,2024-08-12,16.06
O08741,2024-05-01,PR0065,W04,C04,East,Economy,10,10,7,2024-05-08,30.4
O08742,2025-01-09,PR0054,W08,C05,West,Express,12,3,4,2025-01-13,41.95
O08743,2025-09-07,PR0098,W09,C05,South,Economy,9,10,8,2025-09-15,24.38
O08744,2024-08-27,PR0080,W02,C02,North,Economy,1,10,8,2024-09-04,28.67
O08745,2025-07-26,PR0280,W03,C05,South,Standard,4,6,7,2025-08-02,8.82
O08746,2024-05-19,PR0077,W06,C07,Central,Standard,8,6,12,2024-05-31,4.85
O08747,2024-12-05,PR0131,W06,C03,Central,Same Day,9,1,1,2024-12-06,31.76
O08748,2025-12-23,PR0121,W04,C03,East,Express,9,3,1,2025-12-24,45.44
O08749,2024-08-20,PR0224,W09,C02,South,Express,2,3,4,2024-08-24,27.02
O08750,2024-11-03,PR0073,W10,C08,North,Economy,10,10,6,2024-11-09,18.82
O08751,2025-01-16,PR0101,W10,C02,North,Same Day,9,1,1,2025-01-17,33.07
O08752,2025-10-03,PR0022,W07,C01,East,Express,5,3,5,2025-10-08,27.05
O08753,2025-08-20,PR0192,W08,C02,West,Economy,9,10,12,2025-09-01,46.61
O08754,2024-01-25,PR0100,W05,C01,West,Express,7,3,4,2024-01-29,17.14
O08755,2024-11-03,PR0300,W04,C04,East,Economy,12,10,8,2024-11-11,22.99
O08756,2025-04-27,PR0087,W07,C08,East,Economy,2,10,7,2025-05-04,47.44
O08757,2024-06-29,PR0058,W10,C05,North,Same Day,1,1,1,2024-06-30,26.53
O08758,2025-10-09,PR0271,W06,C03,Central,Same Day,8,1,1,2025-10-10,20.1
O08759,2025-07-11,PR0167,W07,C06,East,Standard,7,6,2,2025-07-13,6.94
O08760,2025-10-04,PR0063,W08,C04,West,Same Day,8,1,1,2025-10-05,25.33
O08761,2025-09-16,PR0075,W10,C03,North,Economy,3,10,10,2025-09-26,32.32
O08762,2024-03-06,PR0239,W05,C08,West,Standard,11,6,5,2024-03-11,19.35
O08763,2024-12-10,PR0240,W10,C03,North,Express,2,3,4,2024-12-14,38.59
O08764,2024-06-18,PR0294,W02,C06,North,Standard,13,6,5,2024-06-23,29.26
O08765,2025-02-18,PR0129,W06,C08,Central,Standard,4,6,6,2025-02-24,17.14
O08766,2025-10-23,PR0158,W07,C04,East,Standard,4,6,8,2025-10-31,21.63
O08767,2024-08-21,PR0276,W04,C02,East,Same Day,12,1,1,2024-08-22,40.55
O08768,2025-11-14,PR0073,W08,C02,West,Economy,12,10,14,2025-11-28,33.89
O08769,2025-12-16,PR0252,W10,C03,North,Same Day,12,1,1,2025-12-17,22.26
O08770,2025-07-29,PR0176,W09,C03,South,Economy,11,10,10,2025-08-08,45.16
O08771,2025-04-05,PR0255,W04,C05,East,Standard,13,6,5,2025-04-10,27.49
O08772,2024-05-11,PR0020,W06,C07,Central,Express,6,3,3,2024-05-14,27.29
O08773,2025-07-02,PR0140,W05,C03,West,Same Day,8,1,1,2025-07-03,26.18
O08774,2025-11-11,PR0013,W03,C06,South,Express,10,3,1,2025-11-12,38.76
O08775,2024-01-30,PR0153,W03,C05,South,Economy,3,10,12,2024-02-11,31.19
O08776,2025-10-11,PR0158,W04,C06,East,Standard,7,6,5,2025-10-16,21.53
O08777,2025-08-11,PR0098,W06,C01,Central,Economy,3,10,13,2025-08-24,21.52
O08778,2025-12-25,PR0089,W09,C04,South,Standard,4,6,7,2026-01-01,34.16
O08779,2025-07-25,PR0008,W09,C04,South,Economy,3,10,9,2025-08-03,37.19
O08780,2025-01-21,PR0268,W05,C04,West,Economy,7,10,12,2025-02-02,30.27
O08781,2024-05-06,PR0159,W01,C02,Central,Economy,12,10,10,2024-05-16,20.13
O08782,2025-03-01,PR0039,W08,C03,West,Economy,14,10,8,2025-03-09,45.81
O08783,2024-03-20,PR0211,W10,C08,North,Express,2,3,2,2024-03-22,38.27
O08784,2024-11-16,PR0057,W05,C07,West,Express,5,3,4,2024-11-20,28.78
O08785,2024-10-11,PR0271,W09,C06,South,Standard,9,6,2,2024-10-13,20.18
O08786,2024-05-17,PR0258,W03,C01,South,Express,7,3,2,2024-05-19,41.38
O08787,2025-11-27,PR0046,W09,C04,South,Same Day,12,1,1,2025-11-28,24.97
O08788,2025-09-20,PR0105,W01,C02,Central,Standard,8,6,7,2025-09-27,11.73
O08789,2024-03-15,PR0277,W03,C08,South,Economy,7,10,8,2024-03-23,31.81
O08790,2025-03-09,PR0068,W06,C06,Central,Express,12,3,1,2025-03-10,20.62
O08791,2025-03-07,PR0011,W05,C03,West,Same Day,14,1,1,2025-03-08,38.53
O08792,2025-09-24,PR0174,W02,C02,North,Standard,2,6,5,2025-09-29,9.17
O08793,2025-04-30,PR0136,W05,C08,West,Standard,8,6,5,2025-05-05,18.16
O08794,2024-12-01,PR0185,W09,C05,South,Same Day,3,1,1,2024-12-02,31.34
O08795,2024-10-09,PR0219,W05,C05,West,Standard,11,6,7,2024-10-16,10.91
O08796,2024-10-07,PR0047,W04,C05,East,Standard,1,6,10,2024-10-17,23.88
O08797,2025-09-23,PR0227,W09,C07,South,Express,13,3,2,2025-09-25,21.56
O08798,2024-09-08,PR0090,W07,C01,East,Standard,2,6,8,2024-09-16,10.38
O08799,2025-04-13,PR0291,W07,C02,East,Economy,5,10,9,2025-04-22,14.66
O08800,2025-01-04,PR0149,W05,C08,West,Same Day,14,1,1,2025-01-05,24.11
O08801,2024-05-23,PR0067,W05,C07,West,Standard,5,6,9,2024-06-01,35.77
O08802,2024-04-22,PR0184,W01,C03,Central,Economy,8,10,8,2024-04-30,40.26
O08803,2024-09-09,PR0150,W05,C05,West,Express,9,3,1,2024-09-10,27.86
O08804,2025-01-23,PR0206,W09,C07,South,Standard,13,6,3,2025-01-26,15.7
O08805,2025-08-04,PR0156,W06,C02,Central,Same Day,5,1,2,2025-08-06,28.71
O08806,2025-10-20,PR0020,W05,C08,West,Same Day,5,1,1,2025-10-21,24.48
O08807,2024-12-30,PR0058,W01,C02,Central,Express,1,3,3,2025-01-02,33.78
O08808,2025-10-16,PR0279,W09,C03,South,Economy,14,10,8,2025-10-24,25.33
O08809,2025-12-02,PR0144,W08,C01,West,Economy,4,10,7,2025-12-09,30.81
O08810,2024-09-26,PR0050,W02,C06,North,Same Day,8,1,1,2024-09-27,33.98
O08811,2025-09-14,PR0088,W10,C08,North,Standard,8,6,7,2025-09-21,14.86
O08812,2024-08-09,PR0133,W06,C07,Central,Same Day,5,1,1,2024-08-10,28.88
O08813,2024-01-03,PR0034,W09,C05,South,Same Day,3,1,1,2024-01-04,30.3
O08814,2024-12-17,PR0165,W02,C03,North,Express,14,3,1,2024-12-18,31.13
O08815,2024-10-04,PR0090,W04,C08,East,Same Day,3,1,1,2024-10-05,37.64
O08816,2025-07-16,PR0001,W08,C01,West,Economy,3,10,15,2025-07-31,30.13
O08817,2024-05-24,PR0171,W09,C06,South,Express,4,3,1,2024-05-25,30.87
O08818,2025-08-09,PR0183,W10,C04,North,Same Day,8,1,1,2025-08-10,19.86
O08819,2025-04-25,PR0264,W09,C02,South,Express,3,3,1,2025-04-26,23.87
O08820,2024-03-08,PR0156,W04,C03,East,Same Day,8,1,1,2024-03-09,33.78
O08821,2024-10-09,PR0115,W05,C06,West,Standard,11,6,7,2024-10-16,16.78
O08822,2025-01-17,PR0208,W08,C03,West,Same Day,14,1,1,2025-01-18,39.68
O08823,2025-08-17,PR0281,W09,C06,South,Express,7,3,6,2025-08-23,39.81
O08824,2025-01-01,PR0235,W02,C04,North,Standard,12,6,5,2025-01-06,7.78
O08825,2024-09-23,PR0207,W06,C05,Central,Economy,13,10,11,2024-10-04,33.9
O08826,2025-06-22,PR0057,W01,C02,Central,Economy,9,10,12,2025-07-04,38.31
O08827,2025-08-26,PR0289,W04,C05,East,Express,7,3,3,2025-08-29,31.3
O08828,2024-03-06,PR0082,W09,C01,South,Standard,13,6,3,2024-03-09,21.77
O08829,2024-10-23,PR0290,W02,C06,North,Same Day,2,1,1,2024-10-24,42.42
O08830,2024-10-19,PR0210,W09,C02,South,Economy,8,10,12,2024-10-31,32.9
O08831,2025-05-22,PR0241,W08,C03,West,Economy,14,10,12,2025-06-03,41.11
O08832,2024-04-07,PR0099,W06,C01,Central,Express,9,3,1,2024-04-08,39.35
O08833,2024-02-23,PR0101,W06,C01,Central,Same Day,2,1,1,2024-02-24,14.89
O08834,2025-05-29,PR0178,W10,C06,North,Standard,10,6,2,2025-05-31,20.09
O08835,2024-04-12,PR0020,W06,C08,Central,Economy,8,10,13,2024-04-25,24.54
O08836,2024-09-06,PR0224,W02,C03,North,Same Day,13,1,1,2024-09-07,20.22
O08837,2024-07-30,PR0227,W01,C08,Central,Standard,12,6,5,2024-08-04,18.17
O08838,2024-11-28,PR0071,W10,C06,North,Standard,13,6,4,2024-12-02,14.8
O08839,2024-09-13,PR0299,W03,C02,South,Economy,3,10,14,2024-09-27,33.53
O08840,2025-05-07,PR0006,W06,C02,Central,Economy,11,10,8,2025-05-15,38.13
O08841,2024-06-23,PR0146,W02,C06,North,Standard,7,6,9,2024-07-02,11.51
O08842,2025-05-12,PR0159,W06,C04,Central,Standard,1,6,5,2025-05-17,
O08843,2025-07-15,PR0140,W08,C06,West,Standard,5,6,8,2025-07-23,30.27
O08844,2024-02-16,PR0118,W01,C06,Central,Economy,5,10,11,2024-02-27,31.18
O08845,2025-10-08,PR0215,W01,C04,Central,Same Day,6,1,1,2025-10-09,24.19
O08846,2025-03-09,PR0298,W07,C04,East,Express,12,3,3,2025-03-12,28.13
O08847,2024-12-04,PR0299,W05,C04,West,Standard,7,6,6,2024-12-10,4.49
O08848,2025-02-20,PR0226,W01,C02,Central,Standard,10,6,4,2025-02-24,22.64
O08849,2024-05-26,PR0143,W05,C06,West,Express,6,3,3,2024-05-29,16.86
O08850,2024-09-07,PR0134,W10,C04,North,Same Day,11,1,1,2024-09-08,13.54
O08851,2024-09-26,PR0091,W09,C06,South,Express,9,3,4,2024-09-30,12.31
O08852,2024-01-13,PR0244,W05,C04,West,Standard,2,6,5,2024-01-18,15.01
O08853,2024-02-24,PR0243,W09,C02,South,Express,5,3,2,2024-02-26,26.4
O08854,2024-02-25,PR0275,W03,C07,South,Economy,4,10,9,2024-03-05,35.13
O08855,2024-12-09,PR0146,W07,C04,East,Standard,1,6,10,2024-12-19,29.79
O08856,2025-11-22,PR0162,W04,C07,East,Express,9,3,1,2025-11-23,28.54
O08857,2024-06-21,PR0270,W04,C03,East,Standard,3,6,5,2024-06-26,13.0
O08858,2024-04-08,PR0036,W04,C02,East,Express,7,3,3,2024-04-11,16.12
O08859,2024-01-28,PR0201,W08,C05,West,Economy,2,10,3,2024-01-31,30.08
O08860,2025-05-06,PR0011,W02,C05,North,Standard,10,6,4,2025-05-10,6.9
O08861,2024-11-18,PR0196,W02,C04,,Same Day,10,1,1,2024-11-19,28.02
O08862,2024-11-23,PR0130,W06,C03,Central,Express,3,3,6,2024-11-29,47.58
O08863,2024-01-20,PR0231,W10,C07,North,Economy,7,10,7,2024-01-27,25.48
O08864,2025-03-10,PR0279,W03,C05,South,Express,14,3,2,2025-03-12,33.44
O08865,2025-06-15,PR0263,W03,C01,South,Express,6,3,5,2025-06-20,24.06
O08866,2024-05-18,PR0163,W03,C06,South,Same Day,8,1,2,2024-05-20,26.42
O08867,2024-02-08,PR0268,W02,C02,North,Same Day,12,1,1,2024-02-09,34.63
O08868,2024-08-25,PR0131,W01,C01,Central,Express,1,3,4,2024-08-29,11.23
O08869,2024-07-07,PR0138,W03,C06,South,Standard,7,6,11,2024-07-18,3.0
O08870,2025-01-16,PR0138,W05,C02,West,Express,14,3,4,2025-01-20,27.6
O08871,2025-11-01,PR0094,W10,C06,North,Standard,2,6,2,2025-11-03,22.21
O08872,2025-11-10,PR0114,W06,C05,Central,Standard,1,6,2,2025-11-12,28.33
O08873,2024-03-18,PR0259,W10,C01,North,Express,13,3,1,2024-03-19,23.38
O08874,2024-09-19,PR0079,W01,C06,Central,Same Day,5,1,2,2024-09-21,29.26
O08875,2024-08-02,PR0238,W09,C06,South,Standard,11,6,2,2024-08-04,19.09
O08876,2024-07-16,PR0165,W09,C01,South,Express,6,3,3,2024-07-19,32.99
O08877,2025-01-07,PR0118,W09,C03,South,Economy,10,10,9,2025-01-16,30.38
O08878,2024-04-29,PR0181,W09,C07,South,Express,11,3,4,2024-05-03,20.79
O08879,2024-09-06,PR0300,W06,C05,Central,Same Day,9,1,1,2024-09-07,39.22
O08880,2024-12-09,PR0054,W08,C05,West,Same Day,8,1,1,2024-12-10,38.08
O08881,2024-12-07,PR0218,W09,C01,South,Express,2,3,1,2024-12-08,37.49
O08882,2024-11-07,PR0259,W03,C08,South,Economy,2,10,8,2024-11-15,23.47
O08883,2024-11-01,PR0046,W04,C08,East,Economy,14,10,10,2024-11-11,15.93
O08884,2025-03-14,PR0008,W02,C03,North,Express,5,3,3,2025-03-17,36.79
O08885,2024-09-27,PR0051,W01,C06,Central,Economy,12,10,7,2024-10-04,27.56
O08886,2025-03-15,PR0291,W09,C05,South,Same Day,3,1,1,2025-03-16,33.96
O08887,2024-06-27,PR0232,W02,C02,North,Same Day,6,1,1,2024-06-28,39.81
O08888,2024-09-10,PR0255,W08,C07,,Economy,14,10,11,2024-09-21,29.33
O08889,2025-10-13,PR0115,W05,C01,West,Express,6,3,3,2025-10-16,26.65
O08890,2024-10-10,PR0022,W01,C05,Central,Same Day,11,1,1,2024-10-11,44.42
O08891,2024-06-30,PR0224,W01,C03,Central,Economy,3,10,10,2024-07-10,29.44
O08892,2024-08-25,PR0102,W07,C07,East,Economy,8,10,11,2024-09-05,40.11
O08893,2024-04-04,PR0217,W07,C02,East,Express,11,3,3,2024-04-07,37.54
O08894,2025-01-27,PR0078,W08,C03,West,Same Day,3,1,1,2025-01-28,23.96
O08895,2024-12-06,PR0096,W06,C03,Central,Standard,2,6,9,2024-12-15,3.0
O08896,2024-09-30,PR0121,W05,C04,West,Economy,7,10,11,2024-10-11,20.04
O08897,2024-06-10,PR0160,W07,C02,East,Express,6,3,2,2024-06-12,21.94
O08898,2025-10-16,PR0132,W06,C04,Central,Standard,2,6,4,2025-10-20,24.03
O08899,2025-09-26,PR0091,W05,C04,West,Economy,3,10,7,2025-10-03,39.76
O08900,2024-11-03,PR0003,W02,C05,North,Same Day,6,1,1,2024-11-04,39.1
O08901,2025-04-29,PR0093,W04,C03,East,Express,9,3,2,2025-05-01,33.64
O08902,2024-09-12,PR0015,W05,C05,West,Same Day,2,1,1,2024-09-13,39.18
O08903,2024-06-12,PR0264,W07,C01,East,Economy,14,10,5,2024-06-17,39.19
O08904,2024-10-04,PR0244,W08,C06,West,Economy,6,10,11,2024-10-15,37.79
O08905,2024-11-21,PR0296,W09,C06,South,Same Day,3,1,2,2024-11-23,30.44
O08906,2024-08-01,PR0140,W06,C06,Central,Economy,10,10,9,2024-08-10,37.04
O08907,2024-05-10,PR0124,W06,C08,Central,Same Day,10,1,1,2024-05-11,28.0
O08908,2024-09-12,PR0170,W09,C02,South,Same Day,4,1,1,2024-09-13,20.27
O08909,2024-07-26,PR0071,W05,C06,West,Economy,14,10,8,2024-08-03,39.87
O08910,2025-08-29,PR0253,W09,C06,South,Same Day,9,1,1,2025-08-30,39.4
O08911,2024-04-15,PR0003,W04,C05,East,Economy,10,10,14,2024-04-29,22.97
O08912,2024-03-24,PR0119,W03,C04,South,Economy,9,10,8,2024-04-01,30.44
O08913,2025-10-22,PR0009,W08,C05,West,Express,7,3,3,2025-10-25,41.42
O08914,2025-10-02,PR0237,W01,C01,Central,Express,5,3,6,2025-10-08,41.35
O08915,2024-11-27,PR0240,W04,C07,East,Express,7,3,3,2024-11-30,38.01
O08916,2025-11-06,PR0103,W07,C03,East,Economy,7,10,4,2025-11-10,26.33
O08917,2025-07-15,PR0145,W07,C06,East,Economy,4,10,7,2025-07-22,38.52
O08918,2024-09-09,PR0150,W06,C03,Central,Standard,1,6,4,2024-09-13,34.92
O08919,2025-02-26,PR0216,W10,C08,North,Economy,3,10,8,2025-03-06,29.42
O08920,2025-07-05,PR0187,W09,C04,South,Same Day,2,1,1,2025-07-06,37.66
O08921,2025-08-02,PR0063,W08,C03,West,Express,12,3,1,2025-08-03,28.47
O08922,2025-09-22,PR0167,W06,C01,Central,Standard,3,6,5,2025-09-27,14.35
O08923,2025-03-01,PR0143,W02,C02,North,Same Day,14,1,1,2025-03-02,30.39
O08924,2024-08-17,PR0166,W01,C05,Central,Standard,8,6,5,2024-08-22,3.0
O08925,2024-04-13,PR0102,W08,C03,West,Express,3,3,4,2024-04-17,19.62
O08926,2025-12-12,PR0099,W08,C02,West,Standard,14,6,2,2025-12-14,22.4
O08927,2024-01-30,PR0260,W09,C05,South,Standard,6,6,5,2024-02-04,5.14
O08928,2025-05-24,PR0283,W09,C07,South,Economy,3,10,7,2025-05-31,38.75
O08929,2024-05-13,PR0125,W05,C06,West,Standard,11,6,2,2024-05-15,24.61
O08930,2025-04-27,PR0191,W09,C08,South,Standard,13,6,10,2025-05-07,33.62
O08931,2024-04-07,PR0229,W04,C04,East,Economy,4,10,7,2024-04-14,27.47
O08932,2025-05-08,PR0092,W06,C07,Central,Standard,5,6,2,2025-05-10,7.99
O08933,2025-07-23,PR0273,W03,C05,South,Economy,6,10,9,2025-08-01,31.31
O08934,2024-10-08,PR0008,W01,C06,Central,Express,11,3,2,2024-10-10,42.46
O08935,2024-04-30,PR0184,W03,C07,South,Standard,6,6,6,2024-05-06,24.71
O08936,2024-10-19,PR0123,W08,C01,West,Express,3,3,2,2024-10-21,50.38
O08937,2025-08-29,PR0284,W04,C06,East,Economy,2,10,9,2025-09-07,24.94
O08938,2025-02-10,PR0242,W03,C08,South,Same Day,2,1,1,2025-02-11,19.09
O08939,2025-10-19,PR0052,W07,C03,East,Express,12,3,4,2025-10-23,13.96
O08940,2025-08-15,PR0255,W09,C01,South,Economy,7,10,4,2025-08-19,21.83
O08941,2025-12-20,PR0191,W07,C08,East,Same Day,9,1,2,2025-12-22,32.1
O08942,2025-02-19,PR0022,W09,C07,South,Express,2,3,4,2025-02-23,7.43
O08943,2025-09-04,PR0026,W10,C07,North,Economy,4,10,11,2025-09-15,37.9
O08944,2024-05-22,PR0181,W01,C07,Central,Same Day,5,1,1,2024-05-23,36.31
O08945,2024-01-12,PR0011,W03,C01,South,Economy,10,10,7,2024-01-19,41.05
O08946,2025-08-09,PR0007,W07,C05,East,Standard,10,6,2,2025-08-11,3.0
O08947,2025-11-14,PR0138,W10,C08,North,Express,3,3,3,2025-11-17,41.74
O08948,2025-10-19,PR0253,W08,C08,West,Economy,6,10,8,2025-10-27,49.69
O08949,2024-10-26,PR0199,W06,C05,Central,Economy,12,10,9,2024-11-04,21.99
O08950,2024-03-31,PR0164,W06,C05,Central,Economy,14,10,9,2024-04-09,36.1
O08951,2025-04-07,PR0178,W10,C05,North,Economy,14,10,9,2025-04-16,49.33
O08952,2025-11-29,PR0040,W06,C03,Central,Express,6,3,3,2025-12-02,31.26
O08953,2024-08-11,PR0123,W04,C03,East,Express,3,3,1,2024-08-12,38.76
O08954,2025-09-06,PR0253,W02,C01,North,Standard,13,6,6,2025-09-12,25.63
O08955,2024-04-17,PR0296,W05,C06,West,Standard,7,6,7,2024-04-24,18.19
O08956,2024-06-22,PR0146,W07,C01,East,Standard,6,6,2,2024-06-24,26.92
O08957,2024-04-26,PR0059,W05,C05,West,standard,8,3,4,2024-04-30,18.02
O08958,2025-08-04,PR0092,W01,C04,Central,Same Day,3,1,1,2025-08-05,39.82
O08959,2025-08-22,PR0203,W02,C01,North,Standard,5,6,7,2025-08-29,12.62
O08960,2024-07-18,PR0064,W03,C07,South,Express,5,3,3,2024-07-21,22.0
O08961,2024-10-05,PR0209,W07,C08,East,Express,10,3,2,2024-10-07,30.14
O08962,2025-05-02,PR0113,W08,C02,West,Economy,1,10,5,2025-05-07,32.6
O08963,2025-11-03,PR0151,W03,C08,South,Same Day,12,1,1,2025-11-04,20.72
O08964,2025-06-30,PR0239,W10,C01,North,Same Day,4,1,1,2025-07-01,28.93
O08965,2024-02-16,PR0214,W06,C07,Central,Same Day,11,1,1,2024-02-17,23.05
O08966,2024-03-31,PR0001,W10,C05,North,Standard,12,6,8,2024-04-08,12.4
O08967,2025-03-20,PR0291,W05,C01,West,Express,12,3,4,2025-03-24,23.38
O08968,2024-02-08,PR0278,W10,C01,North,Same Day,4,1,1,2024-02-09,17.78
O08969,2025-07-11,PR0285,W10,C06,North,Standard,3,6,8,2025-07-19,16.6
O08970,2025-02-14,PR0018,W02,C03,North,Same Day,12,1,2,2025-02-16,41.98
O08971,2025-08-15,PR0215,W01,C06,Central,Standard,10,6,4,2025-08-19,10.86
O08972,2024-01-26,PR0040,W10,C07,North,Same Day,7,1,1,2024-01-27,28.44
O08973,2025-11-02,PR0292,W09,C07,South,Standard,11,6,8,2025-11-10,14.72
O08974,2024-06-03,PR0225,W06,C03,Central,Economy,13,10,7,2024-06-10,17.85
O08975,2025-03-03,PR0085,W02,C01,North,Economy,1,10,5,2025-03-08,43.85
O08976,2025-07-11,PR0260,W10,C01,North,Standard,6,6,6,2025-07-17,6.91
O08977,2025-09-27,PR0102,W01,C02,Central,Standard,13,6,12,2025-10-09,16.62
O08978,2024-09-09,PR0233,W07,C08,East,Express,10,3,3,2024-09-12,45.98
O08979,2024-05-04,PR0262,W03,C06,South,Same Day,4,1,1,2024-05-05,44.72
O08980,2025-05-28,PR0149,W07,C02,East,Same Day,3,1,1,2025-05-29,43.19
O08981,2025-07-20,PR0279,W07,C07,East,Express,8,3,3,2025-07-23,30.31
O08982,2024-03-02,PR0096,W09,C02,South,Same Day,14,1,1,2024-03-03,27.38
O08983,2024-07-21,PR0158,W02,C06,North,Economy,4,10,5,2024-07-26,40.18
O08984,2024-03-03,PR0189,W08,C04,West,Standard,1,6,6,2024-03-09,16.95
O08985,2025-05-12,PR0032,W06,C06,Central,Standard,7,6,12,2025-05-24,25.36
O08986,2024-07-29,PR0186,W01,C07,Central,Economy,1,10,8,2024-08-06,46.15
O08987,2024-03-01,PR0268,W02,C01,North,Same Day,13,1,1,2024-03-02,33.9
O08988,2025-05-07,PR0216,W10,C01,North,Standard,12,6,10,2025-05-17,15.88
O08989,2025-05-22,PR0104,W02,C02,North,Express,6,3,3,2025-05-25,28.07
O08990,2024-05-18,PR0154,W02,C04,North,Same Day,8,1,1,2024-05-19,31.15
O08991,2024-01-17,PR0148,W09,C05,South,Same Day,10,1,1,2024-01-18,13.43
O08992,2025-04-20,PR0148,W02,C05,North,Express,2,3,4,2025-04-24,23.58
O08993,2025-06-17,PR0185,W01,C03,Central,Standard,13,6,5,2025-06-22,18.54
O08994,2024-10-23,PR0239,W10,C05,North,Standard,11,6,8,2024-10-31,27.01
O08995,2024-05-15,PR0082,W06,C04,Central,Economy,10,10,4,2024-05-19,38.75
O08996,2025-10-09,PR0095,W07,C05,East,Same Day,1,1,1,2025-10-10,45.22
O08997,2024-05-19,PR0173,W08,C03,West,Standard,9,6,7,2024-05-26,17.95
O08998,2025-09-14,PR0055,W09,C05,South,Economy,3,10,15,2025-09-29,32.03
O08999,2025-05-02,PR0092,W06,C03,Central,Same Day,2,1,2,2025-05-04,25.87
O09000,2025-05-17,PR0271,W08,C08,West,Same Day,13,1,2,2025-05-19,32.95
O09001,2025-03-14,PR0249,W03,C04,South,Standard,13,6,7,2025-03-21,31.41
O09002,2024-09-01,PR0023,W06,C03,Central,Standard,2,6,5,2024-09-06,11.87
O09003,2024-02-08,PR0029,W08,C06,West,Same Day,10,1,1,2024-02-09,23.67
O09004,2025-09-21,PR0040,W02,C07,North,Economy,6,10,11,2025-10-02,35.05
O09005,2024-05-05,PR0291,W06,C04,Central,Same Day,14,1,1,2024-05-06,35.34
O09006,2024-06-22,PR0184,W09,C06,South,standard,4,3,1,2024-06-23,19.75
O09007,2024-05-01,PR0176,W04,C01,East,Same Day,12,1,1,2024-05-02,40.34
O09008,2024-02-19,PR0024,W10,C02,North,Express,7,3,5,2024-02-24,26.74
O09009,2024-03-25,PR0093,W04,C03,East,Express,6,3,1,2024-03-26,37.31
O09010,2024-12-05,PR0053,W02,C05,North,Economy,3,10,8,2024-12-13,26.11
O09011,2025-09-03,PR0032,W08,C07,West,Express,1,3,3,2025-09-06,41.59
O09012,2025-02-01,PR0283,W02,C01,North,Economy,6,10,12,2025-02-13,14.84
O09013,2025-07-15,PR0297,W07,C04,East,Same Day,10,1,1,2025-07-16,36.34
O09014,2024-12-11,PR0176,W03,C07,South,Same Day,4,1,1,2024-12-12,37.85
O09015,2024-06-28,PR0212,W08,C08,West,Same Day,9,1,1,2024-06-29,20.38
O09016,2024-03-17,PR0288,W02,C07,North,Express,1,3,1,2024-03-18,18.83
O09017,2025-10-10,PR0024,W04,C01,East,Same Day,12,1,1,2025-10-11,18.38
O09018,2025-05-13,PR0113,W02,C01,North,Economy,12,10,10,2025-05-23,29.32
O09019,2025-08-20,PR0132,W06,C07,Central,Same Day,12,1,1,2025-08-21,24.87
O09020,2025-06-17,PR0042,W06,C04,Central,Same Day,14,1,3,2025-06-20,27.23
O09021,2025-03-12,PR0014,W08,C02,West,Same Day,10,1,1,2025-03-13,20.74
O09022,2025-06-02,PR0111,W01,C01,Central,Express,6,3,1,2025-06-03,33.68
O09023,2024-02-29,PR0081,W10,C06,North,Same Day,13,1,1,2024-03-01,41.22
O09024,2024-04-18,PR0155,W06,C06,Central,Same Day,9,1,1,2024-04-19,14.98
O09025,2025-03-19,PR0156,W08,C03,West,Same Day,5,1,1,2025-03-20,28.16
O09026,2025-11-10,PR0051,W08,C03,West,Express,3,3,1,2025-11-11,30.31
O09027,2025-01-09,PR0239,W04,C07,East,Same Day,3,1,1,2025-01-10,42.47
O09028,2024-05-29,PR0160,W09,C06,South,Economy,4,10,10,2024-06-08,35.94
O09029,2025-10-15,PR0223,W10,C02,North,Economy,10,10,8,2025-10-23,24.21
O09030,2024-06-08,PR0177,W05,C03,West,Economy,11,10,7,2024-06-15,43.95
O09031,2024-05-16,PR0049,W07,C08,East,Economy,3,10,17,2024-06-02,28.29
O09032,2025-01-10,PR0143,W02,C04,North,Same Day,9,1,1,2025-01-11,25.24
O09033,2025-01-26,PR0159,W02,C01,North,Economy,11,10,9,2025-02-04,23.35
O09034,2024-01-24,PR0027,W02,C07,North,Standard,7,6,7,2024-01-31,25.86
O09035,2024-10-28,PR0060,W07,C07,East,Standard,12,6,7,2024-11-04,19.71
O09036,2024-08-15,PR0046,W02,C06,North,Economy,9,10,6,2024-08-21,23.63
O09037,2025-06-05,PR0272,W05,C04,West,Express,13,3,4,2025-06-09,23.15
O09038,2024-09-23,PR0167,W10,C04,North,Economy,14,10,6,2024-09-29,21.38
O09039,2024-04-15,PR0142,W10,C04,North,Standard,11,6,9,2024-04-24,28.52
O09040,2025-10-15,PR0200,W08,C06,West,Economy,10,10,8,2025-10-23,39.5
O09041,2025-07-08,PR0268,W01,C08,Central,Standard,9,6,2,2025-07-10,13.86
O09042,2025-11-19,PR0230,W07,C08,East,Standard,2,6,6,2025-11-25,8.92
O09043,2025-05-12,PR0004,W03,C04,South,Express,1,3,1,2025-05-13,41.87
O09044,2024-01-08,PR0060,W08,C03,West,Economy,13,10,8,2024-01-16,42.13
O09045,2024-06-21,PR0034,W09,C03,South,Standard,1,6,7,2024-06-28,12.46
O09046,2024-05-04,PR0229,W07,C06,East,Express,9,3,3,2024-05-07,31.63
O09047,2024-05-23,PR0150,W09,C01,South,Express,4,3,3,2024-05-26,43.99
O09048,2025-07-19,PR0121,W09,C05,South,Express,5,3,3,2025-07-22,21.38
O09049,2024-06-28,PR0137,W06,C06,Central,Express,10,3,3,2024-07-01,36.68
O09050,2024-10-17,PR0201,W02,C08,North,Same Day,1,1,1,2024-10-18,29.54
O09051,2025-04-27,PR0016,W04,C07,East,Express,13,3,2,2025-04-29,33.47
O09052,2025-06-22,PR0072,W09,C05,South,Same Day,5,1,1,2025-06-23,39.18
O09053,2025-09-12,PR0188,W06,C04,Central,Same Day,2,1,1,2025-09-13,29.26
O09054,2024-02-02,PR0264,W10,C04,North,Same Day,3,1,2,2024-02-04,36.82
O09055,2024-04-04,PR0272,W10,C06,North,Same Day,9,1,1,2024-04-05,18.08
O09056,2025-04-08,PR0252,W06,C01,Central,Standard,2,6,3,2025-04-11,23.54
O09057,2024-08-21,PR0188,W07,C08,East,Standard,1,6,6,2024-08-27,12.31
O09058,2025-12-22,PR0201,W02,C02,North,Express,4,3,5,2025-12-27,32.81
O09059,2024-12-21,PR0196,W10,C08,North,Same Day,13,1,1,2024-12-22,27.52
O09060,2024-07-17,PR0254,W07,C01,East,Economy,8,10,9,2024-07-26,46.0
O09061,2024-05-29,PR0109,W03,C02,South,Express,11,3,4,2024-06-02,20.01
O09062,2024-01-08,PR0189,W08,C07,West,Same Day,10,1,2,2024-01-10,27.75
O09063,2024-04-30,PR0185,W07,C02,East,Economy,6,10,10,2024-05-10,37.25
O09064,2025-07-23,PR0225,W10,C05,North,Economy,6,10,7,2025-07-30,37.15
O09065,2025-06-20,PR0289,W09,C02,South,Standard,3,6,8,2025-06-28,16.03
O09066,2024-05-10,PR0028,W01,C06,Central,Standard,5,6,5,2024-05-15,13.84
O09067,2024-03-15,PR0251,W10,C03,North,Same Day,13,1,1,2024-03-16,20.82
O09068,2024-04-14,PR0040,W06,C05,Central,Same Day,2,1,1,2024-04-15,28.52
O09069,2025-12-30,PR0144,W04,C02,East,Express,2,3,3,2026-01-02,17.86
O09070,2024-11-04,PR0238,W02,C06,North,Same Day,12,1,1,2024-11-05,26.35
O09071,2024-05-09,PR0256,W01,C08,Central,Standard,8,6,7,2024-05-16,3.0
O09072,2025-11-02,PR0076,W07,C02,East,Same Day,8,1,1,2025-11-03,32.94
O09073,2025-04-25,PR0189,W06,C07,Central,Economy,12,10,12,2025-05-07,27.96
O09074,2025-04-10,PR0182,W04,C06,East,Express,12,3,1,2025-04-11,11.23
O09075,2025-07-17,PR0037,W02,C05,North,Express,10,3,4,2025-07-21,36.04
O09076,2024-03-28,PR0227,W06,C06,Central,Express,3,3,1,2024-03-29,28.34
O09077,2024-01-24,PR0197,W05,C02,West,Express,6,3,1,2024-01-25,32.39
O09078,2024-12-18,PR0276,W05,C06,West,Standard,6,6,3,2024-12-21,31.68
O09079,2025-11-20,PR0005,W03,C06,South,Economy,12,10,8,2025-11-28,29.46
O09080,2025-07-25,PR0143,W01,C01,Central,Standard,6,6,5,2025-07-30,10.67
O09081,2025-11-14,PR0227,W09,C04,South,Standard,3,6,6,2025-11-20,24.52
O09082,2024-08-15,PR0240,W01,C07,Central,Economy,13,10,9,2024-08-24,10.21
O09083,2024-09-13,PR0185,W03,C08,South,Economy,10,10,10,2024-09-23,25.53
O09084,2025-09-02,PR0244,W06,C02,Central,Standard,10,6,8,2025-09-10,13.47
O09085,2024-11-22,PR0294,W04,C05,East,Same Day,2,1,1,2024-11-23,36.41
O09086,2024-12-18,PR0138,W05,C06,West,Same Day,4,1,1,2024-12-19,41.72
O09087,2025-08-29,PR0052,W06,C02,Central,Same Day,2,1,1,2025-08-30,40.34
O09088,2025-12-15,PR0175,W10,C01,North,Same Day,9,1,1,2025-12-16,36.74
O09089,2024-07-10,PR0006,W06,C06,Central,Standard,7,6,7,2024-07-17,4.27
O09090,2025-03-05,PR0041,W06,C03,Central,Economy,13,10,7,2025-03-12,31.04
O09091,2025-08-03,PR0297,W10,C04,North,Same Day,5,1,1,2025-08-04,22.67
O09092,2025-01-02,PR0185,W03,C06,South,Economy,7,10,10,2025-01-12,12.05
O09093,2024-01-16,PR0014,W08,C05,West,Standard,11,6,10,2024-01-26,25.44
O09094,2024-02-19,PR0072,W08,C07,West,Same Day,10,1,1,2024-02-20,28.32
O09095,2025-03-06,PR0182,W05,C08,West,Express,3,3,1,2025-03-07,27.71
O09096,2024-08-27,PR0163,W08,C06,West,Same Day,10,1,1,2024-08-28,26.97
O09097,2025-01-15,PR0162,W08,C08,West,Standard,12,6,3,2025-01-18,16.71
O09098,2024-03-25,PR0224,W08,C01,West,Same Day,14,1,1,2024-03-26,26.05
O09099,2024-05-27,PR0203,W05,C05,West,Economy,13,10,10,2024-06-06,26.82
O09100,2024-04-05,PR0063,W09,C04,South,Economy,9,10,5,2024-04-10,39.34
O09101,2025-11-10,PR0059,W06,C02,Central,Standard,11,6,3,2025-11-13,13.47
O09102,2024-11-02,PR0181,W06,C06,Central,Standard,4,6,3,2024-11-05,29.84
O09103,2024-05-23,PR0018,W07,C04,East,Express,9,3,3,2024-05-26,12.25
O09104,2025-10-12,PR0224,W10,C07,North,Same Day,12,1,1,2025-10-13,35.59
O09105,2024-07-18,PR0242,W08,C03,West,Economy,4,10,14,2024-08-01,31.9
O09106,2025-09-22,PR0112,W06,C05,Central,Express,4,3,2,2025-09-24,32.95
O09107,2025-10-17,PR0174,W06,C03,Central,Economy,8,10,5,2025-10-22,29.62
O09108,2024-10-29,PR0194,W04,C06,East,Same Day,8,1,1,2024-10-30,32.03
O09109,2025-04-15,PR0270,W08,C04,West,Express,7,3,2,2025-04-17,14.84
O09110,2024-11-26,PR0125,W10,C05,North,Same Day,11,1,1,2024-11-27,51.76
O09111,2025-11-22,PR0182,W09,C01,South,Express,8,3,2,2025-11-24,15.04
O09112,2024-05-24,PR0199,W04,C06,East,Express,12,3,5,2024-05-29,32.06
O09113,2024-08-05,PR0233,W04,C05,East,Standard,2,6,7,2024-08-12,6.4
O09114,2024-02-02,PR0221,W07,C08,East,Standard,12,6,6,2024-02-08,11.59
O09115,2025-04-10,PR0088,W09,C03,South,Same Day,10,1,1,2025-04-11,33.25
O09116,2024-04-23,PR0225,W07,C07,East,Same Day,13,1,1,2024-04-24,37.55
O09117,2024-09-09,PR0201,W08,C08,West,Standard,12,6,8,2024-09-17,18.22
O09118,2024-12-01,PR0189,W06,C05,Central,Same Day,13,1,1,2024-12-02,43.14
O09119,2024-11-18,PR0158,W08,C04,West,Same Day,1,1,1,2024-11-19,31.14
O09120,2025-08-21,PR0020,W02,C06,North,Economy,12,10,12,2025-09-02,38.36
O09121,2024-06-27,PR0069,W08,C06,West,Economy,5,10,10,2024-07-07,22.45
O09122,2024-01-16,PR0244,W09,C04,South,Same Day,14,1,1,2024-01-17,29.38
O09123,2024-06-17,PR0197,W04,C05,East,Economy,7,10,6,2024-06-23,48.54
O09124,2024-03-03,PR0213,W03,C01,South,Express,11,3,2,2024-03-05,27.44
O09125,2024-08-14,PR0036,W09,C04,South,Same Day,4,1,1,2024-08-15,16.6
O09126,2025-11-22,PR0115,W01,C08,Central,Same Day,1,1,1,2025-11-23,42.55
O09127,2025-01-02,PR0265,W09,C05,South,Express,5,3,4,2025-01-06,20.78
O09128,2024-03-25,PR0124,W04,C04,East,Express,2,3,1,2024-03-26,28.52
O09129,2025-06-21,PR0164,W08,C07,West,Express,2,3,3,2025-06-24,25.73
O09130,2024-02-17,PR0038,W07,C01,East,Standard,2,6,3,2024-02-20,27.78
O09131,2024-05-23,PR0221,W01,C02,Central,Economy,12,10,6,2024-05-29,44.17
O09132,2025-02-05,PR0219,W09,C02,South,Standard,1,6,5,2025-02-10,22.9
O09133,2025-03-29,PR0108,W03,C01,South,Standard,2,6,3,2025-04-01,16.01
O09134,2025-05-12,PR0286,W07,C01,East,Express,7,3,4,2025-05-16,24.34
O09135,2025-09-06,PR0168,W09,C08,South,Express,14,3,3,2025-09-09,16.32
O09136,2024-01-28,PR0215,W07,C04,East,Standard,2,6,3,2024-01-31,17.04
O09137,2025-02-21,PR0062,W05,C02,West,Express,9,3,6,2025-02-27,16.24
O09138,2024-05-02,PR0055,W04,C02,East,Express,11,3,5,2024-05-07,33.81
O09139,2025-08-27,PR0018,W09,C01,South,Economy,5,10,11,2025-09-07,23.29
O09140,2025-01-26,PR0033,W06,C01,Central,Express,2,3,4,2025-01-30,21.93
O09141,2025-05-01,PR0173,W02,C02,North,Economy,10,10,9,2025-05-10,38.65
O09142,2024-08-14,PR0179,W09,C02,South,Same Day,4,1,1,2024-08-15,26.6
O09143,2024-02-03,PR0239,W03,C05,South,Standard,13,6,7,2024-02-10,8.63
O09144,2024-08-24,PR0187,W06,C04,Central,Express,2,3,5,2024-08-29,29.77
O09145,2025-05-27,PR0224,W10,C02,North,Same Day,1,1,1,2025-05-28,36.55
O09146,2025-06-28,PR0098,W04,C04,East,Standard,1,6,4,2025-07-02,34.37
O09147,2024-07-08,PR0106,W09,C05,South,Standard,7,6,2,2024-07-10,20.14
O09148,2025-03-04,PR0163,W10,C05,North,Standard,4,6,7,2025-03-11,19.51
O09149,2024-04-18,PR0294,W01,C06,Central,Express,2,3,4,2024-04-22,24.6
O09150,2025-10-20,PR0110,W09,C04,South,Express,2,3,2,2025-10-22,17.61
O09151,2025-01-17,PR0283,W01,C05,Central,Express,3,3,2,2025-01-19,44.54
O09152,2025-05-16,PR0300,W06,C07,Central,Economy,2,10,10,2025-05-26,22.71
O09153,2024-03-27,PR0264,W06,C05,,Standard,6,6,6,2024-04-02,12.55
O09154,2024-01-03,PR0200,W02,C05,North,Standard,8,6,5,2024-01-08,17.73
O09155,2024-07-07,PR0255,W01,C02,Central,Same Day,4,1,1,2024-07-08,3.0
O09156,2025-03-16,PR0027,W02,C06,North,Economy,6,10,8,2025-03-24,45.94
O09157,2024-05-29,PR0130,W03,C01,South,Same Day,7,1,1,2024-05-30,33.2
O09158,2025-01-20,PR0034,W04,C03,East,Economy,3,10,12,2025-02-01,26.32
O09159,2024-03-06,PR0233,W06,C01,Central,Same Day,3,1,1,2024-03-07,26.94
O09160,2024-12-28,PR0038,W01,C01,Central,Same Day,7,1,1,2024-12-29,19.53
O09161,2024-01-03,PR0266,W05,C03,West,Express,8,3,6,2024-01-09,32.0
O09162,2024-08-20,PR0073,W10,C03,North,Same Day,1,1,1,2024-08-21,25.39
O09163,2024-12-18,PR0243,W09,C03,South,Express,12,3,1,2024-12-19,20.53
O09164,2024-08-27,PR0141,W02,C08,North,Economy,5,10,5,2024-09-01,29.61
O09165,2025-10-28,PR0293,W08,C01,West,Economy,3,10,9,2025-11-06,36.79
O09166,2025-07-01,PR0290,W10,C07,North,Same Day,9,1,1,2025-07-02,42.38
O09167,2024-12-05,PR0026,W05,C05,West,Same Day,12,1,1,2024-12-06,25.86
O09168,2025-03-27,PR0138,W07,C05,East,Express,11,3,4,2025-03-31,31.16
O09169,2025-03-30,PR0190,W02,C07,North,Standard,13,6,5,2025-04-04,3.0
O09170,2025-09-21,PR0300,W04,C01,East,Same Day,9,1,1,2025-09-22,19.55
O09171,2024-07-19,PR0158,W01,C03,Central,Standard,7,6,3,2024-07-22,29.02
O09172,2024-03-23,PR0043,W05,C08,West,Economy,14,10,10,2024-04-02,36.24
O09173,2025-03-14,PR0192,W08,C05,West,Economy,12,10,7,2025-03-21,38.4
O09174,2024-12-14,PR0128,W02,C03,North,Same Day,6,1,1,2024-12-15,24.46
O09175,2024-06-30,PR0178,W08,C02,West,Economy,14,10,12,2024-07-12,25.99
O09176,2024-03-09,PR0114,W03,C03,South,Standard,12,6,6,2024-03-15,3.0
O09177,2025-08-12,PR0203,W03,C02,South,Standard,10,6,5,2025-08-17,21.21
O09178,2025-12-18,PR0117,W07,C05,East,Economy,1,10,10,2025-12-28,37.9
O09179,2025-07-14,PR0177,W02,C04,North,Economy,9,10,5,2025-07-19,29.98
O09180,2025-11-09,PR0173,W10,C02,North,Standard,1,6,5,2025-11-14,17.0
O09181,2024-06-08,PR0020,W03,C01,South,Express,8,3,5,2024-06-13,28.74
O09182,2024-03-11,PR0068,W10,C06,North,Economy,11,10,9,2024-03-20,34.2
O09183,2025-05-04,PR0299,W01,C04,Central,Economy,3,10,13,2025-05-17,21.02
O09184,2024-01-25,PR0014,W08,C01,West,Economy,8,10,10,2024-02-04,31.36
O09185,2025-10-09,PR0089,W05,C08,West,Express,9,3,5,2025-10-14,35.04
O09186,2024-12-09,PR0138,W09,C04,South,Express,5,3,3,2024-12-12,27.8
O09187,2024-06-03,PR0137,W03,C05,South,Economy,9,10,11,2024-06-14,19.03
O09188,2024-05-06,PR0223,W06,C02,Central,Same Day,8,1,1,2024-05-07,35.34
O09189,2025-08-22,PR0255,W09,C04,South,Standard,1,6,7,2025-08-29,14.34
O09190,2024-05-21,PR0193,W08,C05,West,Same Day,7,1,1,2024-05-22,28.74
O09191,2025-10-24,PR0058,W06,C01,Central,Same Day,13,1,2,2025-10-26,32.42
O09192,2025-02-28,PR0081,W03,C06,South,Economy,13,10,11,2025-03-11,30.91
O09193,2024-03-26,PR0222,W10,C04,North,Same Day,14,1,1,2024-03-27,31.5
O09194,2024-06-04,PR0171,W01,C06,Central,Same Day,3,1,1,2024-06-05,9.77
O09195,2024-07-16,PR0141,W02,C03,North,Standard,2,6,7,2024-07-23,27.96
O09196,2024-01-30,PR0257,W09,C08,South,Economy,2,10,10,2024-02-09,19.41
O09197,2024-12-10,PR0270,W09,C06,South,Express,7,3,1,2024-12-11,13.5
O09198,2024-09-06,PR0255,W10,C01,North,Express,10,3,2,2024-09-08,30.95
O09199,2024-05-26,PR0239,W04,C01,East,Economy,4,10,10,2024-06-05,40.2
O09200,2024-12-18,PR0210,W01,C03,Central,Economy,5,10,5,2024-12-23,30.09
O09201,2025-01-24,PR0084,W06,C06,Central,Express,5,3,5,2025-01-29,13.32
O09202,2024-05-09,PR0298,W05,C01,West,Same Day,14,1,1,2024-05-10,35.37
O09203,2024-04-15,PR0046,W08,C07,West,Express,12,3,3,2024-04-18,35.75
O09204,2025-11-30,PR0087,W05,C08,West,Economy,10,10,13,2025-12-13,31.47
O09205,2024-12-16,PR0137,W01,C02,Central,Standard,4,6,3,2024-12-19,28.74
O09206,2024-12-15,PR0056,W09,C08,South,Express,9,3,4,2024-12-19,32.66
O09207,2024-02-12,PR0035,W02,C06,North,Standard,13,6,2,2024-02-14,23.92
O09208,2024-10-08,PR0283,W02,C07,North,Economy,6,10,6,2024-10-14,12.98
O09209,2024-12-27,PR0153,W03,C07,South,Economy,5,10,5,2025-01-01,34.3
O09210,2025-02-06,PR0265,W07,C07,East,Express,1,3,4,2025-02-10,31.89
O09211,2025-03-17,PR0277,W08,C05,West,Express,9,3,2,2025-03-19,28.92
O09212,2025-01-12,PR0108,W02,C03,North,Express,7,3,6,2025-01-18,18.39
O09213,2025-05-14,PR0136,W09,C07,South,Same Day,1,1,1,2025-05-15,38.9
O09214,2024-11-19,PR0240,W04,C06,East,Express,5,3,1,2024-11-20,23.56
O09215,2024-09-11,PR0280,W05,C02,West,Same Day,9,1,1,2024-09-12,20.6
O09216,2025-11-19,PR0125,W05,C04,West,Same Day,2,1,1,2025-11-20,16.94
O09217,2025-01-30,PR0249,W01,C02,Central,Economy,13,10,10,2025-02-09,26.13
O09218,2025-02-24,PR0249,W07,C02,East,Economy,7,10,11,2025-03-07,28.16
O09219,2025-06-07,PR0136,W04,C07,East,Economy,6,10,11,2025-06-18,27.91
O09220,2024-06-12,PR0130,W09,C01,South,Same Day,2,1,1,2024-06-13,23.89
O09221,2025-08-14,PR0080,W07,C04,East,Same Day,2,1,1,2025-08-15,39.54
O09222,2024-05-03,PR0087,W10,C02,North,Same Day,5,1,1,2024-05-04,12.59
O09223,2025-02-20,PR0197,W03,C03,South,Same Day,12,1,1,2025-02-21,40.46
O09224,2024-01-06,PR0129,W08,C06,West,Express,10,3,3,2024-01-09,19.46
O09225,2025-08-04,PR0260,W05,C07,West,Same Day,1,1,1,2025-08-05,33.93
O09226,2025-01-27,PR0209,W01,C07,Central,Same Day,3,1,1,2025-01-28,27.45
O09227,2024-04-22,PR0008,W09,C01,South,Standard,13,6,5,2024-04-27,3.0
O09228,2025-03-07,PR0171,W03,C06,South,Economy,9,10,7,2025-03-14,35.13
O09229,2025-03-03,PR0038,W08,C06,West,Express,5,3,2,2025-03-05,30.02
O09230,2025-09-03,PR0232,W03,C03,South,Same Day,5,1,1,2025-09-04,24.55
O09231,2025-12-20,PR0279,W02,C05,North,Economy,7,10,3,2025-12-23,26.37
O09232,2025-08-21,PR0105,W03,C06,South,Same Day,5,1,1,2025-08-22,17.1
O09233,2025-12-02,PR0082,W04,C05,East,Express,6,3,1,2025-12-03,42.98
O09234,2024-03-15,PR0057,W03,C05,South,Standard,3,6,4,2024-03-19,23.75
O09235,2024-11-04,PR0256,W05,C07,West,Same Day,8,1,1,2024-11-05,31.51
O09236,2024-01-05,PR0174,W03,C07,South,Express,4,3,1,2024-01-06,34.96
O09237,2024-07-19,PR0140,W04,C03,East,Economy,3,10,15,2024-08-03,27.81
O09238,2025-04-17,PR0123,W01,C01,Central,Standard,4,6,6,2025-04-23,3.0
O09239,2024-10-20,PR0283,W07,C05,East,Economy,5,10,7,2024-10-27,43.99
O09240,2025-08-03,PR0051,W08,C05,West,Express,8,3,4,2025-08-07,25.88
O09241,2025-01-17,PR0092,W02,C05,North,Same Day,1,1,1,2025-01-18,23.8
O09242,2025-12-15,PR0297,W10,C01,North,Economy,4,10,7,2025-12-22,29.52
O09243,2024-01-25,PR0171,W03,C04,South,Express,10,3,1,2024-01-26,23.34
O09244,2025-10-27,PR0195,W06,C01,Central,Express,10,3,2,2025-10-29,10.52
O09245,2024-04-05,PR0186,W04,C02,East,Economy,4,10,4,2024-04-09,26.48
O09246,2025-07-22,PR0232,W09,C07,South,Express,1,3,5,2025-07-27,38.99
O09247,2024-07-16,PR0059,W05,C03,West,Express,12,3,1,2024-07-17,33.09
O09248,2025-12-11,PR0044,W10,C04,North,Same Day,10,1,1,2025-12-12,26.1
O09249,2024-11-20,PR0180,W10,C02,North,Economy,13,10,6,2024-11-26,27.18
O09250,2025-05-14,PR0101,W08,C01,West,Economy,10,10,9,2025-05-23,25.97
O09251,2024-01-13,PR0172,W08,C04,West,Express,7,3,2,2024-01-15,33.27
O09252,2025-02-20,PR0143,W09,C06,South,Express,8,3,2,2025-02-22,16.52
O09253,2025-06-16,PR0104,W08,C06,West,Express,5,3,3,2025-06-19,44.1
O09254,2024-01-05,PR0151,W02,C02,North,Standard,4,6,3,2024-01-08,28.01
O09255,2024-05-21,PR0156,W09,C03,South,Standard,9,6,6,2024-05-27,12.5
O09256,2024-02-20,PR0121,W06,C02,Central,Same Day,1,1,1,2024-02-21,42.39
O09257,2025-05-30,PR0266,W04,C06,East,Express,11,3,7,2025-06-06,23.37
O09258,2025-02-01,PR0059,W04,C04,East,Express,2,3,5,2025-02-06,31.53
O09259,2024-07-28,PR0127,W09,C08,South,Economy,10,10,12,2024-08-09,33.34
O09260,2025-04-07,PR0177,W06,C01,Central,Economy,10,10,11,2025-04-18,27.98
O09261,2024-01-24,PR0073,W06,C04,Central,Express,10,3,2,2024-01-26,35.93
O09262,2025-12-08,PR0300,W06,C04,Central,Economy,9,10,10,2025-12-18,32.6
O09263,2025-05-25,PR0257,W10,C03,North,Express,11,3,2,2025-05-27,32.29
O09264,2025-01-25,PR0177,W10,C06,North,Same Day,7,1,1,2025-01-26,25.54
O09265,2025-10-17,PR0059,W07,C03,East,Same Day,11,1,1,2025-10-18,33.63
O09266,2025-03-21,PR0023,W01,C04,Central,Express,6,3,4,2025-03-25,13.18
O09267,2024-01-25,PR0159,W06,C05,Central,Same Day,9,1,1,2024-01-26,43.51
O09268,2025-03-05,PR0275,W07,C07,East,Standard,2,6,5,2025-03-10,19.09
O09269,2024-04-26,PR0286,W09,C07,South,Express,2,3,1,2024-04-27,39.3
O09270,2024-09-24,PR0234,W01,C06,Central,Same Day,6,1,1,2024-09-25,32.72
O09271,2024-04-05,PR0119,W06,C04,Central,Express,8,3,4,2024-04-09,32.35
O09272,2025-01-18,PR0266,W10,C07,North,Standard,1,6,7,2025-01-25,16.76
O09273,2024-03-20,PR0137,W02,C07,North,Same Day,5,1,1,2024-03-21,39.71
O09274,2024-10-25,PR0153,W08,C02,West,Standard,12,6,6,2024-10-31,12.0
O09275,2025-05-01,PR0133,W04,C01,East,Standard,11,6,6,2025-05-07,16.82
O09276,2025-07-07,PR0282,W02,C03,North,Express,10,3,4,2025-07-11,36.73
O09277,2025-06-20,PR0125,W01,C01,Central,Standard,1,6,6,2025-06-26,18.52
O09278,2024-10-19,PR0138,W04,C02,East,Standard,4,6,4,2024-10-23,17.84
O09279,2024-03-03,PR0098,W04,C02,East,Standard,1,6,3,2024-03-06,27.31
O09280,2024-10-05,PR0282,W03,C06,South,Standard,4,6,6,2024-10-11,12.96
O09281,2024-12-22,PR0056,W05,C07,West,Economy,6,10,10,2025-01-01,30.86
O09282,2025-06-05,PR0049,W04,C04,East,Standard,7,6,4,2025-06-09,18.97
O09283,2025-12-04,PR0142,W03,C01,South,Same Day,6,1,1,2025-12-05,27.03
O09284,2024-07-14,PR0135,W06,C03,Central,Standard,7,6,4,2024-07-18,20.88
O09285,2024-10-08,PR0297,W01,C02,Central,Express,2,3,3,2024-10-11,34.45
O09286,2025-05-03,PR0176,W07,C01,East,Economy,4,10,9,2025-05-12,41.52
O09287,2024-11-23,PR0207,W04,C07,East,Standard,5,6,7,2024-11-30,20.86
O09288,2024-07-20,PR0028,W10,C01,North,Standard,6,6,10,2024-07-30,18.95
O09289,2024-04-15,PR0204,W05,C08,West,Same Day,14,1,2,2024-04-17,30.09
O09290,2025-01-25,PR0001,W04,C03,East,Economy,7,10,6,2025-01-31,24.11
O09291,2024-04-22,PR0024,W05,C05,West,Economy,2,10,8,2024-04-30,40.86
O09292,2025-07-16,PR0099,W04,C05,East,Standard,1,6,4,2025-07-20,3.0
O09293,2024-04-03,PR0014,W06,C06,Central,Standard,8,6,5,2024-04-08,13.38
O09294,2024-06-07,PR0174,W05,C06,West,Standard,8,6,5,2024-06-12,
O09295,2025-02-18,PR0275,W06,C08,Central,Express,4,3,5,2025-02-23,28.09
O09296,2025-05-10,PR0290,W10,C01,North,Economy,5,10,7,2025-05-17,20.51
O09297,2024-04-05,PR0040,W02,C01,North,Same Day,2,1,1,2024-04-06,32.64
O09298,2025-06-12,PR0284,W08,C04,West,Economy,5,10,5,2025-06-17,29.92
O09299,2025-06-13,PR0050,W05,C02,West,Standard,6,6,4,2025-06-17,20.71
O09300,2024-03-28,PR0144,W06,C03,Central,Economy,7,10,10,2024-04-07,29.08
O09301,2025-01-29,PR0044,W08,C04,West,Same Day,13,1,1,2025-01-30,29.9
O09302,2025-08-16,PR0151,W01,C08,Central,Express,13,3,1,2025-08-17,25.62
O09303,2025-11-10,PR0039,W03,C07,South,Express,6,3,2,2025-11-12,31.81
O09304,2025-02-27,PR0123,W02,C01,North,Economy,8,10,8,2025-03-07,31.42
O09305,2024-02-12,PR0260,W07,C08,East,Standard,2,6,9,2024-02-21,30.5
O09306,2024-12-06,PR0115,W01,C02,Central,Express,14,3,2,2024-12-08,30.64
O09307,2025-01-18,PR0148,W09,C06,South,Same Day,1,1,1,2025-01-19,40.59
O09308,2024-12-31,PR0237,W01,C03,Central,Standard,12,6,4,2025-01-04,15.25
O09309,2025-08-25,PR0044,W07,C07,East,Economy,10,10,7,2025-09-01,32.66
O09310,2024-12-01,PR0239,W05,C08,West,Express,6,3,5,2024-12-06,25.06
O09311,2025-07-12,PR0231,W04,C06,East,Express,7,3,1,2025-07-13,21.2
O09312,2025-01-08,PR0288,W03,C01,South,Express,4,3,3,2025-01-11,18.73
O09313,2025-08-15,PR0121,W01,C02,Central,Express,1,3,2,2025-08-17,33.98
O09314,2024-10-16,PR0296,W09,C01,South,Economy,9,10,3,2024-10-19,21.18
O09315,2025-02-13,PR0249,W03,C07,South,Standard,6,6,4,2025-02-17,18.89
O09316,2025-04-24,PR0272,W08,C07,West,Same Day,12,1,1,2025-04-25,23.76
O09317,2025-07-26,PR0096,W02,C04,North,Standard,14,6,4,2025-07-30,7.75
O09318,2025-11-28,PR0117,W07,C08,East,Same Day,12,1,1,2025-11-29,30.36
O09319,2025-03-11,PR0178,W05,C01,West,Economy,3,10,8,2025-03-19,43.79
O09320,2025-09-11,PR0168,W03,C02,South,Standard,3,6,3,2025-09-14,13.53
O09321,2024-07-26,PR0286,W10,C05,North,Express,7,3,3,2024-07-29,28.76
O09322,2025-06-11,PR0089,W07,C03,East,Express,11,3,3,2025-06-14,26.32
O09323,2024-06-10,PR0217,W08,C06,West,Express,10,3,4,2024-06-14,32.62
O09324,2025-05-05,PR0055,W08,C04,West,Economy,4,10,8,2025-05-13,37.06
O09325,2025-08-29,PR0037,W06,C05,Central,Express,5,3,1,2025-08-30,31.83
O09326,2024-09-18,PR0236,W07,C02,East,Standard,3,6,3,2024-09-21,22.45
O09327,2025-10-15,PR0108,W04,C02,East,Standard,12,6,6,2025-10-21,20.55
O09328,2024-06-17,PR0025,W04,C02,East,Express,11,3,3,2024-06-20,42.35
O09329,2025-06-14,PR0174,W04,C08,East,Same Day,1,1,2,2025-06-16,30.55
O09330,2025-03-12,PR0218,W10,C02,North,Express,5,3,3,2025-03-15,47.5
O09331,2024-01-05,PR0242,W06,C02,Central,Economy,9,10,5,2024-01-10,29.2
O09332,2024-07-14,PR0136,W10,C06,North,Economy,4,10,11,2024-07-25,44.45
O09333,2024-05-08,PR0062,W10,C04,North,Economy,1,10,3,2024-05-11,29.14
O09334,2024-08-17,PR0073,W06,C04,Central,Express,9,3,4,2024-08-21,26.38
O09335,2025-05-10,PR0090,W05,C01,West,Economy,9,10,14,2025-05-24,27.23
O09336,2025-04-11,PR0246,W10,C08,North,Standard,5,6,5,2025-04-16,45.32
O09337,2025-05-28,PR0297,W07,C04,East,Express,7,3,4,2025-06-01,15.7
O09338,2024-11-22,PR0081,W09,C06,South,Economy,7,10,12,2024-12-04,18.67
O09339,2025-10-30,PR0254,W01,C04,Central,Economy,11,10,9,2025-11-08,39.98
O09340,2024-07-22,PR0112,W10,C07,North,Standard,4,6,5,2024-07-27,17.74
O09341,2024-01-09,PR0236,W05,C07,West,Standard,9,6,4,2024-01-13,27.42
O09342,2024-05-29,PR0010,W02,C07,North,Standard,1,6,3,2024-06-01,11.23
O09343,2024-05-24,PR0027,W07,C04,East,Express,12,3,5,2024-05-29,23.67
O09344,2024-07-17,PR0189,W04,C04,East,Same Day,9,1,1,2024-07-18,26.13
O09345,2025-05-15,PR0191,W09,C05,South,Standard,12,6,7,2025-05-22,
O09346,2024-12-23,PR0202,W08,C06,West,Economy,6,10,11,2025-01-03,30.6
O09347,2025-04-25,PR0202,W10,C03,North,Economy,12,10,12,2025-05-07,37.39
O09348,2024-05-03,PR0067,W01,C04,Central,Economy,6,10,4,2024-05-07,23.73
O09349,2024-04-20,PR0103,W08,C04,West,Same Day,5,1,1,2024-04-21,17.81
O09350,2025-12-27,PR0265,W06,C08,Central,Economy,14,10,8,2026-01-04,36.26
O09351,2024-12-24,PR0132,W08,C07,West,Economy,12,10,6,2024-12-30,25.16
O09352,2025-04-11,PR0024,W08,C08,West,Same Day,12,1,1,2025-04-12,41.3
O09353,2024-02-11,PR0021,W06,C05,Central,Economy,4,10,5,2024-02-16,19.59
O09354,2025-06-20,PR0224,W09,C08,South,Express,9,3,2,2025-06-22,29.65
O09355,2024-10-21,PR0294,W04,C02,East,Standard,9,6,7,2024-10-28,16.81
O09356,2024-01-18,PR0141,W06,C07,Central,Same Day,13,1,1,2024-01-19,40.92
O09357,2024-06-04,PR0177,W03,C01,South,Same Day,8,1,1,2024-06-05,14.48
O09358,2024-05-21,PR0231,W08,C05,West,Same Day,11,1,2,2024-05-23,24.92
O09359,2024-07-19,PR0120,W05,C01,West,Express,4,3,2,2024-07-21,21.61
O09360,2025-12-12,PR0285,W09,C07,South,Express,1,3,4,2025-12-16,29.58
O09361,2024-03-31,PR0290,W01,C08,Central,Standard,10,6,6,2024-04-06,22.53
O09362,2024-09-21,PR0259,W03,C02,South,Standard,1,6,4,2024-09-25,
O09363,2025-04-14,PR0229,W02,C02,North,Same Day,7,1,1,2025-04-15,22.72
O09364,2025-12-10,PR0166,W04,C07,East,Economy,9,10,6,2025-12-16,19.98
O09365,2025-11-18,PR0118,W09,C01,South,Economy,5,10,13,2025-12-01,8.99
O09366,2024-02-21,PR0038,W02,C06,North,Same Day,10,1,1,2024-02-22,46.28
O09367,2025-05-19,PR0144,W06,C03,Central,Standard,2,6,6,2025-05-25,6.68
O09368,2024-03-25,PR0182,W04,C02,East,Standard,8,6,7,2024-04-01,5.61
O09369,2025-12-19,PR0168,W10,C01,North,Standard,12,6,5,2025-12-24,3.83
O09370,2024-03-11,PR0056,W05,C03,West,Express,2,3,2,2024-03-13,47.01
O09371,2025-03-05,PR0081,W10,C08,North,Standard,5,6,5,2025-03-10,18.43
O09372,2025-05-31,PR0230,W10,C03,North,Express,8,3,2,2025-06-02,29.49
O09373,2025-02-14,PR0259,W07,C03,East,Express,3,3,5,2025-02-19,25.09
O09374,2025-11-16,PR0012,W07,C01,East,Economy,7,10,8,2025-11-24,34.74
O09375,2024-12-10,PR0195,W06,C05,Central,Economy,13,10,5,2024-12-15,29.56
O09376,2025-07-23,PR0045,W03,C02,South,Express,5,3,2,2025-07-25,33.68
O09377,2024-11-22,PR0110,W07,C01,East,Express,10,3,3,2024-11-25,29.25
O09378,2025-01-01,PR0233,W05,C03,West,Standard,12,6,2,2025-01-03,25.81
O09379,2025-09-06,PR0083,W09,C07,South,Standard,14,6,4,2025-09-10,26.18
O09380,2024-10-17,PR0272,W06,C02,Central,Economy,7,10,13,2024-10-30,24.97
O09381,2025-04-28,PR0021,W01,C05,Central,Standard,3,6,5,2025-05-03,16.43
O09382,2024-09-15,PR0017,W08,C03,West,Express,14,3,2,2024-09-17,23.8
O09383,2025-12-28,PR0138,W01,C07,Central,Economy,4,10,11,2026-01-08,31.55
O09384,2025-10-10,PR0217,W05,C02,West,Same Day,4,1,1,2025-10-11,
O09385,2025-11-26,PR0002,W03,C05,South,Express,1,3,5,2025-12-01,38.23
O09386,2024-01-24,PR0040,W03,C07,South,Standard,3,6,7,2024-01-31,12.39
O09387,2025-05-21,PR0232,W09,C07,South,Economy,10,10,12,2025-06-02,36.45
O09388,2025-03-09,PR0231,W04,C07,East,standard,2,3,5,2025-03-14,14.94
O09389,2025-06-14,PR0030,W09,C08,South,Same Day,7,1,1,2025-06-15,41.05
O09390,2025-02-06,PR0107,W06,C01,Central,Same Day,12,1,1,2025-02-07,18.58
O09391,2024-09-27,PR0125,W01,C05,Central,Express,14,3,2,2024-09-29,24.11
O09392,2025-05-25,PR0160,W03,C07,South,Same Day,10,1,1,2025-05-26,26.22
O09393,2024-01-03,PR0051,W02,C05,North,Standard,6,6,7,2024-01-10,11.96
O09394,2025-12-06,PR0123,W09,C08,South,Standard,11,6,6,2025-12-12,18.05
O09395,2025-07-13,PR0043,W05,C04,West,Standard,12,6,10,2025-07-23,18.25
O09396,2024-03-29,PR0110,W07,C05,East,Economy,10,10,16,2024-04-14,22.32
O09397,2024-01-18,PR0119,W04,C03,East,Standard,10,6,5,2024-01-23,34.22
O09398,2025-08-26,PR0076,W02,C04,North,Same Day,2,1,1,2025-08-27,40.63
O09399,2024-10-13,PR0047,W03,C01,South,Express,11,3,7,2024-10-20,25.61
O09400,2025-05-22,PR0209,W02,C04,North,Economy,10,10,6,2025-05-28,22.96
O09401,2025-10-29,PR0097,W03,C06,South,Standard,3,6,7,2025-11-05,18.74
O09402,2025-10-22,PR0263,W03,C03,South,Express,4,3,1,2025-10-23,25.55
O09403,2024-11-23,PR0039,W08,C08,West,Express,14,3,6,2024-11-29,16.96
O09404,2025-01-25,PR0081,W06,C08,Central,Express,9,3,2,2025-01-27,25.38
O09405,2024-01-14,PR0001,W10,C05,North,Standard,9,6,4,2024-01-18,35.26
O09406,2024-02-28,PR0091,W02,C03,North,Standard,1,6,6,2024-03-05,13.76
O09407,2025-06-22,PR0242,W01,C07,Central,Express,7,3,2,2025-06-24,17.02
O09408,2024-03-08,PR0155,W01,C01,Central,Economy,8,10,9,2024-03-17,23.51
O09409,2025-06-17,PR0111,W10,C05,North,Standard,12,6,4,2025-06-21,24.87
O09410,2024-11-13,PR0221,W06,C08,Central,Standard,13,6,3,2024-11-16,15.28
O09411,2024-06-26,PR0079,W01,C01,Central,Express,9,3,2,2024-06-28,26.79
O09412,2024-12-09,PR0291,W07,C02,East,Standard,9,6,6,2024-12-15,17.68
O09413,2024-12-09,PR0064,W06,C07,Central,Express,12,3,5,2024-12-14,18.39
O09414,2025-10-01,PR0139,W10,C01,North,Express,3,3,2,2025-10-03,12.28
O09415,2024-02-20,PR0205,W04,C03,East,Express,9,3,4,2024-02-24,22.39
O09416,2025-10-10,PR0146,W08,C04,West,Economy,9,10,13,2025-10-23,39.19
O09417,2025-03-10,PR0275,W02,C05,North,Express,1,3,2,2025-03-12,49.67
O09418,2025-03-03,PR0161,W08,C05,West,Express,9,3,1,2025-03-04,48.8
O09419,2025-06-30,PR0171,W02,C03,North,Standard,2,6,8,2025-07-08,
O09420,2024-05-23,PR0058,W09,C01,South,Economy,14,10,13,2024-06-05,26.38
O09421,2025-06-16,PR0102,W10,C03,North,Same Day,14,1,1,2025-06-17,33.16
O09422,2025-08-08,PR0164,W04,C08,East,Economy,10,10,6,2025-08-14,35.2
O09423,2025-12-15,PR0088,W04,C05,East,Economy,3,10,9,2025-12-24,19.67
O09424,2024-01-04,PR0121,W07,C01,East,Express,3,3,1,2024-01-05,37.63
O09425,2024-03-16,PR0083,W10,C06,North,Standard,2,6,5,2024-03-21,18.7
O09426,2024-12-23,PR0209,W01,C07,Central,Express,2,3,4,2024-12-27,19.75
O09427,2025-11-21,PR0232,W09,C08,South,Standard,14,6,5,2025-11-26,
O09428,2025-09-19,PR0055,W08,C02,West,Economy,2,10,9,2025-09-28,31.03
O09429,2024-07-26,PR0244,W06,C01,Central,Economy,3,10,15,2024-08-10,24.17
O09430,2025-09-25,PR0048,W01,C05,Central,Same Day,7,1,1,2025-09-26,40.06
O09431,2024-05-22,PR0221,W02,C08,North,Standard,9,6,4,2024-05-26,16.15
O09432,2024-11-11,PR0300,W03,C07,South,Economy,12,10,7,2024-11-18,19.48
O09433,2025-09-12,PR0224,W09,C04,South,Economy,4,10,10,2025-09-22,33.18
O09434,2025-02-21,PR0003,W04,C02,East,Standard,6,6,5,2025-02-26,5.12
O09435,2024-04-16,PR0199,W05,C07,West,Economy,6,10,14,2024-04-30,21.31
O09436,2025-03-13,PR0251,W08,C01,West,Standard,1,6,4,2025-03-17,22.01
O09437,2025-06-05,PR0248,W05,C07,West,Economy,11,10,6,2025-06-11,24.81
O09438,2025-02-11,PR0278,W03,C05,South,Express,10,3,2,2025-02-13,24.65
O09439,2025-02-22,PR0182,W09,C07,South,Economy,13,10,5,2025-02-27,26.84
O09440,2025-07-11,PR0271,W01,C05,Central,Same Day,1,1,1,2025-07-12,33.02
O09441,2024-01-26,PR0130,W02,C07,North,Economy,11,10,9,2024-02-04,32.84
O09442,2025-10-17,PR0070,W03,C05,South,Economy,4,10,9,2025-10-26,37.09
O09443,2025-02-15,PR0084,W03,C08,South,Express,8,3,2,2025-02-17,32.62
O09444,2024-07-07,PR0179,W08,C05,West,Economy,11,10,10,2024-07-17,24.93
O09445,2025-03-21,PR0035,W05,C05,West,Standard,4,6,5,2025-03-26,28.69
O09446,2025-08-06,PR0025,W09,C01,South,Economy,3,10,8,2025-08-14,32.35
O09447,2025-10-21,PR0143,W08,C07,West,Standard,1,6,5,2025-10-26,22.57
O09448,2025-02-08,PR0280,W04,C03,East,Express,8,3,3,2025-02-11,31.64
O09449,2024-07-10,PR0235,W01,C01,Central,Standard,4,6,8,2024-07-18,14.67
O09450,2025-04-19,PR0239,W04,C05,East,Express,5,3,4,2025-04-23,21.52
O09451,2024-11-21,PR0204,W06,C01,Central,Standard,10,6,4,2024-11-25,24.63
O09452,2024-05-18,PR0028,W04,C04,East,Same Day,8,1,1,2024-05-19,38.99
O09453,2025-09-29,PR0134,W08,C01,West,Economy,13,10,8,2025-10-07,37.14
O09454,2025-04-21,PR0088,W03,C06,South,Economy,7,10,4,2025-04-25,31.34
O09455,2024-11-26,PR0234,W01,C01,Central,Economy,5,10,9,2024-12-05,28.51
O09456,2025-01-24,PR0098,W07,C08,East,Standard,13,6,5,2025-01-29,17.29
O09457,2025-07-16,PR0262,W03,C08,South,Same Day,2,1,1,2025-07-17,22.18
O09458,2025-06-28,PR0089,W02,C08,North,Same Day,3,1,1,2025-06-29,36.27
O09459,2024-01-31,PR0216,W02,C02,North,Same Day,4,1,1,2024-02-01,55.19
O09460,2024-05-07,PR0258,W08,C04,West,Standard,14,6,10,2024-05-17,19.45
O09461,2025-01-31,PR0169,W04,C06,East,Economy,13,10,13,2025-02-13,33.56
O09462,2025-07-18,PR0154,W01,C07,,Express,11,3,3,2025-07-21,40.45
O09463,2025-08-08,PR0179,W02,C03,North,Express,9,3,1,2025-08-09,25.53
O09464,2025-08-27,PR0041,W04,C07,East,Economy,11,10,5,2025-09-01,18.9
O09465,2024-12-25,PR0007,W02,C02,North,Economy,2,10,7,2025-01-01,23.35
O09466,2024-03-23,PR0026,W02,C02,North,Same Day,2,1,1,2024-03-24,34.49
O09467,2025-06-22,PR0270,W05,C01,West,Standard,10,6,7,2025-06-29,33.02
O09468,2024-02-27,PR0179,W04,C07,East,Standard,3,6,3,2024-03-01,13.3
O09469,2024-01-05,PR0235,W01,C02,Central,Express,10,3,2,2024-01-07,34.97
O09470,2024-09-25,PR0092,W07,C05,East,Express,6,3,3,2024-09-28,16.49
O09471,2025-06-19,PR0162,W05,C03,West,Economy,12,10,11,2025-06-30,22.15
O09472,2024-12-23,PR0088,W05,C06,West,Standard,5,6,6,2024-12-29,17.92
O09473,2025-10-03,PR0262,W09,C04,South,Standard,9,6,8,2025-10-11,8.38
O09474,2024-05-24,PR0039,W01,C03,Central,Express,4,3,2,2024-05-26,28.33
O09475,2024-01-19,PR0260,W02,C07,North,Standard,2,6,8,2024-01-27,13.13
O09476,2024-06-02,PR0255,W07,C06,East,Standard,1,6,4,2024-06-06,36.04
O09477,2024-03-06,PR0065,W06,C05,Central,Economy,9,10,8,2024-03-14,34.94
O09478,2025-10-02,PR0243,W02,C06,North,Economy,5,10,8,2025-10-10,36.14
O09479,2024-10-08,PR0248,W09,C01,South,Standard,8,6,5,2024-10-13,26.9
O09480,2025-02-15,PR0090,W01,C06,Central,Same Day,8,1,1,2025-02-16,21.76
O09481,2024-06-01,PR0130,W09,C03,South,Express,6,3,4,2024-06-05,23.45
O09482,2024-08-20,PR0109,W09,C03,South,Economy,13,10,6,2024-08-26,42.29
O09483,2025-09-11,PR0223,W03,C03,South,Standard,8,6,2,2025-09-13,24.34
O09484,2025-10-11,PR0040,W06,C02,Central,Standard,4,6,5,2025-10-16,23.4
O09485,2025-01-28,PR0143,W03,C05,South,Standard,11,6,7,2025-02-04,11.67
O09486,2024-01-14,PR0157,W05,C01,West,Express,5,3,2,2024-01-16,39.46
O09487,2024-01-21,PR0172,W03,C05,South,Same Day,7,1,1,2024-01-22,40.05
O09488,2024-06-25,PR0177,W08,C07,West,Economy,11,10,9,2024-07-04,30.01
O09489,2024-05-22,PR0180,W04,C01,East,Economy,11,10,12,2024-06-03,30.14
O09490,2025-01-07,PR0034,W09,C08,South,Economy,5,10,12,2025-01-19,26.07
O09491,2025-10-12,PR0155,W07,C01,East,Standard,2,6,8,2025-10-20,48.59
O09492,2025-12-15,PR0101,W07,C03,East,Economy,5,10,4,2025-12-19,22.24
O09493,2025-12-07,PR0131,W02,C03,North,Same Day,3,1,2,2025-12-09,31.91
O09494,2024-11-08,PR0042,W08,C07,West,standard,14,1,1,2024-11-09,44.97
O09495,2025-02-21,PR0076,W08,C01,West,Same Day,11,1,2,2025-02-23,22.33
O09496,2024-02-20,PR0266,W05,C07,West,Economy,4,10,3,2024-02-23,26.05
O09497,2024-08-01,PR0056,W04,C03,East,Same Day,4,1,1,2024-08-02,34.6
O09498,2024-09-16,PR0279,W07,C02,East,Express,5,3,5,2024-09-21,42.74
O09499,2024-09-17,PR0105,W04,C07,East,Standard,14,6,5,2024-09-22,13.37
O09500,2024-10-14,PR0057,W05,C07,West,Economy,7,10,10,2024-10-24,38.02
O09501,2025-07-16,PR0126,W01,C03,Central,Economy,6,10,9,2025-07-25,13.68
O09502,2024-12-28,PR0100,W01,C07,Central,Express,13,3,2,2024-12-30,38.64
O09503,2025-11-13,PR0109,W07,C04,East,Express,7,3,2,2025-11-15,18.38
O09504,2024-10-30,PR0066,W06,C05,Central,Express,10,3,3,2024-11-02,27.01
O09505,2025-11-08,PR0017,W07,C02,East,Economy,7,10,9,2025-11-17,32.19
O09506,2025-10-07,PR0195,W03,C01,South,Economy,5,10,9,2025-10-16,32.68
O09507,2025-05-21,PR0203,W03,C07,South,Economy,14,10,9,2025-05-30,41.5
O09508,2025-02-05,PR0160,W07,C07,East,Same Day,6,1,1,2025-02-06,34.12
O09509,2024-09-03,PR0116,W03,C01,South,Standard,7,6,3,2024-09-06,21.71
O09510,2025-11-09,PR0101,W08,C01,West,Economy,2,10,9,2025-11-18,
O09511,2025-01-08,PR0174,W01,C05,Central,Economy,11,10,6,2025-01-14,20.99
O09512,2024-01-05,PR0147,W06,C04,Central,Same Day,9,1,1,2024-01-06,50.51
O09513,2024-09-06,PR0144,W03,C01,South,Economy,14,10,11,2024-09-17,11.26
O09514,2025-09-16,PR0031,W01,C06,Central,Express,5,3,1,2025-09-17,31.71
O09515,2025-11-03,PR0291,W07,C08,East,Same Day,13,1,1,2025-11-04,33.18
O09516,2024-09-06,PR0169,W08,C03,West,Same Day,4,1,1,2024-09-07,40.33
O09517,2025-07-02,PR0298,W02,C06,North,Same Day,1,1,1,2025-07-03,32.76
O09518,2024-01-25,PR0031,W07,C03,East,Same Day,1,1,1,2024-01-26,27.38
O09519,2024-03-02,PR0033,W07,C02,East,Standard,1,6,4,2024-03-06,24.74
O09520,2025-09-02,PR0076,W03,C03,South,Same Day,2,1,1,2025-09-03,21.64
O09521,2025-02-14,PR0211,W05,C02,West,Express,4,3,1,2025-02-15,17.64
O09522,2024-01-09,PR0282,W10,C05,North,Economy,10,10,9,2024-01-18,38.76
O09523,2024-07-20,PR0293,W04,C04,East,Express,8,3,5,2024-07-25,28.76
O09524,2025-09-09,PR0020,W03,C04,South,Standard,14,6,5,2025-09-14,3.0
O09525,2025-12-14,PR0204,W05,C04,West,Economy,5,10,10,2025-12-24,21.57
O09526,2024-08-20,PR0069,W08,C02,West,Express,14,3,3,2024-08-23,15.8
O09527,2025-08-27,PR0019,W04,C08,East,Same Day,6,1,1,2025-08-28,26.15
O09528,2025-10-12,PR0220,W04,C04,East,Standard,5,6,4,2025-10-16,23.67
O09529,2024-09-04,PR0197,W06,C06,Central,Standard,14,6,4,2024-09-08,3.0
O09530,2024-03-05,PR0171,W08,C05,West,Express,11,3,2,2024-03-07,25.88
O09531,2024-12-09,PR0028,W06,C04,Central,Same Day,11,1,1,2024-12-10,36.67
O09532,2024-04-22,PR0206,W04,C06,East,Standard,11,6,5,2024-04-27,10.83
O09533,2025-11-23,PR0234,W09,C05,South,Standard,6,6,7,2025-11-30,14.13
O09534,2024-11-03,PR0264,W04,C07,East,Standard,14,6,6,2024-11-09,3.0
O09535,2025-11-04,PR0228,W09,C01,South,Standard,3,6,3,2025-11-07,28.31
O09536,2024-11-15,PR0275,W03,C03,South,Same Day,8,1,1,2024-11-16,27.18
O09537,2024-08-20,PR0120,W10,C06,North,Express,11,3,2,2024-08-22,37.77
O09538,2025-04-20,PR0181,W01,C05,Central,Same Day,8,1,1,2025-04-21,26.12
O09539,2025-12-01,PR0133,W09,C01,South,Express,11,3,2,2025-12-03,35.41
O09540,2025-05-18,PR0175,W06,C03,Central,Same Day,12,1,1,2025-05-19,36.67
O09541,2024-07-11,PR0215,W02,C01,North,Standard,13,6,5,2024-07-16,10.06
O09542,2024-04-24,PR0072,W09,C05,South,Express,14,3,5,2024-04-29,25.57
O09543,2025-11-03,PR0147,W07,C05,East,Standard,10,6,4,2025-11-07,18.71
O09544,2024-10-08,PR0158,W09,C03,South,Economy,12,10,6,2024-10-14,24.06
O09545,2025-01-01,PR0024,W03,C03,South,Economy,11,10,6,2025-01-07,25.94
O09546,2024-09-27,PR0273,W03,C06,South,Economy,14,10,3,2024-09-30,36.99
O09547,2025-11-22,PR0075,W08,C08,,Express,11,3,3,2025-11-25,15.24
O09548,2025-11-14,PR0081,W04,C07,East,Standard,14,6,5,2025-11-19,16.87
O09549,2025-12-09,PR0120,W10,C06,North,Same Day,12,1,2,2025-12-11,28.92
O09550,2025-05-22,PR0231,W09,C08,South,Express,11,3,5,2025-05-27,40.2
O09551,2025-07-21,PR0205,W07,C03,East,Same Day,3,1,1,2025-07-22,13.68
O09552,2024-10-26,PR0110,W07,C01,East,Standard,14,6,7,2024-11-02,14.48
O09553,2024-09-22,PR0086,W08,C05,West,Standard,11,6,4,2024-09-26,10.95
O09554,2025-09-10,PR0228,W10,C05,North,Express,8,3,3,2025-09-13,27.4
O09555,2024-11-27,PR0050,W02,C02,North,Standard,3,6,2,2024-11-29,26.5
O09556,2025-05-03,PR0112,W04,C06,East,Same Day,7,1,1,2025-05-04,43.79
O09557,2025-01-01,PR0253,W07,C05,East,Express,13,3,6,2025-01-07,21.16
O09558,2025-12-06,PR0154,W08,C07,West,Standard,11,6,2,2025-12-08,25.88
O09559,2025-03-03,PR0069,W09,C04,South,Economy,7,10,9,2025-03-12,19.42
O09560,2024-07-09,PR0254,W01,C06,Central,Standard,9,6,2,2024-07-11,30.0
O09561,2025-03-01,PR0235,W05,C08,West,Express,11,3,1,2025-03-02,24.87
O09562,2024-09-10,PR0280,W08,C05,West,Same Day,6,1,1,2024-09-11,35.68
O09563,2025-01-29,PR0075,W02,C04,North,Express,11,3,4,2025-02-02,33.83
O09564,2024-03-29,PR0210,W04,C04,East,Economy,9,10,11,2024-04-09,19.07
O09565,2025-01-18,PR0162,W08,C01,West,Express,11,3,3,2025-01-21,14.61
O09566,2025-03-11,PR0185,W04,C01,East,Standard,7,6,5,2025-03-16,19.18
O09567,2024-06-26,PR0054,W08,C06,West,Standard,10,6,7,2024-07-03,31.9
O09568,2025-06-10,PR0014,W04,C01,East,Standard,4,6,7,2025-06-17,17.16
O09569,2025-06-07,PR0008,W08,C04,West,Economy,1,10,10,2025-06-17,35.89
O09570,2024-06-12,PR0273,W10,C06,North,Standard,13,6,3,2024-06-15,19.63
O09571,2025-03-10,PR0140,W01,C07,Central,Express,13,3,2,2025-03-12,43.75
O09572,2024-03-26,PR0067,W01,C02,Central,Economy,9,10,3,2024-03-29,29.95
O09573,2024-09-03,PR0228,W10,C08,North,Express,13,3,3,2024-09-06,35.09
O09574,2025-09-25,PR0141,W01,C02,Central,Same Day,6,1,2,2025-09-27,28.02
O09575,2024-03-16,PR0232,W08,C07,West,Economy,6,10,6,2024-03-22,15.37
O09576,2024-03-01,PR0217,W04,C08,East,Same Day,2,1,2,2024-03-03,25.65
O09577,2024-02-03,PR0063,W07,C05,East,Express,2,3,-2,2024-02-05,20.28
O09578,2024-05-08,PR0177,W05,C02,West,Economy,4,10,7,2024-05-15,28.57
O09579,2024-08-21,PR0012,W02,C08,North,Express,9,3,1,2024-08-22,17.84
O09580,2024-08-08,PR0123,W07,C03,East,Express,14,3,3,2024-08-11,35.93
O09581,2025-06-27,PR0220,W01,C08,Central,Standard,6,6,4,2025-07-01,17.11
O09582,2024-11-11,PR0083,W01,C07,Central,Same Day,7,1,1,2024-11-12,43.29
O09583,2024-04-02,PR0178,W04,C07,East,Express,1,3,2,2024-04-04,29.61
O09584,2024-02-28,PR0040,W09,C04,South,Same Day,9,1,1,2024-02-29,13.4
O09585,2025-09-14,PR0045,W09,C06,South,Economy,14,10,12,2025-09-26,32.78
O09586,2024-10-31,PR0109,W07,C06,East,Standard,14,6,4,2024-11-04,20.0
O09587,2025-11-26,PR0087,W03,C03,South,Express,9,3,3,2025-11-29,25.99
O09588,2024-08-31,PR0232,W02,C04,North,Express,11,3,3,2024-09-03,36.4
O09589,2024-09-18,PR0284,W09,C08,South,Economy,9,10,12,2024-09-30,23.35
O09590,2025-01-05,PR0145,W04,C06,East,Economy,2,10,7,2025-01-12,33.32
O09591,2025-01-22,PR0233,W08,C08,West,Express,14,3,7,2025-01-29,13.59
O09592,2025-09-12,PR0289,W06,C02,Central,Standard,4,6,7,2025-09-19,13.32
O09593,2024-04-22,PR0295,W07,C05,East,Same Day,4,1,1,2024-04-23,37.71
O09594,2025-08-27,PR0064,W10,C02,North,Same Day,11,1,1,2025-08-28,27.22
O09595,2025-10-05,PR0125,W07,C01,East,Express,14,3,3,2025-10-08,38.13
O09596,2024-03-28,PR0227,W06,C01,Central,Express,7,3,1,2024-03-29,25.24
O09597,2025-10-24,PR0113,W04,C04,East,Express,4,3,5,2025-10-29,36.85
O09598,2025-03-22,PR0190,W01,C06,Central,Same Day,5,1,1,2025-03-23,25.34
O09599,2024-08-18,PR0207,W02,C08,North,Standard,1,6,7,2024-08-25,5.77
O09600,2025-12-03,PR0033,W09,C02,South,Economy,13,10,12,2025-12-15,9.84
O09601,2025-05-10,PR0131,W02,C06,North,Standard,13,6,8,2025-05-18,22.72
O09602,2024-11-24,PR0054,W02,C01,North,Economy,10,10,9,2024-12-03,27.21
O09603,2024-05-30,PR0286,W06,C03,Central,Standard,8,6,4,2024-06-03,3.0
O09604,2025-11-20,PR0203,W05,C01,West,Express,2,3,2,2025-11-22,27.23
O09605,2025-02-03,PR0107,W04,C07,East,Standard,5,6,3,2025-02-06,29.22
O09606,2025-04-07,PR0067,W09,C08,South,Express,8,3,1,2025-04-08,3.0
O09607,2025-06-05,PR0084,W02,C05,North,Economy,4,10,8,2025-06-13,34.74
O09608,2024-05-24,PR0087,W06,C06,Central,Standard,13,6,3,2024-05-27,11.69
O09609,2024-02-24,PR0236,W01,C01,Central,Economy,12,10,15,2024-03-10,35.92
O09610,2024-08-22,PR0041,W01,C01,Central,Express,1,3,1,2024-08-23,18.33
O09611,2024-06-09,PR0223,W02,C08,North,Express,12,3,5,2024-06-14,26.71
O09612,2025-02-10,PR0259,W06,C06,Central,Standard,5,6,9,2025-02-19,17.23
O09613,2024-11-25,PR0019,W05,C05,West,Express,3,3,2,2024-11-27,15.68
O09614,2025-11-26,PR0202,W05,C06,West,Economy,3,10,9,2025-12-05,38.12
O09615,2025-05-10,PR0010,W02,C05,North,Standard,14,6,7,2025-05-17,20.52
O09616,2025-01-02,PR0144,W09,C08,South,Economy,7,10,10,2025-01-12,33.13
O09617,2025-05-14,PR0044,W02,C04,North,Economy,12,10,6,2025-05-20,33.5
O09618,2025-10-20,PR0283,W04,C04,East,Same Day,5,1,1,2025-10-21,21.06
O09619,2025-09-01,PR0049,W06,C06,Central,Standard,11,6,5,2025-09-06,15.91
O09620,2025-01-17,PR0108,W09,C05,South,Standard,8,6,5,2025-01-22,14.42
O09621,2024-09-17,PR0221,W07,C03,East,Same Day,8,1,1,2024-09-18,28.99
O09622,2024-02-22,PR0025,W10,C06,North,Express,8,3,3,2024-02-25,28.97
O09623,2024-01-07,PR0252,W03,C02,South,Economy,12,10,6,2024-01-13,24.94
O09624,2025-06-17,PR0061,W03,C04,South,Economy,13,10,11,2025-06-28,38.52
O09625,2025-07-22,PR0102,W01,C03,,Standard,1,6,2,2025-07-24,27.7
O09626,2024-08-06,PR0249,W04,C08,East,Same Day,3,1,1,2024-08-07,27.35
O09627,2024-02-26,PR0149,W09,C03,South,Same Day,3,1,1,2024-02-27,29.32
O09628,2025-05-30,PR0165,W08,C04,West,Economy,13,10,4,2025-06-03,43.98
O09629,2025-02-10,PR0283,W02,C03,North,Express,2,3,4,2025-02-14,28.89
O09630,2025-10-26,PR0147,W02,C03,North,Same Day,11,1,1,2025-10-27,35.93
O09631,2024-01-09,PR0215,W01,C06,Central,Express,12,3,4,2024-01-13,20.84
O09632,2024-10-06,PR0299,W08,C04,West,Economy,6,10,11,2024-10-17,23.3
O09633,2025-11-26,PR0099,W07,C04,East,Same Day,8,1,1,2025-11-27,28.33
O09634,2025-10-02,PR0032,W10,C06,North,Express,14,3,1,2025-10-03,33.64
O09635,2024-09-02,PR0190,W05,C08,West,Standard,10,6,9,2024-09-11,21.47
O09636,2024-02-15,PR0171,W10,C03,North,Express,10,3,4,2024-02-19,23.46
O09637,2025-07-16,PR0214,W09,C02,South,Economy,11,10,5,2025-07-21,30.47
O09638,2024-06-25,PR0038,W10,C07,North,Standard,7,6,5,2024-06-30,10.61
O09639,2024-11-17,PR0266,W10,C01,North,Express,13,3,3,2024-11-20,17.9
O09640,2024-09-07,PR0100,W04,C02,East,Economy,9,10,7,2024-09-14,32.43
O09641,2024-03-02,PR0234,W10,C08,North,Same Day,12,1,1,2024-03-03,37.37
O09642,2024-06-12,PR0102,W09,C02,South,Standard,6,6,8,2024-06-20,18.4
O09643,2024-04-10,PR0171,W09,C02,South,Express,4,3,3,2024-04-13,37.37
O09644,2025-01-05,PR0277,W03,C02,South,Express,11,3,3,2025-01-08,16.96
O09645,2024-02-02,PR0200,W06,C01,Central,Express,8,3,5,2024-02-07,51.1
O09646,2025-12-02,PR0201,W10,C02,North,Economy,1,10,10,2025-12-12,43.16
O09647,2025-06-19,PR0243,W02,C01,North,Economy,10,10,9,2025-06-28,17.24
O09648,2024-08-15,PR0028,W05,C05,West,Standard,3,6,7,2024-08-22,24.02
O09649,2024-08-31,PR0141,W01,C05,Central,Standard,6,6,9,2024-09-09,28.68
O09650,2025-10-26,PR0002,W05,C01,West,Express,14,3,6,2025-11-01,24.16
O09651,2025-01-24,PR0279,W01,C07,Central,Standard,11,6,6,2025-01-30,17.31
O09652,2025-04-22,PR0038,W01,C04,Central,Same Day,5,1,1,2025-04-23,14.7
O09653,2025-10-25,PR0226,W08,C06,West,Economy,9,10,14,2025-11-08,32.1
O09654,2025-05-08,PR0086,W03,C02,South,Standard,1,6,4,2025-05-12,24.0
O09655,2024-02-13,PR0087,W10,C05,North,Same Day,12,1,1,2024-02-14,9.88
O09656,2024-05-12,PR0274,W10,C01,North,Same Day,8,1,1,2024-05-13,25.05
O09657,2025-12-16,PR0293,W10,C02,North,Standard,6,6,4,2025-12-20,14.69
O09658,2025-04-30,PR0050,W10,C05,North,Economy,1,10,6,2025-05-06,43.3
O09659,2024-04-26,PR0024,W08,C04,West,Express,3,3,1,2024-04-27,38.02
O09660,2024-10-02,PR0230,W01,C04,Central,Same Day,5,1,1,2024-10-03,27.74
O09661,2024-01-29,PR0077,W01,C01,Central,Same Day,9,1,1,2024-01-30,34.94
O09662,2024-04-16,PR0198,W09,C04,South,Express,12,3,3,2024-04-19,27.46
O09663,2025-04-14,PR0096,W02,C05,North,Same Day,9,1,1,2025-04-15,37.13
O09664,2024-03-23,PR0163,W10,C05,North,Standard,2,6,10,2024-04-02,12.01
O09665,2025-09-29,PR0195,W07,C01,East,Same Day,4,1,1,2025-09-30,19.22
O09666,2025-01-05,PR0179,W07,C03,East,Same Day,9,1,1,2025-01-06,36.78
O09667,2025-03-06,PR0299,W01,C03,Central,Economy,11,10,11,2025-03-17,34.68
O09668,2024-05-25,PR0296,W01,C07,Central,Economy,14,10,12,2024-06-06,36.11
O09669,2024-12-18,PR0190,W04,C07,East,Economy,12,10,14,2025-01-01,44.94
O09670,2024-04-27,PR0158,W06,C07,Central,Express,10,3,1,2024-04-28,32.93
O09671,2025-04-09,PR0003,W05,C02,West,Economy,6,10,9,2025-04-18,42.01
O09672,2024-03-21,PR0188,W09,C01,South,Economy,10,10,11,2024-04-01,27.76
O09673,2025-04-01,PR0229,W02,C01,North,Economy,14,10,10,2025-04-11,19.84
O09674,2024-05-24,PR0174,W05,C07,West,Express,1,3,5,2024-05-29,14.65
O09675,2025-08-21,PR0118,W04,C07,East,Economy,14,10,7,2025-08-28,33.95
O09676,2024-04-19,PR0130,W03,C01,South,Economy,2,10,3,2024-04-22,31.33
O09677,2025-01-25,PR0289,W05,C01,West,Express,12,3,2,2025-01-27,17.54
O09678,2024-01-26,PR0266,W07,C03,East,Same Day,9,1,1,2024-01-27,25.72
O09679,2025-05-21,PR0081,W03,C05,South,Economy,13,10,10,2025-05-31,26.67
O09680,2024-04-10,PR0250,W09,C04,South,Economy,13,10,5,2024-04-15,29.3
O09681,2024-10-20,PR0265,W10,C07,North,Express,6,3,3,2024-10-23,15.22
O09682,2024-05-23,PR0131,W09,C07,South,Same Day,2,1,1,2024-05-24,51.79
O09683,2025-11-14,PR0240,W08,C05,West,Standard,1,6,5,2025-11-19,27.38
O09684,2024-11-05,PR0133,W04,C03,East,Economy,11,10,12,2024-11-17,42.78
O09685,2025-01-25,PR0017,W09,C04,South,Economy,2,10,15,2025-02-09,19.89
O09686,2025-03-10,PR0170,W09,C08,South,Express,3,3,4,2025-03-14,10.68
O09687,2024-01-01,PR0211,W07,C07,East,Standard,6,6,3,2024-01-04,11.05
O09688,2024-03-14,PR0249,W05,C04,West,Economy,9,10,13,2024-03-27,25.55
O09689,2024-04-09,PR0169,W04,C03,East,Express,8,3,3,2024-04-12,27.24
O09690,2025-10-03,PR0237,W10,C03,North,Same Day,7,1,1,2025-10-04,29.15
O09691,2024-07-09,PR0110,W07,C02,East,Express,3,3,1,2024-07-10,34.96
O09692,2024-04-25,PR0188,W06,C03,Central,Economy,14,10,5,2024-04-30,47.23
O09693,2025-06-28,PR0244,W08,C06,West,Express,14,3,3,2025-07-01,18.37
O09694,2025-03-01,PR0141,W04,C01,East,Economy,7,10,12,2025-03-13,25.34
O09695,2024-01-28,PR0241,W07,C02,East,Economy,5,10,14,2024-02-11,31.91
O09696,2024-11-16,PR0179,W08,C02,West,Economy,6,10,13,2024-11-29,22.55
O09697,2025-08-30,PR0089,W06,C02,Central,Economy,4,10,8,2025-09-07,44.49
O09698,2024-01-23,PR0275,W09,C02,South,Economy,8,10,15,2024-02-07,26.86
O09699,2025-07-18,PR0198,W06,C04,Central,Express,1,3,5,2025-07-23,30.91
O09700,2024-01-04,PR0134,W02,C05,North,Same Day,13,1,1,2024-01-05,35.8
O09701,2025-07-08,PR0182,W03,C07,South,Economy,8,10,9,2025-07-17,32.85
O09702,2025-11-30,PR0008,W06,C02,Central,Express,7,3,1,2025-12-01,37.42
O09703,2025-02-15,PR0134,W09,C05,South,Standard,9,6,3,2025-02-18,35.57
O09704,2024-12-18,PR0033,W01,C07,Central,Express,10,3,3,2024-12-21,21.52
O09705,2024-05-28,PR0059,W01,C03,Central,standard,4,6,2,2024-05-30,16.47
O09706,2025-11-08,PR0104,W09,C05,South,Economy,7,10,11,2025-11-19,44.51
O09707,2024-02-29,PR0210,W08,C01,West,Same Day,12,1,1,2024-03-01,54.55
O09708,2025-09-04,PR0172,W09,C04,South,Same Day,13,1,2,2025-09-06,39.84
O09709,2024-03-06,PR0260,W10,C07,North,Same Day,11,1,1,2024-03-07,26.54
O09710,2024-02-21,PR0235,W08,C08,West,Express,7,3,3,2024-02-24,41.09
O09711,2025-08-15,PR0082,W02,C01,North,Standard,13,6,3,2025-08-18,3.0
O09712,2025-07-10,PR0058,W05,C05,West,Express,4,3,4,2025-07-14,36.39
O09713,2024-05-11,PR0011,W06,C01,Central,Express,11,3,1,2024-05-12,38.55
O09714,2024-10-14,PR0011,W05,C02,West,Standard,6,6,4,2024-10-18,31.69
O09715,2025-06-15,PR0046,W09,C04,South,Standard,1,6,5,2025-06-20,9.97
O09716,2024-03-30,PR0264,W01,C08,Central,Standard,10,6,8,2024-04-07,27.63
O09717,2025-04-02,PR0112,W06,C05,Central,Economy,2,10,9,2025-04-11,30.5
O09718,2025-10-29,PR0124,W02,C04,North,Economy,13,10,13,2025-11-11,31.53
O09719,2024-12-08,PR0156,W05,C04,West,Same Day,6,1,1,2024-12-09,18.51
O09720,2025-08-13,PR0163,W05,C04,West,Same Day,7,1,1,2025-08-14,35.86
O09721,2025-08-18,PR0027,W06,C06,Central,Economy,1,10,12,2025-08-30,19.68
O09722,2025-10-01,PR0256,W06,C07,Central,Standard,8,6,7,2025-10-08,28.28
O09723,2024-11-19,PR0249,W09,C04,South,Express,2,3,5,2024-11-24,42.04
O09724,2024-04-19,PR0233,W05,C01,West,Standard,9,6,2,2024-04-21,26.4
O09725,2024-04-23,PR0214,W07,C03,East,Economy,10,10,13,2024-05-06,35.01
O09726,2024-12-09,PR0028,W08,C07,West,Same Day,10,1,1,2024-12-10,41.37
O09727,2025-06-13,PR0186,W02,C08,North,Standard,5,6,4,2025-06-17,16.15
O09728,2024-01-10,PR0293,W05,C03,West,Standard,9,6,3,2024-01-13,28.21
O09729,2025-05-19,PR0258,W03,C07,South,Same Day,1,1,1,2025-05-20,20.83
O09730,2025-02-20,PR0152,W09,C02,South,Standard,6,6,6,2025-02-26,16.33
O09731,2025-02-21,PR0241,W09,C07,South,Standard,14,6,4,2025-02-25,20.07
O09732,2024-06-21,PR0294,W01,C02,Central,Economy,2,10,6,2024-06-27,48.2
O09733,2025-01-10,PR0087,W04,C03,East,Economy,12,10,8,2025-01-18,27.83
O09734,2024-07-01,PR0037,W08,C01,West,Standard,9,6,4,2024-07-05,15.75
O09735,2025-03-04,PR0218,W06,C03,Central,Same Day,12,1,1,2025-03-05,34.01
O09736,2025-09-15,PR0053,W05,C02,West,Express,2,3,1,2025-09-16,28.66
O09737,2025-05-14,PR0080,W01,C07,Central,Standard,13,6,6,2025-05-20,33.84
O09738,2024-03-31,PR0120,W01,C07,Central,Express,8,3,1,2024-04-01,21.94
O09739,2025-06-22,PR0270,W06,C02,Central,Standard,14,6,5,2025-06-27,13.25
O09740,2025-02-05,PR0138,W01,C03,Central,Express,3,3,3,2025-02-08,40.16
O09741,2025-12-15,PR0100,W02,C04,North,Standard,8,6,6,2025-12-21,6.66
O09742,2024-07-31,PR0181,W10,C07,North,Economy,10,10,10,2024-08-10,17.2
O09743,2024-03-19,PR0078,W05,C07,West,Economy,4,10,7,2024-03-26,33.81
O09744,2024-12-22,PR0172,W09,C03,South,Express,13,3,3,2024-12-25,28.75
O09745,2024-04-27,PR0023,W05,C05,West,Express,13,3,3,2024-04-30,39.19
O09746,2025-12-08,PR0238,W09,C04,South,Economy,1,10,13,2025-12-21,25.46
O09747,2024-05-03,PR0107,W09,C08,South,Standard,12,6,6,2024-05-09,18.48
O09748,2025-04-26,PR0135,W06,C03,,Same Day,6,1,1,2025-04-27,34.48
O09749,2024-10-01,PR0178,W01,C04,Central,Standard,2,6,7,2024-10-08,22.89
O09750,2024-02-16,PR0272,W04,C04,East,Standard,8,6,6,2024-02-22,19.85
O09751,2024-09-05,PR0100,W08,C04,West,Express,8,3,6,2024-09-11,23.75
O09752,2025-09-07,PR0075,W07,C07,East,Same Day,1,1,1,2025-09-08,44.91
O09753,2025-01-15,PR0178,W06,C03,Central,Same Day,1,1,1,2025-01-16,32.29
O09754,2025-05-30,PR0032,W09,C07,South,Same Day,8,1,1,2025-05-31,14.21
O09755,2025-12-12,PR0238,W08,C03,West,Express,8,3,3,2025-12-15,10.7
O09756,2025-11-27,PR0043,W01,C08,Central,Standard,6,6,7,2025-12-04,21.88
O09757,2024-06-05,PR0139,W08,C02,West,Same Day,5,1,1,2024-06-06,16.11
O09758,2024-08-11,PR0232,W01,C04,Central,Express,4,3,2,2024-08-13,42.02
O09759,2024-05-28,PR0032,W07,C01,East,Same Day,6,1,1,2024-05-29,34.92
O09760,2024-04-18,PR0166,W08,C08,West,Same Day,11,1,1,2024-04-19,33.07
O09761,2024-03-12,PR0268,W06,C07,Central,Express,8,3,3,2024-03-15,34.67
O09762,2024-11-26,PR0105,W01,C08,Central,Standard,11,6,4,2024-11-30,14.67
O09763,2025-10-06,PR0115,W04,C04,East,Economy,8,10,8,2025-10-14,39.69
O09764,2025-03-07,PR0209,W03,C02,South,standard,6,6,3,2025-03-10,12.34
O09765,2025-12-21,PR0293,W09,C08,South,Express,5,3,2,2025-12-23,52.43
O09766,2025-02-19,PR0179,W02,C01,North,Standard,1,6,3,2025-02-22,7.93
O09767,2025-12-13,PR0296,W01,C01,Central,Economy,12,10,10,2025-12-23,26.06
O09768,2024-08-26,PR0191,W06,C07,Central,Same Day,5,1,1,2024-08-27,38.86
O09769,2025-01-01,PR0128,W07,C05,East,Standard,5,6,8,2025-01-09,9.34
O09770,2024-07-31,PR0119,W01,C08,Central,Same Day,8,1,1,2024-08-01,32.15
O09771,2024-11-21,PR0100,W03,C08,South,Standard,8,6,3,2024-11-24,28.93
O09772,2024-11-17,PR0145,W05,C05,West,Express,12,3,4,2024-11-21,28.61
O09773,2024-02-23,PR0260,W06,C06,Central,Express,1,3,2,2024-02-25,34.4
O09774,2024-01-09,PR0088,W05,C01,West,Economy,14,10,9,2024-01-18,27.69
O09775,2025-06-17,PR0105,W07,C08,East,Standard,8,6,7,2025-06-24,30.93
O09776,2025-10-28,PR0127,W01,C05,Central,Economy,7,10,8,2025-11-05,29.74
O09777,2025-12-13,PR0221,W07,C08,East,Same Day,11,1,1,2025-12-14,20.85
O09778,2025-08-16,PR0179,W06,C07,Central,Economy,10,10,3,2025-08-19,41.33
O09779,2024-05-18,PR0192,W04,C07,East,Standard,12,6,3,2024-05-21,20.15
O09780,2025-07-29,PR0093,W06,C02,Central,Express,11,3,4,2025-08-02,28.14
O09781,2025-12-20,PR0195,W10,C05,North,Economy,7,10,7,2025-12-27,18.2
O09782,2025-05-10,PR0007,W09,C06,South,Same Day,11,1,2,2025-05-12,6.91
O09783,2025-10-28,PR0212,W02,C08,North,Economy,10,10,10,2025-11-07,20.73
O09784,2025-02-14,PR0156,W06,C05,Central,Standard,12,6,3,2025-02-17,35.98
O09785,2024-03-09,PR0030,W03,C04,South,Express,3,3,4,2024-03-13,32.13
O09786,2025-09-28,PR0233,W08,C02,,Express,9,3,3,2025-10-01,35.79
O09787,2025-03-15,PR0287,W05,C05,West,Standard,1,6,8,2025-03-23,15.58
O09788,2025-05-04,PR0148,W03,C04,South,Standard,4,6,6,2025-05-10,7.52
O09789,2025-05-05,PR0120,W03,C01,South,Same Day,6,1,1,2025-05-06,28.68
O09790,2024-01-12,PR0149,W03,C02,South,Same Day,14,1,2,2024-01-14,29.67
O09791,2024-05-15,PR0269,W09,C01,South,Express,12,3,4,2024-05-19,41.87
O09792,2024-10-03,PR0144,W10,C03,North,Express,3,3,4,2024-10-07,29.9
O09793,2024-03-03,PR0024,W08,C03,West,Express,10,3,3,2024-03-06,26.3
O09794,2024-07-08,PR0003,W03,C03,South,Economy,12,10,7,2024-07-15,29.13
O09795,2024-11-16,PR0057,W04,C05,East,Standard,4,6,6,2024-11-22,6.3
O09796,2024-04-06,PR0160,W01,C02,Central,Standard,10,6,11,2024-04-17,21.91
O09797,2025-10-26,PR0105,W04,C04,East,Same Day,3,1,1,2025-10-27,41.65
O09798,2024-10-01,PR0211,W03,C07,South,Same Day,5,1,1,2024-10-02,15.64
O09799,2025-07-20,PR0114,W07,C06,East,Express,2,3,3,2025-07-23,33.26
O09800,2025-11-16,PR0294,W02,C05,North,Express,5,3,3,2025-11-19,18.85
O09801,2025-12-10,PR0295,W07,C01,East,Express,8,3,5,2025-12-15,31.8
O09802,2025-01-11,PR0029,W10,C02,North,Same Day,11,1,2,2025-01-13,30.06
O09803,2025-03-25,PR0201,W08,C03,West,Same Day,4,1,1,2025-03-26,35.16
O09804,2025-12-19,PR0131,W02,C08,North,Standard,2,6,4,2025-12-23,27.05
O09805,2025-11-15,PR0208,W06,C03,Central,Economy,1,10,12,2025-11-27,18.81
O09806,2025-11-04,PR0058,W02,C07,North,Same Day,2,1,1,2025-11-05,37.3
O09807,2025-03-02,PR0293,W07,C01,East,Standard,8,6,8,2025-03-10,11.27
O09808,2025-09-19,PR0283,W06,C03,Central,Same Day,7,1,1,2025-09-20,32.1
O09809,2024-04-15,PR0274,W07,C01,East,Economy,4,10,8,2024-04-23,24.12
O09810,2024-12-25,PR0056,W09,C06,South,Standard,7,6,2,2024-12-27,19.63
O09811,2024-07-16,PR0165,W08,C06,West,Standard,12,6,3,2024-07-19,20.15
O09812,2024-11-23,PR0125,W07,C05,East,Express,13,3,3,2024-11-26,3.0
O09813,2024-11-03,PR0009,W04,C05,East,Standard,1,6,9,2024-11-12,21.89
O09814,2025-12-01,PR0051,W01,C02,Central,Standard,9,6,4,2025-12-05,23.91
O09815,2025-06-04,PR0205,W09,C03,South,Economy,10,10,11,2025-06-15,29.1
O09816,2024-03-18,PR0230,W02,C04,North,Standard,10,6,8,2024-03-26,12.04
O09817,2025-10-20,PR0108,W09,C06,South,Same Day,11,1,1,2025-10-21,13.84
O09818,2025-01-27,PR0280,W07,C01,East,Same Day,8,1,1,2025-01-28,36.73
O09819,2024-07-04,PR0066,W06,C03,Central,Express,9,3,4,2024-07-08,16.55
O09820,2024-02-06,PR0106,W03,C07,South,Express,13,3,5,2024-02-11,27.78
O09821,2025-05-06,PR0204,W08,C04,West,Economy,8,10,8,2025-05-14,23.92
O09822,2025-03-19,PR0161,W01,C05,Central,Economy,3,10,4,2025-03-23,27.24
O09823,2025-09-06,PR0274,W09,C06,South,Express,11,3,1,2025-09-07,30.2
O09824,2025-08-06,PR0237,W04,C06,East,Express,11,3,5,2025-08-11,21.74
O09825,2024-08-25,PR0266,W01,C05,Central,Economy,14,10,15,2024-09-09,31.46
O09826,2024-04-05,PR0072,W06,C08,Central,Same Day,13,1,1,2024-04-06,37.42
O09827,2024-04-05,PR0122,W02,C01,North,Express,10,3,2,2024-04-07,28.04
O09828,2025-09-15,PR0003,W10,C04,North,Express,7,3,2,2025-09-17,25.34
O09829,2024-11-08,PR0132,W09,C04,South,Same Day,7,1,1,2024-11-09,13.5
O09830,2025-10-31,PR0049,W09,C05,South,Same Day,6,1,1,2025-11-01,
O09831,2024-01-03,PR0195,W08,C06,West,Economy,11,10,5,2024-01-08,33.32
O09832,2025-11-20,PR0121,W03,C04,South,Express,12,3,1,2025-11-21,30.85
O09833,2024-10-03,PR0213,W08,C05,West,Express,9,3,6,2024-10-09,28.02
O09834,2024-07-25,PR0150,W04,C06,East,Express,8,3,3,2024-07-28,32.04
O09835,2024-08-31,PR0016,W04,C03,,Express,13,3,2,2024-09-02,34.7
O09836,2025-04-28,PR0033,W04,C07,East,Standard,7,6,6,2025-05-04,7.41
O09837,2025-06-23,PR0145,W08,C01,West,Economy,1,10,4,2025-06-27,26.5
O09838,2025-09-18,PR0056,W04,C02,East,Standard,10,6,9,2025-09-27,25.99
O09839,2025-06-03,PR0006,W05,C08,West,Same Day,5,1,1,2025-06-04,31.42
O09840,2024-10-21,PR0137,W09,C06,South,Same Day,1,1,1,2024-10-22,29.76
O09841,2024-09-12,PR0027,W01,C08,Central,Express,3,3,2,2024-09-14,30.35
O09842,2025-01-27,PR0020,W01,C08,Central,Express,1,3,4,2025-01-31,11.93
O09843,2025-07-21,PR0005,W04,C01,East,Same Day,10,1,1,2025-07-22,48.97
O09844,2024-01-22,PR0185,W05,C04,West,Same Day,13,1,1,2024-01-23,33.81
O09845,2024-07-28,PR0236,W04,C07,East,Standard,13,6,9,2024-08-06,23.85
O09846,2025-08-14,PR0088,W04,C01,East,Express,12,3,1,2025-08-15,33.25
O09847,2025-07-26,PR0162,W06,C05,Central,Same Day,2,1,1,2025-07-27,37.18
O09848,2025-09-15,PR0232,W07,C03,,Economy,5,10,8,2025-09-23,37.88
O09849,2025-10-08,PR0094,W02,C06,North,Express,11,3,3,2025-10-11,14.76
O09850,2025-08-05,PR0288,W05,C01,West,Economy,11,10,8,2025-08-13,20.25
O09851,2024-10-17,PR0126,W07,C07,East,Express,9,3,3,2024-10-20,32.18
O09852,2024-11-26,PR0048,W01,C08,Central,Standard,8,6,6,2024-12-02,18.5
O09853,2025-04-26,PR0206,W05,C07,West,Same Day,7,1,1,2025-04-27,39.06
O09854,2024-02-15,PR0234,W07,C07,East,Economy,6,10,10,2024-02-25,38.19
O09855,2024-05-07,PR0028,W01,C04,Central,Express,5,3,2,2024-05-09,35.7
O09856,2024-01-05,PR0053,W02,C03,North,Same Day,7,1,1,2024-01-06,43.01
O09857,2024-10-07,PR0025,W09,C05,South,Economy,1,10,12,2024-10-19,24.03
O09858,2024-08-05,PR0204,W07,C05,East,Same Day,6,1,1,2024-08-06,31.64
O09859,2025-09-17,PR0077,W05,C07,West,Economy,9,10,11,2025-09-28,42.62
O09860,2025-06-12,PR0188,W05,C08,West,Economy,8,10,13,2025-06-25,34.67
O09861,2025-04-05,PR0162,W01,C04,Central,Same Day,6,1,1,2025-04-06,23.88
O09862,2025-04-12,PR0120,W10,C06,North,Economy,6,10,9,2025-04-21,25.46
O09863,2025-12-18,PR0128,W02,C04,North,Economy,4,10,10,2025-12-28,26.39
O09864,2025-12-18,PR0021,W10,C02,North,Economy,1,10,8,2025-12-26,40.15
O09865,2025-08-21,PR0170,W10,C06,North,Standard,11,6,3,2025-08-24,12.72
O09866,2024-09-24,PR0208,W01,C04,Central,Economy,13,10,7,2024-10-01,28.81
O09867,2024-03-25,PR0057,W02,C04,North,Standard,10,6,4,2024-03-29,15.8
O09868,2024-08-08,PR0094,W06,C02,Central,Same Day,1,1,1,2024-08-09,45.59
O09869,2025-04-03,PR0064,W02,C08,North,Same Day,1,1,1,2025-04-04,26.08
O09870,2025-02-05,PR0105,W05,C07,West,Same Day,2,1,2,2025-02-07,6.93
O09871,2025-03-04,PR0290,W05,C02,West,Same Day,1,1,1,2025-03-05,9.69
O09872,2024-01-01,PR0165,W04,C02,East,Standard,1,6,9,2024-01-10,3.42
O09873,2025-07-09,PR0125,W01,C03,Central,Economy,7,10,3,2025-07-12,37.35
O09874,2024-01-21,PR0220,W02,C05,North,Economy,9,10,7,2024-01-28,29.66
O09875,2025-05-18,PR0262,W04,C04,East,Same Day,1,1,1,2025-05-19,18.91
O09876,2025-07-30,PR0160,W09,C02,South,Express,7,3,1,2025-07-31,41.39
O09877,2024-10-17,PR0137,W09,C03,South,Same Day,5,1,1,2024-10-18,33.42
O09878,2025-09-17,PR0277,W05,C08,West,Same Day,14,1,1,2025-09-18,35.97
O09879,2024-01-20,PR0168,W07,C07,East,Same Day,14,1,1,2024-01-21,25.07
O09880,2024-01-18,PR0204,W04,C03,East,Economy,5,10,14,2024-02-01,44.36
O09881,2025-02-22,PR0164,W06,C01,Central,Express,4,3,3,2025-02-25,11.64
O09882,2025-05-11,PR0215,W04,C08,East,Same Day,6,1,1,2025-05-12,9.8
O09883,2024-02-16,PR0224,W09,C08,South,Same Day,3,1,1,2024-02-17,42.32
O09884,2024-07-01,PR0169,W06,C04,Central,Economy,4,10,9,2024-07-10,12.66
O09885,2024-03-14,PR0270,W05,C05,West,Express,9,3,1,2024-03-15,38.48
O09886,2024-12-05,PR0103,W08,C06,West,Standard,2,6,7,2024-12-12,10.85
O09887,2024-11-03,PR0154,W02,C05,North,Express,12,3,3,2024-11-06,44.58
O09888,2024-12-04,PR0107,W10,C03,North,Express,7,3,2,2024-12-06,12.65
O09889,2025-07-05,PR0178,W04,C08,East,Economy,8,10,6,2025-07-11,18.59
O09890,2025-03-14,PR0264,W09,C04,South,Economy,1,10,7,2025-03-21,22.25
O09891,2024-11-04,PR0247,W06,C05,Central,Standard,3,6,7,2024-11-11,3.0
O09892,2025-10-06,PR0073,W05,C08,West,Express,4,3,2,2025-10-08,23.95
O09893,2025-06-13,PR0207,W04,C07,East,Express,11,3,1,2025-06-14,
O09894,2025-02-20,PR0264,W01,C02,Central,Standard,9,6,7,2025-02-27,19.48
O09895,2025-11-18,PR0171,W05,C06,West,Express,14,3,1,2025-11-19,17.82
O09896,2024-11-26,PR0147,W06,C07,Central,Same Day,9,1,2,2024-11-28,35.42
O09897,2024-08-14,PR0034,W02,C07,North,Standard,6,6,7,2024-08-21,43.9
O09898,2024-01-23,PR0058,W10,C01,North,Express,1,3,2,2024-01-25,19.32
O09899,2025-03-25,PR0136,W06,C03,Central,Economy,2,10,14,2025-04-08,17.22
O09900,2025-09-07,PR0056,W07,C08,East,Standard,12,6,2,2025-09-09,31.32
O09901,2025-09-17,PR0013,W09,C05,South,Standard,9,6,-2,2025-09-20,10.0
O09902,2024-10-28,PR0156,W06,C07,Central,Same Day,1,1,1,2024-10-29,52.1
O09903,2024-05-30,PR0031,W08,C04,West,Economy,3,10,7,2024-06-06,24.18
O09904,2024-12-24,PR0019,W01,C02,Central,Economy,12,10,10,2025-01-03,34.44
O09905,2025-05-01,PR0278,W10,C06,North,Express,12,3,1,2025-05-02,23.66
O09906,2025-01-31,PR0019,W07,C01,East,Economy,8,10,10,2025-02-10,32.14
O09907,2024-05-30,PR0024,W10,C02,North,Express,2,3,4,2024-06-03,34.68
O09908,2025-03-08,PR0189,W09,C08,South,Same Day,3,1,1,2025-03-09,28.56
O09909,2024-11-07,PR0040,W07,C03,East,Express,6,3,3,2024-11-10,26.23
O09910,2025-10-05,PR0237,W01,C08,Central,Same Day,10,1,2,2025-10-07,26.78
O09911,2025-02-16,PR0123,W06,C06,Central,Economy,13,10,7,2025-02-23,33.27
O09912,2024-09-07,PR0240,W03,C03,South,Standard,6,6,12,2024-09-19,13.01
O09913,2025-07-04,PR0286,W02,C04,North,Express,7,3,4,2025-07-08,21.69
O09914,2024-07-19,PR0051,W09,C08,South,Same Day,6,1,1,2024-07-20,41.13
O09915,2025-03-26,PR0194,W08,C02,West,Standard,4,6,2,2025-03-28,20.15
O09916,2025-05-03,PR0185,W02,C06,North,Economy,11,10,5,2025-05-08,36.08
O09917,2024-08-13,PR0226,W02,C01,North,Economy,7,10,10,2024-08-23,25.6
O09918,2024-11-04,PR0184,W04,C06,East,Same Day,8,1,2,2024-11-06,10.43
O09919,2025-04-17,PR0193,W08,C06,West,Economy,1,10,8,2025-04-25,22.67
O09920,2024-06-26,PR0256,W08,C08,West,Express,5,3,1,2024-06-27,27.9
O09921,2025-02-01,PR0155,W03,C04,South,Economy,14,10,13,2025-02-14,43.83
O09922,2025-03-31,PR0120,W01,C08,Central,Same Day,5,1,1,2025-04-01,26.26
O09923,2025-12-14,PR0169,W10,C03,North,Economy,5,10,4,2025-12-18,23.05
O09924,2025-05-22,PR0237,W07,C01,East,Economy,13,10,12,2025-06-03,25.38
O09925,2025-01-18,PR0116,W01,C01,Central,standard,10,1,1,2025-01-19,24.91
O09926,2025-12-01,PR0127,W04,C01,East,Express,5,3,3,2025-12-04,18.8
O09927,2024-10-19,PR0020,W06,C08,Central,Same Day,12,1,1,2024-10-20,35.54
O09928,2024-05-21,PR0030,W01,C04,Central,Same Day,7,1,1,2024-05-22,42.86
O09929,2024-07-13,PR0298,W08,C04,West,Economy,4,10,8,2024-07-21,34.38
O09930,2024-09-16,PR0068,W10,C01,North,standard,13,3,4,2024-09-20,34.84
O09931,2025-05-02,PR0211,W05,C05,West,Economy,4,10,8,2025-05-10,30.38
O09932,2025-03-05,PR0071,W06,C02,Central,Economy,5,10,10,2025-03-15,22.31
O09933,2024-10-15,PR0046,W02,C06,North,Same Day,4,1,1,2024-10-16,21.82
O09934,2024-06-02,PR0145,W02,C06,North,Economy,13,10,11,2024-06-13,27.26
O09935,2025-03-07,PR0132,W08,C04,West,Same Day,11,1,1,2025-03-08,25.27
O09936,2024-03-23,PR0273,W07,C01,East,Economy,9,10,14,2024-04-06,17.29
O09937,2024-12-25,PR0278,W09,C08,South,Same Day,1,1,1,2024-12-26,36.03
O09938,2024-03-31,PR0210,W10,C08,North,Same Day,12,1,2,2024-04-02,23.97
O09939,2025-04-27,PR0281,W03,C03,South,Express,4,3,3,2025-04-30,34.5
O09940,2024-03-01,PR0102,W06,C01,Central,Standard,6,6,7,2024-03-08,31.01
O09941,2024-02-03,PR0027,W10,C08,North,Same Day,13,1,1,2024-02-04,27.41
O09942,2024-02-04,PR0208,W08,C08,West,Same Day,5,1,1,2024-02-05,24.55
O09943,2025-02-11,PR0197,W04,C08,East,Express,14,3,1,2025-02-12,23.44
O09944,2024-09-04,PR0271,W04,C02,East,Same Day,2,1,1,2024-09-05,20.43
O09945,2024-12-17,PR0276,W03,C03,South,Same Day,2,1,1,2024-12-18,36.55
O09946,2025-11-01,PR0133,W08,C07,West,Same Day,5,1,1,2025-11-02,35.04
O09947,2024-09-08,PR0069,W04,C07,East,Express,8,3,4,2024-09-12,39.74
O09948,2024-07-24,PR0048,W03,C08,South,Economy,4,10,6,2024-07-30,24.73
O09949,2025-03-16,PR0001,W10,C02,North,Standard,3,6,8,2025-03-24,23.58
O09950,2024-02-07,PR0068,W07,C07,East,Economy,6,10,13,2024-02-20,17.18
O09951,2024-01-30,PR0097,W06,C04,Central,Standard,10,6,4,2024-02-03,18.82
O09952,2024-03-12,PR0183,W02,C03,North,Express,5,3,2,2024-03-14,23.1
O09953,2024-11-11,PR0136,W06,C06,Central,Same Day,13,1,1,2024-11-12,19.04
O09954,2025-03-07,PR0224,W10,C08,North,Standard,2,6,7,2025-03-14,31.49
O09955,2025-09-06,PR0008,W01,C05,Central,Economy,5,10,8,2025-09-14,16.12
O09956,2024-11-17,PR0204,W10,C07,North,Standard,2,6,7,2024-11-24,15.82
O09957,2025-07-14,PR0051,W02,C04,North,Same Day,13,1,1,2025-07-15,17.39
O09958,2025-05-29,PR0087,W03,C06,South,Economy,7,10,9,2025-06-07,39.2
O09959,2024-10-10,PR0032,W08,C04,West,Economy,6,10,8,2024-10-18,25.14
O09960,2024-03-19,PR0206,W04,C04,East,Same Day,11,1,1,2024-03-20,19.69
O09961,2025-04-26,PR0094,W08,C04,West,Economy,14,10,10,2025-05-06,39.7
O09962,2024-04-05,PR0119,W01,C03,Central,Economy,14,10,4,2024-04-09,30.96
O09963,2025-06-07,PR0175,W05,C01,West,standard,1,6,3,2025-06-10,22.21
O09964,2024-10-14,PR0295,W05,C04,West,Economy,8,10,10,2024-10-24,27.33
O09965,2025-02-13,PR0013,W05,C07,West,Express,8,3,4,2025-02-17,16.49
O09966,2025-12-26,PR0240,W01,C06,,Standard,1,6,6,2026-01-01,18.88
O09967,2025-01-16,PR0238,W09,C03,South,Same Day,8,1,2,2025-01-18,34.42
O09968,2025-02-17,PR0240,W07,C04,East,Same Day,3,1,1,2025-02-18,35.72
O09969,2024-01-18,PR0091,W06,C03,Central,Standard,9,6,5,2024-01-23,49.39
O09970,2024-10-09,PR0165,W09,C05,South,Express,6,3,3,2024-10-12,26.73
O09971,2025-12-09,PR0231,W09,C05,South,standard,6,6,6,2025-12-15,27.91
O09972,2024-07-03,PR0179,W01,C04,Central,Express,6,3,3,2024-07-06,34.58
O09973,2025-05-23,PR0241,W08,C07,West,Same Day,11,1,1,2025-05-24,23.4
O09974,2024-01-18,PR0016,W07,C02,East,Same Day,5,1,1,2024-01-19,47.02
O09975,2025-05-07,PR0192,W09,C05,South,Economy,13,10,15,2025-05-22,30.23
O09976,2024-06-27,PR0125,W09,C03,South,Standard,3,6,7,2024-07-04,23.11
O09977,2024-09-16,PR0234,W02,C01,North,Same Day,1,1,1,2024-09-17,53.63
O09978,2024-03-09,PR0078,W03,C07,South,Standard,11,6,7,2024-03-16,21.17
O09979,2025-06-28,PR0172,W05,C04,West,Economy,1,10,16,2025-07-14,24.95
O09980,2024-02-03,PR0123,W07,C04,East,Economy,14,10,10,2024-02-13,29.26
O09981,2024-11-10,PR0283,W05,C01,West,Express,8,3,5,2024-11-15,5.38
O09982,2024-08-06,PR0108,W01,C01,Central,Standard,7,6,7,2024-08-13,37.15
O09983,2024-09-16,PR0125,W05,C02,West,Same Day,11,1,1,2024-09-17,28.08
O09984,2024-06-20,PR0095,W07,C01,East,Economy,4,10,5,2024-06-25,31.79
O09985,2024-11-02,PR0221,W04,C06,East,Express,5,3,2,2024-11-04,28.08
O09986,2024-01-03,PR0274,W09,C06,South,Same Day,5,1,1,2024-01-04,34.01
O09987,2025-09-12,PR0047,W04,C07,East,Same Day,12,1,1,2025-09-13,45.74
O09988,2024-04-15,PR0212,W02,C03,North,Express,14,3,5,2024-04-20,33.6
O09989,2024-08-19,PR0003,W01,C02,Central,Economy,13,10,11,2024-08-30,37.78
O09990,2025-10-22,PR0274,W09,C07,South,Same Day,1,1,1,2025-10-23,27.04
O09991,2024-03-25,PR0038,W01,C06,Central,Economy,11,10,7,2024-04-01,19.32
O09992,2025-02-27,PR0111,W04,C06,,Economy,5,10,5,2025-03-04,26.8
O09993,2025-05-05,PR0236,W04,C07,East,Standard,2,6,6,2025-05-11,13.54
O09994,2024-07-27,PR0082,W10,C02,North,Express,13,3,5,2024-08-01,39.54
O09995,2025-01-10,PR0172,W02,C05,North,Express,6,3,4,2025-01-14,28.55
O09996,2024-01-09,PR0037,W09,C02,South,Same Day,3,1,1,2024-01-10,28.74
O09997,2025-06-10,PR0183,W07,C02,East,Express,2,3,3,2025-06-13,29.96
O09998,2024-09-30,PR0127,W05,C07,West,Same Day,13,1,1,2024-10-01,21.39
O09999,2025-07-01,PR0260,W10,C08,North,Same Day,1,1,1,2025-07-02,26.43
O10000,2024-08-03,PR0230,W01,C07,Central,Same Day,3,1,1,2024-08-04,50.34
O10001,2025-10-15,PR0159,W03,C08,South,Standard,10,6,2,2025-10-17,3.0
O10002,2025-05-15,PR0028,W01,C01,Central,Same Day,5,1,1,2025-05-16,44.51
O10003,2024-12-17,PR0247,W06,C06,Central,Standard,4,6,5,2024-12-22,28.93
O10004,2025-08-14,PR0282,W01,C08,Central,Same Day,14,1,2,2025-08-16,41.45
O10005,2025-12-23,PR0013,W10,C07,North,Express,5,3,2,2025-12-25,40.87
O10006,2025-07-21,PR0102,W05,C07,West,Same Day,14,1,1,2025-07-22,31.95
O10007,2025-01-04,PR0153,W01,C03,Central,Standard,12,6,6,2025-01-10,5.06
O10008,2025-01-20,PR0165,W05,C04,West,Same Day,12,1,2,2025-01-22,38.08
O10009,2025-09-27,PR0222,W09,C02,South,Express,3,3,2,2025-09-29,47.34
O10010,2025-07-04,PR0163,W03,C06,South,Standard,3,6,4,2025-07-08,18.87
O10011,2025-08-24,PR0232,W09,C07,South,Same Day,3,1,1,2025-08-25,29.06
O10012,2025-06-29,PR0207,W06,C04,Central,Standard,10,6,7,2025-07-06,25.98
O10013,2025-07-14,PR0273,W02,C04,North,Standard,4,6,9,2025-07-23,19.93
O10014,2024-07-19,PR0228,W06,C05,Central,standard,6,6,6,2024-07-25,27.63
O10015,2024-09-21,PR0160,W08,C02,West,Express,14,3,5,2024-09-26,25.26
O10016,2024-09-22,PR0243,W03,C06,South,Express,13,3,3,2024-09-25,
O10017,2024-11-15,PR0279,W03,C06,South,Standard,8,6,6,2024-11-21,15.38
O10018,2025-12-06,PR0015,W06,C01,Central,Same Day,13,1,1,2025-12-07,18.54
O10019,2025-08-11,PR0160,W05,C02,West,Express,10,3,3,2025-08-14,28.91
O10020,2024-02-23,PR0125,W06,C01,Central,Standard,13,6,5,2024-02-28,17.76
O10021,2024-06-26,PR0219,W02,C01,North,Same Day,3,1,1,2024-06-27,43.74
O10022,2024-06-07,PR0110,W05,C06,West,Express,7,3,3,2024-06-10,27.95
O10023,2024-10-29,PR0030,W02,C02,North,Standard,9,6,3,2024-11-01,31.27
O10024,2024-10-29,PR0014,W08,C04,West,Standard,10,6,10,2024-11-08,25.05
O10025,2024-07-20,PR0196,W03,C04,South,Standard,12,6,9,2024-07-29,3.0
O10026,2024-12-06,PR0167,W07,C03,East,Same Day,12,1,1,2024-12-07,21.32
O10027,2024-07-19,PR0276,W10,C01,North,Standard,14,6,2,2024-07-21,23.07
O10028,2024-11-24,PR0168,W03,C01,South,Standard,13,6,5,2024-11-29,29.08
O10029,2024-07-13,PR0076,W10,C04,North,Same Day,8,1,1,2024-07-14,37.02
O10030,2024-10-30,PR0213,W02,C04,North,Economy,14,10,11,2024-11-10,19.75
O10031,2025-03-27,PR0035,W06,C02,Central,Standard,2,6,6,2025-04-02,16.14
O10032,2025-11-18,PR0258,W02,C08,North,Standard,3,6,6,2025-11-24,14.85
O10033,2025-09-23,PR0015,W05,C06,West,Same Day,10,1,1,2025-09-24,18.21
O10034,2025-09-20,PR0293,W06,C05,Central,Same Day,1,1,1,2025-09-21,45.45
O10035,2025-11-10,PR0225,W04,C06,East,Same Day,3,1,1,2025-11-11,36.88
O10036,2025-04-12,PR0181,W08,C04,West,Economy,12,10,6,2025-04-18,25.0
O10037,2024-08-31,PR0040,W04,C06,,Same Day,9,1,1,2024-09-01,19.56
O10038,2024-11-06,PR0300,W10,C08,North,Express,6,3,5,2024-11-11,25.57
O10039,2025-09-03,PR0036,W01,C02,Central,Standard,4,6,7,2025-09-10,39.42
O10040,2024-05-24,PR0185,W05,C07,West,Same Day,14,1,1,2024-05-25,43.99
O10041,2024-12-15,PR0105,W09,C03,South,Standard,11,6,5,2024-12-20,12.22
O10042,2025-03-02,PR0033,W04,C07,East,Standard,7,6,7,2025-03-09,27.82
O10043,2025-09-24,PR0287,W02,C02,North,Standard,9,6,4,2025-09-28,11.59
O10044,2025-03-05,PR0286,W02,C05,North,Economy,9,10,9,2025-03-14,23.63
O10045,2025-10-18,PR0015,W08,C04,West,Standard,6,6,7,2025-10-25,22.63
O10046,2024-01-18,PR0100,W10,C02,North,Express,1,3,3,2024-01-21,38.29
O10047,2024-06-12,PR0237,W04,C08,East,Express,10,3,1,2024-06-13,32.25
O10048,2024-05-06,PR0230,W05,C05,West,Express,5,3,4,2024-05-10,37.16
O10049,2025-03-03,PR0180,W06,C06,Central,Express,13,3,3,2025-03-06,31.21
O10050,2024-06-04,PR0146,W10,C06,North,Economy,7,10,9,2024-06-13,28.59
O10051,2024-12-30,PR0063,W08,C02,West,Express,9,3,4,2025-01-03,45.48
O10052,2025-10-27,PR0217,W08,C08,West,Economy,1,10,6,2025-11-02,32.43
O10053,2024-05-29,PR0062,W10,C07,North,Express,13,3,2,2024-05-31,27.14
O10054,2025-10-08,PR0150,W04,C01,East,Economy,14,10,6,2025-10-14,24.01
O10055,2025-08-09,PR0065,W10,C02,North,Standard,11,6,2,2025-08-11,29.79
O10056,2024-01-12,PR0004,W04,C03,East,Express,7,3,4,2024-01-16,28.33
O10057,2024-05-22,PR0265,W04,C07,East,Economy,4,10,11,2024-06-02,24.38
O10058,2024-05-12,PR0288,W09,C04,South,Economy,3,10,-2,2024-05-23,38.53
O10059,2024-02-20,PR0042,W09,C07,South,Express,1,3,6,2024-02-26,16.73
O10060,2024-05-29,PR0081,W10,C01,North,Standard,13,6,2,2024-05-31,30.3
O10061,2025-10-22,PR0290,W08,C02,West,Same Day,4,1,1,2025-10-23,41.1
O10062,2025-07-26,PR0018,W07,C06,East,Economy,6,10,10,2025-08-05,37.01
O10063,2024-05-11,PR0243,W07,C03,East,Express,2,3,3,2024-05-14,32.65
O10064,2025-07-23,PR0204,W05,C07,West,Standard,6,6,4,2025-07-27,13.77
O10065,2024-05-28,PR0246,W01,C08,Central,Same Day,4,1,1,2024-05-29,42.0
O10066,2024-03-31,PR0023,W07,C05,East,Same Day,14,1,1,2024-04-01,26.6
O10067,2024-07-09,PR0199,W02,C06,North,Same Day,4,1,1,2024-07-10,46.93
O10068,2025-11-24,PR0136,W01,C07,Central,Standard,13,6,5,2025-11-29,24.81
O10069,2025-12-24,PR0217,W03,C06,South,Economy,8,10,10,2026-01-03,27.89
O10070,2024-01-17,PR0137,W05,C08,West,Standard,12,6,5,2024-01-22,12.53
O10071,2024-10-21,PR0130,W01,C03,Central,Standard,3,6,7,2024-10-28,25.47
O10072,2024-06-26,PR0020,W03,C03,South,Same Day,5,1,1,2024-06-27,30.36
O10073,2024-01-14,PR0039,W05,C04,West,Same Day,13,1,1,2024-01-15,39.18
O10074,2024-11-03,PR0173,W08,C03,West,Same Day,12,1,1,2024-11-04,40.44
O10075,2025-04-06,PR0268,W08,C02,West,Same Day,13,1,1,2025-04-07,27.14
O10076,2024-02-12,PR0235,W06,C04,Central,Standard,8,6,5,2024-02-17,17.82
O10077,2024-09-20,PR0275,W10,C05,North,Same Day,6,1,1,2024-09-21,46.67
O10078,2025-03-22,PR0292,W08,C03,West,Same Day,13,1,1,2025-03-23,34.15
O10079,2024-07-28,PR0260,W10,C01,North,Standard,7,6,2,2024-07-30,12.16
O10080,2025-02-02,PR0210,W07,C08,East,Same Day,8,1,1,2025-02-03,36.86
O10081,2025-03-17,PR0177,W09,C08,South,Express,9,3,1,2025-03-18,35.03
O10082,2025-06-11,PR0123,W01,C02,Central,Economy,13,10,8,2025-06-19,35.03
O10083,2025-06-27,PR0193,W06,C06,Central,Economy,7,10,12,2025-07-09,31.39
O10084,2025-01-25,PR0187,W04,C05,East,Economy,13,10,12,2025-02-06,29.52
O10085,2025-12-14,PR0030,W01,C03,Central,Express,14,3,3,2025-12-17,19.03
O10086,2024-03-16,PR0057,W09,C06,South,Economy,3,10,4,2024-03-20,41.33
O10087,2025-11-05,PR0035,W10,C06,North,Economy,11,10,9,2025-11-14,26.05
O10088,2025-10-24,PR0193,W03,C06,South,Express,7,3,3,2025-10-27,15.17
O10089,2025-08-28,PR0070,W10,C08,North,Standard,9,6,4,2025-09-01,25.37
O10090,2024-04-10,PR0069,W03,C04,South,Economy,5,10,5,2024-04-15,24.93
O10091,2024-01-10,PR0134,W07,C02,East,Economy,12,10,7,2024-01-17,34.83
O10092,2025-08-26,PR0240,W04,C04,East,Economy,3,10,6,2025-09-01,32.94
O10093,2024-03-22,PR0016,W06,C08,Central,Standard,9,6,2,2024-03-24,12.05
O10094,2024-08-07,PR0173,W06,C03,Central,Standard,4,6,3,2024-08-10,21.55
O10095,2024-07-31,PR0019,W07,C08,East,Standard,12,6,2,2024-08-02,20.18
O10096,2024-09-19,PR0143,W06,C08,Central,Same Day,1,1,1,2024-09-20,15.47
O10097,2024-09-08,PR0021,W06,C02,Central,Express,5,3,2,2024-09-10,15.43
O10098,2025-08-06,PR0111,W04,C03,East,Same Day,1,1,1,2025-08-07,46.23
O10099,2024-03-16,PR0144,W06,C04,Central,Standard,1,6,5,2024-03-21,33.36
O10100,2024-09-22,PR0062,W08,C07,West,Standard,11,6,3,2024-09-25,3.0
O10101,2025-01-05,PR0115,W09,C04,South,Same Day,2,1,1,2025-01-06,52.07
O10102,2025-03-27,PR0032,W03,C05,South,Express,2,3,3,2025-03-30,36.0
O10103,2025-08-25,PR0065,W07,C03,East,Standard,6,6,5,2025-08-30,38.58
O10104,2025-02-22,PR0093,W08,C08,West,Express,2,3,1,2025-02-23,36.79
O10105,2025-10-16,PR0185,W02,C01,North,Same Day,6,1,1,2025-10-17,28.75
O10106,2024-08-14,PR0270,W03,C03,South,Economy,7,10,13,2024-08-27,23.66
O10107,2025-05-20,PR0242,W02,C08,North,Same Day,2,1,3,2025-05-23,43.15
O10108,2025-06-06,PR0061,W01,C04,Central,Economy,11,10,7,2025-06-13,23.92
O10109,2025-10-03,PR0221,W01,C08,Central,Economy,9,10,11,2025-10-14,21.97
O10110,2024-12-05,PR0052,W05,C08,West,Express,11,3,1,2024-12-06,4.17
O10111,2025-08-30,PR0167,W09,C03,South,Same Day,14,1,2,2025-09-01,34.67
O10112,2025-11-10,PR0132,W06,C08,Central,Express,8,3,6,2025-11-16,39.06
O10113,2024-06-11,PR0086,W06,C03,Central,Express,6,3,4,2024-06-15,23.95
O10114,2025-07-03,PR0215,W02,C05,North,Standard,7,6,4,2025-07-07,26.25
O10115,2025-06-23,PR0055,W09,C06,South,Express,8,3,2,2025-06-25,28.36
O10116,2024-09-08,PR0218,W04,C03,East,Express,11,3,3,2024-09-11,37.02
O10117,2024-02-12,PR0121,W05,C05,West,Same Day,2,1,1,2024-02-13,8.63
O10118,2025-03-13,PR0029,W01,C05,Central,Same Day,14,1,2,2025-03-15,30.73
O10119,2025-11-28,PR0066,W05,C06,West,Economy,6,10,11,2025-12-09,18.05
O10120,2025-02-23,PR0067,W05,C08,,Standard,13,6,5,2025-02-28,27.27
O10121,2025-09-17,PR0268,W08,C03,West,Same Day,4,1,1,2025-09-18,33.32
O10122,2024-11-27,PR0072,W06,C07,Central,Express,6,3,1,2024-11-28,28.42
O10123,2025-05-06,PR0263,W04,C05,East,Same Day,14,1,1,2025-05-07,17.08
O10124,2025-08-11,PR0159,W04,C01,East,Economy,8,10,8,2025-08-19,34.8
O10125,2024-12-08,PR0118,W09,C08,South,Standard,10,6,7,2024-12-15,27.11
O10126,2024-08-24,PR0128,W07,C01,East,Express,12,3,3,2024-08-27,28.02
O10127,2024-03-24,PR0133,W05,C08,West,Same Day,8,1,1,2024-03-25,40.22
O10128,2024-12-18,PR0298,W04,C01,East,Express,2,3,3,2024-12-21,36.57
O10129,2025-05-30,PR0243,W06,C07,Central,Economy,8,10,12,2025-06-11,37.53
O10130,2024-10-08,PR0293,W06,C03,Central,Economy,10,10,11,2024-10-19,38.01
O10131,2024-10-10,PR0266,W02,C07,North,Standard,3,6,5,2024-10-15,24.37
O10132,2025-12-23,PR0296,W04,C05,East,Economy,8,10,5,2025-12-28,29.33
O10133,2025-12-01,PR0066,W03,C03,South,Economy,11,10,9,2025-12-10,40.81
O10134,2025-03-30,PR0021,W04,C02,East,standard,14,6,8,2025-04-07,20.27
O10135,2025-10-29,PR0036,W10,C05,North,Economy,5,10,7,2025-11-05,46.11
O10136,2025-03-10,PR0223,W04,C08,East,Same Day,14,1,1,2025-03-11,33.63
O10137,2024-08-17,PR0299,W04,C03,East,Economy,3,10,7,2024-08-24,27.31
O10138,2024-12-30,PR0247,W04,C07,East,Standard,9,6,2,2025-01-01,19.65
O10139,2025-01-01,PR0243,W05,C01,West,Same Day,10,1,1,2025-01-02,23.17
O10140,2024-04-24,PR0152,W06,C02,Central,Economy,13,10,3,2024-04-27,33.8
O10141,2025-03-27,PR0283,W06,C06,Central,Economy,6,10,7,2025-04-03,22.57
O10142,2024-08-31,PR0115,W10,C08,North,Standard,1,6,7,2024-09-07,23.62
O10143,2025-08-02,PR0161,W09,C02,South,Same Day,12,1,1,2025-08-03,40.19
O10144,2025-05-31,PR0183,W09,C02,South,Standard,12,6,6,2025-06-06,18.55
O10145,2024-04-22,PR0179,W05,C06,West,Express,12,3,3,2024-04-25,39.98
O10146,2024-02-08,PR0083,W10,C06,North,Same Day,4,1,1,2024-02-09,28.18
O10147,2025-08-12,PR0114,W05,C01,West,Express,2,3,1,2025-08-13,21.91
O10148,2024-06-25,PR0186,W07,C01,East,Express,11,3,1,2024-06-26,25.56
O10149,2024-05-09,PR0009,W06,C01,Central,Same Day,2,1,1,2024-05-10,34.61
O10150,2025-07-08,PR0230,W03,C06,South,Same Day,7,1,1,2025-07-09,28.16
O10151,2025-11-09,PR0158,W01,C01,Central,Express,14,3,1,2025-11-10,24.0
O10152,2025-05-06,PR0190,W05,C06,,Economy,8,10,12,2025-05-18,40.49
O10153,2025-07-20,PR0097,W10,C05,North,Same Day,11,1,1,2025-07-21,27.21
O10154,2025-03-22,PR0013,W02,C02,North,Standard,7,6,4,2025-03-26,18.22
O10155,2025-10-10,PR0025,W01,C07,Central,Standard,9,6,8,2025-10-18,22.59
O10156,2024-10-08,PR0168,W10,C08,North,Express,5,3,3,2024-10-11,20.61
O10157,2024-07-20,PR0247,W07,C08,East,Standard,8,6,3,2024-07-23,16.6
O10158,2024-03-14,PR0055,W07,C03,East,Express,8,3,2,2024-03-16,28.64
O10159,2025-03-25,PR0263,W09,C03,South,Same Day,6,1,1,2025-03-26,29.24
O10160,2025-06-23,PR0100,W05,C08,West,Economy,4,10,8,2025-07-01,24.01
O10161,2025-05-12,PR0163,W10,C01,North,Same Day,8,1,1,2025-05-13,25.17
O10162,2024-11-30,PR0247,W04,C02,East,Same Day,14,1,2,2024-12-02,23.66
O10163,2025-03-02,PR0289,W02,C07,North,Same Day,2,1,1,2025-03-03,44.63
O10164,2024-09-07,PR0227,W06,C08,Central,Express,4,3,4,2024-09-11,28.98
O10165,2025-02-06,PR0236,W10,C03,North,Economy,6,10,8,2025-02-14,30.99
O10166,2025-05-11,PR0240,W07,C01,East,Economy,10,10,10,2025-05-21,36.8
O10167,2025-10-10,PR0171,W03,C05,South,Economy,1,10,13,2025-10-23,21.96
O10168,2024-05-19,PR0146,W10,C06,North,Same Day,2,1,2,2024-05-21,50.59
O10169,2024-07-30,PR0268,W05,C08,West,Same Day,5,1,1,2024-07-31,34.96
O10170,2025-10-01,PR0112,W06,C03,Central,Standard,8,6,7,2025-10-08,29.68
O10171,2024-04-19,PR0068,W06,C08,Central,Express,8,3,4,2024-04-23,12.71
O10172,2025-12-28,PR0215,W01,C08,Central,Same Day,14,1,1,2025-12-29,30.89
O10173,2025-02-22,PR0125,W05,C04,West,Express,6,3,2,2025-02-24,25.97
O10174,2025-05-28,PR0061,W04,C03,East,Standard,9,6,6,2025-06-03,10.21
O10175,2024-06-23,PR0289,W02,C01,North,Same Day,9,1,1,2024-06-24,17.21
O10176,2024-11-24,PR0124,W03,C07,South,Express,10,3,5,2024-11-29,12.93
O10177,2024-01-21,PR0189,W08,C06,West,Economy,14,10,15,2024-02-05,29.39
O10178,2024-12-14,PR0032,W04,C06,East,Express,7,3,1,2024-12-15,15.4
O10179,2024-04-01,PR0022,W09,C05,South,Economy,2,10,5,2024-04-06,30.84
O10180,2024-07-05,PR0024,W05,C07,West,Same Day,11,1,1,2024-07-06,31.16
O10181,2024-08-10,PR0225,W01,C02,Central,Same Day,3,1,1,2024-08-11,41.62
O10182,2025-02-11,PR0218,W05,C02,West,Same Day,1,1,2,2025-02-13,32.7
O10183,2024-10-22,PR0198,W08,C01,West,Standard,3,6,8,2024-10-30,6.94
O10184,2025-04-01,PR0141,W01,C08,Central,Standard,7,6,8,2025-04-09,3.91
O10185,2025-05-07,PR0264,W07,C01,East,Standard,7,6,4,2025-05-11,24.65
O10186,2025-11-13,PR0181,W06,C03,Central,Standard,7,6,8,2025-11-21,13.69
O10187,2025-09-13,PR0232,W06,C04,Central,Standard,8,6,6,2025-09-19,26.15
O10188,2025-04-12,PR0180,W08,C08,West,Same Day,9,1,2,2025-04-14,24.04
O10189,2025-01-14,PR0287,W02,C02,North,Express,8,3,2,2025-01-16,5.27
O10190,2025-08-09,PR0077,W04,C03,East,Same Day,11,1,2,2025-08-11,21.73
O10191,2024-04-08,PR0003,W07,C06,East,Express,9,3,6,2024-04-14,31.92
O10192,2024-12-13,PR0093,W03,C08,South,Standard,5,6,4,2024-12-17,12.31
O10193,2025-03-15,PR0069,W07,C01,East,Express,1,3,4,2025-03-19,22.62
O10194,2025-06-16,PR0057,W03,C03,South,Same Day,13,1,1,2025-06-17,30.36
O10195,2025-11-09,PR0060,W01,C02,Central,Economy,9,10,9,2025-11-18,34.17
O10196,2024-10-05,PR0249,W08,C07,West,Economy,2,10,9,2024-10-14,27.31
O10197,2025-03-20,PR0241,W04,C03,East,Economy,8,10,12,2025-04-01,34.59
O10198,2024-11-22,PR0072,W06,C06,Central,Standard,3,6,4,2024-11-26,17.63
O10199,2025-05-07,PR0207,W02,C07,North,Same Day,2,1,1,2025-05-08,28.02
O10200,2024-11-29,PR0075,W04,C08,East,Same Day,12,1,1,2024-11-30,27.98
O10201,2025-10-26,PR0135,W03,C07,South,Same Day,3,1,2,2025-10-28,16.89
O10202,2024-08-15,PR0120,W08,C04,West,Economy,4,10,12,2024-08-27,38.19
O10203,2025-11-04,PR0092,W08,C01,West,Standard,3,6,6,2025-11-10,7.25
O10204,2024-12-10,PR0298,W05,C06,West,Express,11,3,2,2024-12-12,19.07
O10205,2024-05-24,PR0233,W02,C08,North,Same Day,14,1,2,2024-05-26,33.66
O10206,2025-09-19,PR0229,W10,C01,North,Economy,2,10,9,2025-09-28,20.42
O10207,2025-02-18,PR0272,W03,C07,South,Same Day,1,1,1,2025-02-19,26.48
O10208,2024-04-25,PR0195,W04,C02,East,Express,2,3,3,2024-04-28,19.52
O10209,2025-01-03,PR0057,W01,C08,Central,Economy,9,10,9,2025-01-12,23.74
O10210,2025-04-22,PR0159,W02,C02,North,Standard,7,6,10,2025-05-02,35.3
O10211,2025-11-10,PR0117,W10,C01,North,Standard,12,6,8,2025-11-18,18.17
O10212,2024-05-06,PR0143,W04,C02,East,Same Day,12,1,1,2024-05-07,7.65
O10213,2025-04-18,PR0054,W08,C04,West,Express,2,3,5,2025-04-23,24.03
O10214,2024-10-21,PR0122,W01,C07,Central,Same Day,11,1,2,2024-10-23,40.13
O10215,2024-09-03,PR0224,W10,C05,North,Same Day,3,1,1,2024-09-04,34.81
O10216,2025-12-11,PR0270,W01,C04,Central,Economy,14,10,11,2025-12-22,23.94
O10217,2024-05-16,PR0122,W09,C03,South,Same Day,3,1,1,2024-05-17,17.88
O10218,2025-01-09,PR0154,W05,C06,West,Same Day,6,1,1,2025-01-10,26.83
O10219,2025-02-14,PR0055,W04,C05,East,Standard,11,6,6,2025-02-20,26.23
O10220,2024-08-16,PR0077,W07,C06,East,Same Day,13,1,1,2024-08-17,26.68
O10221,2025-10-25,PR0245,W08,C06,West,Same Day,10,1,1,2025-10-26,33.54
O10222,2024-04-07,PR0190,W05,C06,West,Same Day,8,1,1,2024-04-08,26.61
O10223,2025-10-26,PR0069,W04,C05,East,Economy,6,10,9,2025-11-04,28.05
O10224,2024-08-07,PR0106,W06,C06,Central,Same Day,1,1,1,2024-08-08,14.48
O10225,2024-06-04,PR0192,W03,C04,South,Express,9,3,4,2024-06-08,32.36
O10226,2025-07-03,PR0112,W04,C03,East,Same Day,10,1,1,2025-07-04,42.74
O10227,2024-12-23,PR0178,W06,C07,Central,Standard,8,6,3,2024-12-26,18.56
O10228,2025-11-21,PR0091,W01,C04,Central,Same Day,8,1,1,2025-11-22,34.28
O10229,2025-05-12,PR0112,W01,C04,Central,Same Day,2,1,1,2025-05-13,16.24
O10230,2025-05-14,PR0193,W04,C07,East,Standard,13,6,5,2025-05-19,25.55
O10231,2025-10-31,PR0205,W05,C07,West,Economy,1,10,8,2025-11-08,34.64
O10232,2024-02-15,PR0294,W09,C07,South,Same Day,13,1,1,2024-02-16,32.65
O10233,2025-10-05,PR0280,W10,C02,North,Express,5,3,3,2025-10-08,21.44
O10234,2025-02-24,PR0244,W03,C04,South,Express,6,3,2,2025-02-26,37.95
O10235,2024-08-06,PR0165,W07,C01,East,Economy,4,10,13,2024-08-19,50.76
O10236,2024-01-02,PR0262,W04,C01,East,Standard,13,6,7,2024-01-09,15.98
O10237,2025-04-21,PR0276,W10,C05,North,Same Day,3,1,1,2025-04-22,37.84
O10238,2025-02-14,PR0199,W06,C02,Central,Economy,2,10,10,2025-02-24,46.19
O10239,2025-10-10,PR0040,W02,C01,North,Same Day,11,1,2,2025-10-12,24.62
O10240,2025-05-19,PR0155,W06,C02,Central,Economy,2,10,9,2025-05-28,45.1
O10241,2025-12-11,PR0082,W03,C07,South,Same Day,1,1,1,2025-12-12,24.28
O10242,2024-05-07,PR0270,W01,C04,Central,Same Day,1,1,2,2024-05-09,29.3
O10243,2025-12-31,PR0066,W07,C01,East,Same Day,2,1,1,2026-01-01,24.65
O10244,2024-02-12,PR0086,W06,C06,Central,Express,11,3,4,2024-02-16,26.63
O10245,2025-05-26,PR0234,W07,C01,East,Same Day,3,1,1,2025-05-27,32.87
O10246,2025-02-16,PR0166,W10,C05,North,Standard,6,6,2,2025-02-18,12.04
O10247,2025-04-17,PR0114,W02,C07,North,Express,11,3,1,2025-04-18,29.11
O10248,2025-09-15,PR0102,W05,C02,West,Standard,4,6,6,2025-09-21,17.31
O10249,2024-01-20,PR0157,W10,C08,North,Economy,7,10,5,2024-01-25,34.4
O10250,2024-12-22,PR0083,W06,C01,Central,Standard,3,6,4,2024-12-26,27.91
O10251,2025-11-05,PR0036,W10,C02,North,Standard,12,6,5,2025-11-10,29.4
O10252,2025-03-24,PR0081,W10,C03,North,Economy,7,10,7,2025-03-31,25.27
O10253,2025-04-16,PR0297,W01,C01,Central,Same Day,1,1,1,2025-04-17,17.61
O10254,2025-08-11,PR0034,W02,C02,North,Economy,9,10,10,2025-08-21,28.52
O10255,2025-07-10,PR0272,W05,C07,West,Express,11,3,2,2025-07-12,24.45
O10256,2025-06-25,PR0293,W04,C03,East,Same Day,8,1,1,2025-06-26,49.04
O10257,2025-11-27,PR0107,W02,C07,North,Economy,11,10,9,2025-12-06,33.44
O10258,2025-12-21,PR0207,W09,C02,South,Standard,1,6,4,2025-12-25,25.14
O10259,2025-01-08,PR0142,W06,C07,Central,Express,6,3,1,2025-01-09,17.1
O10260,2025-11-11,PR0198,W01,C06,Central,Economy,8,10,10,2025-11-21,26.85
O10261,2025-03-31,PR0297,W08,C07,West,Express,5,3,4,2025-04-04,22.03
O10262,2024-12-27,PR0255,W09,C02,South,Economy,12,10,9,2025-01-05,26.17
O10263,2025-05-13,PR0125,W03,C07,South,Same Day,6,1,1,2025-05-14,31.49
O10264,2025-11-20,PR0023,W04,C06,East,Economy,7,10,9,2025-11-29,27.74
O10265,2024-02-16,PR0116,W08,C01,West,Standard,8,6,5,2024-02-21,12.08
O10266,2025-04-10,PR0088,W03,C02,South,Express,4,3,2,2025-04-12,24.53
O10267,2025-06-30,PR0148,W01,C04,Central,Express,9,3,2,2025-07-02,21.59
O10268,2024-10-03,PR0261,W02,C06,North,Express,5,3,3,2024-10-06,19.85
O10269,2024-08-24,PR0114,W07,C03,East,Standard,11,6,4,2024-08-28,13.1
O10270,2024-07-17,PR0115,W06,C05,Central,Standard,7,6,7,2024-07-24,13.8
O10271,2024-03-17,PR0198,W04,C04,East,Express,11,3,3,2024-03-20,34.43
O10272,2024-02-18,PR0087,W01,C05,Central,Economy,1,10,10,2024-02-28,12.17
O10273,2024-11-13,PR0188,W09,C02,South,Economy,14,10,13,2024-11-26,30.85
O10274,2025-10-12,PR0167,W04,C04,East,Express,4,3,2,2025-10-14,6.19
O10275,2025-03-18,PR0047,W08,C01,West,Express,1,3,1,2025-03-19,28.33
O10276,2024-11-17,PR0084,W05,C08,West,Economy,11,10,10,2024-11-27,26.51
O10277,2025-03-28,PR0134,W02,C04,North,Same Day,5,1,1,2025-03-29,38.06
O10278,2025-06-16,PR0228,W10,C05,North,Express,1,3,2,2025-06-18,25.01
O10279,2025-12-21,PR0074,W10,C02,North,Standard,3,6,7,2025-12-28,26.15
O10280,2025-04-12,PR0276,W03,C07,South,Same Day,12,1,1,2025-04-13,25.03
O10281,2025-10-05,PR0055,W08,C06,West,Same Day,6,1,1,2025-10-06,31.45
O10282,2025-07-28,PR0171,W03,C08,South,Economy,2,10,8,2025-08-05,23.37
O10283,2024-01-26,PR0162,W01,C01,Central,Express,5,3,1,2024-01-27,30.57
O10284,2024-12-16,PR0284,W03,C02,South,Economy,5,10,7,2024-12-23,39.64
O10285,2024-08-30,PR0269,W08,C08,West,Same Day,10,1,1,2024-08-31,17.41
O10286,2025-12-25,PR0093,W10,C02,North,Express,2,3,1,2025-12-26,12.46
O10287,2025-06-02,PR0273,W06,C04,Central,Economy,6,10,6,2025-06-08,34.87
O10288,2025-03-15,PR0002,W01,C04,Central,Standard,9,6,8,2025-03-23,3.0
O10289,2024-03-31,PR0054,W09,C03,South,Express,6,3,2,2024-04-02,19.23
O10290,2024-07-19,PR0179,W09,C07,South,Standard,5,6,4,2024-07-23,15.75
O10291,2024-09-27,PR0243,W03,C01,South,Same Day,5,1,2,2024-09-29,16.7
O10292,2024-06-11,PR0193,W05,C02,West,Standard,2,6,7,2024-06-18,42.19
O10293,2024-04-20,PR0077,W06,C01,Central,Economy,8,10,7,2024-04-27,15.35
O10294,2025-10-19,PR0142,W01,C06,Central,Express,13,3,3,2025-10-22,25.95
O10295,2024-12-07,PR0141,W01,C07,Central,Same Day,9,1,1,2024-12-08,37.98
O10296,2025-02-07,PR0109,W07,C01,East,Economy,1,10,6,2025-02-13,36.73
O10297,2024-09-27,PR0143,W07,C04,East,Economy,8,10,13,2024-10-10,36.68
O10298,2025-01-16,PR0070,W09,C08,South,Express,8,3,4,2025-01-20,31.32
O10299,2025-01-18,PR0175,W04,C01,East,Same Day,14,1,1,2025-01-19,24.05
O10300,2024-10-20,PR0168,W10,C06,North,Standard,10,6,8,2024-10-28,23.63
O10301,2025-06-17,PR0150,W02,C07,North,Same Day,13,1,1,2025-06-18,27.24
O10302,2024-03-28,PR0031,W09,C04,South,Economy,8,10,10,2024-04-07,38.66
O10303,2025-04-05,PR0216,W09,C02,South,Standard,8,6,5,2025-04-10,22.85
O10304,2025-12-04,PR0068,W04,C03,East,Express,3,3,1,2025-12-05,39.88
O10305,2024-02-29,PR0291,W09,C08,South,Standard,1,6,7,2024-03-07,27.1
O10306,2025-12-07,PR0283,W01,C02,Central,Express,11,3,4,2025-12-11,32.24
O10307,2025-03-31,PR0109,W05,C02,West,Same Day,13,1,1,2025-04-01,34.78
O10308,2024-04-12,PR0013,W01,C02,Central,standard,3,1,1,2024-04-13,41.42
O10309,2025-05-23,PR0132,W10,C06,North,Same Day,2,1,1,2025-05-24,29.78
O10310,2025-01-26,PR0166,W03,C01,South,Express,7,3,4,2025-01-30,25.19
O10311,2024-01-29,PR0115,W10,C08,North,Same Day,2,1,1,2024-01-30,20.64
O10312,2025-11-08,PR0058,W06,C03,Central,Express,8,3,1,2025-11-09,26.94
O10313,2024-07-22,PR0215,W03,C01,South,Same Day,7,1,1,2024-07-23,43.22
O10314,2024-09-30,PR0068,W02,C02,North,Standard,14,6,8,2024-10-08,15.62
O10315,2024-04-23,PR0249,W03,C04,South,Economy,10,10,14,2024-05-07,25.18
O10316,2024-06-22,PR0151,W01,C07,Central,Express,4,3,7,2024-06-29,14.25
O10317,2025-02-02,PR0205,W02,C03,North,Express,13,3,3,2025-02-05,35.16
O10318,2024-01-02,PR0175,W01,C06,Central,Economy,1,10,16,2024-01-18,40.87
O10319,2025-02-08,PR0100,W04,C06,East,Economy,14,10,11,2025-02-19,9.67
O10320,2025-05-09,PR0020,W10,C03,North,Standard,8,6,2,2025-05-11,23.22
O10321,2025-03-07,PR0272,W08,C07,West,Economy,1,10,9,2025-03-16,23.15
O10322,2024-04-21,PR0096,W01,C07,Central,Express,5,3,4,2024-04-25,42.3
O10323,2025-04-21,PR0135,W08,C01,West,Express,4,3,4,2025-04-25,18.1
O10324,2025-09-10,PR0279,W07,C08,East,Standard,8,6,6,2025-09-16,26.29
O10325,2025-05-09,PR0072,W05,C06,West,Economy,13,10,4,2025-05-13,45.51
O10326,2025-12-06,PR0233,W10,C07,North,Economy,5,10,9,2025-12-15,28.73
O10327,2024-07-08,PR0221,W02,C03,North,Economy,12,10,7,2024-07-15,31.61
O10328,2024-05-30,PR0249,W02,C01,North,Same Day,2,1,1,2024-05-31,53.09
O10329,2025-07-12,PR0069,W01,C04,Central,Economy,12,10,8,2025-07-20,35.91
O10330,2025-07-28,PR0198,W02,C04,North,Same Day,1,1,1,2025-07-29,34.6
O10331,2024-04-15,PR0215,W01,C07,Central,standard,3,10,6,2024-04-21,41.15
O10332,2025-08-11,PR0208,W09,C03,South,Standard,4,6,8,2025-08-19,4.36
O10333,2024-08-19,PR0233,W03,C05,South,Economy,1,10,9,2024-08-28,33.48
O10334,2024-10-31,PR0090,W07,C08,East,Economy,9,10,11,2024-11-11,16.32
O10335,2024-09-19,PR0082,W01,C04,Central,Economy,4,10,7,2024-09-26,22.57
O10336,2025-04-23,PR0064,W07,C01,East,Standard,14,6,2,2025-04-25,13.26
O10337,2025-08-25,PR0113,W06,C01,Central,Standard,11,6,7,2025-09-01,37.19
O10338,2025-02-14,PR0029,W02,C08,North,Same Day,7,1,1,2025-02-15,36.84
O10339,2025-12-02,PR0128,W09,C04,South,Standard,11,6,2,2025-12-04,13.56
O10340,2025-01-31,PR0231,W07,C07,East,Standard,2,6,4,2025-02-04,18.69
O10341,2025-08-01,PR0022,W05,C06,West,Standard,11,6,4,2025-08-05,13.59
O10342,2024-08-22,PR0052,W07,C01,East,Express,10,3,3,2024-08-25,34.82
O10343,2024-12-10,PR0248,W10,C01,North,Economy,7,10,9,2024-12-19,27.12
O10344,2025-11-30,PR0263,W02,C03,North,Standard,3,6,7,2025-12-07,15.43
O10345,2025-07-19,PR0095,W02,C05,North,Same Day,2,1,1,2025-07-20,40.19
O10346,2025-07-26,PR0231,W01,C01,Central,Standard,14,6,3,2025-07-29,19.98
O10347,2024-07-11,PR0126,W08,C03,West,Express,14,3,4,2024-07-15,34.53
O10348,2025-08-16,PR0297,W05,C03,West,Economy,6,10,7,2025-08-23,42.13
O10349,2024-01-12,PR0030,W08,C05,West,Same Day,3,1,1,2024-01-13,24.37
O10350,2024-06-28,PR0160,W10,C05,North,Same Day,9,1,1,2024-06-29,16.46
O10351,2024-09-09,PR0074,W10,C04,North,Express,2,3,1,2024-09-10,37.11
O10352,2025-10-14,PR0274,W05,C08,West,Express,4,3,1,2025-10-15,32.88
O10353,2024-12-15,PR0015,W03,C07,South,Economy,8,10,12,2024-12-27,49.19
O10354,2024-01-04,PR0123,W09,C04,South,Express,5,3,3,2024-01-07,31.55
O10355,2024-04-25,PR0078,W05,C06,West,Standard,2,6,10,2024-05-05,16.96
O10356,2025-07-17,PR0171,W06,C05,Central,Economy,2,10,9,2025-07-26,35.57
O10357,2025-01-10,PR0019,W04,C04,East,Standard,11,6,5,2025-01-15,15.5
O10358,2024-05-24,PR0240,W06,C05,Central,Express,8,3,2,2024-05-26,26.26
O10359,2024-07-22,PR0193,W04,C08,East,Express,1,3,2,2024-07-24,33.76
O10360,2025-05-30,PR0096,W07,C01,East,Express,14,3,2,2025-06-01,19.35
O10361,2025-11-29,PR0217,W01,C07,Central,Standard,11,6,2,2025-12-01,26.5
O10362,2024-01-05,PR0037,W08,C05,West,Same Day,4,1,2,2024-01-07,17.13
O10363,2025-04-04,PR0001,W09,C02,South,Same Day,5,1,1,2025-04-05,29.22
O10364,2024-03-27,PR0012,W05,C07,West,Same Day,12,1,1,2024-03-28,21.75
O10365,2024-12-12,PR0067,W07,C01,East,Economy,3,10,7,2024-12-19,31.42
O10366,2025-08-10,PR0146,W03,C05,South,Same Day,4,1,1,2025-08-11,22.42
O10367,2024-05-05,PR0096,W10,C07,North,Express,2,3,2,2024-05-07,46.16
O10368,2024-03-24,PR0001,W07,C05,East,Standard,5,6,5,2024-03-29,20.98
O10369,2024-03-31,PR0266,W03,C07,South,Express,10,3,2,2024-04-02,36.47
O10370,2024-07-12,PR0229,W10,C07,North,Same Day,4,1,1,2024-07-13,35.45
O10371,2025-01-11,PR0206,W06,C05,Central,Economy,10,10,7,2025-01-18,27.47
O10372,2025-08-02,PR0151,W01,C02,Central,Standard,14,6,7,2025-08-09,8.98
O10373,2024-08-13,PR0033,W07,C03,East,Economy,7,10,4,2024-08-17,32.6
O10374,2024-04-12,PR0220,W05,C04,West,Economy,3,10,9,2024-04-21,20.13
O10375,2024-03-24,PR0098,W05,C08,West,Standard,9,6,5,2024-03-29,3.14
O10376,2024-07-15,PR0198,W02,C01,North,Same Day,3,1,1,2024-07-16,3.16
O10377,2025-02-24,PR0291,W01,C02,Central,Economy,10,10,14,2025-03-10,18.11
O10378,2024-02-28,PR0054,W01,C08,Central,Same Day,7,1,2,2024-03-01,16.53
O10379,2024-03-16,PR0120,W09,C02,South,Same Day,8,1,1,2024-03-17,27.2
O10380,2025-12-16,PR0248,W05,C04,West,Standard,7,6,7,2025-12-23,26.26
O10381,2024-12-03,PR0144,W10,C03,North,Economy,2,10,10,2024-12-13,10.56
O10382,2024-09-16,PR0005,W01,C03,Central,Express,1,3,4,2024-09-20,24.7
O10383,2025-10-11,PR0095,W06,C07,Central,Same Day,1,1,1,2025-10-12,30.46
O10384,2024-08-01,PR0201,W03,C05,South,Economy,6,10,8,2024-08-09,28.21
O10385,2025-01-29,PR0186,W06,C06,Central,Same Day,7,1,1,2025-01-30,21.81
O10386,2024-04-28,PR0168,W06,C05,Central,Economy,14,10,8,2024-05-06,33.32
O10387,2025-02-17,PR0106,W08,C03,West,Economy,7,10,7,2025-02-24,25.14
O10388,2025-11-14,PR0062,W05,C08,West,Standard,11,6,10,2025-11-24,25.75
O10389,2024-01-10,PR0142,W08,C01,West,Same Day,14,1,1,2024-01-11,44.75
O10390,2024-08-17,PR0230,W04,C02,East,Same Day,7,1,1,2024-08-18,27.96
O10391,2025-11-02,PR0262,W01,C06,Central,Economy,12,10,7,2025-11-09,34.18
O10392,2025-11-23,PR0229,W09,C02,South,Standard,12,6,7,2025-11-30,3.0
O10393,2025-10-16,PR0077,W08,C05,West,Express,1,3,5,2025-10-21,21.17
O10394,2024-02-15,PR0137,W03,C03,South,Express,3,3,2,2024-02-17,31.44
O10395,2024-06-30,PR0055,W04,C03,East,Economy,9,10,10,2024-07-10,24.59
O10396,2025-04-07,PR0059,W04,C07,East,Economy,11,10,11,2025-04-18,41.58
O10397,2024-09-27,PR0041,W07,C08,East,Standard,7,6,3,2024-09-30,34.94
O10398,2024-01-01,PR0078,W07,C02,East,Same Day,7,1,2,2024-01-03,21.66
O10399,2025-06-30,PR0066,W10,C05,North,Same Day,1,1,2,2025-07-02,41.71
O10400,2025-12-18,PR0129,W05,C01,West,Express,2,3,3,2025-12-21,22.93
O10401,2024-04-29,PR0260,W01,C04,Central,Standard,5,6,7,2024-05-06,15.31
O10402,2024-12-18,PR0124,W05,C08,West,Standard,13,6,5,2024-12-23,18.41
O10403,2024-12-15,PR0244,W04,C05,East,Express,9,3,2,2024-12-17,23.0
O10404,2025-05-10,PR0180,W10,C06,North,Economy,7,10,11,2025-05-21,30.56
O10405,2025-08-31,PR0101,W01,C02,Central,Same Day,3,1,1,2025-09-01,28.12
O10406,2025-08-16,PR0175,W04,C01,East,Economy,6,10,10,2025-08-26,20.84
O10407,2025-02-27,PR0159,W10,C03,North,Standard,13,6,8,2025-03-07,3.0
O10408,2024-04-20,PR0159,W10,C03,North,Economy,14,10,7,2024-04-27,24.09
O10409,2025-08-12,PR0289,W08,C08,West,Economy,1,10,6,2025-08-18,23.24
O10410,2024-11-10,PR0044,W08,C07,West,Same Day,5,1,1,2024-11-11,44.37
O10411,2024-10-23,PR0198,W07,C02,East,Economy,4,10,12,2024-11-04,23.18
O10412,2024-12-15,PR0176,W08,C02,West,Express,14,3,3,2024-12-18,15.47
O10413,2025-06-08,PR0298,W01,C01,Central,Economy,4,10,7,2025-06-15,21.63
O10414,2024-06-04,PR0269,W09,C04,South,Economy,8,10,5,2024-06-09,31.44
O10415,2025-11-30,PR0226,W06,C07,Central,Express,2,3,2,2025-12-02,17.68
O10416,2024-10-30,PR0177,W06,C07,Central,Same Day,7,1,1,2024-10-31,22.52
O10417,2024-10-01,PR0245,W02,C05,North,Express,11,3,3,2024-10-04,30.14
O10418,2025-08-16,PR0140,W10,C06,North,Same Day,10,1,1,2025-08-17,18.08
O10419,2025-12-02,PR0206,W05,C05,West,Same Day,4,1,1,2025-12-03,23.82
O10420,2025-03-02,PR0284,W02,C07,North,Economy,10,10,8,2025-03-10,34.39
O10421,2025-01-23,PR0030,W01,C03,Central,Express,9,3,2,2025-01-25,31.7
O10422,2025-10-27,PR0236,W05,C03,West,Standard,11,6,2,2025-10-29,4.5
O10423,2024-08-11,PR0295,W06,C01,Central,Express,12,3,2,2024-08-13,24.22
O10424,2025-02-23,PR0156,W01,C08,Central,Economy,12,10,11,2025-03-06,23.87
O10425,2024-02-04,PR0251,W01,C01,Central,Economy,3,10,5,2024-02-09,19.79
O10426,2025-03-27,PR0090,W05,C02,West,Economy,5,10,7,2025-04-03,24.52
O10427,2025-09-02,PR0014,W07,C03,East,Economy,14,10,10,2025-09-12,32.02
O10428,2024-02-11,PR0143,W03,C02,South,Economy,14,10,6,2024-02-17,27.39
O10429,2024-05-27,PR0172,W05,C04,West,Express,7,3,2,2024-05-29,32.18
O10430,2025-05-23,PR0153,W08,C08,West,Express,3,3,2,2025-05-25,16.79
O10431,2025-03-30,PR0110,W10,C05,North,Standard,3,6,8,2025-04-07,11.45
O10432,2024-02-26,PR0001,W05,C08,West,Express,12,3,4,2024-03-01,33.21
O10433,2025-01-01,PR0238,W02,C02,North,Express,6,3,1,2025-01-02,28.02
O10434,2025-07-21,PR0051,W06,C01,Central,Economy,14,10,9,2025-07-30,23.86
O10435,2024-06-25,PR0222,W03,C06,South,Standard,14,6,7,2024-07-02,28.2
O10436,2025-02-20,PR0068,W01,C04,Central,Express,6,3,2,2025-02-22,35.72
O10437,2024-10-21,PR0020,W09,C08,South,Express,7,3,2,2024-10-23,44.07
O10438,2024-08-25,PR0268,W03,C01,South,Express,10,3,1,2024-08-26,36.9
O10439,2024-02-23,PR0232,W09,C03,South,Express,4,3,3,2024-02-26,27.96
O10440,2025-09-23,PR0201,W01,C04,Central,Express,6,3,1,2025-09-24,30.37
O10441,2024-09-15,PR0173,W04,C02,East,Economy,9,10,10,2024-09-25,27.92
O10442,2024-01-24,PR0160,W05,C08,West,Standard,14,6,8,2024-02-01,20.25
O10443,2025-01-21,PR0044,W06,C06,Central,Same Day,2,1,1,2025-01-22,19.22
O10444,2025-12-25,PR0229,W03,C06,South,Standard,5,6,4,2025-12-29,6.81
O10445,2025-02-12,PR0091,W01,C06,Central,Same Day,7,1,1,2025-02-13,29.35
O10446,2025-11-01,PR0209,W09,C01,South,Express,3,3,3,2025-11-04,45.78
O10447,2024-12-15,PR0196,W08,C01,West,Economy,14,10,7,2024-12-22,28.39
O10448,2024-11-26,PR0294,W09,C01,South,Same Day,5,1,1,2024-11-27,18.49
O10449,2024-04-02,PR0197,W03,C04,South,Same Day,6,1,1,2024-04-03,35.56
O10450,2024-09-05,PR0174,W08,C07,West,Standard,10,6,4,2024-09-09,17.61
O10451,2024-02-03,PR0087,W08,C05,West,Same Day,10,1,1,2024-02-04,44.66
O10452,2024-09-16,PR0252,W01,C08,Central,Same Day,5,1,1,2024-09-17,23.43
O10453,2024-10-21,PR0210,W01,C03,Central,Economy,11,10,7,2024-10-28,21.85
O10454,2024-12-14,PR0048,W09,C02,South,Standard,7,6,4,2024-12-18,16.92
O10455,2024-04-29,PR0266,W06,C02,Central,Standard,1,6,6,2024-05-05,20.74
O10456,2024-09-19,PR0023,W09,C07,South,Same Day,2,1,1,2024-09-20,25.71
O10457,2024-12-24,PR0193,W04,C08,East,Express,12,3,3,2024-12-27,30.55
O10458,2025-06-26,PR0167,W02,C08,North,Same Day,2,1,1,2025-06-27,37.3
O10459,2024-09-10,PR0084,W05,C03,West,Economy,3,10,8,2024-09-18,33.92
O10460,2024-11-05,PR0292,W03,C08,South,Same Day,9,1,1,2024-11-06,43.4
O10461,2024-12-07,PR0248,W10,C06,North,Economy,1,10,6,2024-12-13,35.15
O10462,2025-07-24,PR0127,W05,C05,West,Economy,10,10,7,2025-07-31,33.01
O10463,2025-07-11,PR0160,W05,C01,West,Standard,12,6,4,2025-07-15,20.24
O10464,2025-11-26,PR0009,W09,C02,South,Standard,7,6,7,2025-12-03,9.77
O10465,2024-08-22,PR0062,W06,C05,Central,Express,2,3,2,2024-08-24,40.23
O10466,2024-06-21,PR0142,W10,C03,North,Express,9,3,3,2024-06-24,45.93
O10467,2024-03-17,PR0204,W08,C07,West,Standard,1,6,8,2024-03-25,24.93
O10468,2024-04-05,PR0167,W01,C06,Central,Same Day,7,1,1,2024-04-06,35.56
O10469,2025-07-27,PR0226,W08,C03,West,Economy,6,10,5,2025-08-01,29.11
O10470,2024-08-01,PR0254,W06,C01,Central,Express,14,3,3,2024-08-04,34.42
O10471,2025-07-06,PR0178,W05,C04,West,Economy,14,10,10,2025-07-16,37.04
O10472,2024-06-12,PR0127,W01,C07,Central,Economy,10,10,5,2024-06-17,41.06
O10473,2024-07-26,PR0160,W10,C06,North,Same Day,8,1,1,2024-07-27,38.79
O10474,2024-06-10,PR0235,W04,C07,East,Same Day,7,1,1,2024-06-11,8.23
O10475,2025-02-22,PR0154,W03,C03,South,Standard,2,6,5,2025-02-27,14.62
O10476,2025-04-30,PR0058,W06,C06,Central,Economy,4,10,8,2025-05-08,28.33
O10477,2024-11-13,PR0144,W07,C05,East,Standard,3,6,7,2024-11-20,25.22
O10478,2025-03-13,PR0235,W02,C04,North,Express,4,3,1,2025-03-14,29.19
O10479,2024-07-18,PR0048,W03,C03,South,Standard,5,6,6,2024-07-24,16.05
O10480,2025-04-27,PR0024,W02,C06,North,Standard,11,6,4,2025-05-01,
O10481,2024-11-27,PR0147,W10,C06,North,Standard,8,6,8,2024-12-05,16.06
O10482,2024-07-02,PR0125,W01,C02,Central,Economy,5,10,5,2024-07-07,
O10483,2024-11-15,PR0290,W07,C08,East,Standard,14,6,3,2024-11-18,15.77
O10484,2024-06-02,PR0042,W02,C05,North,Express,12,3,4,2024-06-06,44.49
O10485,2025-11-28,PR0169,W03,C02,South,Standard,1,6,5,2025-12-03,17.03
O10486,2024-03-25,PR0105,W05,C06,West,Same Day,2,1,1,2024-03-26,26.85
O10487,2024-10-31,PR0178,W07,C04,East,Same Day,10,1,2,2024-11-02,25.99
O10488,2024-03-09,PR0249,W05,C04,West,Same Day,2,1,1,2024-03-10,29.56
O10489,2025-06-26,PR0032,W05,C04,West,Express,10,3,3,2025-06-29,34.31
O10490,2025-11-05,PR0099,W02,C06,North,Standard,12,6,10,2025-11-15,18.76
O10491,2024-10-02,PR0027,W08,C06,West,Economy,5,10,8,2024-10-10,28.98
O10492,2024-05-14,PR0258,W08,C05,West,Same Day,7,1,2,2024-05-16,15.92
O10493,2025-10-27,PR0237,W02,C08,North,Standard,5,6,10,2025-11-06,9.34
O10494,2024-12-30,PR0171,W03,C03,South,Economy,14,10,15,2025-01-14,36.94
O10495,2025-11-28,PR0072,W01,C07,Central,Economy,10,10,10,2025-12-08,45.83
O10496,2024-09-15,PR0280,W07,C01,East,Express,7,3,1,2024-09-16,30.19
O10497,2024-02-22,PR0036,W09,C08,South,Economy,7,10,9,2024-03-02,39.08
O10498,2024-02-26,PR0132,W05,C02,West,Same Day,6,1,1,2024-02-27,23.73
O10499,2024-10-26,PR0191,W06,C03,Central,Express,2,3,4,2024-10-30,34.67
O10500,2024-07-25,PR0180,W10,C05,North,Same Day,4,1,2,2024-07-27,37.33
O10501,2025-06-03,PR0204,W05,C04,West,Express,9,3,1,2025-06-04,28.45
O10502,2024-08-31,PR0177,W06,C01,Central,Express,5,3,5,2024-09-05,28.61
O10503,2025-02-11,PR0252,W01,C08,Central,Standard,9,6,2,2025-02-13,8.33
O10504,2025-03-12,PR0092,W10,C04,North,Standard,14,6,2,2025-03-14,23.53
O10505,2024-09-22,PR0271,W07,C07,East,Economy,12,10,12,2024-10-04,27.66
O10506,2025-08-31,PR0082,W09,C02,South,Express,6,3,2,2025-09-02,16.18
O10507,2024-05-17,PR0175,W08,C01,West,Economy,14,10,9,2024-05-26,45.49
O10508,2024-03-18,PR0045,W07,C05,East,Same Day,13,1,1,2024-03-19,31.22
O10509,2025-05-27,PR0243,W10,C01,North,Economy,10,10,11,2025-06-07,26.79
O10510,2024-01-08,PR0121,W10,C05,North,Same Day,3,1,1,2024-01-09,35.82
O10511,2024-02-15,PR0152,W02,C08,North,Economy,7,10,9,2024-02-24,18.17
O10512,2025-05-23,PR0094,W06,C07,Central,Economy,3,10,9,2025-06-01,36.64
O10513,2025-11-16,PR0175,W03,C01,South,Standard,1,6,7,2025-11-23,8.22
O10514,2025-09-24,PR0204,W03,C04,South,Same Day,13,1,1,2025-09-25,17.49
O10515,2024-03-16,PR0090,W01,C08,Central,Express,14,3,3,2024-03-19,50.39
O10516,2024-02-17,PR0264,W02,C08,North,Express,12,3,4,2024-02-21,24.75
O10517,2025-07-16,PR0070,W04,C08,East,Express,2,3,3,2025-07-19,15.38
O10518,2024-08-31,PR0063,W09,C08,South,Express,11,3,5,2024-09-05,26.62
O10519,2025-08-01,PR0284,W08,C01,West,Standard,4,6,6,2025-08-07,18.24
O10520,2024-10-02,PR0089,W06,C03,Central,Express,4,3,1,2024-10-03,36.51
O10521,2025-05-03,PR0230,W06,C05,Central,Same Day,3,1,1,2025-05-04,33.06
O10522,2025-06-01,PR0273,W03,C08,South,Standard,7,6,5,2025-06-06,3.0
O10523,2024-12-17,PR0120,W01,C08,Central,Same Day,6,1,2,2024-12-19,43.57
O10524,2024-11-26,PR0111,W02,C07,North,Standard,5,6,3,2024-11-29,21.74
O10525,2025-03-15,PR0290,W09,C02,South,Economy,14,10,5,2025-03-20,37.87
O10526,2024-03-26,PR0179,W07,C03,East,Express,9,3,5,2024-03-31,25.66
O10527,2024-01-20,PR0296,W08,C04,West,Same Day,1,1,1,2024-01-21,31.96
O10528,2025-04-15,PR0241,W04,C04,East,Standard,2,6,9,2025-04-24,4.64
O10529,2024-11-13,PR0206,W03,C05,South,Same Day,2,1,1,2024-11-14,21.84
O10530,2025-07-28,PR0186,W05,C03,West,Express,9,3,4,2025-08-01,19.34
O10531,2025-08-19,PR0178,W05,C07,West,Express,10,3,4,2025-08-23,26.09
O10532,2025-01-29,PR0139,W09,C05,South,Same Day,8,1,1,2025-01-30,11.44
O10533,2025-09-07,PR0125,W10,C03,North,Express,3,3,3,2025-09-10,37.23
O10534,2025-12-10,PR0044,W10,C03,North,Express,12,3,5,2025-12-15,36.79
O10535,2024-11-03,PR0055,W01,C05,Central,Economy,13,10,5,2024-11-08,31.18
O10536,2025-04-05,PR0166,W03,C07,South,Economy,3,10,11,2025-04-16,26.56
O10537,2025-12-26,PR0126,W05,C01,West,Economy,10,10,9,2026-01-04,24.47
O10538,2024-06-24,PR0228,W04,C08,East,Same Day,14,1,2,2024-06-26,37.41
O10539,2024-07-14,PR0259,W07,C01,East,Express,13,3,4,2024-07-18,31.42
O10540,2025-10-06,PR0039,W04,C06,East,Same Day,9,1,1,2025-10-07,30.1
O10541,2025-09-29,PR0152,W08,C07,West,Economy,5,10,6,2025-10-05,35.43
O10542,2024-06-17,PR0250,W06,C02,Central,Economy,3,10,9,2024-06-26,28.81
O10543,2025-01-05,PR0052,W05,C05,West,Standard,7,6,6,2025-01-11,28.32
O10544,2024-12-11,PR0203,W05,C06,West,Same Day,8,1,1,2024-12-12,32.06
O10545,2024-08-16,PR0055,W01,C05,Central,Standard,5,6,2,2024-08-18,30.42
O10546,2024-06-09,PR0113,W01,C02,Central,Standard,2,6,9,2024-06-18,10.38
O10547,2024-08-19,PR0005,W07,C07,East,Standard,10,6,4,2024-08-23,18.24
O10548,2025-10-18,PR0058,W07,C02,East,Express,13,3,3,2025-10-21,26.76
O10549,2024-10-27,PR0040,W05,C02,West,Economy,2,10,11,2024-11-07,22.81
O10550,2024-02-21,PR0122,W10,C04,North,Standard,5,6,3,2024-02-24,10.28
O10551,2025-08-04,PR0096,W04,C07,East,Standard,13,6,3,2025-08-07,11.54
O10552,2025-09-07,PR0022,W02,C01,North,Economy,14,10,12,2025-09-19,29.91
O10553,2025-12-16,PR0267,W07,C02,East,Economy,6,10,7,2025-12-23,48.4
O10554,2024-08-21,PR0204,W05,C02,West,Economy,8,10,13,2024-09-03,29.8
O10555,2024-05-10,PR0089,W04,C08,East,Express,7,3,3,2024-05-13,20.32
O10556,2025-02-19,PR0002,W08,C04,West,Express,11,3,4,2025-02-23,19.96
O10557,2024-05-08,PR0300,W07,C06,East,Same Day,8,1,2,2024-05-10,28.79
O10558,2025-08-31,PR0065,W03,C05,South,standard,11,6,6,2025-09-06,19.26
O10559,2024-08-14,PR0079,W05,C01,West,Express,9,3,3,2024-08-17,20.33
O10560,2024-02-24,PR0126,W06,C05,Central,Standard,7,6,4,2024-02-28,25.18
O10561,2024-10-01,PR0015,W10,C04,North,Standard,2,6,5,2024-10-06,15.75
O10562,2025-11-26,PR0149,W07,C02,East,Express,13,3,6,2025-12-02,38.91
O10563,2025-04-22,PR0131,W09,C01,South,Standard,3,6,13,2025-05-05,17.06
O10564,2025-12-28,PR0021,W10,C04,North,Economy,11,10,-2,2026-01-05,29.22
O10565,2024-07-07,PR0297,W09,C05,South,Economy,14,10,5,2024-07-12,25.28
O10566,2024-11-14,PR0245,W10,C08,North,Same Day,13,1,1,2024-11-15,29.2
O10567,2025-05-18,PR0091,W07,C05,East,Economy,5,10,10,2025-05-28,3.0
O10568,2025-08-08,PR0252,W02,C08,North,Standard,6,6,5,2025-08-13,22.56
O10569,2025-10-11,PR0272,W02,C05,North,Same Day,1,1,1,2025-10-12,31.71
O10570,2024-05-08,PR0025,W01,C03,Central,Express,1,3,2,2024-05-10,29.71
O10571,2024-08-10,PR0003,W07,C07,East,Same Day,8,1,1,2024-08-11,10.61
O10572,2025-04-04,PR0021,W07,C01,East,Express,9,3,3,2025-04-07,31.33
O10573,2024-06-10,PR0011,W06,C05,Central,Express,9,3,4,2024-06-14,31.7
O10574,2025-10-24,PR0290,W04,C06,East,Economy,12,10,7,2025-10-31,35.35
O10575,2025-12-01,PR0220,W05,C01,West,Economy,13,10,10,2025-12-11,35.57
O10576,2025-05-03,PR0096,W10,C04,North,Same Day,2,1,1,2025-05-04,22.91
O10577,2024-09-12,PR0140,W01,C07,Central,Standard,2,6,6,2024-09-18,25.88
O10578,2024-06-21,PR0045,W09,C04,South,Economy,8,10,11,2024-07-02,29.26
O10579,2024-06-16,PR0259,W07,C04,East,Economy,14,10,8,2024-06-24,27.22
O10580,2024-08-29,PR0018,W05,C07,West,Same Day,6,1,1,2024-08-30,51.85
O10581,2024-01-11,PR0126,W02,C08,North,Express,6,3,1,2024-01-12,33.22
O10582,2024-05-26,PR0072,W06,C05,Central,Standard,12,6,2,2024-05-28,17.01
O10583,2025-08-11,PR0279,W02,C02,North,Standard,6,6,7,2025-08-18,30.89
O10584,2025-03-18,PR0183,W04,C01,East,Economy,12,10,11,2025-03-29,23.64
O10585,2025-02-20,PR0159,W10,C05,North,Same Day,10,1,1,2025-02-21,20.27
O10586,2024-11-04,PR0016,W09,C08,South,Economy,14,10,13,2024-11-17,24.26
O10587,2025-05-30,PR0187,W08,C02,,Express,12,3,3,2025-06-02,29.64
O10588,2025-12-23,PR0015,W07,C01,East,Same Day,8,1,1,2025-12-24,30.61
O10589,2024-09-23,PR0062,W02,C05,North,Same Day,13,1,2,2024-09-25,28.14
O10590,2024-06-29,PR0045,W09,C02,South,Standard,3,6,5,2024-07-04,22.56
O10591,2025-02-14,PR0156,W06,C05,Central,Economy,6,10,6,2025-02-20,38.95
O10592,2025-09-05,PR0149,W09,C04,South,Standard,7,6,8,2025-09-13,10.01
O10593,2025-03-19,PR0128,W05,C07,West,Same Day,10,1,1,2025-03-20,32.91
O10594,2024-10-01,PR0119,W06,C05,Central,Express,10,3,1,2024-10-02,26.48
O10595,2025-09-28,PR0287,W09,C05,South,Same Day,4,1,1,2025-09-29,29.76
O10596,2024-08-24,PR0269,W01,C07,Central,Economy,2,10,9,2024-09-02,32.97
O10597,2025-08-24,PR0207,W02,C08,North,Same Day,5,1,1,2025-08-25,30.21
O10598,2024-11-23,PR0154,W09,C01,South,Express,12,3,4,2024-11-27,29.57
O10599,2025-12-06,PR0013,W04,C07,East,Express,14,3,4,2025-12-10,35.65
O10600,2025-06-09,PR0261,W08,C07,West,Express,12,3,2,2025-06-11,9.57
O10601,2024-12-08,PR0059,W08,C04,West,Express,1,3,1,2024-12-09,32.73
O10602,2024-09-11,PR0245,W06,C06,Central,Standard,8,6,2,2024-09-13,11.84
O10603,2024-08-14,PR0276,W09,C03,South,Standard,4,6,6,2024-08-20,15.42
O10604,2025-05-07,PR0089,W09,C02,South,Same Day,8,1,1,2025-05-08,53.62
O10605,2024-12-14,PR0204,W03,C04,South,Express,11,3,1,2024-12-15,30.64
O10606,2024-02-21,PR0090,W03,C08,South,Express,2,3,1,2024-02-22,26.53
O10607,2025-03-09,PR0064,W04,C02,East,Standard,5,6,5,2025-03-14,12.96
O10608,2024-07-02,PR0277,W09,C01,South,Same Day,8,1,1,2024-07-03,39.8
O10609,2025-05-02,PR0011,W04,C02,East,Standard,5,6,5,2025-05-07,31.81
O10610,2025-10-10,PR0062,W01,C02,Central,Same Day,10,1,1,2025-10-11,26.68
O10611,2024-07-14,PR0039,W08,C01,West,Express,10,3,7,2024-07-21,39.43
O10612,2024-02-26,PR0013,W03,C08,South,Express,5,3,1,2024-02-27,30.7
O10613,2024-12-21,PR0163,W02,C07,North,Same Day,13,1,1,2024-12-22,25.02
O10614,2024-03-15,PR0155,W08,C03,West,Standard,14,6,7,2024-03-22,22.69
O10615,2024-05-08,PR0294,W03,C04,South,Express,10,3,3,2024-05-11,37.55
O10616,2024-11-30,PR0039,W10,C05,North,Standard,14,6,6,2024-12-06,35.44
O10617,2025-05-14,PR0188,W02,C01,North,Same Day,5,1,1,2025-05-15,34.16
O10618,2024-12-31,PR0105,W04,C07,East,Economy,8,10,11,2025-01-11,39.91
O10619,2024-02-25,PR0236,W01,C05,Central,Same Day,13,1,1,2024-02-26,28.0
O10620,2025-10-11,PR0186,W02,C05,North,Same Day,2,1,1,2025-10-12,39.14
O10621,2024-06-04,PR0155,W09,C07,South,Same Day,10,1,1,2024-06-05,34.52
O10622,2024-12-15,PR0052,W05,C04,West,Same Day,1,1,1,2024-12-16,17.61
O10623,2024-03-13,PR0236,W02,C04,North,Express,7,3,3,2024-03-16,32.6
O10624,2025-01-15,PR0108,W04,C07,East,Standard,12,6,6,2025-01-21,7.01
O10625,2024-05-14,PR0160,W07,C02,East,Express,2,3,2,2024-05-16,33.88
O10626,2025-06-06,PR0156,W02,C08,North,Economy,1,10,11,2025-06-17,22.7
O10627,2025-06-13,PR0199,W10,C08,North,Standard,12,6,8,2025-06-21,4.89
O10628,2024-09-12,PR0210,W04,C05,East,Standard,9,6,8,2024-09-20,28.44
O10629,2024-12-23,PR0202,W09,C06,South,Same Day,1,1,1,2024-12-24,19.12
O10630,2025-09-17,PR0169,W04,C06,East,Standard,3,6,5,2025-09-22,27.94
O10631,2025-09-23,PR0196,W08,C08,West,Standard,14,6,3,2025-09-26,6.14
O10632,2024-12-07,PR0193,W05,C05,West,Same Day,11,1,1,2024-12-08,36.83
O10633,2025-01-01,PR0272,W08,C03,West,Standard,13,6,9,2025-01-10,12.71
O10634,2025-02-05,PR0025,W05,C08,West,Express,10,3,5,2025-02-10,14.52
O10635,2024-06-26,PR0113,W06,C02,Central,Express,2,3,3,2024-06-29,32.57
O10636,2024-10-11,PR0181,W08,C02,West,Express,9,3,1,2024-10-12,39.4
O10637,2024-01-18,PR0248,W05,C02,West,Standard,6,6,6,2024-01-24,25.58
O10638,2025-02-24,PR0119,W03,C08,South,Standard,5,6,2,2025-02-26,17.32
O10639,2025-11-18,PR0049,W01,C05,Central,Same Day,14,1,2,2025-11-20,26.12
O10640,2025-03-18,PR0053,W09,C07,South,Same Day,6,1,2,2025-03-20,36.28
O10641,2024-05-14,PR0160,W10,C07,North,Standard,5,6,5,2024-05-19,45.72
O10642,2025-04-14,PR0095,W05,C02,West,Standard,8,6,3,2025-04-17,17.77
O10643,2024-11-16,PR0119,W02,C04,North,Same Day,12,1,1,2024-11-17,25.81
O10644,2024-06-06,PR0120,W02,C01,North,Same Day,3,1,1,2024-06-07,25.84
O10645,2025-09-13,PR0115,W01,C03,Central,Economy,10,10,4,2025-09-17,29.92
O10646,2025-05-27,PR0072,W04,C02,East,Economy,2,10,9,2025-06-05,41.6
O10647,2025-09-01,PR0195,W05,C05,West,Economy,6,10,10,2025-09-11,41.96
O10648,2024-03-20,PR0284,W04,C07,East,Express,7,3,1,2024-03-21,3.12
O10649,2025-12-03,PR0117,W09,C02,South,Economy,2,10,7,2025-12-10,21.4
O10650,2024-01-25,PR0290,W01,C06,Central,Standard,14,6,6,2024-01-31,10.92
O10651,2025-08-30,PR0225,W10,C07,North,Standard,12,6,5,2025-09-04,31.18
O10652,2024-02-15,PR0080,W10,C06,North,Same Day,14,1,2,2024-02-17,22.67
O10653,2025-03-03,PR0082,W02,C05,North,Standard,5,6,4,2025-03-07,25.8
O10654,2024-08-09,PR0222,W01,C07,Central,Express,12,3,2,2024-08-11,46.54
O10655,2025-05-12,PR0277,W06,C01,Central,Standard,14,6,5,2025-05-17,28.39
O10656,2025-07-04,PR0133,W06,C04,Central,Express,4,3,2,2025-07-06,24.32
O10657,2024-02-09,PR0241,W07,C07,East,Economy,10,10,6,2024-02-15,30.11
O10658,2025-11-03,PR0167,W10,C07,North,Economy,1,10,10,2025-11-13,17.61
O10659,2024-09-05,PR0282,W06,C01,Central,Standard,10,6,4,2024-09-09,37.17
O10660,2025-02-21,PR0033,W01,C01,Central,Economy,1,10,8,2025-03-01,26.57
O10661,2025-12-25,PR0102,W06,C01,Central,Same Day,1,1,1,2025-12-26,31.94
O10662,2024-03-31,PR0005,W06,C06,Central,Same Day,1,1,2,2024-04-02,24.25
O10663,2025-03-06,PR0112,W06,C01,Central,Standard,14,6,3,2025-03-09,23.18
O10664,2024-12-24,PR0058,W10,C05,North,Economy,3,10,14,2025-01-07,27.76
O10665,2024-12-08,PR0073,W08,C05,West,Express,5,3,1,2024-12-09,37.9
O10666,2025-01-24,PR0173,W05,C06,West,Express,1,3,3,2025-01-27,48.55
O10667,2025-06-20,PR0039,W02,C06,North,Standard,12,6,2,2025-06-22,16.47
O10668,2025-05-05,PR0152,W03,C08,South,Economy,6,10,9,2025-05-14,23.75
O10669,2024-06-09,PR0160,W02,C06,North,Standard,12,6,7,2024-06-16,25.22
O10670,2025-11-20,PR0167,W07,C05,East,Economy,4,10,9,2025-11-29,34.23
O10671,2024-06-07,PR0033,W03,C06,South,Economy,8,10,13,2024-06-20,32.25
O10672,2024-08-03,PR0019,W04,C04,East,Economy,3,10,7,2024-08-10,32.0
O10673,2024-10-16,PR0246,W10,C03,North,Economy,3,10,7,2024-10-23,35.65
O10674,2025-06-12,PR0109,W03,C05,South,Standard,14,6,2,2025-06-14,33.77
O10675,2025-06-30,PR0033,W03,C08,South,Standard,7,6,2,2025-07-02,19.32
O10676,2025-02-13,PR0004,W01,C06,Central,Economy,3,10,9,2025-02-22,23.22
O10677,2025-06-16,PR0100,W01,C03,Central,Same Day,3,1,1,2025-06-17,31.42
O10678,2024-04-15,PR0092,W04,C07,East,Same Day,13,1,1,2024-04-16,49.58
O10679,2024-10-17,PR0298,W01,C02,Central,Express,6,3,3,2024-10-20,39.21
O10680,2025-02-25,PR0178,W05,C02,West,Standard,6,6,2,2025-02-27,19.42
O10681,2024-09-23,PR0088,W05,C08,West,Economy,9,10,6,2024-09-29,38.52
O10682,2024-09-26,PR0234,W01,C03,Central,Standard,3,6,8,2024-10-04,11.74
O10683,2025-03-21,PR0254,W08,C01,West,Economy,10,10,7,2025-03-28,20.17
O10684,2025-04-05,PR0194,W07,C06,East,Standard,6,6,7,2025-04-12,18.93
O10685,2025-07-28,PR0182,W04,C06,East,Economy,7,10,11,2025-08-08,21.78
O10686,2024-04-13,PR0161,W02,C05,,Economy,11,10,8,2024-04-21,35.27
O10687,2024-11-07,PR0269,W04,C05,East,Economy,9,10,7,2024-11-14,25.79
O10688,2024-02-16,PR0003,W04,C04,East,Same Day,14,1,2,2024-02-18,21.9
O10689,2025-02-15,PR0215,W03,C02,South,Same Day,1,1,1,2025-02-16,34.39
O10690,2024-09-11,PR0173,W10,C03,North,Standard,3,6,9,2024-09-20,17.46
O10691,2025-10-02,PR0013,W08,C02,West,Express,5,3,4,2025-10-06,29.39
O10692,2025-08-25,PR0103,W03,C03,South,Standard,10,6,7,2025-09-01,42.16
O10693,2024-02-03,PR0207,W09,C07,South,Same Day,11,1,1,2024-02-04,20.99
O10694,2025-06-25,PR0007,W07,C01,East,Economy,14,10,13,2025-07-08,39.43
O10695,2024-12-05,PR0272,W09,C05,South,Express,13,3,3,2024-12-08,46.75
O10696,2025-04-25,PR0250,W08,C08,West,Economy,13,10,13,2025-05-08,27.59
O10697,2024-09-04,PR0126,W02,C07,North,Express,11,3,3,2024-09-07,35.24
O10698,2024-04-11,PR0051,W08,C07,West,standard,3,10,8,2024-04-19,44.57
O10699,2025-12-05,PR0110,W06,C03,Central,Economy,3,10,10,2025-12-15,27.91
O10700,2024-04-20,PR0002,W06,C05,Central,Express,12,3,3,2024-04-23,27.88
O10701,2025-03-01,PR0265,W02,C06,North,Same Day,4,1,1,2025-03-02,34.63
O10702,2024-10-16,PR0004,W01,C07,Central,Economy,14,10,10,2024-10-26,44.42
O10703,2025-11-20,PR0136,W09,C04,South,Standard,11,6,8,2025-11-28,11.5
O10704,2024-04-15,PR0297,W09,C06,South,Same Day,11,1,1,2024-04-16,24.96
O10705,2025-11-11,PR0260,W10,C03,North,Express,6,3,1,2025-11-12,29.63
O10706,2025-01-18,PR0130,W04,C02,East,Same Day,7,1,2,2025-01-20,27.9
O10707,2024-11-24,PR0245,W10,C08,North,Standard,12,6,6,2024-11-30,16.91
O10708,2024-12-16,PR0006,W07,C07,East,Standard,9,6,7,2024-12-23,3.11
O10709,2025-06-03,PR0262,W02,C01,North,Express,10,3,2,2025-06-05,30.95
O10710,2025-08-04,PR0289,W08,C08,West,Economy,10,10,14,2025-08-18,31.5
O10711,2025-10-08,PR0090,W08,C06,West,Express,2,3,2,2025-10-10,34.66
O10712,2025-06-16,PR0172,W01,C07,Central,Economy,5,10,7,2025-06-23,31.38
O10713,2024-05-18,PR0184,W07,C02,East,Economy,14,10,10,2024-05-28,28.87
O10714,2024-04-09,PR0183,W05,C03,West,Express,14,3,3,2024-04-12,35.29
O10715,2024-01-14,PR0049,W09,C05,South,Same Day,3,1,1,2024-01-15,38.57
O10716,2024-09-11,PR0194,W01,C07,Central,Express,8,3,5,2024-09-16,30.71
O10717,2025-11-18,PR0172,W10,C01,North,Standard,4,6,5,2025-11-23,17.09
O10718,2024-01-31,PR0091,W06,C04,Central,Standard,10,6,2,2024-02-02,10.92
O10719,2024-10-25,PR0200,W03,C07,South,Same Day,8,1,1,2024-10-26,24.4
O10720,2024-06-10,PR0085,W06,C07,Central,Same Day,12,1,1,2024-06-11,22.27
O10721,2025-09-25,PR0156,W03,C07,South,Standard,7,6,5,2025-09-30,23.05
O10722,2025-05-18,PR0179,W07,C03,East,Standard,5,6,5,2025-05-23,23.04
O10723,2025-03-24,PR0010,W06,C03,Central,Economy,7,10,9,2025-04-02,31.6
O10724,2024-11-17,PR0192,W07,C02,East,Economy,7,10,10,2024-11-27,44.19
O10725,2025-01-31,PR0270,W03,C03,South,Economy,6,10,11,2025-02-11,28.53
O10726,2025-12-10,PR0252,W03,C04,South,Same Day,10,1,1,2025-12-11,30.87
O10727,2024-04-12,PR0022,W06,C07,Central,Economy,10,10,11,2024-04-23,25.96
O10728,2024-06-09,PR0299,W09,C07,South,Same Day,7,1,1,2024-06-10,25.08
O10729,2024-06-07,PR0221,W08,C08,West,Same Day,10,1,1,2024-06-08,41.15
O10730,2025-10-09,PR0247,W05,C04,West,Standard,2,6,7,2025-10-16,29.6
O10731,2024-01-05,PR0018,W09,C03,South,Express,4,3,1,2024-01-06,41.07
O10732,2024-09-12,PR0034,W10,C05,North,Express,14,3,3,2024-09-15,31.2
O10733,2024-08-17,PR0188,W07,C06,East,Standard,5,6,8,2024-08-25,19.51
O10734,2025-01-16,PR0288,W08,C05,West,Economy,2,10,9,2025-01-25,30.38
O10735,2025-04-07,PR0116,W10,C07,North,Express,11,3,4,2025-04-11,22.03
O10736,2025-01-03,PR0109,W10,C07,North,Same Day,12,1,1,2025-01-04,16.26
O10737,2025-06-15,PR0024,W01,C02,Central,Standard,11,6,6,2025-06-21,43.42
O10738,2024-09-25,PR0125,W02,C08,North,Express,8,3,1,2024-09-26,20.39
O10739,2025-06-03,PR0181,W10,C06,North,Same Day,6,1,1,2025-06-04,34.48
O10740,2024-03-12,PR0174,W08,C06,West,Economy,13,10,10,2024-03-22,16.84
O10741,2025-03-17,PR0252,W02,C06,North,Standard,11,6,5,2025-03-22,5.62
O10742,2024-07-03,PR0086,W03,C01,South,Express,13,3,3,2024-07-06,25.08
O10743,2025-05-14,PR0050,W01,C07,Central,Same Day,13,1,1,2025-05-15,41.63
O10744,2024-10-09,PR0299,W05,C05,West,Standard,1,6,3,2024-10-12,21.11
O10745,2025-08-20,PR0108,W01,C03,Central,Economy,10,10,13,2025-09-02,26.43
O10746,2024-07-17,PR0277,W05,C01,West,Standard,12,6,2,2024-07-19,20.65
O10747,2024-11-30,PR0142,W09,C04,South,Economy,4,10,7,2024-12-07,22.15
O10748,2025-02-04,PR0104,W06,C04,Central,Same Day,9,1,1,2025-02-05,30.8
O10749,2025-07-18,PR0007,W04,C05,East,Same Day,4,1,2,2025-07-20,33.6
O10750,2024-11-06,PR0269,W03,C04,South,Standard,13,6,6,2024-11-12,21.7
O10751,2024-05-28,PR0112,W03,C06,South,Same Day,3,1,1,2024-05-29,25.03
O10752,2025-12-11,PR0274,W06,C01,Central,Express,3,3,6,2025-12-17,35.29
O10753,2024-09-14,PR0006,W06,C04,Central,Economy,7,10,7,2024-09-21,11.98
O10754,2024-07-14,PR0251,W10,C08,North,Express,9,3,4,2024-07-18,17.73
O10755,2025-04-17,PR0112,W03,C08,South,Economy,3,10,14,2025-05-01,22.26
O10756,2024-03-19,PR0165,W04,C06,East,Same Day,1,1,1,2024-03-20,46.45
O10757,2024-02-12,PR0299,W03,C07,South,Standard,11,6,10,2024-02-22,31.77
O10758,2024-04-22,PR0144,W01,C04,Central,Standard,8,6,3,2024-04-25,27.11
O10759,2025-12-13,PR0224,W03,C06,South,Economy,3,10,8,2025-12-21,24.38
O10760,2025-11-26,PR0132,W05,C05,West,Standard,13,6,8,2025-12-04,24.02
O10761,2024-09-26,PR0077,W10,C05,North,Express,14,3,4,2024-09-30,22.04
O10762,2025-11-16,PR0255,W06,C07,Central,Economy,14,10,11,2025-11-27,33.36
O10763,2024-01-07,PR0194,W08,C06,West,Standard,11,6,6,2024-01-13,14.79
O10764,2024-01-26,PR0241,W04,C07,East,Economy,12,10,5,2024-01-31,9.54
O10765,2024-04-04,PR0186,W06,C03,Central,Standard,1,6,2,2024-04-06,25.12
O10766,2024-04-14,PR0299,W06,C03,Central,Express,3,3,3,2024-04-17,36.26
O10767,2024-11-18,PR0016,W05,C02,West,Express,11,3,3,2024-11-21,26.31
O10768,2024-11-07,PR0245,W05,C08,West,Economy,14,10,9,2024-11-16,35.35
O10769,2025-07-27,PR0103,W06,C05,Central,Express,2,3,1,2025-07-28,20.78
O10770,2024-10-23,PR0275,W02,C08,North,Standard,1,6,5,2024-10-28,26.27
O10771,2024-08-13,PR0292,W04,C05,East,Standard,11,6,5,2024-08-18,35.06
O10772,2024-10-14,PR0173,W10,C03,North,Express,14,3,2,2024-10-16,19.01
O10773,2024-03-12,PR0226,W06,C03,Central,Standard,5,6,2,2024-03-14,11.99
O10774,2024-04-23,PR0275,W01,C02,Central,Standard,11,6,5,2024-04-28,4.94
O10775,2024-11-15,PR0265,W02,C05,North,Same Day,14,1,1,2024-11-16,35.1
O10776,2024-03-28,PR0193,W09,C01,South,Express,4,3,2,2024-03-30,31.8
O10777,2024-11-18,PR0252,W02,C08,North,Economy,2,10,6,2024-11-24,30.12
O10778,2025-08-24,PR0232,W10,C06,North,Same Day,5,1,1,2025-08-25,37.13
O10779,2024-11-15,PR0202,W05,C05,West,Standard,11,6,6,2024-11-21,25.21
O10780,2025-05-29,PR0003,W04,C06,East,Economy,8,10,13,2025-06-11,
O10781,2024-01-02,PR0077,W06,C03,Central,Same Day,12,1,1,2024-01-03,35.81
O10782,2024-02-18,PR0218,W08,C01,West,Economy,13,10,9,2024-02-27,34.6
O10783,2024-04-12,PR0191,W07,C07,East,Economy,11,10,6,2024-04-18,14.85
O10784,2025-06-23,PR0114,W09,C05,South,Standard,7,6,3,2025-06-26,25.0
O10785,2024-01-23,PR0043,W09,C04,South,Standard,3,6,5,2024-01-28,13.63
O10786,2024-09-25,PR0268,W07,C04,East,Economy,11,10,8,2024-10-03,36.63
O10787,2024-10-05,PR0124,W04,C05,East,Economy,3,10,5,2024-10-10,15.43
O10788,2024-05-08,PR0004,W09,C02,South,Economy,9,10,6,2024-05-14,19.8
O10789,2024-12-01,PR0268,W08,C03,West,Same Day,9,1,1,2024-12-02,27.82
O10790,2024-02-25,PR0014,W08,C07,West,Same Day,8,1,1,2024-02-26,43.97
O10791,2024-01-28,PR0145,W09,C08,South,Express,9,3,1,2024-01-29,39.0
O10792,2025-04-05,PR0266,W04,C07,East,Same Day,6,1,1,2025-04-06,28.25
O10793,2025-09-25,PR0048,W01,C02,Central,Economy,11,10,12,2025-10-07,24.77
O10794,2024-01-04,PR0025,W01,C02,Central,Express,11,3,5,2024-01-09,32.69
O10795,2024-09-09,PR0086,W01,C02,Central,Standard,12,6,7,2024-09-16,16.02
O10796,2025-12-26,PR0066,W09,C07,South,Economy,10,10,7,2026-01-02,20.96
O10797,2025-09-21,PR0298,W04,C08,East,Standard,2,6,3,2025-09-24,7.5
O10798,2024-07-09,PR0129,W08,C02,West,Same Day,9,1,1,2024-07-10,46.97
O10799,2024-03-13,PR0056,W10,C05,North,Economy,9,10,3,2024-03-16,20.61
O10800,2024-01-18,PR0227,W09,C01,South,Express,7,3,2,2024-01-20,34.48
O10801,2025-03-12,PR0048,W08,C08,West,Same Day,8,1,1,2025-03-13,25.75
O10802,2024-08-27,PR0110,W10,C02,North,Standard,11,6,6,2024-09-02,24.41
O10803,2024-12-22,PR0156,W08,C02,West,Economy,9,10,10,2025-01-01,26.23
O10804,2024-09-04,PR0113,W10,C07,North,Standard,3,6,7,2024-09-11,10.22
O10805,2024-03-24,PR0188,W02,C03,North,Economy,6,10,10,2024-04-03,23.82
O10806,2025-10-21,PR0057,W04,C06,East,Same Day,12,1,1,2025-10-22,15.21
O10807,2025-02-20,PR0248,W02,C07,North,Express,8,3,3,2025-02-23,38.66
O10808,2024-11-25,PR0177,W03,C08,South,Economy,4,10,12,2024-12-07,30.03
O10809,2024-02-08,PR0086,W05,C08,West,Same Day,4,1,2,2024-02-10,40.87
O10810,2024-01-22,PR0202,W10,C04,North,Same Day,11,1,1,2024-01-23,11.87
O10811,2025-03-27,PR0145,W04,C08,East,Economy,5,10,11,2025-04-07,24.83
O10812,2025-04-20,PR0157,W06,C08,Central,Same Day,13,1,1,2025-04-21,29.33
O10813,2025-07-28,PR0062,W08,C04,West,Same Day,14,1,1,2025-07-29,22.73
O10814,2025-06-04,PR0124,W07,C01,East,Standard,9,6,2,2025-06-06,21.03
O10815,2025-04-23,PR0077,W02,C01,North,Express,4,3,-2,2025-04-26,31.97
O10816,2025-02-19,PR0246,W02,C06,North,Standard,10,6,6,2025-02-25,5.54
O10817,2024-02-24,PR0188,W05,C01,West,Economy,12,10,9,2024-03-04,13.67
O10818,2024-01-05,PR0024,W10,C02,North,Economy,10,10,5,2024-01-10,37.11
O10819,2025-05-12,PR0012,W09,C06,South,Economy,7,10,6,2025-05-18,23.0
O10820,2024-11-16,PR0134,W06,C02,Central,Same Day,6,1,1,2024-11-17,58.01
O10821,2025-09-01,PR0058,W09,C04,South,Express,6,3,3,2025-09-04,27.3
O10822,2024-02-07,PR0290,W08,C02,West,Standard,2,6,4,2024-02-11,26.83
O10823,2024-04-23,PR0098,W02,C07,North,Economy,6,10,9,2024-05-02,34.74
O10824,2024-04-19,PR0094,W01,C04,Central,Economy,3,10,15,2024-05-04,25.7
O10825,2024-02-23,PR0133,W10,C02,North,Same Day,3,1,1,2024-02-24,26.07
O10826,2025-09-22,PR0133,W10,C08,North,Express,8,3,1,2025-09-23,22.64
O10827,2024-04-05,PR0011,W04,C02,East,Same Day,6,1,1,2024-04-06,11.21
O10828,2024-10-27,PR0154,W10,C03,North,Same Day,14,1,1,2024-10-28,26.09
O10829,2024-12-08,PR0067,W06,C08,,Economy,14,10,13,2024-12-21,20.29
O10830,2025-04-03,PR0125,W07,C03,East,Express,14,3,5,2025-04-08,40.0
O10831,2024-08-25,PR0209,W03,C07,South,Same Day,10,1,1,2024-08-26,18.9
O10832,2025-11-10,PR0012,W01,C05,Central,Economy,7,10,9,2025-11-19,30.47
O10833,2025-12-19,PR0263,W04,C02,East,Same Day,8,1,1,2025-12-20,37.04
O10834,2024-06-14,PR0242,W03,C01,South,Standard,14,6,4,2024-06-18,18.9
O10835,2025-05-06,PR0141,W10,C03,North,Express,8,3,3,2025-05-09,40.12
O10836,2024-08-27,PR0018,W04,C03,East,Express,6,3,2,2024-08-29,38.99
O10837,2024-01-02,PR0288,W10,C03,North,Same Day,1,1,1,2024-01-03,36.37
O10838,2025-09-24,PR0225,W06,C06,Central,Express,3,3,3,2025-09-27,38.37
O10839,2025-01-28,PR0147,W08,C03,West,Same Day,8,1,2,2025-01-30,41.03
O10840,2024-08-07,PR0225,W08,C07,West,Standard,5,6,5,2024-08-12,26.72
O10841,2025-09-20,PR0283,W05,C08,West,Economy,7,10,12,2025-10-02,38.47
O10842,2024-08-29,PR0148,W10,C05,North,Economy,7,10,9,2024-09-07,34.95
O10843,2024-08-09,PR0141,W06,C03,Central,Same Day,8,1,2,2024-08-11,47.58
O10844,2025-03-13,PR0180,W09,C05,South,Same Day,5,1,2,2025-03-15,27.06
O10845,2025-06-02,PR0063,W08,C08,West,Express,13,3,3,2025-06-05,35.4
O10846,2024-07-19,PR0248,W06,C01,,Same Day,3,1,1,2024-07-20,41.94
O10847,2025-06-22,PR0156,W05,C06,West,Same Day,6,1,2,2025-06-24,28.56
O10848,2025-11-08,PR0265,W03,C04,South,Express,8,3,1,2025-11-09,32.96
O10849,2025-05-05,PR0191,W08,C07,West,Economy,3,10,8,2025-05-13,38.11
O10850,2025-11-10,PR0199,W10,C04,North,Same Day,10,1,2,2025-11-12,23.85
O10851,2025-12-19,PR0232,W10,C08,North,Express,7,3,3,2025-12-22,18.45
O10852,2024-10-07,PR0093,W06,C06,Central,Express,5,3,2,2024-10-09,52.13
O10853,2024-05-07,PR0094,W05,C08,West,Economy,9,10,4,2024-05-11,32.56
O10854,2025-03-26,PR0296,W02,C05,North,Economy,6,10,11,2025-04-06,17.76
O10855,2024-01-07,PR0051,W07,C06,East,Same Day,6,1,1,2024-01-08,25.9
O10856,2025-07-26,PR0169,W10,C07,North,Economy,13,10,7,2025-08-02,33.83
O10857,2024-08-22,PR0142,W07,C01,East,Economy,4,10,9,2024-08-31,23.76
O10858,2025-09-14,PR0174,W09,C01,South,Standard,14,6,3,2025-09-17,32.34
O10859,2024-05-04,PR0137,W05,C03,West,Express,5,3,2,2024-05-06,27.35
O10860,2024-12-13,PR0002,W10,C07,North,Economy,7,10,11,2024-12-24,24.71
O10861,2025-12-15,PR0097,W06,C03,Central,Express,1,3,4,2025-12-19,31.25
O10862,2025-01-14,PR0092,W07,C08,East,Economy,10,10,13,2025-01-27,41.76
O10863,2024-11-05,PR0256,W08,C08,West,Express,11,3,3,2024-11-08,23.43
O10864,2025-08-29,PR0173,W01,C02,Central,Economy,13,10,3,2025-09-01,31.38
O10865,2024-01-16,PR0008,W10,C04,North,Same Day,13,1,1,2024-01-17,30.0
O10866,2025-11-09,PR0029,W07,C07,East,Same Day,10,1,1,2025-11-10,22.33
O10867,2025-05-12,PR0104,W02,C03,North,Express,7,3,3,2025-05-15,16.05
O10868,2025-09-05,PR0047,W03,C06,South,Same Day,7,1,1,2025-09-06,19.99
O10869,2025-11-08,PR0129,W03,C02,South,Economy,1,10,11,2025-11-19,46.06
O10870,2025-12-13,PR0151,W10,C04,North,Economy,5,10,8,2025-12-21,20.23
O10871,2025-02-11,PR0255,W06,C08,Central,Express,11,3,3,2025-02-14,44.48
O10872,2025-01-05,PR0284,W04,C07,,Express,5,3,2,2025-01-07,32.83
O10873,2025-09-10,PR0190,W10,C06,North,Same Day,11,1,1,2025-09-11,40.66
O10874,2024-01-25,PR0072,W06,C01,Central,Express,3,3,4,2024-01-29,40.84
O10875,2025-02-02,PR0263,W10,C05,North,Standard,12,6,4,2025-02-06,22.29
O10876,2024-02-19,PR0219,W02,C05,North,Standard,7,6,6,2024-02-25,14.09
O10877,2025-11-14,PR0279,W10,C05,North,Standard,10,6,6,2025-11-20,17.95
O10878,2024-11-30,PR0272,W05,C02,West,Standard,3,6,6,2024-12-06,18.9
O10879,2025-03-01,PR0190,W10,C03,North,Economy,1,10,13,2025-03-14,28.1
O10880,2024-07-16,PR0241,W01,C04,Central,Same Day,8,1,1,2024-07-17,32.32
O10881,2024-09-15,PR0166,W06,C04,Central,Standard,9,6,8,2024-09-23,10.08
O10882,2024-05-22,PR0258,W02,C08,North,Express,9,3,4,2024-05-26,32.98
O10883,2024-01-02,PR0206,W02,C01,North,Express,5,3,2,2024-01-04,40.91
O10884,2025-11-01,PR0103,W03,C08,South,Same Day,13,1,2,2025-11-03,29.24
O10885,2025-11-12,PR0103,W08,C06,West,Standard,14,6,5,2025-11-17,11.33
O10886,2025-11-27,PR0176,W06,C04,Central,Economy,3,10,5,2025-12-02,33.81
O10887,2025-05-04,PR0257,W03,C06,South,Express,3,3,3,2025-05-07,32.39
O10888,2025-11-21,PR0065,W03,C05,South,Standard,5,6,6,2025-11-27,30.33
O10889,2024-03-03,PR0032,W04,C05,East,Same Day,1,1,1,2024-03-04,17.95
O10890,2025-06-25,PR0079,W10,C07,North,Economy,7,10,10,2025-07-05,17.45
O10891,2025-11-23,PR0274,W08,C04,West,Express,5,3,5,2025-11-28,30.84
O10892,2025-10-05,PR0044,W05,C01,West,Same Day,14,1,1,2025-10-06,39.69
O10893,2024-11-20,PR0132,W05,C03,West,Standard,13,6,4,2024-11-24,27.43
O10894,2025-09-12,PR0049,W03,C06,South,Express,2,3,3,2025-09-15,29.03
O10895,2024-03-14,PR0129,W01,C08,Central,Express,12,3,3,2024-03-17,27.13
O10896,2024-05-23,PR0200,W02,C02,North,Economy,2,10,8,2024-05-31,17.96
O10897,2024-08-06,PR0053,W02,C07,North,Economy,5,10,13,2024-08-19,33.94
O10898,2024-10-21,PR0032,W02,C08,North,Economy,13,10,9,2024-10-30,24.24
O10899,2025-01-28,PR0228,W10,C05,North,Express,10,3,2,2025-01-30,16.4
O10900,2024-01-30,PR0215,W09,C05,South,Express,3,3,1,2024-01-31,22.36
O10901,2025-02-27,PR0268,W04,C05,East,Standard,4,6,8,2025-03-07,22.74
O10902,2025-12-07,PR0018,W05,C02,West,Express,11,3,1,2025-12-08,50.89
O10903,2025-03-09,PR0290,W06,C07,Central,Express,11,3,3,2025-03-12,26.64
O10904,2024-11-20,PR0128,W06,C05,Central,Standard,14,6,7,2024-11-27,3.85
O10905,2025-02-27,PR0285,W08,C05,West,Economy,2,10,8,2025-03-07,34.48
O10906,2024-10-07,PR0045,W10,C03,North,Express,5,3,4,2024-10-11,15.37
O10907,2024-05-30,PR0068,W09,C03,South,Standard,5,6,4,2024-06-03,10.6
O10908,2025-12-31,PR0225,W01,C03,Central,Express,1,3,4,2026-01-04,31.54
O10909,2025-11-05,PR0138,W03,C02,South,Same Day,4,1,2,2025-11-07,20.08
O10910,2024-05-23,PR0241,W01,C03,Central,Express,8,3,4,2024-05-27,31.34
O10911,2025-10-12,PR0299,W08,C03,West,Economy,11,10,5,2025-10-17,23.01
O10912,2024-04-14,PR0297,W09,C05,South,Economy,10,10,7,2024-04-21,33.92
O10913,2025-09-08,PR0085,W09,C04,South,Economy,2,10,11,2025-09-19,31.52
O10914,2025-08-20,PR0145,W07,C03,East,Same Day,12,1,-2,2025-08-21,19.73
O10915,2024-06-18,PR0162,W03,C03,South,Same Day,2,1,1,2024-06-19,24.41
O10916,2024-07-08,PR0166,W06,C04,Central,Economy,13,10,12,2024-07-20,38.03
O10917,2024-09-20,PR0142,W04,C04,East,Same Day,6,1,1,2024-09-21,36.71
O10918,2025-12-01,PR0045,W06,C03,Central,Same Day,13,1,1,2025-12-02,37.04
O10919,2024-09-11,PR0092,W08,C05,West,Economy,2,10,12,2024-09-23,26.08
O10920,2025-06-03,PR0122,W02,C08,North,Standard,13,6,7,2025-06-10,26.27
O10921,2024-03-17,PR0071,W04,C03,East,Express,7,3,4,2024-03-21,35.91
O10922,2024-08-14,PR0155,W10,C02,North,Economy,2,10,10,2024-08-24,24.29
O10923,2024-09-20,PR0227,W10,C04,North,Standard,3,6,11,2024-10-01,9.71
O10924,2024-11-24,PR0245,W01,C02,,Economy,4,10,9,2024-12-03,15.62
O10925,2025-05-05,PR0072,W10,C01,North,Same Day,1,1,1,2025-05-06,17.37
O10926,2024-11-20,PR0051,W07,C05,East,Standard,2,6,8,2024-11-28,17.29
O10927,2025-10-17,PR0292,W08,C01,West,Express,2,3,2,2025-10-19,16.8
O10928,2025-05-08,PR0102,W01,C07,Central,Economy,8,10,7,2025-05-15,25.26
O10929,2025-09-16,PR0224,W10,C03,North,Express,5,3,4,2025-09-20,25.97
O10930,2024-12-30,PR0297,W06,C06,Central,Standard,14,6,9,2025-01-08,22.34
O10931,2025-12-05,PR0269,W09,C08,South,Standard,14,6,6,2025-12-11,21.94
O10932,2025-12-31,PR0081,W07,C08,East,Economy,11,10,9,2026-01-09,28.24
O10933,2024-08-29,PR0232,W08,C06,West,Express,3,3,4,2024-09-02,36.58
O10934,2024-04-29,PR0286,W08,C05,West,Express,9,3,4,2024-05-03,32.26
O10935,2025-02-10,PR0297,W05,C08,West,Standard,1,6,3,2025-02-13,29.11
O10936,2024-08-09,PR0174,W03,C02,South,Express,13,3,3,2024-08-12,26.21
O10937,2024-11-27,PR0152,W01,C07,Central,Same Day,11,1,1,2024-11-28,30.85
O10938,2024-03-15,PR0234,W06,C05,Central,Standard,6,6,2,2024-03-17,21.37
O10939,2024-06-28,PR0068,W01,C02,Central,Same Day,7,1,1,2024-06-29,28.6
O10940,2024-12-18,PR0193,W01,C07,Central,Economy,11,10,14,2025-01-01,26.43
O10941,2025-04-24,PR0207,W09,C02,South,Economy,2,10,10,2025-05-04,26.42
O10942,2025-08-07,PR0209,W09,C02,South,Same Day,6,1,2,2025-08-09,23.74
O10943,2025-05-15,PR0143,W06,C01,Central,Same Day,2,1,1,2025-05-16,7.67
O10944,2024-12-20,PR0045,W02,C02,North,Express,10,3,2,2024-12-22,41.34
O10945,2024-09-17,PR0166,W05,C03,West,Same Day,11,1,1,2024-09-18,46.96
O10946,2025-11-29,PR0217,W10,C04,North,Standard,10,6,4,2025-12-03,17.31
O10947,2024-03-06,PR0242,W08,C01,West,Express,14,3,1,2024-03-07,37.82
O10948,2025-02-04,PR0044,W08,C06,West,Standard,4,6,7,2025-02-11,6.78
O10949,2024-08-11,PR0025,W06,C01,Central,Economy,7,10,11,2024-08-22,29.18
O10950,2024-05-31,PR0174,W07,C01,East,Economy,14,10,9,2024-06-09,30.16
O10951,2025-10-30,PR0127,W08,C01,West,Economy,3,10,13,2025-11-12,38.11
O10952,2024-04-16,PR0226,W02,C03,North,Express,1,3,1,2024-04-17,23.99
O10953,2025-01-08,PR0037,W01,C04,Central,Same Day,3,1,2,2025-01-10,26.13
O10954,2024-06-13,PR0202,W03,C02,South,Express,6,3,5,2024-06-18,46.83
O10955,2024-02-01,PR0026,W02,C08,North,Standard,6,6,6,2024-02-07,13.37
O10956,2025-01-05,PR0092,W05,C06,West,Express,12,3,3,2025-01-08,14.86
O10957,2024-02-02,PR0119,W01,C03,Central,Express,14,3,1,2024-02-03,29.78
O10958,2025-08-14,PR0150,W09,C08,South,Same Day,13,1,1,2025-08-15,37.65
O10959,2025-10-14,PR0190,W01,C03,Central,Express,2,3,2,2025-10-16,34.28
O10960,2025-06-07,PR0194,W08,C02,West,Express,2,3,4,2025-06-11,40.51
O10961,2024-06-24,PR0026,W10,C02,North,Standard,5,6,6,2024-06-30,22.55
O10962,2025-04-28,PR0175,W01,C04,Central,Express,4,3,4,2025-05-02,24.87
O10963,2024-03-26,PR0169,W09,C07,South,Economy,4,10,6,2024-04-01,28.31
O10964,2024-08-23,PR0021,W05,C05,West,Same Day,7,1,2,2024-08-25,18.85
O10965,2024-10-24,PR0266,W06,C04,Central,Same Day,1,1,1,2024-10-25,46.34
O10966,2024-06-01,PR0049,W09,C01,South,Standard,1,6,2,2024-06-03,8.74
O10967,2025-04-28,PR0077,W09,C04,South,Standard,13,6,9,2025-05-07,21.71
O10968,2024-03-06,PR0281,W06,C02,Central,Economy,11,10,17,2024-03-23,31.96
O10969,2024-01-24,PR0173,W06,C06,Central,Same Day,1,1,1,2024-01-25,4.82
O10970,2024-05-21,PR0094,W01,C04,Central,Economy,2,10,6,2024-05-27,25.01
O10971,2024-09-16,PR0003,W02,C08,North,Economy,12,10,7,2024-09-23,12.92
O10972,2025-11-29,PR0035,W09,C06,South,Economy,9,10,10,2025-12-09,50.9
O10973,2025-09-19,PR0059,W05,C02,West,Express,8,3,3,2025-09-22,33.4
O10974,2025-10-06,PR0245,W08,C02,West,Same Day,3,1,1,2025-10-07,33.54
O10975,2024-03-08,PR0227,W03,C06,South,Same Day,2,1,1,2024-03-09,36.99
O10976,2024-12-27,PR0126,W04,C04,East,Standard,10,6,7,2025-01-03,19.24
O10977,2025-12-01,PR0150,W02,C05,North,Standard,4,6,7,2025-12-08,11.6
O10978,2025-01-07,PR0150,W02,C07,North,Standard,11,6,4,2025-01-11,9.91
O10979,2025-06-09,PR0258,W10,C02,North,Same Day,2,1,1,2025-06-10,25.43
O10980,2025-12-06,PR0081,W01,C02,Central,Same Day,2,1,1,2025-12-07,37.58
O10981,2025-12-28,PR0206,W09,C03,South,Express,9,3,3,2025-12-31,39.31
O10982,2025-03-15,PR0252,W03,C06,South,Express,13,3,5,2025-03-20,49.48
O10983,2025-12-07,PR0135,W02,C07,North,Standard,3,6,11,2025-12-18,18.12
O10984,2024-08-02,PR0228,W08,C05,West,Standard,2,6,6,2024-08-08,7.53
O10985,2025-04-07,PR0118,W03,C04,South,Express,4,3,4,2025-04-11,33.49
O10986,2024-09-03,PR0033,W04,C06,East,Standard,12,6,5,2024-09-08,40.94
O10987,2024-06-06,PR0230,W06,C03,Central,Express,12,3,2,2024-06-08,27.7
O10988,2024-01-03,PR0113,W03,C06,South,Same Day,4,1,1,2024-01-04,41.31
O10989,2025-11-30,PR0143,W03,C01,South,Same Day,3,1,2,2025-12-02,28.27
O10990,2024-07-21,PR0043,W05,C07,West,Same Day,7,1,1,2024-07-22,27.64
O10991,2024-07-28,PR0112,W01,C07,Central,Standard,13,6,9,2024-08-06,32.08
O10992,2025-03-21,PR0177,W01,C02,Central,Express,3,3,4,2025-03-25,36.06
O10993,2025-07-27,PR0002,W10,C07,North,Standard,14,6,6,2025-08-02,22.04
O10994,2025-03-01,PR0108,W08,C02,West,Express,5,3,4,2025-03-05,34.66
O10995,2024-05-06,PR0107,W05,C02,West,Economy,5,10,10,2024-05-16,24.92
O10996,2025-09-18,PR0186,W05,C05,West,Economy,7,10,10,2025-09-28,34.3
O10997,2025-11-23,PR0180,W04,C01,East,Standard,8,6,2,2025-11-25,3.0
O10998,2024-09-11,PR0111,W03,C05,South,Standard,8,6,2,2024-09-13,26.74
O10999,2024-09-17,PR0223,W07,C01,East,Same Day,10,1,1,2024-09-18,41.15
O11000,2024-09-15,PR0075,W02,C04,North,Standard,5,6,5,2024-09-20,13.46
O11001,2025-02-02,PR0299,W10,C07,North,Economy,14,10,11,2025-02-13,40.78
O11002,2025-02-04,PR0062,W04,C03,East,Economy,11,10,12,2025-02-16,32.91
O11003,2024-01-05,PR0024,W02,C08,North,Same Day,8,1,1,2024-01-06,39.48
O11004,2024-10-24,PR0064,W04,C03,East,Standard,8,6,2,2024-10-26,11.19
O11005,2024-04-12,PR0115,W07,C02,East,Standard,3,6,7,2024-04-19,17.66
O11006,2025-05-16,PR0105,W08,C05,West,Same Day,14,1,1,2025-05-17,36.47
O11007,2024-05-26,PR0299,W06,C07,Central,Economy,2,10,-2,2024-06-04,32.38
O11008,2025-12-10,PR0116,W09,C07,South,Standard,14,6,6,2025-12-16,23.54
O11009,2025-08-23,PR0216,W09,C07,South,Same Day,8,1,1,2025-08-24,
O11010,2024-04-08,PR0244,W02,C04,North,Same Day,6,1,2,2024-04-10,31.63
O11011,2024-01-07,PR0230,W04,C01,East,Standard,14,6,2,2024-01-09,
O11012,2025-10-31,PR0041,W01,C05,Central,Economy,14,10,7,2025-11-07,31.86
O11013,2025-09-22,PR0245,W01,C05,Central,Economy,3,10,8,2025-09-30,20.42
O11014,2024-04-11,PR0224,W09,C08,,Standard,9,6,8,2024-04-19,25.09
O11015,2024-12-03,PR0223,W03,C01,South,Same Day,2,1,1,2024-12-04,40.13
O11016,2025-01-16,PR0227,W09,C08,South,Express,8,3,2,2025-01-18,35.1
O11017,2025-12-14,PR0126,W09,C06,South,Express,8,3,1,2025-12-15,37.68
O11018,2025-11-07,PR0209,W06,C01,Central,Standard,2,6,3,2025-11-10,22.81
O11019,2024-11-28,PR0251,W01,C02,Central,Express,2,3,4,2024-12-02,23.01
O11020,2025-04-11,PR0059,W08,C03,West,Same Day,3,1,1,2025-04-12,30.58
O11021,2024-08-28,PR0228,W04,C02,East,Same Day,12,1,1,2024-08-29,15.88
O11022,2024-02-28,PR0246,W07,C05,East,Economy,13,10,9,2024-03-08,27.47
O11023,2025-02-18,PR0180,W03,C01,South,Same Day,6,1,1,2025-02-19,35.27
O11024,2025-11-23,PR0218,W09,C02,South,Same Day,4,1,1,2025-11-24,34.88
O11025,2024-02-17,PR0258,W10,C07,,Standard,12,6,3,2024-02-20,19.55
O11026,2024-04-28,PR0122,W07,C01,East,Express,7,3,3,2024-05-01,25.55
O11027,2024-11-28,PR0076,W07,C02,East,Economy,9,10,12,2024-12-10,34.95
O11028,2024-07-04,PR0289,W05,C04,West,Economy,7,10,7,2024-07-11,37.71
O11029,2025-12-22,PR0132,W01,C04,Central,Express,4,3,4,2025-12-26,42.46
O11030,2025-02-15,PR0247,W10,C01,North,Express,8,3,1,2025-02-16,28.72
O11031,2024-03-25,PR0129,W05,C01,West,Same Day,8,1,1,2024-03-26,26.65
O11032,2025-06-28,PR0090,W06,C04,Central,Standard,4,6,4,2025-07-02,3.0
O11033,2024-08-31,PR0175,W02,C01,North,Same Day,12,1,1,2024-09-01,16.67
O11034,2025-01-02,PR0280,W01,C03,Central,Standard,14,6,2,2025-01-04,8.1
O11035,2025-12-24,PR0241,W01,C06,Central,Economy,5,10,3,2025-12-27,34.94
O11036,2024-04-30,PR0224,W01,C07,Central,Economy,5,10,10,2024-05-10,40.85
O11037,2024-03-10,PR0007,W07,C06,East,Express,10,3,1,2024-03-11,32.35
O11038,2024-07-01,PR0064,W06,C07,Central,Express,2,3,5,2024-07-06,38.27
O11039,2025-01-11,PR0064,W07,C02,East,Same Day,11,1,1,2025-01-12,33.47
O11040,2025-11-07,PR0012,W07,C06,East,Express,6,3,6,2025-11-13,39.24
O11041,2024-02-16,PR0040,W07,C08,East,Same Day,7,1,1,2024-02-17,45.59
O11042,2025-07-31,PR0200,W08,C05,West,Economy,3,10,5,2025-08-05,32.74
O11043,2024-11-24,PR0161,W05,C02,West,Economy,5,10,15,2024-12-09,22.83
O11044,2025-09-05,PR0070,W06,C02,Central,Standard,11,6,5,2025-09-10,10.98
O11045,2024-04-19,PR0211,W03,C05,South,Economy,14,10,7,2024-04-26,41.48
O11046,2025-08-29,PR0052,W01,C08,Central,Express,1,3,4,2025-09-02,21.47
O11047,2024-01-19,PR0035,W07,C01,East,Same Day,3,1,1,2024-01-20,35.73
O11048,2025-04-23,PR0230,W08,C06,West,Express,11,3,4,2025-04-27,23.6
O11049,2025-03-28,PR0199,W07,C01,East,Same Day,2,1,1,2025-03-29,24.87
O11050,2025-11-30,PR0006,W02,C05,North,Standard,11,6,3,2025-12-03,20.2
O11051,2025-02-02,PR0011,W02,C03,North,Same Day,6,1,1,2025-02-03,25.68
O11052,2025-06-27,PR0166,W06,C05,Central,Economy,3,10,13,2025-07-10,25.57
O11053,2024-02-09,PR0283,W02,C07,North,Same Day,7,1,1,2024-02-10,26.72
O11054,2025-11-06,PR0159,W09,C01,South,Express,3,3,2,2025-11-08,20.63
O11055,2024-04-29,PR0143,W09,C01,South,Express,1,3,2,2024-05-01,31.06
O11056,2025-01-23,PR0055,W01,C08,Central,Economy,10,10,10,2025-02-02,32.79
O11057,2024-03-03,PR0209,W10,C07,North,Express,13,3,3,2024-03-06,39.85
O11058,2024-10-05,PR0031,W08,C06,West,Economy,13,10,13,2024-10-18,28.75
O11059,2025-11-28,PR0043,W02,C05,North,Express,6,3,4,2025-12-02,43.73
O11060,2025-11-18,PR0294,W01,C08,Central,Express,7,3,2,2025-11-20,27.4
O11061,2024-01-08,PR0177,W08,C04,West,Same Day,4,1,1,2024-01-09,39.16
O11062,2025-02-03,PR0043,W02,C01,North,Standard,14,6,4,2025-02-07,16.73
O11063,2024-09-09,PR0060,W06,C02,Central,Economy,13,10,14,2024-09-23,27.38
O11064,2025-08-14,PR0001,W06,C01,Central,Express,7,3,1,2025-08-15,27.55
O11065,2025-04-22,PR0133,W10,C02,North,Same Day,11,1,1,2025-04-23,26.0
O11066,2025-12-13,PR0177,W05,C06,West,Standard,11,6,2,2025-12-15,18.66
O11067,2024-08-13,PR0224,W03,C01,South,Economy,10,10,6,2024-08-19,21.76
O11068,2025-07-07,PR0130,W01,C07,Central,Same Day,13,1,1,2025-07-08,54.47
O11069,2024-05-29,PR0101,W06,C03,Central,Same Day,11,1,1,2024-05-30,35.19
O11070,2025-10-20,PR0074,W01,C01,Central,Economy,4,10,6,2025-10-26,32.27
O11071,2025-06-08,PR0214,W02,C06,North,Same Day,11,1,1,2025-06-09,9.86
O11072,2024-08-28,PR0130,W06,C03,Central,Economy,5,10,8,2024-09-05,24.68
O11073,2025-02-09,PR0176,W03,C08,South,Standard,10,6,4,2025-02-13,4.76
O11074,2025-12-29,PR0048,W01,C08,Central,Standard,9,6,6,2026-01-04,9.77
O11075,2025-10-22,PR0065,W02,C06,North,Economy,8,10,5,2025-10-27,27.0
O11076,2024-08-30,PR0057,W05,C07,West,Same Day,4,1,1,2024-08-31,34.36
O11077,2025-09-22,PR0008,W01,C07,Central,Same Day,13,1,1,2025-09-23,21.93
O11078,2024-10-10,PR0076,W07,C07,East,Economy,7,10,12,2024-10-22,29.9
O11079,2025-12-01,PR0285,W04,C08,East,Same Day,12,1,1,2025-12-02,26.87
O11080,2024-10-10,PR0145,W02,C08,North,Standard,2,6,2,2024-10-12,13.22
O11081,2025-04-07,PR0121,W05,C07,West,Express,12,3,5,2025-04-12,34.64
O11082,2025-03-12,PR0236,W03,C02,South,Economy,10,10,8,2025-03-20,35.87
O11083,2025-10-17,PR0042,W07,C02,East,Same Day,3,1,1,2025-10-18,30.37
O11084,2025-10-31,PR0249,W03,C08,South,Same Day,4,1,1,2025-11-01,19.51
O11085,2025-04-07,PR0151,W07,C02,East,Standard,5,6,5,2025-04-12,17.73
O11086,2025-12-06,PR0081,W05,C01,West,Standard,14,6,10,2025-12-16,16.53
O11087,2024-09-22,PR0233,W03,C03,South,Same Day,1,1,1,2024-09-23,17.56
O11088,2025-08-16,PR0289,W01,C05,Central,Express,6,3,5,2025-08-21,38.16
O11089,2025-09-17,PR0031,W01,C07,Central,Same Day,6,1,1,2025-09-18,30.51
O11090,2025-10-03,PR0102,W01,C01,Central,Standard,2,6,9,2025-10-12,15.2
O11091,2025-04-18,PR0036,W06,C08,Central,Economy,9,10,11,2025-04-29,36.22
O11092,2025-01-07,PR0090,W06,C07,Central,Same Day,3,1,3,2025-01-10,26.11
O11093,2025-04-06,PR0289,W01,C03,Central,Express,2,3,4,2025-04-10,37.74
O11094,2025-11-19,PR0280,W08,C03,West,Same Day,4,1,1,2025-11-20,33.97
O11095,2025-03-02,PR0213,W01,C02,Central,Standard,13,6,5,2025-03-07,9.08
O11096,2025-01-22,PR0044,W08,C08,West,Same Day,5,1,1,2025-01-23,28.48
O11097,2024-08-11,PR0155,W07,C02,East,Standard,5,6,6,2024-08-17,7.92
O11098,2025-05-15,PR0300,W03,C03,South,Standard,13,6,8,2025-05-23,31.26
O11099,2025-03-29,PR0043,W02,C05,North,Economy,8,10,3,2025-04-01,35.99
O11100,2025-04-21,PR0060,W05,C07,West,Standard,1,6,4,2025-04-25,3.0
O11101,2025-12-03,PR0072,W09,C07,South,Same Day,1,1,1,2025-12-04,9.62
O11102,2025-11-04,PR0188,W10,C05,North,Standard,5,6,4,2025-11-08,9.98
O11103,2025-05-18,PR0240,W06,C06,Central,Express,2,3,5,2025-05-23,12.4
O11104,2025-02-01,PR0280,W01,C07,Central,Express,1,3,1,2025-02-02,33.92
O11105,2024-06-01,PR0096,W09,C06,South,Express,5,3,5,2024-06-06,35.59
O11106,2025-12-29,PR0246,W01,C02,Central,Same Day,1,1,2,2025-12-31,40.91
O11107,2024-10-16,PR0064,W02,C04,North,Express,7,3,4,2024-10-20,16.7
O11108,2024-07-12,PR0080,W05,C07,West,Same Day,12,1,1,2024-07-13,32.41
O11109,2024-05-13,PR0052,W06,C07,Central,Same Day,12,1,1,2024-05-14,22.14
O11110,2025-11-29,PR0076,W02,C05,North,Express,5,3,2,2025-12-01,31.66
O11111,2024-08-17,PR0052,W10,C04,North,Express,7,3,2,2024-08-19,32.45
O11112,2025-11-30,PR0161,W05,C03,West,Same Day,14,1,1,2025-12-01,32.0
O11113,2024-07-19,PR0002,W03,C06,South,Economy,6,10,11,2024-07-30,15.25
O11114,2024-08-31,PR0024,W04,C05,East,Same Day,1,1,1,2024-09-01,24.11
O11115,2024-05-01,PR0227,W07,C02,East,Economy,1,10,11,2024-05-12,18.36
O11116,2024-06-08,PR0040,W07,C03,East,Standard,13,6,7,2024-06-15,16.82
O11117,2024-07-11,PR0149,W09,C05,South,Express,4,3,3,2024-07-14,43.1
O11118,2024-09-08,PR0035,W04,C08,East,Economy,4,10,13,2024-09-21,38.73
O11119,2025-05-13,PR0124,W10,C04,North,Same Day,11,1,1,2025-05-14,33.06
O11120,2025-03-10,PR0137,W06,C05,Central,Same Day,5,1,1,2025-03-11,52.04
O11121,2024-02-04,PR0077,W01,C02,Central,Express,10,3,3,2024-02-07,35.08
O11122,2025-12-28,PR0248,W04,C02,East,Same Day,10,1,1,2025-12-29,26.89
O11123,2025-01-11,PR0217,W07,C03,East,Economy,13,10,13,2025-01-24,24.09
O11124,2024-02-12,PR0217,W03,C05,South,Standard,8,6,2,2024-02-14,16.69
O11125,2024-02-11,PR0034,W08,C05,West,Standard,9,6,7,2024-02-18,27.18
O11126,2025-04-26,PR0164,W04,C03,East,Standard,3,6,4,2025-04-30,21.07
O11127,2024-07-18,PR0033,W05,C02,West,Same Day,8,1,1,2024-07-19,46.51
O11128,2024-09-28,PR0183,W04,C07,East,Same Day,10,1,2,2024-09-30,22.48
O11129,2025-04-26,PR0193,W08,C04,West,Standard,11,6,4,2025-04-30,23.35
O11130,2024-06-12,PR0079,W10,C04,North,Express,7,3,1,2024-06-13,42.16
O11131,2025-11-09,PR0178,W01,C05,Central,Standard,11,6,6,2025-11-15,19.45
O11132,2025-10-12,PR0230,W03,C03,South,Economy,10,10,5,2025-10-17,34.84
O11133,2025-11-24,PR0029,W10,C01,North,Economy,12,10,12,2025-12-06,34.28
O11134,2024-11-28,PR0151,W02,C02,North,Economy,6,10,9,2024-12-07,25.57
O11135,2025-02-18,PR0237,W10,C05,North,Express,5,3,5,2025-02-23,47.97
O11136,2024-06-21,PR0142,W03,C08,South,Express,3,3,4,2024-06-25,15.12
O11137,2025-11-02,PR0287,W10,C04,North,Same Day,7,1,1,2025-11-03,30.41
O11138,2025-01-30,PR0039,W04,C05,East,Same Day,4,1,1,2025-01-31,15.71
O11139,2025-03-05,PR0079,W01,C03,Central,Same Day,7,1,1,2025-03-06,24.5
O11140,2024-09-11,PR0292,W10,C07,North,Same Day,10,1,1,2024-09-12,11.23
O11141,2025-01-14,PR0020,W07,C05,East,Same Day,8,1,1,2025-01-15,39.79
O11142,2024-12-14,PR0131,W06,C05,Central,Same Day,10,1,1,2024-12-15,36.47
O11143,2024-02-22,PR0294,W03,C06,South,Economy,1,10,6,2024-02-28,26.83
O11144,2024-08-05,PR0206,W04,C01,East,Economy,9,10,12,2024-08-17,25.78
O11145,2024-01-07,PR0002,W08,C03,West,Economy,5,10,13,2024-01-20,26.5
O11146,2025-05-13,PR0298,W06,C03,Central,Same Day,7,1,1,2025-05-14,32.9
O11147,2024-08-09,PR0060,W09,C06,South,Express,6,3,1,2024-08-10,37.82
O11148,2025-05-14,PR0178,W05,C07,West,Express,1,3,6,2025-05-20,27.98
O11149,2025-08-13,PR0272,W06,C05,Central,Standard,11,6,8,2025-08-21,10.86
O11150,2024-09-26,PR0069,W08,C05,West,Standard,2,6,2,2024-09-28,9.54
O11151,2024-01-30,PR0244,W06,C03,Central,Express,8,3,3,2024-02-02,35.6
O11152,2025-12-11,PR0141,W03,C06,South,Economy,12,10,5,2025-12-16,42.52
O11153,2025-08-02,PR0040,W05,C03,West,Express,13,3,4,2025-08-06,36.93
O11154,2025-03-10,PR0059,W06,C03,Central,Standard,13,6,7,2025-03-17,10.32
O11155,2024-07-07,PR0152,W09,C05,South,Express,7,3,4,2024-07-11,38.9
O11156,2024-03-04,PR0283,W06,C05,Central,Economy,1,10,11,2024-03-15,52.88
O11157,2025-01-18,PR0240,W04,C06,East,Standard,7,6,6,2025-01-24,13.52
O11158,2025-02-14,PR0259,W02,C04,North,Economy,13,10,11,2025-02-25,3.0
O11159,2025-09-12,PR0050,W10,C01,North,Economy,6,10,6,2025-09-18,30.26
O11160,2025-10-20,PR0259,W05,C02,West,Standard,5,6,7,2025-10-27,13.09
O11161,2024-03-09,PR0200,W04,C04,East,Standard,13,6,9,2024-03-18,26.45
O11162,2024-06-25,PR0257,W02,C06,North,Standard,6,6,5,2024-06-30,28.55
O11163,2024-07-31,PR0043,W06,C03,Central,Express,11,3,1,2024-08-01,25.68
O11164,2024-09-15,PR0215,W04,C04,East,Standard,9,6,5,2024-09-20,10.26
O11165,2025-04-13,PR0050,W08,C05,West,Economy,5,10,8,2025-04-21,35.78
O11166,2024-06-16,PR0251,W02,C03,North,Economy,4,10,8,2024-06-24,49.9
O11167,2024-07-05,PR0271,W10,C05,North,Express,13,3,3,2024-07-08,21.96
O11168,2025-12-03,PR0297,W09,C07,South,Express,7,3,1,2025-12-04,37.11
O11169,2025-08-25,PR0080,W02,C02,North,Express,11,3,2,2025-08-27,38.66
O11170,2025-08-14,PR0001,W05,C08,West,Express,5,3,3,2025-08-17,37.51
O11171,2024-04-25,PR0044,W02,C07,North,Same Day,2,1,1,2024-04-26,36.54
O11172,2024-08-17,PR0131,W10,C07,North,Economy,2,10,12,2024-08-29,46.45
O11173,2024-03-28,PR0264,W09,C08,South,Express,10,3,2,2024-03-30,15.99
O11174,2025-03-03,PR0118,W02,C05,North,Standard,4,6,5,2025-03-08,3.0
O11175,2025-07-26,PR0148,W03,C04,South,Express,6,3,5,2025-07-31,21.12
O11176,2025-06-07,PR0262,W03,C04,South,Economy,4,10,7,2025-06-14,25.16
O11177,2025-03-31,PR0272,W07,C02,East,Express,9,3,2,2025-04-02,26.48
O11178,2025-04-09,PR0235,W02,C06,North,Same Day,6,1,1,2025-04-10,24.25
O11179,2024-10-19,PR0098,W01,C02,Central,Same Day,12,1,1,2024-10-20,29.27
O11180,2025-05-17,PR0068,W01,C03,Central,Economy,8,10,10,2025-05-27,30.35
O11181,2024-06-19,PR0157,W01,C04,Central,Express,11,3,3,2024-06-22,16.03
O11182,2024-03-04,PR0155,W08,C02,West,Express,1,3,2,2024-03-06,21.91
O11183,2024-06-03,PR0022,W03,C02,South,Standard,4,6,5,2024-06-08,14.86
O11184,2024-03-22,PR0121,W03,C04,South,Economy,2,10,8,2024-03-30,15.53
O11185,2025-08-13,PR0038,W01,C01,Central,Standard,3,6,5,2025-08-18,11.63
O11186,2024-10-25,PR0008,W07,C05,East,Economy,9,10,10,2024-11-04,21.53
O11187,2025-12-21,PR0300,W05,C04,West,Same Day,8,1,1,2025-12-22,46.29
O11188,2025-05-30,PR0286,W06,C03,Central,Same Day,11,1,2,2025-06-01,33.05
O11189,2024-05-20,PR0245,W07,C08,East,Economy,4,10,7,2024-05-27,31.24
O11190,2025-02-22,PR0072,W10,C08,North,standard,13,10,3,2025-02-25,34.69
O11191,2025-12-10,PR0134,W02,C08,North,Economy,3,10,6,2025-12-16,20.12
O11192,2024-09-28,PR0107,W08,C04,West,Express,8,3,5,2024-10-03,24.21
O11193,2025-12-12,PR0038,W07,C04,East,Same Day,14,1,1,2025-12-13,27.52
O11194,2024-06-30,PR0257,W07,C06,East,Economy,2,10,12,2024-07-12,11.06
O11195,2024-08-10,PR0123,W08,C03,West,Economy,7,10,9,2024-08-19,26.06
O11196,2025-12-12,PR0270,W04,C06,East,Economy,6,10,8,2025-12-20,
O11197,2025-05-21,PR0087,W01,C03,Central,Same Day,5,1,1,2025-05-22,29.33
O11198,2024-01-15,PR0228,W05,C03,West,Standard,10,6,5,2024-01-20,11.62
O11199,2025-12-14,PR0241,W06,C03,Central,Same Day,12,1,1,2025-12-15,23.28
O11200,2025-03-02,PR0064,W07,C08,East,Economy,10,10,12,2025-03-14,39.5
O11201,2025-04-24,PR0219,W08,C04,West,Standard,4,6,6,2025-04-30,3.0
O11202,2025-03-20,PR0270,W02,C07,North,Express,8,3,5,2025-03-25,30.49
O11203,2025-09-21,PR0122,W06,C03,Central,Economy,3,10,9,2025-09-30,31.4
O11204,2024-06-05,PR0114,W01,C06,Central,Same Day,5,1,1,2024-06-06,18.06
O11205,2024-06-07,PR0020,W05,C01,West,Standard,12,6,2,2024-06-09,10.4
O11206,2025-09-05,PR0150,W09,C04,South,Express,10,3,2,2025-09-07,9.51
O11207,2025-02-14,PR0163,W10,C03,North,Economy,1,10,6,2025-02-20,31.11
O11208,2024-09-20,PR0193,W02,C02,North,Economy,3,10,11,2024-10-01,25.01
O11209,2024-01-28,PR0091,W02,C02,North,standard,2,1,1,2024-01-29,24.37
O11210,2024-07-19,PR0216,W05,C04,West,Standard,2,6,5,2024-07-24,15.03
O11211,2025-10-22,PR0297,W06,C06,Central,Economy,1,10,11,2025-11-02,30.77
O11212,2024-02-04,PR0038,W07,C03,East,Economy,13,10,13,2024-02-17,36.6
O11213,2025-02-11,PR0242,W06,C03,Central,Standard,11,6,6,2025-02-17,19.17
O11214,2024-07-25,PR0201,W10,C07,North,Economy,4,10,17,2024-08-11,36.77
O11215,2025-01-22,PR0129,W04,C07,East,Economy,5,10,7,2025-01-29,35.03
O11216,2025-08-14,PR0279,W07,C04,East,Standard,10,6,3,2025-08-17,12.71
O11217,2024-05-27,PR0136,W08,C06,West,Express,2,3,2,2024-05-29,25.56
O11218,2024-05-06,PR0243,W03,C05,South,Same Day,14,1,2,2024-05-08,36.95
O11219,2024-05-16,PR0290,W01,C08,Central,Same Day,13,1,1,2024-05-17,19.12
O11220,2024-08-31,PR0282,W07,C07,East,Same Day,1,1,2,2024-09-02,48.33
O11221,2024-03-26,PR0192,W05,C07,West,Standard,5,6,3,2024-03-29,19.87
O11222,2024-03-27,PR0232,W01,C03,Central,Standard,7,6,7,2024-04-03,10.59
O11223,2025-09-23,PR0206,W06,C08,Central,Same Day,5,1,1,2025-09-24,43.29
O11224,2025-07-23,PR0036,W10,C06,North,Economy,12,10,4,2025-07-27,29.38
O11225,2024-01-03,PR0047,W02,C03,North,Economy,5,10,10,2024-01-13,43.9
O11226,2024-01-02,PR0159,W01,C05,Central,Economy,6,10,12,2024-01-14,24.55
O11227,2025-05-12,PR0194,W10,C01,North,Same Day,12,1,1,2025-05-13,35.52
O11228,2024-06-23,PR0216,W02,C07,North,Economy,12,10,8,2024-07-01,20.15
O11229,2025-04-23,PR0284,W02,C05,North,Standard,8,6,6,2025-04-29,19.77
O11230,2025-04-27,PR0183,W07,C02,East,Standard,10,6,4,2025-05-01,20.82
O11231,2024-10-18,PR0142,W03,C08,South,Express,5,3,4,2024-10-22,28.09
O11232,2025-03-10,PR0065,W01,C05,Central,Same Day,2,1,1,2025-03-11,26.3
O11233,2025-03-29,PR0109,W01,C08,Central,Economy,5,10,9,2025-04-07,37.72
O11234,2025-04-08,PR0099,W09,C05,South,Same Day,7,1,3,2025-04-11,25.03
O11235,2025-02-26,PR0250,W02,C08,North,Standard,3,6,3,2025-03-01,18.92
O11236,2024-12-01,PR0180,W10,C01,North,Standard,10,6,3,2024-12-04,19.8
O11237,2024-02-05,PR0084,W06,C04,Central,Standard,12,6,6,2024-02-11,24.97
O11238,2024-02-22,PR0262,W08,C01,West,Standard,3,6,6,2024-02-28,5.73
O11239,2024-04-18,PR0140,W05,C08,West,Same Day,14,1,1,2024-04-19,32.71
O11240,2024-01-29,PR0298,W09,C04,South,Standard,10,6,3,2024-02-01,27.36
O11241,2025-01-16,PR0023,W02,C02,North,Express,13,3,2,2025-01-18,10.59
O11242,2024-12-22,PR0096,W07,C07,East,Economy,4,10,3,2024-12-25,33.62
O11243,2024-06-16,PR0220,W03,C08,South,Express,10,3,5,2024-06-21,24.61
O11244,2024-02-03,PR0086,W10,C03,North,Standard,13,6,3,2024-02-06,17.39
O11245,2025-11-21,PR0187,W03,C05,South,Economy,3,10,15,2025-12-06,27.59
O11246,2025-01-08,PR0141,W06,C06,Central,Economy,1,10,7,2025-01-15,37.03
O11247,2024-10-02,PR0295,W08,C03,West,Same Day,10,1,1,2024-10-03,27.17
O11248,2025-10-17,PR0227,W03,C03,South,Economy,8,10,7,2025-10-24,34.58
O11249,2024-11-25,PR0206,W06,C06,Central,Economy,4,10,10,2024-12-05,20.12
O11250,2024-11-12,PR0226,W04,C02,East,Express,13,3,3,2024-11-15,32.47
O11251,2024-12-20,PR0041,W03,C08,South,Economy,5,10,10,2024-12-30,36.19
O11252,2025-11-10,PR0253,W06,C07,Central,Same Day,4,1,1,2025-11-11,26.87
O11253,2025-11-16,PR0289,W03,C01,South,Standard,9,6,2,2025-11-18,17.05
O11254,2024-10-15,PR0176,W10,C04,North,Economy,6,10,9,2024-10-24,27.34
O11255,2024-10-18,PR0279,W02,C05,North,Same Day,6,1,1,2024-10-19,19.74
O11256,2024-08-04,PR0142,W05,C06,West,Same Day,11,1,1,2024-08-05,17.89
O11257,2024-02-10,PR0063,W04,C05,East,Standard,6,6,4,2024-02-14,3.0
O11258,2024-07-11,PR0085,W09,C05,South,Economy,10,10,12,2024-07-23,40.33
O11259,2025-09-19,PR0290,W09,C08,South,Economy,1,10,7,2025-09-26,33.03
O11260,2025-03-09,PR0248,W08,C05,West,Economy,10,10,6,2025-03-15,31.4
O11261,2025-01-23,PR0125,W06,C07,Central,Standard,12,6,6,2025-01-29,13.58
O11262,2025-11-23,PR0241,W08,C08,West,Standard,9,6,6,2025-11-29,19.93
O11263,2025-06-26,PR0257,W04,C02,East,Same Day,3,1,1,2025-06-27,35.27
O11264,2025-05-23,PR0250,W10,C08,North,Economy,7,10,7,2025-05-30,46.27
O11265,2024-11-04,PR0280,W06,C01,Central,Standard,9,6,5,2024-11-09,12.88
O11266,2025-01-06,PR0241,W01,C05,Central,Same Day,5,1,1,2025-01-07,7.84
O11267,2025-09-22,PR0219,W08,C01,West,Standard,14,6,2,2025-09-24,23.41
O11268,2024-10-08,PR0224,W07,C08,East,Standard,8,6,5,2024-10-13,24.78
O11269,2025-06-11,PR0248,W02,C07,North,Express,3,3,4,2025-06-15,36.88
O11270,2024-12-11,PR0167,W01,C03,Central,Economy,5,10,10,2024-12-21,30.96
O11271,2024-06-24,PR0053,W04,C04,East,Standard,12,6,6,2024-06-30,24.8
O11272,2025-11-21,PR0222,W07,C06,East,Economy,12,10,11,2025-12-02,28.51
O11273,2024-09-18,PR0068,W04,C02,East,Same Day,8,1,1,2024-09-19,36.38
O11274,2024-01-28,PR0198,W01,C08,Central,Economy,8,10,16,2024-02-13,21.49
O11275,2024-08-02,PR0029,W09,C04,South,Same Day,1,1,1,2024-08-03,24.25
O11276,2025-01-17,PR0002,W09,C02,South,Same Day,11,1,1,2025-01-18,32.45
O11277,2024-05-28,PR0068,W08,C03,West,Standard,1,6,6,2024-06-03,18.95
O11278,2024-04-09,PR0300,W02,C07,North,Standard,11,6,6,2024-04-15,24.83
O11279,2025-12-09,PR0233,W02,C03,North,Same Day,3,1,1,2025-12-10,24.93
O11280,2025-12-10,PR0171,W10,C06,North,Same Day,5,1,1,2025-12-11,39.08
O11281,2025-02-24,PR0209,W05,C05,West,Same Day,14,1,1,2025-02-25,33.31
O11282,2025-09-02,PR0260,W03,C05,South,Express,2,3,3,2025-09-05,23.98
O11283,2024-03-19,PR0236,W09,C03,South,Same Day,9,1,1,2024-03-20,32.72
O11284,2025-08-13,PR0294,W08,C04,West,Standard,4,6,6,2025-08-19,15.47
O11285,2025-05-27,PR0259,W03,C06,South,Standard,12,6,5,2025-06-01,25.3
O11286,2025-11-05,PR0063,W05,C04,West,Express,5,3,3,2025-11-08,39.07
O11287,2025-10-28,PR0027,W04,C04,East,Standard,13,6,10,2025-11-07,10.57
O11288,2024-02-10,PR0159,W03,C01,South,Express,10,3,2,2024-02-12,36.3
O11289,2025-11-03,PR0153,W05,C02,West,Same Day,8,1,1,2025-11-04,49.21
O11290,2024-06-07,PR0218,W07,C05,East,Economy,10,10,6,2024-06-13,32.29
O11291,2025-11-09,PR0274,W03,C06,South,Standard,3,6,2,2025-11-11,23.47
O11292,2024-12-08,PR0194,W04,C04,East,Same Day,9,1,1,2024-12-09,38.35
O11293,2025-07-13,PR0237,W09,C07,South,Economy,7,10,10,2025-07-23,29.0
O11294,2025-07-15,PR0282,W02,C03,North,Express,6,3,5,2025-07-20,26.2
O11295,2024-03-06,PR0003,W07,C08,East,Economy,5,10,4,2024-03-10,8.46
O11296,2025-11-30,PR0098,W04,C03,East,Same Day,10,1,1,2025-12-01,25.48
O11297,2025-04-02,PR0247,W04,C01,East,Economy,10,10,8,2025-04-10,38.92
O11298,2024-01-06,PR0109,W04,C07,East,Express,13,3,1,2024-01-07,44.87
O11299,2025-08-20,PR0083,W03,C05,South,Economy,3,10,6,2025-08-26,31.67
O11300,2024-04-16,PR0033,W05,C02,West,Same Day,5,1,1,2024-04-17,17.06
O11301,2025-11-29,PR0219,W05,C06,West,Express,7,3,1,2025-11-30,31.93
O11302,2024-03-23,PR0119,W07,C04,East,Economy,5,10,11,2024-04-03,25.54
O11303,2024-03-21,PR0053,W08,C01,West,Express,5,3,5,2024-03-26,16.88
O11304,2025-05-26,PR0189,W07,C08,East,Standard,6,6,7,2025-06-02,12.74
O11305,2024-10-04,PR0046,W04,C03,East,Express,7,3,2,2024-10-06,38.59
O11306,2025-09-28,PR0262,W03,C04,South,Economy,5,10,4,2025-10-02,31.18
O11307,2025-04-01,PR0203,W05,C03,West,Economy,1,10,9,2025-04-10,30.21
O11308,2025-08-26,PR0150,W01,C06,Central,Economy,5,10,8,2025-09-03,39.9
O11309,2025-04-26,PR0245,W04,C02,East,Same Day,4,1,1,2025-04-27,28.3
O11310,2024-10-12,PR0131,W04,C06,East,Same Day,7,1,1,2024-10-13,15.85
O11311,2025-04-07,PR0256,W07,C06,East,Standard,13,6,6,2025-04-13,25.13
O11312,2024-08-29,PR0192,W07,C05,East,Standard,3,6,3,2024-09-01,17.2
O11313,2024-04-28,PR0189,W01,C06,Central,Express,10,3,3,2024-05-01,38.54
O11314,2025-08-18,PR0084,W03,C01,South,Economy,3,10,14,2025-09-01,25.36
O11315,2024-01-04,PR0062,W07,C08,East,Economy,8,10,8,2024-01-12,22.18
O11316,2024-07-05,PR0044,W05,C01,West,Same Day,9,1,2,2024-07-07,24.51
O11317,2025-11-10,PR0199,W02,C02,North,Express,9,3,3,2025-11-13,13.86
O11318,2024-09-14,PR0211,W05,C07,West,Express,7,3,3,2024-09-17,28.87
O11319,2025-06-12,PR0177,W01,C02,Central,Standard,4,6,7,2025-06-19,23.0
O11320,2024-04-23,PR0090,W03,C06,South,Same Day,4,1,1,2024-04-24,34.0
O11321,2025-06-24,PR0086,W04,C08,East,Same Day,14,1,1,2025-06-25,19.14
O11322,2025-05-05,PR0090,W06,C02,Central,Express,13,3,1,2025-05-06,35.42
O11323,2025-03-08,PR0169,W07,C05,East,Economy,12,10,3,2025-03-11,33.78
O11324,2024-05-01,PR0218,W10,C07,North,Same Day,7,1,1,2024-05-02,40.79
O11325,2025-02-23,PR0180,W06,C03,Central,Economy,10,10,10,2025-03-05,42.4
O11326,2024-05-19,PR0091,W03,C02,South,Express,4,3,3,2024-05-22,26.23
O11327,2024-03-04,PR0176,W05,C02,West,Standard,3,6,9,2024-03-13,17.54
O11328,2025-11-04,PR0013,W05,C05,West,Same Day,4,1,1,2025-11-05,38.8
O11329,2025-09-20,PR0215,W04,C08,East,Standard,14,6,3,2025-09-23,19.0
O11330,2024-11-19,PR0036,W03,C03,South,Standard,2,6,5,2024-11-24,31.76
O11331,2025-01-22,PR0108,W10,C03,North,Express,3,3,1,2025-01-23,21.34
O11332,2025-12-24,PR0227,W03,C03,South,Economy,12,10,13,2026-01-06,34.15
O11333,2025-10-12,PR0001,W04,C08,East,Express,1,3,3,2025-10-15,26.7
O11334,2024-09-11,PR0270,W10,C06,North,Express,10,3,4,2024-09-15,24.86
O11335,2025-03-26,PR0260,W09,C03,,Economy,7,10,8,2025-04-03,34.38
O11336,2024-03-10,PR0136,W06,C03,Central,Economy,14,10,11,2024-03-21,31.96
O11337,2025-10-12,PR0202,W09,C01,South,Same Day,13,1,1,2025-10-13,25.54
O11338,2024-11-01,PR0293,W08,C01,West,Same Day,10,1,1,2024-11-02,40.08
O11339,2025-03-04,PR0121,W03,C04,South,Standard,2,6,6,2025-03-10,17.08
O11340,2024-04-17,PR0089,W03,C01,South,Standard,8,6,-2,2024-04-21,37.54
O11341,2024-08-02,PR0200,W06,C08,Central,Standard,9,6,3,2024-08-05,16.85
O11342,2025-05-18,PR0282,W01,C07,Central,Express,11,3,5,2025-05-23,32.51
O11343,2025-07-24,PR0119,W08,C03,West,Standard,1,6,5,2025-07-29,24.42
O11344,2025-02-08,PR0014,W05,C05,West,Standard,5,6,7,2025-02-15,30.48
O11345,2024-11-22,PR0013,W04,C01,East,Same Day,4,1,2,2024-11-24,21.44
O11346,2025-09-29,PR0102,W01,C01,Central,Same Day,11,1,1,2025-09-30,23.32
O11347,2025-06-09,PR0121,W05,C03,West,Economy,13,10,3,2025-06-12,31.32
O11348,2024-08-25,PR0286,W07,C08,East,Economy,14,10,9,2024-09-03,34.86
O11349,2024-11-29,PR0005,W04,C06,East,Standard,7,6,3,2024-12-02,24.93
O11350,2025-06-19,PR0001,W10,C04,North,Express,13,3,7,2025-06-26,29.81
O11351,2025-10-05,PR0159,W01,C01,Central,Express,7,3,1,2025-10-06,24.83
O11352,2024-12-12,PR0248,W03,C03,South,Standard,4,6,2,2024-12-14,23.3
O11353,2024-06-24,PR0185,W06,C03,Central,Economy,3,10,7,2024-07-01,19.11
O11354,2025-03-19,PR0268,W01,C07,Central,Standard,14,6,3,2025-03-22,9.35
O11355,2024-11-19,PR0020,W01,C06,,Same Day,5,1,1,2024-11-20,25.34
O11356,2025-02-03,PR0261,W01,C01,Central,Same Day,7,1,1,2025-02-04,17.53
O11357,2024-06-28,PR0185,W01,C03,Central,Express,7,3,3,2024-07-01,28.73
O11358,2025-12-10,PR0130,W06,C05,Central,Same Day,7,1,1,2025-12-11,21.93
O11359,2025-04-04,PR0134,W10,C06,North,Same Day,7,1,1,2025-04-05,19.37
O11360,2024-06-06,PR0062,W10,C05,North,Express,11,3,4,2024-06-10,14.25
O11361,2024-03-22,PR0158,W09,C08,South,Express,9,3,1,2024-03-23,7.01
O11362,2025-09-23,PR0142,W06,C02,Central,Economy,6,10,11,2025-10-04,43.03
O11363,2024-04-03,PR0106,W09,C02,South,Express,4,3,3,2024-04-06,26.7
O11364,2024-06-12,PR0018,W02,C02,North,Express,7,3,3,2024-06-15,26.92
O11365,2025-03-18,PR0150,W08,C06,West,Economy,13,10,10,2025-03-28,22.35
O11366,2024-10-27,PR0168,W03,C05,South,Economy,9,10,10,2024-11-06,9.92
O11367,2025-05-07,PR0192,W01,C06,Central,Economy,10,10,14,2025-05-21,17.8
O11368,2024-05-19,PR0016,W05,C08,West,Same Day,12,1,1,2024-05-20,48.46
O11369,2024-07-09,PR0245,W08,C06,West,Express,10,3,1,2024-07-10,51.38
O11370,2025-06-25,PR0050,W08,C08,West,Economy,9,10,7,2025-07-02,35.52
O11371,2024-01-30,PR0015,W09,C06,,Express,12,3,7,2024-02-06,29.67
O11372,2024-01-07,PR0081,W01,C08,Central,Economy,1,10,6,2024-01-13,16.55
O11373,2025-04-04,PR0145,W06,C02,Central,Express,4,3,3,2025-04-07,19.9
O11374,2024-10-02,PR0294,W08,C02,West,Standard,5,6,3,2024-10-05,11.29
O11375,2024-01-08,PR0131,W08,C06,West,Express,2,3,1,2024-01-09,36.19
O11376,2025-11-12,PR0202,W06,C02,Central,Express,9,3,3,2025-11-15,21.97
O11377,2024-08-15,PR0246,W07,C08,East,Same Day,5,1,1,2024-08-16,26.97
O11378,2025-10-13,PR0133,W04,C05,East,Economy,3,10,6,2025-10-19,18.47
O11379,2024-09-05,PR0140,W07,C05,East,Economy,11,10,7,2024-09-12,31.65
O11380,2024-06-26,PR0005,W09,C04,South,Express,13,3,4,2024-06-30,26.35
O11381,2025-04-08,PR0268,W05,C01,West,Standard,7,6,5,2025-04-13,31.25
O11382,2024-02-27,PR0087,W07,C06,East,Same Day,10,1,1,2024-02-28,38.45
O11383,2024-08-06,PR0070,W04,C05,East,Same Day,14,1,1,2024-08-07,38.87
O11384,2025-12-23,PR0120,W06,C05,Central,Economy,7,10,11,2026-01-03,33.94
O11385,2024-08-11,PR0263,W10,C05,North,Express,11,3,1,2024-08-12,31.46
O11386,2025-04-18,PR0011,W09,C06,South,Express,7,3,3,2025-04-21,28.89
O11387,2024-06-23,PR0101,W01,C06,Central,Same Day,13,1,2,2024-06-25,27.94
O11388,2025-04-03,PR0244,W02,C03,North,Same Day,8,1,1,2025-04-04,26.89
O11389,2025-12-27,PR0059,W03,C04,South,Same Day,4,1,1,2025-12-28,29.63
O11390,2024-02-12,PR0163,W03,C02,South,Same Day,1,1,1,2024-02-13,25.69
O11391,2024-12-16,PR0017,W04,C05,East,Same Day,7,1,1,2024-12-17,40.84
O11392,2025-02-24,PR0280,W01,C03,Central,Express,8,3,1,2025-02-25,22.98
O11393,2025-08-15,PR0234,W05,C07,West,Economy,14,10,9,2025-08-24,41.91
O11394,2025-10-26,PR0125,W10,C06,North,Same Day,4,1,1,2025-10-27,18.55
O11395,2024-04-16,PR0080,W02,C03,North,Economy,14,10,8,2024-04-24,32.03
O11396,2025-05-03,PR0300,W01,C06,Central,Standard,13,6,8,2025-05-11,32.91
O11397,2025-01-03,PR0245,W01,C03,Central,Economy,8,10,13,2025-01-16,26.18
O11398,2025-10-14,PR0182,W04,C06,East,Economy,10,10,10,2025-10-24,27.02
O11399,2025-10-22,PR0248,W08,C07,West,Express,7,3,2,2025-10-24,5.49
O11400,2025-06-24,PR0120,W05,C08,West,Same Day,14,1,1,2025-06-25,30.37
O11401,2025-01-24,PR0063,W06,C07,Central,Standard,14,6,4,2025-01-28,10.74
O11402,2024-10-31,PR0224,W07,C02,East,Same Day,10,1,1,2024-11-01,36.05
O11403,2025-11-18,PR0199,W08,C07,West,Economy,11,10,9,2025-11-27,36.66
O11404,2024-08-21,PR0029,W03,C07,South,Express,8,3,2,2024-08-23,37.92
O11405,2025-12-29,PR0148,W03,C06,South,Standard,1,6,2,2025-12-31,12.71
O11406,2025-12-07,PR0047,W09,C03,South,Same Day,5,1,1,2025-12-08,29.87
O11407,2025-07-11,PR0292,W06,C05,Central,Same Day,2,1,1,2025-07-12,13.34
O11408,2024-12-26,PR0224,W01,C04,Central,Economy,1,10,4,2024-12-30,34.72
O11409,2025-12-07,PR0224,W05,C04,West,Standard,8,6,2,2025-12-09,30.71
O11410,2024-01-11,PR0160,W08,C01,West,Express,5,3,1,2024-01-12,37.39
O11411,2024-09-01,PR0282,W01,C01,Central,Same Day,3,1,2,2024-09-03,38.2
O11412,2024-11-16,PR0264,W01,C07,Central,Same Day,3,1,1,2024-11-17,16.33
O11413,2024-06-12,PR0050,W05,C02,West,Same Day,11,1,1,2024-06-13,43.67
O11414,2024-02-02,PR0174,W08,C07,West,Economy,1,10,6,2024-02-08,38.23
O11415,2024-01-25,PR0272,W01,C05,Central,Same Day,2,1,1,2024-01-26,26.54
O11416,2024-07-30,PR0221,W02,C08,North,Standard,5,6,9,2024-08-08,20.76
O11417,2024-05-11,PR0086,W02,C03,North,Express,4,3,3,2024-05-14,30.1
O11418,2024-09-07,PR0081,W06,C07,Central,Standard,8,6,8,2024-09-15,3.0
O11419,2025-12-11,PR0130,W10,C02,North,Express,6,3,2,2025-12-13,22.04
O11420,2025-05-31,PR0090,W08,C01,West,Standard,4,6,5,2025-06-05,22.3
O11421,2025-01-19,PR0007,W03,C04,South,Express,2,3,3,2025-01-22,29.54
O11422,2024-09-10,PR0295,W07,C07,East,Economy,13,10,9,2024-09-19,36.59
O11423,2025-07-16,PR0184,W01,C02,Central,Standard,12,6,4,2025-07-20,8.0
O11424,2024-11-24,PR0179,W06,C05,Central,Standard,9,6,2,2024-11-26,13.75
O11425,2024-02-09,PR0083,W06,C04,Central,Standard,8,6,5,2024-02-14,21.96
O11426,2024-04-29,PR0216,W04,C02,East,Express,12,3,4,2024-05-03,33.82
O11427,2024-07-30,PR0030,W08,C07,West,Same Day,5,1,1,2024-07-31,42.73
O11428,2024-07-21,PR0221,W07,C06,East,Economy,10,10,6,2024-07-27,33.06
O11429,2025-04-14,PR0099,W02,C04,North,Express,6,3,3,2025-04-17,26.31
O11430,2025-10-13,PR0298,W08,C04,West,standard,13,10,10,2025-10-23,23.67
O11431,2024-06-18,PR0138,W06,C01,Central,Economy,13,10,13,2024-07-01,30.66
O11432,2024-03-13,PR0300,W04,C04,East,Economy,12,10,-2,2024-03-19,39.23
O11433,2025-01-09,PR0092,W01,C01,Central,Economy,11,10,6,2025-01-15,29.57
O11434,2025-11-06,PR0183,W01,C06,Central,Same Day,9,1,1,2025-11-07,32.73
O11435,2025-04-18,PR0064,W06,C02,Central,Same Day,12,1,1,2025-04-19,37.86
O11436,2024-12-27,PR0209,W05,C01,West,Same Day,3,1,1,2024-12-28,24.42
O11437,2025-08-04,PR0017,W07,C08,East,Same Day,13,1,1,2025-08-05,41.81
O11438,2025-01-11,PR0238,W02,C04,North,Same Day,2,1,1,2025-01-12,25.16
O11439,2024-11-27,PR0032,W03,C02,South,Economy,3,10,7,2024-12-04,12.85
O11440,2024-05-17,PR0082,W01,C01,Central,Standard,8,6,8,2024-05-25,15.47
O11441,2025-03-29,PR0274,W02,C07,North,Same Day,2,1,1,2025-03-30,28.83
O11442,2025-06-10,PR0104,W07,C01,East,Same Day,9,1,1,2025-06-11,21.54
O11443,2024-03-17,PR0019,W01,C06,Central,Express,4,3,4,2024-03-21,40.15
O11444,2025-10-01,PR0240,W07,C04,East,Express,1,3,3,2025-10-04,36.19
O11445,2025-12-07,PR0117,W07,C05,East,Express,13,3,6,2025-12-13,26.06
O11446,2025-11-09,PR0216,W07,C02,East,Express,5,3,3,2025-11-12,18.79
O11447,2024-03-04,PR0158,W08,C08,West,Express,2,3,5,2024-03-09,21.36
O11448,2024-03-17,PR0270,W08,C03,West,Same Day,5,1,1,2024-03-18,29.43
O11449,2024-04-08,PR0243,W10,C03,North,Express,5,3,1,2024-04-09,31.61
O11450,2024-04-04,PR0148,W07,C03,East,Same Day,2,1,1,2024-04-05,32.66
O11451,2025-05-18,PR0021,W07,C07,East,Same Day,7,1,1,2025-05-19,22.86
O11452,2024-11-23,PR0052,W03,C04,South,Standard,3,6,8,2024-12-01,27.9
O11453,2024-07-28,PR0256,W02,C03,North,Express,3,3,4,2024-08-01,17.15
O11454,2025-04-29,PR0151,W05,C05,West,Same Day,10,1,1,2025-04-30,35.86
O11455,2025-04-19,PR0150,W03,C08,South,Standard,3,6,3,2025-04-22,26.86
O11456,2025-06-09,PR0111,W06,C03,Central,Express,13,3,3,2025-06-12,22.56
O11457,2024-11-03,PR0007,W10,C06,North,Express,7,3,3,2024-11-06,51.71
O11458,2025-01-06,PR0213,W03,C06,South,Express,10,3,2,2025-01-08,30.32
O11459,2024-04-03,PR0261,W09,C05,South,Same Day,8,1,2,2024-04-05,26.6
O11460,2024-10-19,PR0002,W10,C07,North,Express,2,3,4,2024-10-23,22.78
O11461,2025-08-19,PR0042,W09,C01,South,Economy,8,10,3,2025-08-22,42.55
O11462,2024-08-27,PR0206,W04,C01,East,Standard,10,6,5,2024-09-01,11.45
O11463,2025-08-12,PR0027,W07,C08,East,Standard,3,6,3,2025-08-15,31.17
O11464,2024-06-29,PR0007,W02,C05,North,Standard,3,6,3,2024-07-02,3.0
O11465,2025-01-05,PR0123,W09,C05,South,Same Day,5,1,1,2025-01-06,40.29
O11466,2025-05-04,PR0234,W01,C04,Central,Same Day,8,1,1,2025-05-05,34.68
O11467,2025-08-19,PR0256,W01,C01,Central,Standard,5,6,4,2025-08-23,21.82
O11468,2025-12-25,PR0286,W02,C04,North,Same Day,11,1,1,2025-12-26,37.08
O11469,2025-05-04,PR0106,W01,C08,Central,Same Day,7,1,3,2025-05-07,34.11
O11470,2024-03-31,PR0254,W09,C02,,Express,9,3,3,2024-04-03,41.03
O11471,2024-06-06,PR0257,W07,C06,East,Same Day,1,1,1,2024-06-07,30.67
O11472,2025-02-20,PR0153,W02,C04,North,Standard,14,6,6,2025-02-26,14.65
O11473,2025-07-20,PR0247,W06,C05,Central,Standard,8,6,7,2025-07-27,24.69
O11474,2024-04-26,PR0125,W03,C06,South,Same Day,7,1,1,2024-04-27,27.59
O11475,2024-08-26,PR0018,W04,C08,East,Same Day,13,1,2,2024-08-28,33.97
O11476,2025-04-29,PR0157,W02,C05,North,Express,14,3,2,2025-05-01,45.28
O11477,2024-08-07,PR0027,W01,C03,Central,Economy,11,10,7,2024-08-14,38.6
O11478,2025-12-09,PR0265,W03,C06,South,Economy,8,10,9,2025-12-18,22.87
O11479,2025-03-13,PR0250,W06,C06,Central,Economy,4,10,10,2025-03-23,41.97
O11480,2024-03-30,PR0110,W03,C06,South,Economy,11,10,8,2024-04-07,34.44
O11481,2024-09-01,PR0068,W07,C06,East,Express,9,3,4,2024-09-05,30.17
O11482,2024-04-28,PR0252,W02,C02,North,Express,10,3,1,2024-04-29,21.73
O11483,2024-01-27,PR0275,W03,C01,South,Standard,10,6,6,2024-02-02,3.0
O11484,2025-12-13,PR0062,W09,C08,South,Standard,11,6,6,2025-12-19,45.91
O11485,2024-08-17,PR0291,W02,C04,North,Standard,3,6,2,2024-08-19,3.96
O11486,2024-10-23,PR0157,W06,C08,Central,Same Day,3,1,1,2024-10-24,38.94
O11487,2025-07-27,PR0268,W02,C01,North,Express,7,3,1,2025-07-28,16.72
O11488,2025-09-24,PR0162,W06,C03,Central,Standard,10,6,6,2025-09-30,20.69
O11489,2025-07-23,PR0265,W06,C02,Central,Standard,11,6,4,2025-07-27,16.22
O11490,2025-08-15,PR0118,W08,C03,West,Economy,3,10,7,2025-08-22,33.53
O11491,2024-11-05,PR0284,W04,C08,East,Express,2,3,3,2024-11-08,25.42
O11492,2024-07-11,PR0063,W10,C01,North,Standard,6,6,6,2024-07-17,
O11493,2025-11-23,PR0181,W06,C06,Central,Standard,13,6,2,2025-11-25,23.37
O11494,2025-06-09,PR0155,W03,C04,South,Standard,5,6,8,2025-06-17,
O11495,2025-11-17,PR0118,W03,C07,South,Express,9,3,4,2025-11-21,16.14
O11496,2024-11-24,PR0181,W05,C03,West,Express,2,3,4,2024-11-28,37.16
O11497,2024-04-06,PR0075,W05,C05,West,Express,13,3,5,2024-04-11,42.29
O11498,2024-08-27,PR0024,W05,C05,West,Economy,10,10,12,2024-09-08,28.05
O11499,2025-05-15,PR0281,W02,C04,North,Same Day,6,1,1,2025-05-16,35.83
O11500,2025-12-29,PR0135,W02,C07,North,Economy,2,10,12,2026-01-10,19.92
O11501,2024-03-28,PR0300,W10,C02,North,Express,13,3,2,2024-03-30,33.11
O11502,2025-12-08,PR0002,W06,C04,Central,Standard,2,6,6,2025-12-14,15.92
O11503,2025-09-25,PR0078,W02,C08,,Economy,4,10,10,2025-10-05,25.42
O11504,2024-10-24,PR0264,W02,C04,North,Same Day,4,1,1,2024-10-25,31.49
O11505,2024-01-31,PR0236,W02,C05,North,Express,6,3,5,2024-02-05,29.26
O11506,2024-07-29,PR0059,W03,C04,South,Standard,11,6,7,2024-08-05,18.98
O11507,2024-09-11,PR0273,W04,C05,East,Same Day,14,1,1,2024-09-12,23.37
O11508,2025-08-29,PR0183,W07,C02,East,Economy,10,10,11,2025-09-09,23.62
O11509,2024-01-29,PR0082,W08,C06,West,Standard,7,6,7,2024-02-05,15.91
O11510,2024-09-19,PR0194,W06,C05,Central,Economy,13,10,10,2024-09-29,16.15
O11511,2025-02-04,PR0260,W04,C05,East,Standard,1,6,5,2025-02-09,4.03
O11512,2025-05-22,PR0255,W05,C01,West,Same Day,12,1,2,2025-05-24,34.59
O11513,2025-12-21,PR0141,W03,C03,South,Same Day,4,1,1,2025-12-22,28.39
O11514,2025-12-25,PR0005,W08,C06,West,Express,10,3,4,2025-12-29,27.03
O11515,2024-08-19,PR0295,W10,C05,North,Economy,8,10,8,2024-08-27,29.31
O11516,2024-08-01,PR0078,W10,C04,North,Economy,4,10,7,2024-08-08,28.09
O11517,2024-01-27,PR0098,W03,C03,South,Economy,13,10,5,2024-02-01,29.65
O11518,2025-10-19,PR0282,W06,C02,Central,Standard,1,6,10,2025-10-29,3.0
O11519,2024-04-05,PR0038,W02,C03,North,Same Day,4,1,1,2024-04-06,31.48
O11520,2025-12-07,PR0061,W05,C08,West,Standard,14,6,8,2025-12-15,36.5
O11521,2024-07-11,PR0263,W06,C06,Central,Economy,7,10,9,2024-07-20,29.61
O11522,2024-07-29,PR0161,W10,C07,North,Economy,10,10,9,2024-08-07,21.3
O11523,2025-02-12,PR0073,W08,C02,West,Standard,3,6,3,2025-02-15,40.18
O11524,2024-01-14,PR0118,W04,C06,East,Same Day,11,1,1,2024-01-15,18.51
O11525,2025-02-16,PR0020,W06,C06,Central,Economy,7,10,17,2025-03-05,31.69
O11526,2025-02-10,PR0297,W06,C06,Central,Express,2,3,1,2025-02-11,37.88
O11527,2024-05-20,PR0211,W03,C03,South,Express,12,3,5,2024-05-25,31.65
O11528,2025-12-07,PR0117,W05,C02,West,Standard,3,6,4,2025-12-11,19.7
O11529,2024-01-30,PR0267,W05,C08,West,Standard,10,6,5,2024-02-04,15.53
O11530,2025-11-28,PR0283,W04,C07,East,Standard,11,6,7,2025-12-05,5.02
O11531,2024-01-28,PR0269,W01,C02,Central,Economy,2,10,12,2024-02-09,17.17
O11532,2024-03-08,PR0129,W07,C06,East,Standard,6,6,3,2024-03-11,28.11
O11533,2025-07-26,PR0160,W08,C02,West,Express,8,3,1,2025-07-27,18.33
O11534,2024-09-12,PR0160,W09,C01,South,Express,12,3,4,2024-09-16,32.4
O11535,2024-11-01,PR0281,W09,C02,South,Standard,13,6,2,2024-11-03,12.23
O11536,2025-02-19,PR0214,W07,C03,East,Economy,13,10,9,2025-02-28,15.04
O11537,2024-10-27,PR0138,W07,C02,East,Express,1,3,6,2024-11-02,17.28
O11538,2025-09-30,PR0093,W09,C01,South,Express,12,3,2,2025-10-02,33.11
O11539,2025-04-24,PR0036,W04,C04,East,Standard,8,6,8,2025-05-02,22.39
O11540,2025-08-14,PR0163,W08,C02,West,Express,6,3,4,2025-08-18,25.16
O11541,2024-05-25,PR0061,W06,C07,Central,Same Day,1,1,1,2024-05-26,24.64
O11542,2025-07-08,PR0103,W03,C02,South,Same Day,1,1,1,2025-07-09,17.82
O11543,2025-07-17,PR0195,W04,C03,East,Same Day,1,1,1,2025-07-18,41.25
O11544,2024-12-30,PR0171,W07,C01,East,Standard,1,6,8,2025-01-07,15.36
O11545,2024-08-04,PR0067,W06,C06,Central,Standard,13,6,4,2024-08-08,21.81
O11546,2025-08-12,PR0114,W05,C01,West,Standard,12,6,6,2025-08-18,16.77
O11547,2024-08-07,PR0015,W04,C03,East,Express,1,3,2,2024-08-09,36.01
O11548,2024-08-28,PR0226,W05,C06,West,Economy,4,10,13,2024-09-10,30.32
O11549,2025-07-09,PR0253,W01,C06,Central,Express,9,3,3,2025-07-12,17.52
O11550,2025-07-14,PR0062,W08,C06,West,Express,12,3,3,2025-07-17,28.01
O11551,2025-02-09,PR0295,W06,C03,Central,Express,3,3,1,2025-02-10,23.0
O11552,2024-05-28,PR0163,W03,C03,South,Standard,9,6,7,2024-06-04,24.95
O11553,2024-02-03,PR0240,W04,C08,East,Express,9,3,1,2024-02-04,25.08
O11554,2025-02-25,PR0016,W04,C03,East,Economy,14,10,12,2025-03-09,21.31
O11555,2025-01-07,PR0076,W06,C06,Central,Same Day,3,1,1,2025-01-08,23.25
O11556,2025-02-27,PR0260,W05,C05,West,Same Day,6,1,1,2025-02-28,25.48
O11557,2025-06-13,PR0071,W08,C05,West,Economy,5,10,11,2025-06-24,16.12
O11558,2025-12-29,PR0239,W07,C03,East,Standard,1,6,3,2026-01-01,15.92
O11559,2025-02-06,PR0259,W03,C07,South,Economy,6,10,8,2025-02-14,24.98
O11560,2024-03-31,PR0089,W03,C06,South,Standard,12,6,4,2024-04-04,8.98
O11561,2025-02-13,PR0016,W03,C08,South,Standard,11,6,7,2025-02-20,4.2
O11562,2025-04-13,PR0154,W04,C05,East,Same Day,2,1,1,2025-04-14,29.09
O11563,2024-06-21,PR0285,W06,C02,Central,Economy,10,10,8,2024-06-29,35.55
O11564,2025-05-07,PR0061,W05,C05,West,Standard,2,6,2,2025-05-09,9.29
O11565,2024-05-04,PR0250,W04,C05,East,Same Day,8,1,1,2024-05-05,14.59
O11566,2025-06-09,PR0111,W07,C01,East,Standard,5,6,4,2025-06-13,24.62
O11567,2025-06-09,PR0047,W10,C03,North,Standard,4,6,2,2025-06-11,3.0
O11568,2024-10-02,PR0194,W07,C02,East,Standard,10,6,3,2024-10-05,20.65
O11569,2025-01-13,PR0132,W05,C01,West,Express,14,3,2,2025-01-15,37.41
O11570,2025-07-11,PR0240,W10,C05,North,Same Day,8,1,1,2025-07-12,21.15
O11571,2025-12-29,PR0005,W09,C05,South,Economy,3,10,9,2026-01-07,28.96
O11572,2024-03-11,PR0054,W10,C04,North,Economy,12,10,10,2024-03-21,29.97
O11573,2025-07-05,PR0002,W05,C08,West,Standard,14,6,4,2025-07-09,24.0
O11574,2024-04-14,PR0138,W04,C05,East,Economy,5,10,8,2024-04-22,26.64
O11575,2024-02-01,PR0164,W09,C06,South,Economy,9,10,4,2024-02-05,30.39
O11576,2024-03-18,PR0267,W02,C01,North,Express,14,3,4,2024-03-22,34.69
O11577,2025-02-13,PR0230,W02,C06,North,Same Day,2,1,2,2025-02-15,31.01
O11578,2024-12-15,PR0192,W07,C02,East,Same Day,14,1,1,2024-12-16,21.22
O11579,2025-01-23,PR0035,W07,C05,East,Same Day,10,1,1,2025-01-24,46.71
O11580,2024-06-28,PR0097,W05,C02,West,Express,14,3,1,2024-06-29,28.73
O11581,2025-01-23,PR0256,W06,C08,Central,Same Day,2,1,1,2025-01-24,48.76
O11582,2024-08-25,PR0186,W05,C08,West,Economy,12,10,12,2024-09-06,21.84
O11583,2024-04-01,PR0053,W04,C05,East,Standard,10,6,11,2024-04-12,24.76
O11584,2024-07-22,PR0228,W04,C05,East,Same Day,14,1,1,2024-07-23,27.39
O11585,2025-10-09,PR0115,W04,C07,East,Same Day,9,1,1,2025-10-10,23.66
O11586,2024-12-12,PR0031,W06,C05,Central,Same Day,7,1,2,2024-12-14,38.85
O11587,2025-11-21,PR0029,W08,C07,West,Economy,10,10,7,2025-11-28,41.51
O11588,2024-01-30,PR0023,W02,C01,North,Express,10,3,2,2024-02-01,34.22
O11589,2024-01-08,PR0020,W10,C05,North,Standard,13,6,5,2024-01-13,16.4
O11590,2025-09-07,PR0190,W05,C08,West,Express,1,3,2,2025-09-09,33.53
O11591,2024-06-04,PR0067,W08,C03,West,Express,8,3,1,2024-06-05,24.4
O11592,2024-08-13,PR0030,W06,C03,Central,Economy,5,10,5,2024-08-18,38.98
O11593,2025-08-24,PR0140,W08,C01,,Same Day,14,1,1,2025-08-25,32.92
O11594,2025-12-04,PR0064,W09,C08,South,Standard,3,6,8,2025-12-12,17.77
O11595,2025-10-29,PR0296,W08,C06,West,Express,1,3,2,2025-10-31,25.68
O11596,2025-02-03,PR0008,W01,C03,Central,Express,8,3,1,2025-02-04,44.93
O11597,2025-07-01,PR0211,W07,C08,East,Standard,9,6,3,2025-07-04,18.3
O11598,2025-08-17,PR0075,W07,C04,East,Economy,3,10,8,2025-08-25,27.21
O11599,2024-01-22,PR0266,W01,C02,Central,Express,9,3,6,2024-01-28,3.73
O11600,2024-09-21,PR0076,W10,C02,North,Standard,11,6,10,2024-10-01,3.0
O11601,2025-02-20,PR0274,W07,C08,East,Standard,2,6,7,2025-02-27,18.12
O11602,2025-07-10,PR0032,W02,C06,North,Standard,7,6,4,2025-07-14,19.43
O11603,2024-07-12,PR0236,W05,C08,West,Same Day,8,1,2,2024-07-14,30.75
O11604,2024-01-20,PR0266,W03,C03,South,Same Day,14,1,1,2024-01-21,27.47
O11605,2025-06-24,PR0289,W04,C01,East,Same Day,6,1,1,2025-06-25,41.82
O11606,2024-07-12,PR0267,W08,C05,West,Economy,3,10,10,2024-07-22,33.73
O11607,2024-02-04,PR0125,W10,C02,,Economy,10,10,14,2024-02-18,33.74
O11608,2024-06-25,PR0284,W08,C02,West,Same Day,12,1,1,2024-06-26,26.86
O11609,2025-12-30,PR0060,W06,C07,Central,Same Day,14,1,1,2025-12-31,44.19
O11610,2025-12-27,PR0090,W02,C07,North,Same Day,7,1,1,2025-12-28,15.88
O11611,2024-07-04,PR0114,W06,C05,Central,Same Day,2,1,1,2024-07-05,21.0
O11612,2024-09-18,PR0175,W04,C07,East,Economy,2,10,11,2024-09-29,38.86
O11613,2025-03-14,PR0265,W01,C05,Central,Same Day,8,1,2,2025-03-16,13.8
O11614,2024-10-27,PR0262,W03,C05,South,Standard,6,6,4,2024-10-31,12.5
O11615,2025-12-14,PR0138,W08,C02,West,Same Day,5,1,1,2025-12-15,20.7
O11616,2025-03-21,PR0191,W09,C01,South,Economy,13,10,5,2025-03-26,23.37
O11617,2024-12-17,PR0137,W09,C04,,Standard,12,6,5,2024-12-22,3.0
O11618,2024-01-13,PR0170,W02,C08,North,Economy,9,10,11,2024-01-24,30.08
O11619,2024-03-09,PR0015,W05,C08,West,Express,8,3,3,2024-03-12,24.76
O11620,2024-10-04,PR0209,W07,C08,East,Economy,12,10,10,2024-10-14,35.8
O11621,2025-08-16,PR0007,W04,C02,East,Same Day,9,1,3,2025-08-19,34.17
O11622,2025-08-22,PR0027,W09,C03,South,Express,13,3,2,2025-08-24,27.59
O11623,2024-11-16,PR0214,W10,C02,North,Economy,3,10,5,2024-11-21,36.37
O11624,2025-12-29,PR0120,W09,C07,South,Express,7,3,4,2026-01-02,32.21
O11625,2024-06-15,PR0069,W05,C02,West,Same Day,6,1,1,2024-06-16,36.96
O11626,2025-06-10,PR0093,W06,C03,Central,Economy,3,10,9,2025-06-19,27.22
O11627,2024-04-03,PR0066,W10,C07,North,Standard,9,6,5,2024-04-08,36.88
O11628,2024-04-02,PR0243,W08,C05,West,Standard,1,6,5,2024-04-07,26.21
O11629,2025-04-21,PR0018,W06,C06,Central,Standard,5,6,3,2025-04-24,24.23
O11630,2024-05-08,PR0263,W01,C01,Central,Same Day,3,1,1,2024-05-09,31.33
O11631,2025-10-13,PR0268,W04,C03,East,Economy,1,10,13,2025-10-26,25.42
O11632,2025-02-18,PR0212,W02,C05,,Express,2,3,4,2025-02-22,27.15
O11633,2024-02-11,PR0174,W04,C01,East,Same Day,5,1,1,2024-02-12,47.13
O11634,2025-07-26,PR0276,W04,C05,East,Standard,12,6,6,2025-08-01,20.69
O11635,2025-12-16,PR0211,W04,C05,East,Express,8,3,5,2025-12-21,20.37
O11636,2025-10-02,PR0294,W03,C05,South,Same Day,13,1,1,2025-10-03,
O11637,2025-12-31,PR0283,W04,C07,East,Express,2,3,3,2026-01-03,34.02
O11638,2025-07-08,PR0099,W03,C03,South,Express,2,3,3,2025-07-11,26.53
O11639,2025-05-09,PR0140,W03,C06,South,Economy,8,10,11,2025-05-20,38.37
O11640,2025-12-31,PR0154,W07,C06,East,Economy,8,10,8,2026-01-08,17.16
O11641,2025-11-05,PR0284,W05,C01,West,Standard,2,6,5,2025-11-10,27.03
O11642,2025-11-06,PR0151,W09,C05,South,Standard,8,6,3,2025-11-09,24.61
O11643,2024-05-21,PR0178,W08,C07,West,Same Day,6,1,1,2024-05-22,19.44
O11644,2025-01-22,PR0218,W07,C01,East,Economy,4,10,8,2025-01-30,31.47
O11645,2025-12-29,PR0134,W05,C01,West,Standard,11,6,9,2026-01-07,26.46
O11646,2024-03-25,PR0114,W04,C05,East,Express,8,3,3,2024-03-28,24.34
O11647,2024-03-07,PR0200,W01,C07,Central,Economy,9,10,10,2024-03-17,36.03
O11648,2024-02-08,PR0251,W06,C03,Central,Same Day,1,1,1,2024-02-09,27.26
O11649,2024-03-15,PR0061,W10,C02,North,Economy,2,10,10,2024-03-25,16.86
O11650,2025-08-13,PR0269,W10,C03,North,Standard,11,6,8,2025-08-21,10.42
O11651,2025-03-02,PR0273,W10,C06,North,Standard,8,6,9,2025-03-11,23.37
O11652,2024-11-03,PR0268,W05,C01,West,Same Day,2,1,1,2024-11-04,27.97
O11653,2024-09-17,PR0240,W05,C02,West,Standard,12,6,6,2024-09-23,25.18
O11654,2024-04-15,PR0276,W01,C07,Central,Express,2,3,3,2024-04-18,33.88
O11655,2024-03-02,PR0072,W01,C02,Central,Economy,4,10,6,2024-03-08,25.53
O11656,2025-01-06,PR0026,W04,C02,East,Express,1,3,1,2025-01-07,26.42
O11657,2024-11-05,PR0078,W05,C03,West,Express,1,3,5,2024-11-10,25.22
O11658,2025-11-17,PR0110,W01,C07,Central,Same Day,11,1,1,2025-11-18,34.36
O11659,2025-12-28,PR0051,W09,C03,South,Express,5,3,2,2025-12-30,39.74
O11660,2025-05-23,PR0195,W05,C02,West,Same Day,3,1,1,2025-05-24,32.32
O11661,2025-07-26,PR0230,W05,C06,West,Economy,2,10,7,2025-08-02,28.86
O11662,2024-01-05,PR0108,W02,C08,North,Economy,11,10,9,2024-01-14,27.92
O11663,2025-07-27,PR0255,W06,C06,Central,Standard,11,6,4,2025-07-31,14.29
O11664,2025-10-09,PR0100,W03,C07,South,Same Day,13,1,1,2025-10-10,22.3
O11665,2024-09-05,PR0012,W09,C01,South,Same Day,6,1,1,2024-09-06,17.64
O11666,2024-04-07,PR0126,W09,C03,South,Standard,11,6,3,2024-04-10,43.66
O11667,2025-10-27,PR0109,W01,C03,Central,Standard,11,6,6,2025-11-02,9.94
O11668,2025-07-17,PR0031,W03,C03,South,Express,11,3,2,2025-07-19,17.12
O11669,2025-02-19,PR0264,W05,C06,West,Standard,2,6,2,2025-02-21,21.14
O11670,2025-09-21,PR0145,W05,C04,West,Economy,6,10,3,2025-09-24,36.38
O11671,2025-02-25,PR0249,W02,C03,North,Express,14,3,5,2025-03-02,37.41
O11672,2025-07-08,PR0186,W08,C08,West,Same Day,5,1,2,2025-07-10,24.29
O11673,2024-07-27,PR0202,W06,C05,Central,Express,4,3,2,2024-07-29,35.37
O11674,2025-08-07,PR0282,W04,C01,East,Economy,6,10,10,2025-08-17,20.49
O11675,2024-03-05,PR0153,W05,C03,West,Same Day,8,1,1,2024-03-06,42.55
O11676,2025-02-16,PR0153,W01,C03,Central,Express,9,3,4,2025-02-20,45.07
O11677,2024-04-21,PR0216,W02,C03,North,Standard,11,6,5,2024-04-26,26.07
O11678,2024-07-12,PR0280,W08,C07,West,Standard,9,6,4,2024-07-16,9.34
O11679,2025-08-30,PR0135,W10,C08,North,Economy,3,10,6,2025-09-05,19.41
O11680,2024-02-17,PR0268,W09,C01,South,Economy,7,10,11,2024-02-28,30.3
O11681,2025-06-16,PR0287,W02,C03,North,Economy,1,10,9,2025-06-25,24.15
O11682,2025-12-31,PR0040,W08,C07,West,standard,3,3,2,2026-01-02,24.25
O11683,2024-06-17,PR0133,W02,C01,North,Economy,9,10,8,2024-06-25,21.16
O11684,2025-12-24,PR0174,W02,C02,North,Express,13,3,4,2025-12-28,23.1
O11685,2024-10-06,PR0045,W01,C06,Central,Same Day,14,1,1,2024-10-07,35.32
O11686,2025-08-31,PR0237,W09,C08,South,Economy,2,10,10,2025-09-10,31.84
O11687,2025-05-18,PR0153,W07,C02,East,Economy,4,10,9,2025-05-27,34.18
O11688,2025-02-23,PR0254,W09,C07,South,Economy,1,10,6,2025-03-01,36.05
O11689,2024-12-21,PR0034,W02,C01,North,Economy,4,10,7,2024-12-28,26.8
O11690,2024-10-20,PR0094,W07,C04,East,Same Day,6,1,1,2024-10-21,32.48
O11691,2025-02-08,PR0284,W04,C06,East,Economy,1,10,5,2025-02-13,35.48
O11692,2024-05-16,PR0155,W05,C06,West,Economy,3,10,10,2024-05-26,35.16
O11693,2025-02-08,PR0030,W07,C01,East,Same Day,4,1,1,2025-02-09,31.97
O11694,2024-04-01,PR0052,W01,C06,Central,Express,2,3,1,2024-04-02,22.42
O11695,2025-05-29,PR0213,W02,C07,North,Economy,13,10,8,2025-06-06,19.89
O11696,2025-08-23,PR0137,W07,C05,East,Economy,8,10,7,2025-08-30,15.34
O11697,2025-05-03,PR0169,W06,C08,Central,Same Day,8,1,1,2025-05-04,26.5
O11698,2024-01-04,PR0093,W02,C04,North,Express,3,3,4,2024-01-08,35.41
O11699,2024-11-10,PR0022,W04,C01,East,Express,11,3,6,2024-11-16,9.52
O11700,2024-06-01,PR0105,W02,C06,North,Express,1,3,4,2024-06-05,42.27
O11701,2025-03-23,PR0213,W09,C04,South,Economy,12,10,7,2025-03-30,21.34
O11702,2025-09-18,PR0057,W03,C07,South,Standard,13,6,2,2025-09-20,18.96
O11703,2024-08-09,PR0284,W09,C06,South,Economy,10,10,16,2024-08-25,38.82
O11704,2025-11-10,PR0149,W04,C03,East,Same Day,3,1,1,2025-11-11,35.17
O11705,2024-06-24,PR0096,W07,C01,East,Economy,6,10,9,2024-07-03,30.01
O11706,2024-08-16,PR0208,W03,C05,,Standard,12,6,7,2024-08-23,12.69
O11707,2025-09-18,PR0198,W02,C04,North,Economy,11,10,14,2025-10-02,30.95
O11708,2024-09-21,PR0294,W02,C08,North,Economy,10,10,12,2024-10-03,31.81
O11709,2024-08-20,PR0153,W07,C07,,Standard,1,6,7,2024-08-27,27.97
O11710,2025-03-19,PR0166,W01,C07,Central,Same Day,9,1,1,2025-03-20,33.37
O11711,2024-05-30,PR0210,W09,C06,South,Same Day,14,1,2,2024-06-01,39.22
O11712,2025-04-21,PR0032,W08,C07,West,Economy,13,10,8,2025-04-29,41.46
O11713,2025-01-11,PR0125,W10,C06,North,Express,4,3,2,2025-01-13,8.96
O11714,2024-12-16,PR0027,W01,C06,Central,Express,4,3,2,2024-12-18,18.53
O11715,2025-05-08,PR0260,W06,C07,Central,Standard,12,6,5,2025-05-13,3.0
O11716,2024-03-04,PR0050,W07,C07,East,Express,10,3,1,2024-03-05,21.62
O11717,2025-02-13,PR0139,W05,C04,West,Express,7,3,2,2025-02-15,28.31
O11718,2024-07-17,PR0206,W09,C05,South,Economy,3,10,9,2024-07-26,39.37
O11719,2025-03-20,PR0214,W03,C01,South,Express,3,3,1,2025-03-21,10.42
O11720,2024-09-21,PR0174,W03,C07,South,Express,7,3,4,2024-09-25,33.03
O11721,2025-06-29,PR0242,W04,C02,East,Economy,6,10,6,2025-07-05,26.28
O11722,2024-06-12,PR0120,W06,C04,Central,Express,12,3,4,2024-06-16,28.02
O11723,2025-04-21,PR0104,W03,C05,South,Express,1,3,4,2025-04-25,39.16
O11724,2025-05-24,PR0190,W09,C04,South,Express,9,3,5,2025-05-29,16.8
O11725,2024-12-11,PR0214,W06,C07,Central,Express,1,3,1,2024-12-12,32.54
O11726,2024-04-14,PR0025,W02,C03,North,Express,13,3,5,2024-04-19,25.29
O11727,2024-08-22,PR0214,W08,C01,West,Standard,9,6,3,2024-08-25,6.7
O11728,2024-01-08,PR0286,W01,C08,Central,Same Day,14,1,1,2024-01-09,41.23
O11729,2024-05-25,PR0010,W03,C05,South,standard,8,1,1,2024-05-26,26.53
O11730,2024-02-04,PR0299,W03,C03,South,Economy,10,10,7,2024-02-11,31.0
O11731,2024-01-12,PR0103,W07,C05,East,Express,10,3,3,2024-01-15,23.3
O11732,2024-07-14,PR0180,W09,C02,South,Express,8,3,2,2024-07-16,35.14
O11733,2025-11-30,PR0093,W10,C01,North,Express,5,3,2,2025-12-02,35.97
O11734,2025-06-30,PR0149,W07,C06,East,Same Day,13,1,1,2025-07-01,29.9
O11735,2025-02-12,PR0248,W02,C05,North,Express,4,3,1,2025-02-13,27.51
O11736,2025-01-03,PR0053,W05,C03,West,Standard,11,6,7,2025-01-10,19.23
O11737,2024-10-02,PR0069,W08,C06,West,Express,10,3,1,2024-10-03,10.36
O11738,2025-03-26,PR0102,W10,C06,North,Same Day,1,1,1,2025-03-27,40.96
O11739,2025-12-04,PR0042,W10,C04,North,Economy,1,10,8,2025-12-12,22.68
O11740,2025-03-07,PR0014,W01,C02,Central,Economy,5,10,11,2025-03-18,36.31
O11741,2025-07-07,PR0257,W10,C06,North,Economy,12,10,13,2025-07-20,40.96
O11742,2024-10-29,PR0171,W04,C06,East,Same Day,11,1,1,2024-10-30,35.73
O11743,2024-11-10,PR0068,W04,C01,East,Express,6,3,5,2024-11-15,25.85
O11744,2024-04-08,PR0117,W04,C04,East,Economy,11,10,8,2024-04-16,30.49
O11745,2025-11-12,PR0195,W01,C08,Central,Express,13,3,3,2025-11-15,24.38
O11746,2025-04-19,PR0034,W01,C02,Central,Express,6,3,5,2025-04-24,34.54
O11747,2025-03-21,PR0147,W07,C02,East,Standard,10,6,8,2025-03-29,11.97
O11748,2024-11-26,PR0171,W03,C05,South,Express,12,3,3,2024-11-29,15.62
O11749,2025-10-06,PR0121,W08,C06,West,Express,14,3,1,2025-10-07,7.04
O11750,2025-10-25,PR0194,W01,C07,Central,Economy,9,10,13,2025-11-07,38.51
O11751,2025-06-18,PR0208,W06,C06,Central,Same Day,12,1,1,2025-06-19,27.87
O11752,2025-09-23,PR0045,W03,C08,South,Same Day,5,1,1,2025-09-24,39.1
O11753,2024-05-15,PR0096,W01,C06,Central,Express,4,3,5,2024-05-20,14.23
O11754,2025-10-12,PR0219,W01,C08,Central,Standard,1,6,4,2025-10-16,24.18
O11755,2024-08-14,PR0162,W01,C07,Central,Economy,6,10,9,2024-08-23,32.78
O11756,2025-09-20,PR0244,W01,C08,Central,Economy,2,10,6,2025-09-26,56.07
O11757,2025-11-24,PR0266,W01,C05,Central,Express,6,3,3,2025-11-27,24.93
O11758,2025-11-24,PR0111,W09,C08,South,Standard,6,6,6,2025-11-30,15.22
O11759,2025-12-11,PR0237,W07,C02,East,Standard,7,6,7,2025-12-18,22.69
O11760,2024-08-31,PR0285,W03,C06,South,Standard,7,6,7,2024-09-07,19.86
O11761,2025-08-31,PR0001,W01,C01,Central,Same Day,6,1,1,2025-09-01,30.73
O11762,2025-08-18,PR0234,W05,C07,West,Same Day,14,1,1,2025-08-19,30.1
O11763,2025-01-06,PR0155,W10,C01,North,Standard,2,6,4,2025-01-10,18.26
O11764,2024-05-10,PR0177,W07,C02,East,Standard,12,6,9,2024-05-19,22.66
O11765,2025-02-09,PR0153,W08,C06,West,Economy,8,10,12,2025-02-21,24.85
O11766,2025-10-26,PR0022,W01,C08,Central,Economy,14,10,7,2025-11-02,32.12
O11767,2025-10-15,PR0168,W02,C04,North,Economy,10,10,10,2025-10-25,38.44
O11768,2025-10-23,PR0010,W08,C04,West,Express,6,3,3,2025-10-26,35.53
O11769,2024-10-31,PR0186,W08,C01,West,Economy,3,10,9,2024-11-09,20.81
O11770,2025-04-27,PR0110,W10,C04,North,Same Day,8,1,1,2025-04-28,39.07
O11771,2025-08-04,PR0033,W06,C03,Central,Economy,2,10,6,2025-08-10,29.03
O11772,2024-09-09,PR0189,W09,C06,South,Same Day,12,1,1,2024-09-10,42.67
O11773,2025-09-22,PR0118,W02,C03,North,Standard,13,6,6,2025-09-28,18.1
O11774,2024-08-24,PR0200,W06,C07,Central,Same Day,2,1,2,2024-08-26,22.59
O11775,2024-07-08,PR0062,W07,C01,East,Express,6,3,3,2024-07-11,31.31
O11776,2025-04-25,PR0082,W08,C06,West,Express,7,3,1,2025-04-26,31.13
O11777,2024-06-05,PR0223,W10,C08,North,Same Day,14,1,1,2024-06-06,26.88
O11778,2024-12-26,PR0146,W01,C01,Central,Economy,13,10,14,2025-01-09,33.07
O11779,2024-09-04,PR0275,W08,C03,West,Same Day,9,1,1,2024-09-05,30.21
O11780,2024-07-29,PR0006,W01,C06,Central,Economy,13,10,6,2024-08-04,30.69
O11781,2024-08-21,PR0008,W01,C04,Central,Same Day,1,1,1,2024-08-22,9.63
O11782,2025-09-21,PR0055,W04,C07,,Same Day,13,1,2,2025-09-23,32.87
O11783,2024-01-08,PR0192,W03,C06,South,Same Day,3,1,1,2024-01-09,37.49
O11784,2024-11-24,PR0184,W04,C02,East,Economy,4,10,10,2024-12-04,40.67
O11785,2025-01-05,PR0241,W05,C02,West,Same Day,10,1,1,2025-01-06,39.13
O11786,2024-07-22,PR0206,W10,C03,North,Economy,2,10,12,2024-08-03,49.27
O11787,2024-02-29,PR0196,W06,C03,Central,Economy,3,10,13,2024-03-13,20.01
O11788,2024-08-10,PR0065,W02,C03,,Standard,10,6,2,2024-08-12,13.31
O11789,2024-06-02,PR0214,W02,C03,North,Standard,14,6,7,2024-06-09,20.05
O11790,2025-11-09,PR0086,W03,C06,South,Economy,2,10,7,2025-11-16,40.37
O11791,2024-07-27,PR0159,W08,C02,West,Economy,10,10,6,2024-08-02,29.48
O11792,2024-08-14,PR0198,W03,C03,South,Same Day,7,1,1,2024-08-15,19.43
O11793,2025-02-03,PR0038,W05,C06,West,Express,5,3,2,2025-02-05,23.59
O11794,2025-12-22,PR0215,W09,C01,South,Express,1,3,4,2025-12-26,38.56
O11795,2024-07-28,PR0274,W07,C01,East,Economy,10,10,8,2024-08-05,35.92
O11796,2024-10-01,PR0214,W01,C02,Central,Express,4,3,5,2024-10-06,34.86
O11797,2025-09-04,PR0126,W02,C02,North,Economy,12,10,8,2025-09-12,26.4
O11798,2025-11-14,PR0183,W08,C05,West,Standard,2,6,7,2025-11-21,15.47
O11799,2024-04-08,PR0061,W01,C02,Central,Standard,7,6,2,2024-04-10,16.86
O11800,2024-02-04,PR0007,W06,C05,Central,Standard,11,6,8,2024-02-12,18.37
O11801,2024-11-05,PR0289,W06,C04,Central,Economy,2,10,6,2024-11-11,42.57
O11802,2025-02-09,PR0085,W10,C08,North,Economy,11,10,7,2025-02-16,38.37
O11803,2024-07-31,PR0195,W03,C02,South,Economy,2,10,10,2024-08-10,41.72
O11804,2024-11-12,PR0267,W04,C03,East,Economy,8,10,15,2024-11-27,24.32
O11805,2025-07-25,PR0262,W06,C03,Central,Express,3,3,3,2025-07-28,28.89
O11806,2025-11-11,PR0264,W08,C02,West,Same Day,7,1,1,2025-11-12,27.91
O11807,2025-09-20,PR0278,W07,C02,East,Same Day,14,1,1,2025-09-21,42.31
O11808,2024-04-03,PR0300,W08,C03,West,Economy,2,10,5,2024-04-08,40.73
O11809,2024-02-29,PR0078,W01,C02,Central,Standard,11,6,4,2024-03-04,16.41
O11810,2025-09-05,PR0143,W09,C06,South,Economy,13,10,7,2025-09-12,19.56
O11811,2024-04-09,PR0084,W05,C03,West,Same Day,9,1,1,2024-04-10,39.32
O11812,2025-12-25,PR0008,W04,C01,East,Standard,9,6,4,2025-12-29,28.73
O11813,2024-01-15,PR0226,W04,C07,East,Same Day,3,1,1,2024-01-16,35.14
O11814,2025-05-17,PR0110,W03,C04,South,Same Day,8,1,2,2025-05-19,35.44
O11815,2025-03-04,PR0050,W08,C08,,Same Day,4,1,1,2025-03-05,23.44
O11816,2024-09-18,PR0294,W08,C08,West,Express,9,3,1,2024-09-19,28.05
O11817,2025-12-06,PR0234,W03,C06,South,Economy,12,10,11,2025-12-17,34.86
O11818,2025-07-16,PR0192,W10,C08,North,Same Day,14,1,1,2025-07-17,33.19
O11819,2024-05-13,PR0294,W06,C06,Central,Standard,1,6,9,2024-05-22,17.51
O11820,2025-11-06,PR0019,W07,C04,East,Economy,2,10,13,2025-11-19,26.97
O11821,2025-03-23,PR0243,W04,C02,East,Standard,10,6,3,2025-03-26,29.19
O11822,2025-07-20,PR0286,W09,C08,South,Economy,11,10,8,2025-07-28,18.44
O11823,2025-07-09,PR0155,W07,C07,East,Economy,1,10,4,2025-07-13,29.89
O11824,2025-03-29,PR0290,W02,C06,North,Express,7,3,1,2025-03-30,26.69
O11825,2025-03-31,PR0238,W07,C03,East,Express,10,3,6,2025-04-06,35.43
O11826,2024-09-27,PR0162,W07,C06,East,Standard,13,6,7,2024-10-04,3.0
O11827,2025-09-12,PR0071,W05,C06,West,Same Day,7,1,1,2025-09-13,32.69
O11828,2025-09-25,PR0243,W09,C03,South,Standard,2,6,5,2025-09-30,20.35
O11829,2025-02-08,PR0006,W09,C01,South,Same Day,8,1,1,2025-02-09,33.54
O11830,2024-02-29,PR0265,W09,C04,South,Express,2,3,4,2024-03-04,35.6
O11831,2024-02-16,PR0294,W01,C04,Central,Economy,7,10,7,2024-02-23,25.98
O11832,2024-10-14,PR0058,W05,C02,West,Express,11,3,1,2024-10-15,30.07
O11833,2024-09-28,PR0232,W03,C04,South,Same Day,4,1,1,2024-09-29,22.33
O11834,2024-08-25,PR0155,W04,C08,East,Same Day,1,1,1,2024-08-26,44.42
O11835,2025-06-25,PR0259,W08,C01,West,Same Day,1,1,1,2025-06-26,20.87
O11836,2024-06-30,PR0225,W02,C03,North,Express,10,3,5,2024-07-05,16.0
O11837,2024-04-14,PR0077,W07,C05,East,Economy,11,10,7,2024-04-21,14.25
O11838,2024-02-02,PR0299,W03,C04,South,Economy,2,10,9,2024-02-11,34.87
O11839,2024-03-06,PR0075,W10,C07,,Standard,13,6,7,2024-03-13,14.53
O11840,2024-08-02,PR0127,W07,C01,East,Same Day,6,1,1,2024-08-03,51.19
O11841,2025-03-05,PR0149,W06,C04,Central,Same Day,12,1,1,2025-03-06,27.1
O11842,2025-01-25,PR0213,W05,C04,West,Standard,6,6,6,2025-01-31,19.8
O11843,2024-11-02,PR0224,W06,C05,Central,Standard,5,6,6,2024-11-08,3.0
O11844,2024-08-05,PR0096,W05,C05,West,Economy,10,10,8,2024-08-13,22.85
O11845,2024-09-22,PR0001,W08,C07,West,Same Day,8,1,1,2024-09-23,27.16
O11846,2025-04-15,PR0257,W05,C08,West,Standard,8,6,8,2025-04-23,40.69
O11847,2025-11-03,PR0177,W10,C03,North,Economy,5,10,14,2025-11-17,23.02
O11848,2024-03-24,PR0167,W03,C05,South,Express,7,3,2,2024-03-26,44.75
O11849,2024-04-28,PR0046,W07,C06,East,Standard,11,6,4,2024-05-02,8.33
O11850,2024-08-31,PR0028,W01,C05,Central,Economy,12,10,10,2024-09-10,44.27
O11851,2025-12-16,PR0177,W07,C03,East,Same Day,4,1,1,2025-12-17,26.71
O11852,2025-07-18,PR0014,W05,C04,West,Standard,3,6,3,2025-07-21,18.73
O11853,2025-10-15,PR0185,W01,C01,Central,Standard,2,6,6,2025-10-21,26.32
O11854,2024-02-13,PR0106,W04,C04,East,Standard,3,6,3,2024-02-16,10.64
O11855,2024-11-17,PR0287,W01,C05,Central,Express,7,3,1,2024-11-18,30.1
O11856,2024-08-08,PR0008,W03,C05,South,Same Day,6,1,2,2024-08-10,45.67
O11857,2024-05-14,PR0289,W01,C08,Central,Economy,3,10,12,2024-05-26,42.37
O11858,2025-11-08,PR0295,W05,C02,West,Standard,6,6,3,2025-11-11,12.22
O11859,2024-04-12,PR0272,W03,C08,South,Same Day,14,1,1,2024-04-13,42.95
O11860,2024-11-19,PR0033,W10,C01,North,Standard,1,6,5,2024-11-24,26.92
O11861,2024-06-20,PR0002,W06,C08,Central,Same Day,6,1,1,2024-06-21,31.06
O11862,2025-05-08,PR0194,W09,C06,South,Standard,9,6,5,2025-05-13,17.66
O11863,2024-04-18,PR0249,W02,C05,North,Standard,10,6,6,2024-04-24,8.91
O11864,2024-07-07,PR0050,W07,C03,East,Same Day,3,1,1,2024-07-08,38.24
O11865,2025-04-21,PR0007,W10,C03,North,Standard,5,6,5,2025-04-26,9.4
O11866,2025-01-18,PR0007,W01,C07,Central,Standard,13,6,8,2025-01-26,27.95
O11867,2025-01-29,PR0295,W10,C02,North,Same Day,9,1,1,2025-01-30,42.8
O11868,2025-09-14,PR0142,W01,C08,Central,Standard,14,6,4,2025-09-18,8.14
O11869,2024-07-13,PR0294,W05,C05,West,Same Day,14,1,2,2024-07-15,10.71
O11870,2024-02-07,PR0066,W04,C02,East,Same Day,9,1,1,2024-02-08,26.97
O11871,2024-05-03,PR0247,W01,C06,Central,Standard,14,6,8,2024-05-11,20.57
O11872,2025-11-18,PR0285,W06,C04,Central,Express,6,3,2,2025-11-20,24.55
O11873,2025-08-13,PR0015,W05,C02,West,Economy,2,10,10,2025-08-23,29.66
O11874,2024-03-24,PR0105,W06,C08,Central,Economy,2,10,11,2024-04-04,46.13
O11875,2025-11-07,PR0277,W08,C07,West,Standard,2,6,4,2025-11-11,20.36
O11876,2025-05-09,PR0161,W02,C06,North,Standard,13,6,6,2025-05-15,19.79
O11877,2025-10-19,PR0217,W07,C03,East,Express,5,3,2,2025-10-21,17.95
O11878,2025-09-03,PR0210,W09,C08,South,Express,1,3,2,2025-09-05,26.83
O11879,2025-07-25,PR0080,W04,C06,East,Standard,10,6,5,2025-07-30,26.12
O11880,2025-05-17,PR0288,W10,C04,North,Economy,11,10,9,2025-05-26,26.82
O11881,2024-03-26,PR0037,W09,C02,South,Express,10,3,5,2024-03-31,46.63
O11882,2024-07-31,PR0218,W09,C03,South,Standard,9,6,3,2024-08-03,35.92
O11883,2024-07-18,PR0057,W04,C04,East,Same Day,6,1,1,2024-07-19,49.42
O11884,2024-06-16,PR0002,W09,C04,South,Standard,11,6,6,2024-06-22,28.19
O11885,2025-07-30,PR0023,W07,C07,East,Standard,10,6,6,2025-08-05,28.68
O11886,2025-11-12,PR0095,W10,C05,North,Express,8,3,3,2025-11-15,35.57
O11887,2025-05-04,PR0051,W02,C04,North,Economy,12,10,8,2025-05-12,34.83
O11888,2025-05-22,PR0214,W07,C07,East,Same Day,10,1,1,2025-05-23,25.03
O11889,2025-01-29,PR0179,W03,C07,South,Economy,5,10,8,2025-02-06,13.8
O11890,2024-09-18,PR0145,W01,C03,Central,Standard,3,6,7,2024-09-25,31.67
O11891,2025-02-01,PR0212,W05,C05,West,Standard,4,6,7,2025-02-08,3.0
O11892,2024-03-10,PR0032,W09,C02,South,Economy,6,10,12,2024-03-22,6.13
O11893,2024-05-14,PR0293,W10,C02,North,Express,5,3,3,2024-05-17,14.73
O11894,2024-03-01,PR0045,W08,C02,West,Same Day,2,1,1,2024-03-02,34.75
O11895,2024-03-16,PR0196,W08,C01,West,Same Day,13,1,1,2024-03-17,38.21
O11896,2025-05-17,PR0271,W02,C04,North,Express,6,3,2,2025-05-19,52.89
O11897,2024-04-22,PR0279,W10,C07,North,Economy,13,10,9,2024-05-01,35.48
O11898,2024-02-19,PR0274,W02,C07,North,Standard,6,6,5,2024-02-24,3.0
O11899,2024-05-04,PR0045,W03,C01,South,Express,3,3,3,2024-05-07,38.58
O11900,2025-11-26,PR0248,W01,C03,Central,Express,13,3,2,2025-11-28,34.31
O11901,2024-07-19,PR0236,W02,C06,North,Express,9,3,2,2024-07-21,14.44
O11902,2024-11-28,PR0044,W04,C06,East,Economy,1,10,8,2024-12-06,9.09
O11903,2025-08-17,PR0072,W03,C01,South,Standard,3,6,7,2025-08-24,36.89
O11904,2025-03-15,PR0084,W03,C05,South,Express,5,3,5,2025-03-20,36.54
O11905,2024-04-27,PR0172,W04,C06,East,Same Day,2,1,1,2024-04-28,35.56
O11906,2025-09-06,PR0256,W08,C03,West,Standard,9,6,4,2025-09-10,19.67
O11907,2024-01-21,PR0041,W06,C04,Central,Economy,12,10,4,2024-01-25,39.66
O11908,2025-10-10,PR0119,W02,C04,North,Economy,2,10,5,2025-10-15,40.89
O11909,2025-07-14,PR0113,W02,C06,North,Same Day,4,1,1,2025-07-15,38.69
O11910,2025-01-02,PR0150,W02,C01,North,Same Day,8,1,1,2025-01-03,28.0
O11911,2024-06-16,PR0074,W10,C03,North,Standard,3,6,2,2024-06-18,16.67
O11912,2024-05-24,PR0041,W10,C03,North,Express,13,3,2,2024-05-26,30.44
O11913,2025-03-08,PR0200,W10,C04,North,Standard,13,6,8,2025-03-16,3.0
O11914,2025-02-18,PR0112,W07,C06,East,Standard,3,6,9,2025-02-27,13.99
O11915,2025-12-06,PR0057,W06,C03,Central,Standard,2,6,3,2025-12-09,20.68
O11916,2024-09-16,PR0139,W04,C02,East,Economy,4,10,14,2024-09-30,19.86
O11917,2024-02-13,PR0052,W06,C02,Central,Standard,8,6,5,2024-02-18,28.19
O11918,2025-12-09,PR0289,W01,C02,Central,Economy,4,10,12,2025-12-21,20.03
O11919,2024-04-14,PR0088,W07,C08,East,Standard,8,6,4,2024-04-18,20.51
O11920,2025-07-19,PR0005,W09,C06,South,Same Day,3,1,1,2025-07-20,20.18
O11921,2025-03-11,PR0206,W01,C04,Central,Same Day,6,1,1,2025-03-12,36.62
O11922,2024-09-26,PR0244,W04,C07,East,Same Day,3,1,1,2024-09-27,21.01
O11923,2024-01-31,PR0159,W08,C04,West,Standard,4,6,6,2024-02-06,3.1
O11924,2025-08-27,PR0143,W07,C08,East,Standard,12,6,4,2025-08-31,
O11925,2025-02-27,PR0021,W03,C01,South,Economy,11,10,6,2025-03-05,36.3
O11926,2024-09-25,PR0220,W04,C06,East,Economy,2,10,13,2024-10-08,46.94
O11927,2025-03-18,PR0149,W06,C07,Central,Express,13,3,3,2025-03-21,45.44
O11928,2025-12-01,PR0184,W06,C01,Central,Same Day,6,1,1,2025-12-02,29.84
O11929,2025-08-08,PR0099,W02,C01,North,Economy,14,10,12,2025-08-20,25.44
O11930,2024-09-21,PR0058,W09,C02,South,Same Day,7,1,1,2024-09-22,14.97
O11931,2024-03-21,PR0299,W04,C03,East,Express,8,3,4,2024-03-25,30.45
O11932,2025-11-12,PR0132,W01,C07,Central,Standard,8,6,4,2025-11-16,18.71
O11933,2024-10-24,PR0140,W06,C01,Central,Same Day,4,1,1,2024-10-25,26.79
O11934,2025-04-10,PR0299,W05,C07,West,Economy,12,10,10,2025-04-20,21.28
O11935,2024-07-02,PR0168,W07,C02,East,Express,11,3,3,2024-07-05,44.41
O11936,2025-11-21,PR0093,W06,C07,Central,Same Day,2,1,1,2025-11-22,29.67
O11937,2025-04-10,PR0171,W05,C04,West,Economy,2,10,7,2025-04-17,22.35
O11938,2025-09-11,PR0038,W02,C07,North,Same Day,3,1,1,2025-09-12,25.73
O11939,2024-07-18,PR0298,W02,C07,North,Standard,7,6,8,2024-07-26,5.83
O11940,2025-02-04,PR0164,W04,C07,East,Economy,11,10,11,2025-02-15,22.8
O11941,2024-05-22,PR0004,W01,C07,Central,Economy,5,10,8,2024-05-30,27.05
O11942,2024-05-06,PR0161,W08,C01,West,Same Day,8,1,1,2024-05-07,31.08
O11943,2025-11-19,PR0069,W05,C06,West,Same Day,5,1,1,2025-11-20,41.16
O11944,2025-08-19,PR0099,W02,C03,North,Express,12,3,4,2025-08-23,20.1
O11945,2025-12-03,PR0079,W08,C08,West,Express,9,3,3,2025-12-06,29.46
O11946,2025-09-15,PR0073,W08,C04,West,Economy,6,10,10,2025-09-25,16.32
O11947,2024-03-27,PR0279,W10,C08,North,Economy,13,10,12,2024-04-08,40.32
O11948,2025-01-31,PR0064,W03,C04,South,Economy,12,10,14,2025-02-14,21.29
O11949,2025-03-21,PR0123,W02,C04,North,Express,11,3,1,2025-03-22,39.44
O11950,2024-11-11,PR0177,W01,C01,Central,Express,4,3,4,2024-11-15,22.96
O11951,2024-10-03,PR0196,W05,C04,West,Economy,3,10,15,2024-10-18,42.99
O11952,2025-05-09,PR0227,W10,C01,North,Standard,14,6,8,2025-05-17,10.04
O11953,2025-02-09,PR0076,W04,C08,East,Economy,1,10,7,2025-02-16,27.1
O11954,2024-06-10,PR0217,W05,C02,West,Economy,14,10,7,2024-06-17,20.64
O11955,2025-12-01,PR0282,W07,C08,East,Standard,3,6,6,2025-12-07,27.42
O11956,2024-06-10,PR0238,W02,C07,North,Same Day,11,1,1,2024-06-11,36.67
O11957,2025-05-24,PR0224,W09,C02,South,Express,4,3,2,2025-05-26,24.18
O11958,2024-03-29,PR0023,W03,C02,South,Same Day,12,1,1,2024-03-30,28.2
O11959,2024-05-31,PR0179,W07,C03,East,Express,1,3,1,2024-06-01,35.97
O11960,2024-07-26,PR0235,W07,C06,East,Express,9,3,1,2024-07-27,40.57
O11961,2024-12-15,PR0278,W05,C04,West,Standard,10,6,7,2024-12-22,10.77
O11962,2024-01-01,PR0148,W06,C02,Central,Same Day,10,1,1,2024-01-02,35.16
O11963,2025-06-19,PR0036,W06,C06,Central,Same Day,7,1,1,2025-06-20,30.63
O11964,2025-09-06,PR0248,W08,C06,West,Standard,14,6,2,2025-09-08,16.79
O11965,2025-04-08,PR0039,W09,C08,South,Standard,1,6,6,2025-04-14,3.0
O11966,2025-01-05,PR0273,W02,C07,North,Same Day,3,1,1,2025-01-06,26.29
O11967,2024-06-02,PR0072,W02,C06,North,Same Day,10,1,2,2024-06-04,19.1
O11968,2024-08-21,PR0009,W04,C02,East,Express,8,3,2,2024-08-23,23.71
O11969,2024-03-30,PR0035,W09,C04,South,Standard,13,6,5,2024-04-04,3.0
O11970,2025-06-11,PR0133,W04,C04,East,Same Day,11,1,1,2025-06-12,24.95
O11971,2025-02-27,PR0191,W10,C04,North,Same Day,2,1,1,2025-02-28,11.51
O11972,2025-09-19,PR0126,W01,C04,Central,Express,4,3,1,2025-09-20,34.72
O11973,2024-10-22,PR0249,W03,C04,,Express,2,3,1,2024-10-23,38.32
O11974,2024-06-02,PR0278,W03,C08,South,Standard,12,6,9,2024-06-11,19.06
O11975,2024-01-07,PR0214,W06,C07,Central,Standard,14,6,10,2024-01-17,21.43
O11976,2024-05-30,PR0162,W06,C04,Central,Same Day,2,1,2,2024-06-01,36.08
O11977,2024-09-21,PR0275,W03,C01,South,Standard,12,6,2,2024-09-23,27.93
O11978,2024-10-10,PR0117,W02,C02,North,Same Day,10,1,2,2024-10-12,28.36
O11979,2024-02-01,PR0084,W01,C01,Central,Economy,11,10,12,2024-02-13,30.6
O11980,2025-06-08,PR0012,W09,C07,South,Same Day,8,1,1,2025-06-09,27.14
O11981,2025-12-12,PR0275,W09,C01,South,Economy,12,10,14,2025-12-26,16.01
O11982,2025-05-08,PR0279,W06,C03,Central,Express,1,3,1,2025-05-09,11.24
O11983,2025-12-06,PR0095,W04,C03,East,Standard,1,6,5,2025-12-11,12.58
O11984,2024-06-01,PR0254,W02,C04,North,Standard,11,6,5,2024-06-06,8.43
O11985,2025-03-13,PR0017,W06,C08,Central,Express,4,3,2,2025-03-15,23.8
O11986,2024-08-21,PR0161,W02,C08,North,Express,5,3,1,2024-08-22,22.14
O11987,2025-05-18,PR0271,W06,C01,Central,Standard,12,6,4,2025-05-22,13.97
O11988,2025-05-29,PR0269,W02,C04,North,Standard,7,6,3,2025-06-01,17.3
O11989,2024-02-13,PR0176,W01,C08,Central,Economy,11,10,11,2024-02-24,32.16
O11990,2024-06-03,PR0080,W07,C08,East,Express,5,3,3,2024-06-06,25.39
O11991,2025-02-22,PR0222,W04,C04,East,Economy,1,10,6,2025-02-28,42.08
O11992,2025-06-15,PR0080,W01,C06,Central,Economy,13,10,7,2025-06-22,30.61
O11993,2024-08-10,PR0157,W07,C07,East,Same Day,14,1,1,2024-08-11,27.61
O11994,2025-05-31,PR0300,W05,C04,West,Economy,8,10,5,2025-06-05,20.0
O11995,2024-10-16,PR0072,W04,C02,East,Express,14,3,2,2024-10-18,26.25
O11996,2025-03-03,PR0240,W03,C04,South,Same Day,9,1,1,2025-03-04,5.36
O11997,2025-05-29,PR0129,W06,C04,Central,Express,7,3,5,2025-06-03,19.59
O11998,2024-07-19,PR0225,W05,C04,West,Express,11,3,1,2024-07-20,32.92
O11999,2024-11-18,PR0154,W04,C01,East,Same Day,3,1,1,2024-11-19,20.55
O12000,2024-07-09,PR0283,W09,C03,South,Same Day,1,1,1,2024-07-10,31.17
O01936,2024-07-25,PR0103,W10,C04,North,Economy,8,10,6,2024-07-31,29.64
O06495,2024-11-08,PR0228,W07,C03,East,Same Day,13,1,1,2024-11-09,30.55
O01721,2024-02-02,PR0067,W01,C02,Central,Economy,9,10,8,2024-02-10,19.69
O09121,2024-06-27,PR0069,W08,C06,West,Economy,5,10,10,2024-07-07,22.45
O00361,2024-06-07,PR0073,W05,C07,West,Express,9,3,1,2024-06-08,23.29
O09664,2024-03-23,PR0163,W10,C05,North,Standard,2,6,10,2024-04-02,12.01
O05278,2025-08-02,PR0280,W09,C08,South,Express,5,3,2,2025-08-04,43.16
O08547,2025-09-05,PR0208,W06,C02,Central,Economy,14,10,7,2025-09-12,16.3
O02222,2025-10-26,PR0128,W05,C05,West,Express,8,3,3,2025-10-29,
O04618,2025-09-24,PR0294,W08,C02,West,Express,12,3,3,2025-09-27,24.29
O03466,2025-07-18,PR0036,W05,C04,West,Express,3,3,3,2025-07-21,19.49
O01409,2024-11-19,PR0168,W10,C05,North,Economy,14,10,7,2024-11-26,33.87
O00469,2025-04-28,PR0289,W09,C08,South,Economy,4,10,4,2025-05-02,30.52
O01176,2024-11-24,PR0132,W04,C06,East,Economy,10,10,12,2024-12-06,35.53
O05225,2024-03-29,PR0210,W08,C02,West,Same Day,5,1,1,2024-03-30,26.26
O08129,2025-09-01,PR0267,W04,C04,East,Express,9,3,-2,2025-09-06,30.13
O00425,2025-03-25,PR0069,W06,C05,Central,Express,3,3,5,2025-03-30,31.84
O07048,2024-12-24,PR0185,W02,C02,North,Express,13,3,3,2024-12-27,35.22
O02484,2025-07-01,PR0287,W03,C06,South,Economy,13,10,7,2025-07-08,18.22
O01826,2024-11-21,PR0103,W02,C02,North,Standard,1,6,4,2024-11-25,22.18
O10558,2025-08-31,PR0065,W03,C05,South,standard,11,6,6,2025-09-06,19.26
O01484,2025-10-24,PR0193,W05,C05,West,Standard,10,6,3,2025-10-27,13.76
O09291,2024-04-22,PR0024,W05,C05,West,Economy,2,10,8,2024-04-30,40.86
O09710,2024-02-21,PR0235,W08,C08,West,Express,7,3,3,2024-02-24,41.09
O01651,2025-05-03,PR0078,W04,C04,East,Standard,11,6,7,2025-05-10,26.72
O09787,2025-03-15,PR0287,W05,C05,West,Standard,1,6,8,2025-03-23,15.58
O02814,2025-11-06,PR0074,W01,C05,Central,Express,9,3,1,2025-11-07,38.82
O03705,2024-11-07,PR0061,W10,C03,North,Same Day,12,1,1,2024-11-08,33.25
O06119,2024-03-25,PR0155,W05,C03,West,Same Day,4,1,1,2024-03-26,22.47
O05043,2025-05-24,PR0137,W05,C05,West,Express,2,3,3,2025-05-27,38.35
O11209,2024-01-28,PR0091,W02,C02,North,standard,2,1,1,2024-01-29,24.37
O07239,2024-08-10,PR0249,W07,C04,East,Express,1,3,4,2024-08-14,38.07
O11506,2024-07-29,PR0059,W03,C04,South,Standard,11,6,7,2024-08-05,18.98
O11075,2025-10-22,PR0065,W02,C06,North,Economy,8,10,5,2025-10-27,27.0
O10997,2025-11-23,PR0180,W04,C01,East,Standard,8,6,2,2025-11-25,3.0
O05000,2024-03-24,PR0253,W03,C07,South,Standard,2,6,2,2024-03-26,3.0
O08481,2025-01-18,PR0260,W08,C06,West,Standard,8,6,3,2025-01-21,3.0
O09268,2025-03-05,PR0275,W07,C07,East,Standard,2,6,5,2025-03-10,19.09
O08399,2025-03-30,PR0210,W10,C07,North,Same Day,10,1,1,2025-03-31,32.98
O02632,2025-03-08,PR0280,W01,C02,Central,Same Day,4,1,1,2025-03-09,24.25
O03132,2024-01-04,PR0166,W05,C05,West,Economy,2,10,8,2024-01-12,41.98
O09584,2024-02-28,PR0040,W09,C04,South,Same Day,9,1,1,2024-02-29,13.4
O08219,2024-06-12,PR0283,W08,C04,West,Express,2,3,2,2024-06-14,28.06
O09277,2025-06-20,PR0125,W01,C01,Central,Standard,1,6,6,2025-06-26,18.52
O03814,2024-11-04,PR0235,W07,C03,East,Standard,3,6,5,2024-11-09,17.11
O05887,2025-03-22,PR0095,W06,C07,Central,Standard,3,6,5,2025-03-27,16.84
O05083,2024-09-11,PR0211,W05,C04,West,Economy,3,10,11,2024-09-22,29.17
O11816,2024-09-18,PR0294,W08,C08,West,Express,9,3,1,2024-09-19,28.05
O08824,2025-01-01,PR0235,W02,C04,North,Standard,12,6,5,2025-01-06,7.78
O01218,2025-11-18,PR0077,W04,C06,East,Same Day,13,1,1,2025-11-19,30.11
O03992,2024-09-21,PR0083,W07,C02,East,Same Day,14,1,2,2024-09-23,53.07
O11148,2025-05-14,PR0178,W05,C07,West,Express,1,3,6,2025-05-20,27.98
O07616,2025-04-01,PR0014,W08,C07,West,Express,3,3,4,2025-04-05,39.69
O10692,2025-08-25,PR0103,W03,C03,South,Standard,10,6,7,2025-09-01,42.16
O10185,2025-05-07,PR0264,W07,C01,East,Standard,7,6,4,2025-05-11,24.65
O01684,2024-09-16,PR0084,W08,C01,West,Same Day,12,1,1,2024-09-17,12.68
O04575,2024-07-05,PR0064,W06,C04,Central,Same Day,1,1,1,2024-07-06,22.93
O11541,2024-05-25,PR0061,W06,C07,Central,Same Day,1,1,1,2024-05-26,24.64
O10751,2024-05-28,PR0112,W03,C06,South,Same Day,3,1,1,2024-05-29,25.03
O11284,2025-08-13,PR0294,W08,C04,West,Standard,4,6,6,2025-08-19,15.47
